# phallus, cut by scripts/blender/cut_male.py from Male_Gen-Heal1.obj (sha256 716972d16f57ae478bf0d2b3d84a7d5d9418a078e5815db6c01a99eff0aec5a4)
# CC0: the source's page states CC0; see packs/adult-anatomy/source/PROVENANCE.md
v 0.002117 0.896881 0.168550
v -0.022131 0.872200 0.165347
v 0.002572 0.848164 0.164906
v 0.026819 0.872656 0.165019
v -0.015661 0.888945 0.167311
v -0.014342 0.855303 0.164336
v 0.020108 0.889245 0.167025
v 0.019339 0.855597 0.164050
v 0.002331 0.892061 0.232225
v -0.021378 0.869045 0.222206
v 0.002703 0.845925 0.215731
v 0.026386 0.869514 0.221825
v -0.015072 0.884964 0.229092
v -0.013747 0.852833 0.216694
v 0.019878 0.885294 0.228800
v 0.019050 0.853119 0.216456
v 0.003486 0.879581 0.301956
v -0.018342 0.859283 0.291269
v 0.003775 0.838633 0.280400
v 0.025556 0.859667 0.290900
v -0.012517 0.873470 0.298714
v -0.011347 0.844570 0.282822
v 0.019531 0.873744 0.298422
v 0.018808 0.844836 0.282567
v 0.003797 0.856370 0.324975
v 0.001528 0.850856 0.321597
v 0.003814 0.845353 0.318161
v 0.006075 0.850956 0.321500
v 0.002103 0.854661 0.323942
v 0.002283 0.846925 0.318931
v 0.005494 0.854747 0.323900
v 0.005344 0.846956 0.318861
v 0.024267 0.864200 0.268817
v 0.017656 0.849644 0.261650
v -0.012917 0.877683 0.276492
v 0.002719 0.883694 0.279756
v 0.003003 0.843467 0.260094
v -0.011736 0.849364 0.261861
v -0.018558 0.863794 0.269172
v 0.018383 0.877975 0.276269
v 0.017200 0.847892 0.277842
v 0.023322 0.861350 0.285200
v 0.003272 0.879358 0.295239
v -0.011206 0.873794 0.292278
v -0.010153 0.847625 0.278042
v 0.003567 0.842245 0.276039
v -0.016472 0.860970 0.285503
v 0.017858 0.874078 0.292053
v -0.012553 0.872436 0.302533
v -0.004450 0.859736 0.319992
v -0.011819 0.870967 0.305158
v -0.010881 0.869372 0.307758
v -0.009800 0.867586 0.310422
v -0.008561 0.865647 0.313072
v -0.007294 0.863745 0.315514
v -0.006017 0.861900 0.317717
v -0.007408 0.852461 0.316008
v -0.018403 0.858167 0.295047
v -0.009550 0.853292 0.313019
v -0.011297 0.854056 0.310300
v -0.012981 0.854867 0.307286
v -0.014622 0.855725 0.304100
v -0.016097 0.856575 0.300972
v -0.017361 0.857420 0.297972
v 0.025678 0.858564 0.294725
v 0.014933 0.852661 0.315844
v 0.024675 0.857750 0.297617
v 0.023478 0.856947 0.300672
v 0.022017 0.856050 0.303828
v 0.020442 0.855172 0.307031
v 0.018744 0.854278 0.310089
v 0.017064 0.853536 0.312819
v 0.011875 0.859850 0.319886
v 0.019608 0.872678 0.302319
v 0.013406 0.862069 0.317533
v 0.014611 0.863942 0.315386
v 0.015847 0.865850 0.312900
v 0.016989 0.867792 0.310214
v 0.018039 0.869608 0.307514
v 0.018922 0.871239 0.304900
v 0.018894 0.843706 0.286197
v 0.011536 0.845047 0.311331
v 0.018222 0.843583 0.289497
v 0.017378 0.843567 0.292978
v 0.016375 0.843639 0.296719
v 0.015294 0.843842 0.300500
v 0.014150 0.844153 0.304164
v 0.012981 0.844519 0.307533
v 0.003492 0.878536 0.305803
v 0.003700 0.862820 0.321744
v 0.003514 0.876825 0.308269
v 0.003514 0.874883 0.310700
v 0.003575 0.872658 0.313200
v 0.003600 0.870295 0.315606
v 0.003614 0.867919 0.317833
v 0.003675 0.865581 0.319767
v -0.011408 0.843425 0.286453
v -0.003856 0.844933 0.311444
v -0.010722 0.843300 0.289697
v -0.009853 0.843295 0.293178
v -0.008814 0.843436 0.296906
v -0.007717 0.843645 0.300694
v -0.006536 0.843981 0.304347
v -0.005356 0.844350 0.307706
v 0.003881 0.841903 0.310167
v 0.003797 0.837467 0.283983
v 0.003825 0.840731 0.306150
v 0.003814 0.839889 0.302633
v 0.003803 0.839117 0.298778
v 0.003803 0.838453 0.294800
v 0.003800 0.837970 0.290983
v 0.003786 0.837628 0.287383
v -0.003333 0.851303 0.320028
v -0.001458 0.856519 0.322975
v 0.008972 0.856622 0.322875
v 0.010922 0.851431 0.319914
v 0.008733 0.846022 0.316583
v 0.003728 0.858767 0.324281
v 0.003872 0.843742 0.315670
v -0.001047 0.845911 0.316658
v 0.003794 0.855856 0.323383
v 0.003786 0.852094 0.321683
v 0.004567 0.851820 0.320725
v 0.003019 0.851736 0.320822
v 0.003800 0.847697 0.318208
v 0.003121 0.854879 0.322788
v 0.004471 0.854933 0.322704
v 0.004400 0.848358 0.318375
v 0.003200 0.848279 0.318450
v 0.019669 0.889133 0.137008
v 0.001983 0.896528 0.137508
v 0.011914 0.894808 0.168033
v -0.015539 0.888836 0.137300
v -0.021875 0.872333 0.137469
v -0.020725 0.881131 0.166294
v 0.026289 0.872719 0.137158
v 0.025261 0.881539 0.165981
v 0.018900 0.855917 0.137847
v 0.024700 0.863536 0.164250
v -0.007603 0.894636 0.168217
v -0.014200 0.855653 0.138128
v 0.002433 0.848736 0.139258
v -0.006483 0.849994 0.164664
v 0.011578 0.850167 0.164525
v -0.019831 0.863150 0.164608
v 0.002625 0.847281 0.190344
v 0.019350 0.854700 0.190314
v 0.011522 0.847845 0.215744
v -0.021975 0.871103 0.193983
v -0.014181 0.854403 0.190597
v -0.019142 0.860369 0.218928
v 0.020142 0.887928 0.198436
v 0.002217 0.895275 0.201089
v 0.011897 0.890267 0.231239
v -0.015519 0.887620 0.198722
v -0.019989 0.877608 0.225822
v 0.026814 0.871581 0.193608
v 0.024900 0.878031 0.225464
v 0.024283 0.860770 0.218569
v -0.007181 0.890139 0.231411
v -0.006125 0.847717 0.215861
v 0.017094 0.848769 0.272881
v 0.022364 0.856420 0.264736
v 0.024383 0.860450 0.288319
v 0.023636 0.851695 0.286300
v 0.003011 0.880750 0.290397
v -0.005833 0.882064 0.278867
v -0.011717 0.873503 0.295719
v -0.005272 0.877917 0.301072
v -0.010608 0.848539 0.273081
v -0.004900 0.844950 0.260417
v 0.003708 0.840494 0.278514
v -0.004342 0.840119 0.280914
v 0.010861 0.845108 0.260314
v 0.011858 0.840278 0.280758
v -0.017036 0.862075 0.280453
v -0.016533 0.856047 0.265033
v -0.016269 0.851381 0.286608
v 0.017797 0.875389 0.287147
v 0.011281 0.882225 0.278764
v 0.012256 0.878042 0.300911
v -0.017339 0.871311 0.273175
v -0.017072 0.866969 0.295419
v 0.022900 0.871686 0.272833
v 0.024172 0.867350 0.295050
v -0.002933 0.854150 0.321692
v 0.010464 0.854264 0.321536
v 0.010283 0.848550 0.318089
v 0.000906 0.858128 0.323917
v 0.001211 0.844275 0.315858
v 0.006500 0.844347 0.315833
v -0.002656 0.848392 0.318186
v 0.006586 0.858211 0.323889
v 0.003789 0.856231 0.324256
v 0.002908 0.854745 0.323350
v 0.003803 0.846297 0.317972
v 0.004594 0.847653 0.318553
v 0.018414 0.851183 0.241669
v 0.025453 0.866770 0.248367
v 0.002503 0.887831 0.259686
v -0.014150 0.881325 0.256311
v -0.012886 0.850897 0.241917
v 0.002814 0.844470 0.240450
v -0.020194 0.866314 0.248697
v 0.019197 0.881622 0.256047
v 0.017978 0.846381 0.280497
v 0.023333 0.862450 0.280139
v 0.003411 0.879314 0.298806
v -0.011700 0.875111 0.287353
v -0.010614 0.846108 0.280711
v 0.003286 0.843022 0.271183
v -0.017231 0.860067 0.288644
v 0.018669 0.873756 0.295444
v 0.022083 0.868300 0.288947
v -0.015333 0.867931 0.289244
v 0.011244 0.877997 0.294311
v -0.014611 0.853800 0.281383
v 0.010894 0.843739 0.276314
v -0.003775 0.843581 0.276414
v -0.004669 0.877828 0.294458
v 0.021561 0.854114 0.281100
v 0.003697 0.864350 0.320658
v 0.008147 0.862053 0.321214
v 0.012728 0.861070 0.318594
v 0.008972 0.864686 0.319120
v 0.003628 0.866750 0.318839
v 0.014014 0.862995 0.316500
v 0.009619 0.866892 0.317117
v 0.003603 0.869100 0.316744
v 0.015242 0.864878 0.314183
v 0.010289 0.869147 0.314814
v 0.003597 0.871511 0.314414
v 0.016431 0.866831 0.311583
v 0.010894 0.871400 0.312314
v 0.003528 0.873803 0.311969
v 0.017511 0.868714 0.308872
v 0.011450 0.873525 0.309783
v 0.003506 0.875881 0.309481
v 0.018481 0.870456 0.306197
v 0.011933 0.875358 0.307281
v 0.003511 0.877678 0.307064
v 0.019272 0.871964 0.303653
v 0.012275 0.877017 0.304800
v -0.004692 0.844578 0.309383
v -0.006367 0.848400 0.313497
v -0.008631 0.852928 0.314378
v -0.008314 0.848492 0.310097
v -0.005950 0.844156 0.306047
v -0.010419 0.853667 0.311700
v -0.009883 0.848633 0.307056
v -0.007131 0.843803 0.302556
v -0.012156 0.854464 0.308814
v -0.011436 0.848836 0.303686
v -0.008286 0.843533 0.298800
v -0.013831 0.855278 0.305700
v -0.012914 0.849092 0.300144
v -0.009367 0.843353 0.295033
v -0.015397 0.856150 0.302514
v -0.014264 0.849445 0.296717
v -0.010281 0.843286 0.291386
v -0.016756 0.857022 0.299425
v -0.015417 0.849797 0.293447
v -0.011072 0.843328 0.288083
v -0.017919 0.857764 0.296550
v -0.016328 0.850228 0.290331
v 0.012353 0.844736 0.309214
v 0.007983 0.842711 0.310350
v 0.003861 0.841231 0.307933
v 0.008758 0.841717 0.306367
v 0.013567 0.844295 0.305906
v 0.003817 0.840311 0.304433
v 0.009367 0.841022 0.302869
v 0.014731 0.843989 0.302367
v 0.003803 0.839489 0.300739
v 0.009975 0.840369 0.299072
v 0.015836 0.843733 0.298614
v 0.003811 0.838761 0.296783
v 0.010558 0.839828 0.295131
v 0.016883 0.843578 0.294836
v 0.003800 0.838181 0.292883
v 0.011106 0.839450 0.291319
v 0.017836 0.843570 0.291186
v 0.003797 0.837786 0.289117
v 0.011531 0.839186 0.287736
v 0.018558 0.843614 0.287869
v 0.003786 0.837519 0.285686
v 0.011911 0.839117 0.284347
v -0.000278 0.842681 0.310436
v -0.001094 0.841631 0.306464
v -0.001711 0.840925 0.302967
v -0.002367 0.840270 0.299172
v -0.002953 0.839717 0.295231
v -0.003519 0.839281 0.291420
v -0.004000 0.839069 0.287836
v -0.004342 0.838958 0.284503
v -0.005325 0.860953 0.318761
v -0.000744 0.861981 0.321256
v -0.001636 0.864600 0.319219
v -0.006672 0.862808 0.316672
v -0.002347 0.866781 0.317203
v -0.007939 0.864678 0.314311
v -0.003075 0.869025 0.314911
v -0.009203 0.866620 0.311772
v -0.003758 0.871289 0.312458
v -0.010369 0.868497 0.309086
v -0.004367 0.873378 0.309894
v -0.011364 0.870195 0.306422
v -0.004864 0.875231 0.307447
v -0.012208 0.871683 0.303878
v -0.005297 0.876900 0.304914
v 0.016136 0.853139 0.314183
v 0.013969 0.848586 0.313369
v 0.015900 0.848700 0.309900
v 0.017922 0.853881 0.311497
v 0.017453 0.848833 0.306814
v 0.019597 0.854728 0.308597
v 0.018956 0.849111 0.303431
v 0.021244 0.855622 0.305472
v 0.020397 0.849381 0.299919
v 0.022772 0.856519 0.302217
v 0.021739 0.849767 0.296433
v 0.024125 0.857350 0.299114
v 0.022833 0.850167 0.293150
v 0.025217 0.858150 0.296194
v 0.023722 0.850597 0.290031
v 0.014233 0.856606 0.318086
v 0.016236 0.858178 0.315428
v 0.017806 0.859550 0.313011
v 0.019381 0.861008 0.310286
v 0.020847 0.862444 0.307372
v 0.022200 0.863872 0.304467
v 0.023353 0.865097 0.301667
v 0.024258 0.866272 0.298928
v -0.006756 0.856422 0.318225
v -0.008767 0.857969 0.315628
v -0.010408 0.859303 0.313197
v -0.012000 0.860733 0.310494
v -0.013561 0.862144 0.307642
v -0.014972 0.863517 0.304761
v -0.016153 0.864783 0.301975
v -0.017122 0.865900 0.299219
v -0.012797 0.873100 0.300939
v -0.018700 0.858667 0.293372
v 0.003703 0.860833 0.323044
v -0.003156 0.858147 0.321531
v 0.003497 0.879278 0.304231
v -0.005664 0.851883 0.318047
v -0.002669 0.845397 0.314081
v -0.011622 0.843725 0.284692
v 0.025928 0.859053 0.293014
v 0.019822 0.873372 0.300678
v 0.010353 0.845511 0.313983
v 0.013236 0.852070 0.317922
v 0.019075 0.843956 0.284464
v 0.010631 0.858261 0.321422
v 0.003797 0.837678 0.282211
v 0.003883 0.842775 0.312947
v 0.001653 0.852933 0.322903
v 0.005947 0.853033 0.322814
v 0.005861 0.848811 0.320056
v 0.002853 0.855900 0.324689
v 0.003008 0.845750 0.318303
v 0.004650 0.845764 0.318289
v 0.001753 0.848725 0.320142
v 0.004736 0.855928 0.324672
v -0.000656 0.850878 0.321289
v 0.000519 0.855233 0.323878
v 0.007064 0.855331 0.323803
v 0.008264 0.850981 0.321186
v 0.006883 0.846450 0.318308
v 0.003786 0.857164 0.325022
v 0.003828 0.844564 0.317517
v 0.000800 0.846372 0.318347
v 0.003786 0.854386 0.322742
v 0.004197 0.852053 0.321225
v 0.003347 0.852036 0.321308
v 0.003797 0.849703 0.319797
v 0.003033 0.853686 0.322019
v 0.004553 0.853761 0.321922
v 0.004494 0.849786 0.319264
v 0.003389 0.855533 0.323142
v 0.003428 0.847870 0.318217
v 0.004172 0.847939 0.318189
v 0.003103 0.849703 0.319350
v 0.004189 0.855583 0.323103
v 0.004681 0.854819 0.323267
v 0.004983 0.851328 0.321022
v 0.003008 0.847611 0.318625
v 0.002617 0.851228 0.321111
v 0.011617 0.894539 0.137267
v -0.020506 0.881169 0.137353
v 0.024742 0.881542 0.137008
v 0.024192 0.863708 0.137353
v -0.007583 0.894356 0.137439
v -0.006469 0.850517 0.138894
v 0.011269 0.850642 0.138722
v -0.019606 0.863372 0.137653
v 0.011639 0.849283 0.190164
v -0.019686 0.862164 0.191897
v 0.011989 0.893283 0.200289
v -0.020544 0.879928 0.196392
v 0.025294 0.880375 0.196067
v 0.024686 0.862564 0.191519
v -0.007486 0.893153 0.200472
v -0.006381 0.849111 0.190322
v 0.022550 0.852886 0.283983
v -0.004881 0.877714 0.297956
v -0.003964 0.841914 0.278953
v 0.011392 0.842053 0.278839
v -0.015286 0.852570 0.284272
v 0.011750 0.877875 0.297819
v -0.016031 0.867347 0.292589
v 0.023081 0.867719 0.292233
v -0.004786 0.848386 0.315867
v 0.007467 0.860169 0.322581
v 0.023978 0.850953 0.288300
v -0.005408 0.877625 0.303333
v -0.004467 0.839206 0.282733
v -0.016603 0.850636 0.288603
v 0.012400 0.877739 0.303208
v 0.002731 0.849245 0.319703
v 0.004911 0.853272 0.322283
v 0.003281 0.855831 0.324006
v 0.004244 0.846661 0.318056
v 0.023439 0.858447 0.244447
v -0.006603 0.886083 0.258786
v -0.005594 0.846117 0.240694
v 0.011200 0.846244 0.240583
v -0.018031 0.858050 0.244758
v 0.011619 0.886214 0.258661
v -0.018864 0.874417 0.252783
v 0.024000 0.874817 0.252458
v 0.022058 0.869494 0.283950
v -0.015872 0.869156 0.284247
v 0.011103 0.879353 0.289467
v -0.015128 0.854803 0.276356
v 0.010700 0.844533 0.271433
v -0.004172 0.844406 0.271533
v -0.005044 0.879214 0.289578
v 0.021528 0.855119 0.276069
v 0.012028 0.839333 0.282606
v 0.024522 0.866864 0.297256
v 0.007369 0.843508 0.313117
v 0.000347 0.843436 0.313189
v -0.005131 0.855300 0.320003
v 0.012642 0.855470 0.319844
v 0.012400 0.848567 0.315764
v -0.000042 0.860086 0.322642
v 0.008625 0.863497 0.320072
v 0.009308 0.865786 0.318145
v 0.009942 0.868025 0.316003
v 0.010600 0.870300 0.313586
v 0.011172 0.872481 0.311067
v 0.011681 0.874464 0.308539
v 0.012125 0.876208 0.306064
v -0.007472 0.848428 0.311636
v -0.009100 0.848544 0.308597
v -0.010664 0.848733 0.305397
v -0.012200 0.848953 0.301917
v -0.013639 0.849267 0.298419
v -0.014850 0.849608 0.295036
v -0.015906 0.849989 0.291919
v 0.008408 0.842131 0.308133
v 0.009067 0.841347 0.304664
v 0.009667 0.840678 0.300994
v 0.010297 0.840086 0.297100
v 0.010833 0.839622 0.293217
v 0.011331 0.839294 0.289464
v 0.011719 0.839114 0.286047
v -0.000744 0.842089 0.308231
v -0.001400 0.841258 0.304753
v -0.002056 0.840578 0.301094
v -0.002664 0.839986 0.297200
v -0.003247 0.839464 0.293317
v -0.003747 0.839167 0.289564
v -0.004192 0.838986 0.286161
v -0.001236 0.863456 0.320158
v -0.002017 0.865686 0.318242
v -0.002714 0.867881 0.316089
v -0.003408 0.870156 0.313697
v -0.004078 0.872369 0.311181
v -0.004639 0.874339 0.308656
v -0.005075 0.876050 0.306222
v 0.015069 0.848628 0.311450
v 0.016681 0.848736 0.308397
v 0.018222 0.848958 0.305172
v 0.019692 0.849247 0.301700
v 0.021081 0.849567 0.298147
v 0.022331 0.849967 0.294750
v 0.023306 0.850370 0.291619
v 0.015350 0.857464 0.316639
v 0.017031 0.858856 0.314272
v 0.018597 0.860261 0.311683
v 0.020139 0.861731 0.308864
v 0.021533 0.863186 0.305894
v 0.022797 0.864497 0.303053
v 0.023839 0.865683 0.300336
v -0.007911 0.857275 0.316825
v -0.009575 0.858642 0.314469
v -0.011211 0.860025 0.311872
v -0.012822 0.861436 0.309081
v -0.014300 0.862833 0.306181
v -0.015581 0.864186 0.303344
v -0.016661 0.865317 0.300636
v -0.017417 0.866483 0.297578
v -0.000394 0.853247 0.322722
v 0.007981 0.853347 0.322614
v 0.007867 0.848572 0.319592
v 0.002000 0.856614 0.324692
v 0.002203 0.845028 0.317672
v 0.005483 0.845053 0.317667
v -0.000208 0.848464 0.319681
v 0.005581 0.856686 0.324678
v 0.004197 0.854214 0.322342
v 0.003347 0.854189 0.322414
v 0.004183 0.849783 0.319497
v 0.003406 0.849756 0.319569
v 0.003367 0.846603 0.318072
v 0.004869 0.849331 0.319647
v 0.002689 0.853175 0.322381
v 0.004275 0.855856 0.323947
v -0.022123 0.872319 0.158193
v -0.022088 0.872379 0.151115
v -0.022010 0.872383 0.144183
v -0.022134 0.874487 0.165571
v -0.021901 0.876748 0.165805
v -0.021431 0.878967 0.166047
v -0.006492 0.850125 0.158172
v -0.006494 0.850239 0.151682
v -0.006487 0.850362 0.145241
v -0.021890 0.869902 0.165135
v -0.021420 0.867613 0.164938
v -0.020731 0.865355 0.164761
v -0.022121 0.872019 0.172517
v -0.022094 0.871775 0.179685
v -0.022047 0.871470 0.186843
v -0.013892 0.853280 0.210171
v -0.014010 0.853692 0.203649
v -0.014104 0.854067 0.197125
v -0.015344 0.854537 0.217120
v -0.016786 0.856375 0.217640
v -0.018057 0.858327 0.218246
v -0.021579 0.869643 0.215218
v -0.021744 0.870187 0.208180
v -0.021875 0.870675 0.201099
v -0.021150 0.866839 0.221326
v -0.020696 0.864646 0.220479
v -0.020024 0.862482 0.219676
v -0.017092 0.885855 0.198173
v -0.018458 0.883975 0.197596
v -0.019611 0.881994 0.196999
v -0.021374 0.871242 0.223106
v -0.021140 0.873413 0.224016
v -0.020677 0.875541 0.224925
v 0.024426 0.861287 0.211830
v 0.024540 0.861761 0.205074
v 0.024626 0.862187 0.198303
v -0.013751 0.889253 0.199236
v -0.011807 0.890734 0.199706
v -0.009711 0.892041 0.200121
v -0.006468 0.849829 0.171120
v -0.006445 0.849626 0.177542
v -0.006417 0.849386 0.183939
v -0.012012 0.851285 0.216369
v -0.010153 0.849906 0.216132
v -0.008186 0.848712 0.215968
v 0.021741 0.853829 0.281918
v 0.021976 0.853525 0.282660
v 0.022252 0.853209 0.283343
v 0.011763 0.840667 0.280294
v 0.011650 0.841104 0.279825
v 0.011525 0.841572 0.279342
v -0.006022 0.848396 0.314052
v -0.005644 0.848392 0.314639
v -0.005233 0.848389 0.315248
v 0.004840 0.862778 0.321706
v 0.005968 0.862634 0.321601
v 0.007075 0.862391 0.321436
v 0.003700 0.862359 0.322056
v 0.003700 0.861869 0.322380
v 0.003701 0.861358 0.322711
v 0.023814 0.850665 0.289616
v 0.023894 0.850744 0.289191
v 0.023951 0.850838 0.288754
v 0.003799 0.837479 0.283547
v 0.003799 0.837512 0.283106
v 0.003799 0.837575 0.282660
v 0.001722 0.837545 0.284025
v -0.000337 0.837822 0.284117
v -0.002364 0.838294 0.284272
v -0.018509 0.858282 0.294653
v -0.018600 0.858404 0.294246
v -0.018667 0.858532 0.293821
v -0.018185 0.856153 0.293878
v -0.017760 0.854143 0.292685
v -0.017138 0.852160 0.291493
v 0.001900 0.850918 0.321521
v 0.002199 0.851004 0.321401
v 0.002435 0.851109 0.321258
v 0.001552 0.850313 0.321235
v 0.001598 0.849773 0.320867
v 0.001665 0.849241 0.320500
v 0.002627 0.850719 0.320756
v 0.002650 0.850215 0.320395
v 0.002684 0.849722 0.320041
v 0.002999 0.855847 0.324567
v 0.003117 0.855829 0.324406
v 0.003210 0.855829 0.324216
v 0.024110 0.860211 0.225278
v 0.023909 0.859627 0.231883
v 0.023684 0.859034 0.238301
v 0.022633 0.856861 0.260455
v 0.022907 0.857352 0.255598
v 0.023178 0.857884 0.250238
v 0.017842 0.849962 0.257419
v 0.018034 0.850329 0.252627
v 0.018225 0.850738 0.247352
v 0.019061 0.851169 0.262267
v 0.020321 0.852821 0.262998
v 0.021425 0.854578 0.263827
v -0.013571 0.852358 0.223207
v -0.013367 0.851866 0.229639
v -0.013137 0.851374 0.235904
v -0.012039 0.849675 0.257640
v -0.012334 0.850039 0.252860
v -0.012617 0.850449 0.247594
v -0.010184 0.848013 0.261344
v -0.008517 0.846821 0.260941
v -0.006751 0.845796 0.260637
v 0.016116 0.848266 0.261159
v 0.014458 0.847044 0.260783
v 0.012701 0.845989 0.260507
v -0.021137 0.868396 0.229120
v -0.020859 0.867714 0.235894
v -0.020544 0.867014 0.242447
v -0.013159 0.850862 0.262502
v -0.014440 0.852489 0.263256
v -0.015569 0.854224 0.264105
v 0.017524 0.883012 0.256815
v 0.015690 0.884248 0.257514
v 0.013714 0.885320 0.258133
v 0.020690 0.880092 0.255222
v 0.021993 0.878436 0.254344
v 0.023099 0.876672 0.253421
v 0.019119 0.874067 0.286416
v 0.020276 0.872635 0.285637
v 0.021258 0.871107 0.284814
v -0.013005 0.873768 0.286647
v -0.014140 0.872321 0.285894
v -0.015098 0.870780 0.285093
v 0.016319 0.876588 0.287826
v 0.014700 0.877655 0.288446
v 0.012956 0.878580 0.288995
v -0.011429 0.849110 0.265471
v -0.011131 0.848900 0.268505
v -0.010853 0.848716 0.271022
v 0.017478 0.849378 0.265266
v 0.017319 0.849152 0.268304
v 0.017188 0.848953 0.270822
v -0.010234 0.876339 0.288008
v -0.008624 0.877441 0.288604
v -0.006888 0.878403 0.289131
v 0.022107 0.856032 0.268391
v 0.021874 0.855692 0.271457
v 0.021677 0.855391 0.273996
v 0.021451 0.854376 0.280178
v 0.021411 0.854623 0.279084
v 0.021438 0.854867 0.277740
v 0.011933 0.839952 0.281224
v 0.011986 0.839689 0.281689
v 0.012017 0.839484 0.282151
v 0.005871 0.837587 0.283984
v 0.007926 0.837904 0.284035
v 0.009945 0.838415 0.284152
v 0.024353 0.866423 0.298545
v 0.024435 0.866573 0.298142
v 0.024495 0.866721 0.297714
v 0.004779 0.842830 0.312947
v 0.005663 0.842973 0.312970
v 0.006528 0.843200 0.313025
v 0.006739 0.844147 0.315209
v 0.006965 0.843938 0.314538
v 0.007175 0.843724 0.313835
v 0.002982 0.842810 0.312967
v 0.002085 0.842933 0.313011
v 0.001203 0.843142 0.313083
v -0.004168 0.859366 0.320356
v -0.003857 0.858973 0.320740
v -0.003519 0.858564 0.321135
v -0.005174 0.858993 0.319592
v -0.005801 0.858189 0.319165
v -0.006329 0.857329 0.318709
v -0.003772 0.857509 0.321185
v -0.004311 0.856818 0.320817
v -0.004765 0.856080 0.320424
v -0.001922 0.856910 0.322649
v -0.002358 0.857315 0.322295
v -0.002769 0.857729 0.321920
v -0.001922 0.855989 0.322685
v -0.002324 0.855415 0.322377
v -0.002662 0.854800 0.322047
v 0.013225 0.852951 0.318436
v 0.013122 0.853818 0.318927
v 0.012928 0.854660 0.319396
v 0.011057 0.854553 0.321152
v 0.011619 0.854854 0.320735
v 0.012149 0.855162 0.320296
v 0.013155 0.851183 0.317388
v 0.012986 0.850298 0.316842
v 0.012733 0.849424 0.316297
v 0.002560 0.862757 0.321714
v 0.001432 0.862594 0.321619
v 0.000327 0.862334 0.321464
v -0.000591 0.861539 0.321584
v -0.000423 0.861071 0.321931
v -0.000240 0.860585 0.322286
v -0.003634 0.860412 0.320362
v -0.002737 0.861015 0.320700
v -0.001770 0.861539 0.320999
v -0.002466 0.858728 0.321855
v -0.001712 0.859248 0.322153
v -0.000901 0.859702 0.322417
v -0.000936 0.857001 0.323248
v -0.000363 0.857431 0.323499
v 0.000254 0.857807 0.323724
v 0.003700 0.863246 0.321449
v 0.003700 0.863640 0.321169
v 0.003699 0.864007 0.320906
v 0.008889 0.864402 0.319353
v 0.008806 0.864111 0.319587
v 0.008719 0.863810 0.319825
v 0.009056 0.864965 0.318882
v 0.009141 0.865240 0.318639
v 0.009226 0.865514 0.318393
v 0.003600 0.869992 0.315895
v 0.003600 0.869693 0.316181
v 0.003601 0.869396 0.316464
v 0.005318 0.870233 0.315542
v 0.007017 0.870018 0.315384
v 0.008680 0.869654 0.315138
v 0.003600 0.870600 0.315312
v 0.003600 0.870907 0.315015
v 0.003599 0.871212 0.314715
v 0.016854 0.867555 0.310556
v 0.016715 0.867315 0.310900
v 0.016574 0.867074 0.311243
v 0.015643 0.868883 0.310820
v 0.014167 0.869855 0.311379
v 0.012578 0.870698 0.311880
v 0.017120 0.868026 0.309877
v 0.017250 0.868257 0.309542
v 0.017380 0.868486 0.309208
v -0.006681 0.848404 0.312982
v -0.006967 0.848410 0.312504
v -0.007230 0.848417 0.312057
v -0.010285 0.852367 0.310929
v -0.010015 0.851070 0.310143
v -0.009617 0.849791 0.309361
v -0.011243 0.848810 0.304119
v -0.011050 0.848784 0.304548
v -0.010857 0.848758 0.304974
v -0.007571 0.843680 0.301164
v -0.007425 0.843718 0.301631
v -0.007278 0.843760 0.302095
v -0.008825 0.844803 0.301322
v -0.009819 0.846066 0.302041
v -0.010692 0.847417 0.302835
v -0.007862 0.843613 0.300223
v -0.008007 0.843585 0.299749
v -0.008148 0.843559 0.299275
v -0.011630 0.848864 0.303248
v -0.011823 0.848892 0.302807
v -0.012014 0.848922 0.302362
v -0.016558 0.855144 0.298335
v -0.016169 0.853266 0.297226
v -0.015598 0.851413 0.296120
v -0.018290 0.858057 0.295433
v -0.018172 0.857954 0.295812
v -0.018048 0.857856 0.296184
v 0.013584 0.842982 0.301885
v 0.012350 0.842090 0.301501
v 0.011040 0.841319 0.301207
v 0.015156 0.843875 0.300971
v 0.015016 0.843910 0.301440
v 0.014874 0.843948 0.301905
v 0.014093 0.842780 0.300000
v 0.012796 0.841845 0.299603
v 0.011419 0.841040 0.299297
v 0.015431 0.843812 0.300029
v 0.015566 0.843784 0.299558
v 0.015701 0.843759 0.299086
v 0.003805 0.838526 0.295290
v 0.003808 0.838602 0.295785
v 0.003810 0.838680 0.296284
v 0.005528 0.838552 0.294805
v 0.007239 0.838816 0.294854
v 0.008921 0.839243 0.294958
v 0.003801 0.838381 0.294315
v 0.003800 0.838311 0.293835
v 0.003800 0.838243 0.293359
v 0.011041 0.839492 0.291793
v 0.010974 0.839534 0.292267
v 0.010904 0.839577 0.292742
v 0.011166 0.839409 0.290847
v 0.011223 0.839368 0.290379
v 0.011278 0.839330 0.289917
v 0.017009 0.842242 0.287229
v 0.015341 0.841029 0.286721
v 0.013572 0.839983 0.286331
v 0.003795 0.837468 0.284414
v 0.003792 0.837480 0.284840
v 0.003789 0.837498 0.285263
v -0.006503 0.842607 0.300173
v -0.005198 0.841696 0.299752
v -0.003814 0.840915 0.299422
v 0.002078 0.838523 0.294830
v 0.000369 0.838759 0.294904
v -0.001313 0.839158 0.295033
v -0.003457 0.839319 0.291893
v -0.003390 0.839362 0.292367
v -0.003319 0.839410 0.292842
v -0.003578 0.839248 0.290947
v -0.003633 0.839218 0.290479
v -0.003689 0.839192 0.290017
v -0.004702 0.860078 0.319653
v -0.004928 0.860392 0.319338
v -0.005134 0.860683 0.319042
v -0.000883 0.862392 0.320952
v -0.001010 0.862773 0.320671
v -0.001127 0.863127 0.320408
v 0.001882 0.870200 0.315567
v 0.000184 0.869952 0.315433
v -0.001475 0.869559 0.315212
v -0.008405 0.865403 0.313387
v -0.008250 0.865159 0.313698
v -0.008095 0.864917 0.314006
v -0.007355 0.866659 0.313613
v -0.006030 0.867565 0.314104
v -0.004598 0.868357 0.314539
v -0.008721 0.865891 0.312753
v -0.008883 0.866133 0.312431
v -0.009044 0.866376 0.312104
v -0.010638 0.872994 0.304565
v -0.008910 0.874167 0.305194
v -0.007049 0.875190 0.305750
v 0.015777 0.845103 0.302950
v 0.016713 0.846312 0.303624
v 0.017531 0.847602 0.304370
v 0.016389 0.845022 0.301108
v 0.017369 0.846307 0.301810
v 0.018226 0.847676 0.302590
v 0.019975 0.845133 0.288648
v 0.021245 0.846779 0.289549
v 0.022360 0.848532 0.290547
v 0.023624 0.850535 0.290437
v 0.023522 0.850477 0.290838
v 0.023416 0.850422 0.291231
v 0.018189 0.866591 0.309567
v 0.019236 0.865292 0.308880
v 0.020124 0.863906 0.308149
v 0.024159 0.866123 0.299296
v 0.024056 0.865976 0.299652
v 0.023949 0.865829 0.299998
v -0.010413 0.854955 0.312442
v -0.010268 0.856220 0.313152
v -0.009987 0.857452 0.313829
v -0.011799 0.860558 0.310843
v -0.011601 0.860382 0.311190
v -0.011406 0.860205 0.311533
v -0.009635 0.864541 0.312489
v -0.010570 0.863348 0.311865
v -0.011360 0.862076 0.311200
v -0.012207 0.860908 0.310143
v -0.012415 0.861084 0.309791
v -0.012622 0.861260 0.309436
v -0.016757 0.858880 0.300477
v -0.016561 0.860701 0.301484
v -0.016168 0.862474 0.302441
v -0.013604 0.870248 0.303142
v -0.014815 0.868700 0.302358
v -0.015836 0.867052 0.301523
v -0.017012 0.865750 0.299587
v -0.016898 0.865602 0.299944
v -0.016781 0.865457 0.300294
v -0.018405 0.860163 0.296169
v -0.018191 0.862127 0.297240
v -0.017763 0.864044 0.298257
v -0.017227 0.866050 0.298840
v -0.017317 0.866198 0.298443
v -0.017384 0.866343 0.298025
v 0.001076 0.850819 0.321614
v 0.000553 0.850811 0.321567
v -0.000028 0.850830 0.321459
v 0.001527 0.851394 0.321947
v 0.001548 0.851924 0.322281
v 0.001590 0.852438 0.322600
v -0.000970 0.856149 0.323267
v -0.000467 0.855807 0.323519
v 0.000034 0.855499 0.323725
v 0.008256 0.851590 0.321567
v 0.008206 0.852191 0.321931
v 0.008113 0.852779 0.322280
v 0.009847 0.853993 0.321879
v 0.009218 0.853745 0.322175
v 0.008591 0.853528 0.322421
v 0.008227 0.850370 0.320789
v 0.008148 0.849763 0.320385
v 0.008027 0.849162 0.319982
v 0.002678 0.856000 0.324765
v 0.002475 0.856152 0.324791
v 0.002248 0.856356 0.324767
v 0.006249 0.844535 0.316397
v 0.005992 0.844713 0.316894
v 0.005734 0.844884 0.317319
v 0.004917 0.856038 0.324754
v 0.005121 0.856202 0.324781
v 0.005343 0.856418 0.324756
v 0.004190 0.855350 0.322914
v 0.004192 0.855037 0.322731
v 0.004195 0.854656 0.322543
v 0.003785 0.852704 0.322031
v 0.003784 0.853298 0.322316
v 0.003785 0.853863 0.322549
v 0.003894 0.852093 0.321636
v 0.003998 0.852087 0.321532
v 0.004099 0.852075 0.321389
v 0.003674 0.852093 0.321661
v 0.003560 0.852085 0.321580
v 0.003450 0.852068 0.321457
v 0.003789 0.851482 0.321266
v 0.003792 0.850875 0.320798
v 0.003795 0.850279 0.320300
v 0.002619 0.851734 0.321454
v 0.002632 0.852232 0.321780
v 0.002656 0.852714 0.322090
v 0.004580 0.855869 0.324539
v 0.004451 0.855848 0.324365
v 0.004349 0.855849 0.324163
v 0.004191 0.855735 0.323303
v 0.004202 0.855817 0.323513
v 0.004228 0.855851 0.323729
v 0.004449 0.896414 0.137473
v 0.006894 0.896033 0.137416
v 0.009292 0.895403 0.137345
v -0.020725 0.881255 0.158810
v -0.020698 0.881306 0.151437
v -0.020629 0.881279 0.144257
v 0.024650 0.863635 0.157401
v 0.024561 0.863687 0.150594
v 0.024415 0.863707 0.143891
v -0.000476 0.896364 0.137518
v -0.002906 0.895936 0.137506
v -0.005283 0.895260 0.137477
v -0.014343 0.855413 0.157708
v -0.014324 0.855495 0.151096
v -0.014278 0.855568 0.144551
v -0.012558 0.853693 0.164378
v -0.010641 0.852262 0.164456
v -0.008609 0.851024 0.164556
v -0.015974 0.857075 0.164342
v -0.017440 0.858988 0.164393
v -0.018730 0.861020 0.164484
v 0.017607 0.853073 0.190195
v 0.015730 0.851617 0.190141
v 0.013735 0.850348 0.190136
v -0.014324 0.855147 0.170938
v -0.014290 0.854945 0.177510
v -0.014242 0.854696 0.184061
v -0.019328 0.860887 0.212197
v -0.019478 0.861360 0.205447
v -0.019596 0.861787 0.198680
v -0.020707 0.880935 0.173819
v -0.020671 0.880670 0.181355
v -0.020618 0.880334 0.188885
v 0.024728 0.863379 0.171091
v 0.024736 0.863163 0.177915
v 0.024722 0.862890 0.184724
v 0.020944 0.856483 0.190509
v 0.022373 0.858402 0.190779
v 0.023625 0.860436 0.191118
v 0.023153 0.859521 0.284173
v 0.022798 0.857689 0.283131
v 0.022265 0.855879 0.282099
v 0.023511 0.861116 0.286060
v 0.023763 0.860887 0.286859
v 0.024061 0.860666 0.287607
v 0.001694 0.842313 0.276064
v -0.000164 0.842559 0.276125
v -0.001992 0.842982 0.276237
v 0.003615 0.841885 0.276776
v 0.003653 0.841461 0.277419
v 0.003683 0.840991 0.277991
v -0.011187 0.844906 0.282322
v -0.011001 0.845285 0.281804
v -0.010806 0.845690 0.281268
v -0.009757 0.843202 0.282169
v -0.008049 0.841999 0.281642
v -0.006239 0.840969 0.281228
v 0.005439 0.842355 0.276039
v 0.007295 0.842642 0.276075
v 0.009119 0.843104 0.276162
v -0.014687 0.853514 0.282202
v -0.014837 0.853209 0.282944
v -0.015043 0.852892 0.283629
v -0.012806 0.846092 0.283610
v -0.014121 0.847750 0.284516
v -0.015279 0.849520 0.285523
v -0.018106 0.859464 0.290658
v -0.017828 0.859656 0.290014
v -0.017528 0.859858 0.289342
v -0.018125 0.857282 0.290110
v -0.017701 0.855283 0.288928
v -0.017080 0.853309 0.287752
v 0.017139 0.874995 0.296132
v 0.015465 0.876104 0.296764
v 0.013663 0.877068 0.297330
v -0.016850 0.867067 0.294769
v -0.016588 0.867158 0.294076
v -0.016308 0.867250 0.293347
v -0.018344 0.861268 0.292384
v -0.018133 0.863219 0.293449
v -0.017708 0.865124 0.294461
v 0.023301 0.863156 0.286194
v 0.023088 0.864925 0.287150
v 0.022682 0.866644 0.288068
v 0.020039 0.872399 0.294709
v 0.021238 0.870934 0.293929
v 0.022255 0.869372 0.293103
v -0.004600 0.845705 0.311870
v -0.005272 0.846548 0.312362
v -0.005863 0.847450 0.312908
v -0.003598 0.845041 0.312062
v -0.003316 0.845154 0.312716
v -0.003007 0.845273 0.313393
v 0.003717 0.859260 0.324001
v 0.003710 0.859775 0.323697
v 0.003706 0.860303 0.323375
v 0.004458 0.858739 0.324253
v 0.005183 0.858635 0.324177
v 0.005895 0.858457 0.324055
v -0.011472 0.844287 0.283306
v -0.011559 0.844056 0.283777
v -0.011609 0.843870 0.284237
v -0.010000 0.842337 0.284019
v -0.008255 0.841116 0.283478
v -0.006404 0.840070 0.283055
v -0.018516 0.859114 0.291845
v -0.018630 0.858956 0.292387
v -0.018690 0.858808 0.292895
v -0.013104 0.845270 0.285505
v -0.014434 0.846951 0.286443
v -0.015604 0.848748 0.287483
v -0.016425 0.850308 0.289916
v -0.016510 0.850402 0.289492
v -0.016573 0.850510 0.289055
v 0.019687 0.872862 0.301949
v 0.019754 0.873044 0.301556
v 0.019802 0.873216 0.301134
v 0.017988 0.873987 0.303041
v 0.016210 0.875156 0.303702
v 0.014299 0.876170 0.304293
v 0.002127 0.847326 0.319186
v 0.001986 0.847763 0.319478
v 0.001860 0.848230 0.319799
v 0.002535 0.847086 0.318905
v 0.002736 0.847255 0.318832
v 0.002892 0.847430 0.318731
v 0.003383 0.855687 0.323345
v 0.003365 0.855777 0.323562
v 0.003331 0.855819 0.323785
v 0.003099 0.854876 0.322874
v 0.003061 0.854850 0.323010
v 0.003000 0.854803 0.323173
v 0.003163 0.855026 0.322846
v 0.003225 0.855208 0.322934
v 0.003302 0.855380 0.323037
v 0.004514 0.847338 0.318372
v 0.004430 0.847071 0.318232
v 0.004341 0.846846 0.318128
v -0.012489 0.882753 0.257048
v -0.010663 0.884032 0.257712
v -0.008693 0.885147 0.258294
v -0.006038 0.882993 0.274724
v -0.006236 0.883987 0.269963
v -0.006424 0.885024 0.264633
v -0.005084 0.845173 0.256237
v -0.005262 0.845446 0.251508
v -0.005432 0.845763 0.246302
v -0.018916 0.859811 0.225624
v -0.018653 0.859228 0.232217
v -0.018357 0.858635 0.238623
v -0.015626 0.879762 0.255509
v -0.016908 0.878080 0.254649
v -0.017989 0.876293 0.253738
v 0.023213 0.861592 0.284253
v 0.023182 0.861850 0.283149
v 0.023224 0.862133 0.281805
v -0.014622 0.854064 0.280461
v -0.014717 0.854313 0.279367
v -0.014888 0.854556 0.278025
v 0.003507 0.842526 0.275177
v 0.003438 0.842740 0.274128
v 0.003363 0.842900 0.272820
v -0.004711 0.844779 0.263993
v -0.004522 0.844644 0.267000
v -0.004340 0.844527 0.269495
v -0.005623 0.881218 0.282361
v -0.005416 0.880460 0.285262
v -0.005220 0.879791 0.287643
v 0.021054 0.871241 0.301547
v 0.022315 0.869688 0.300725
v 0.023385 0.868028 0.299852
v 0.010732 0.844332 0.310984
v 0.009865 0.843701 0.310710
v 0.008945 0.843159 0.310501
v 0.011280 0.845151 0.311956
v 0.010999 0.845264 0.312614
v 0.010690 0.845384 0.313293
v -0.003044 0.844241 0.311095
v -0.002173 0.843633 0.310816
v -0.001249 0.843112 0.310600
v 0.014563 0.852524 0.316336
v 0.014159 0.852379 0.316852
v 0.013717 0.852227 0.317384
v 0.014918 0.853684 0.316442
v 0.014796 0.854690 0.317016
v 0.014568 0.855667 0.317565
v 0.012267 0.845842 0.311754
v 0.012919 0.846704 0.312244
v 0.013488 0.847623 0.312787
v 0.014843 0.851629 0.315228
v 0.014650 0.850600 0.314602
v 0.014358 0.849582 0.313978
v 0.003002 0.858715 0.324258
v 0.002285 0.858587 0.324187
v 0.001585 0.858389 0.324072
v 0.005228 0.869047 0.316685
v 0.006837 0.868847 0.316537
v 0.008414 0.868505 0.316307
v 0.015141 0.867876 0.312163
v 0.013729 0.868810 0.312696
v 0.012210 0.869622 0.313174
v 0.011385 0.873273 0.310103
v 0.011315 0.873013 0.310425
v 0.011244 0.872748 0.310747
v 0.011510 0.873769 0.309469
v 0.011566 0.874005 0.309159
v 0.011622 0.874236 0.308850
v 0.005721 0.877599 0.306980
v 0.007911 0.877323 0.306778
v 0.010054 0.876858 0.306470
v 0.019526 0.872496 0.302672
v 0.019441 0.872318 0.303009
v 0.019356 0.872141 0.303335
v -0.004090 0.844833 0.310872
v -0.004306 0.844739 0.310341
v -0.004505 0.844654 0.309847
v -0.014427 0.855613 0.304500
v -0.014232 0.855500 0.304900
v -0.014034 0.855388 0.305300
v -0.014446 0.854045 0.303114
v -0.014098 0.852365 0.302112
v -0.013585 0.850706 0.301115
v -0.010639 0.844677 0.295743
v -0.011782 0.846115 0.296557
v -0.012785 0.847651 0.297456
v -0.014819 0.855834 0.303700
v -0.015015 0.855941 0.303302
v -0.015209 0.856046 0.302906
v -0.016227 0.850158 0.290737
v -0.016123 0.850096 0.291138
v -0.016016 0.850040 0.291531
v 0.011768 0.844955 0.310745
v 0.011980 0.844873 0.310199
v 0.012174 0.844800 0.309690
v 0.008676 0.841813 0.306789
v 0.008590 0.841912 0.307219
v 0.008501 0.842017 0.307664
v 0.008838 0.841621 0.305946
v 0.008916 0.841527 0.305523
v 0.008992 0.841435 0.305096
v 0.005469 0.838856 0.296788
v 0.007114 0.839112 0.296835
v 0.008729 0.839524 0.296936
v -0.001014 0.841735 0.306888
v -0.000930 0.841846 0.307318
v -0.000841 0.841964 0.307763
v -0.001173 0.841531 0.306040
v -0.001249 0.841436 0.305615
v -0.001325 0.841345 0.305186
v 0.002157 0.838831 0.296813
v 0.000518 0.839062 0.296885
v -0.001092 0.839449 0.297011
v -0.007977 0.842160 0.294444
v -0.006483 0.841108 0.293969
v -0.004901 0.840207 0.293597
v -0.006789 0.865636 0.314830
v -0.005525 0.866495 0.315306
v -0.004162 0.867246 0.315729
v 0.001979 0.869005 0.316710
v 0.000374 0.868766 0.316585
v -0.001196 0.868390 0.316377
v -0.008984 0.869662 0.309699
v -0.007462 0.870702 0.310258
v -0.005821 0.871608 0.310756
v 0.001304 0.877557 0.307025
v -0.000877 0.877241 0.306867
v -0.003010 0.876736 0.306597
v 0.015272 0.852790 0.315387
v 0.015584 0.852913 0.314960
v 0.015870 0.853028 0.314560
v 0.015703 0.848685 0.310272
v 0.015502 0.848666 0.310650
v 0.015293 0.848646 0.311041
v 0.016096 0.848710 0.309529
v 0.016291 0.848717 0.309156
v 0.016486 0.848725 0.308779
v 0.018773 0.849073 0.303868
v 0.018591 0.849034 0.304307
v 0.018408 0.848995 0.304743
v 0.020234 0.855061 0.307422
v 0.020024 0.854950 0.307816
v 0.019811 0.854839 0.308209
v 0.020300 0.853642 0.306132
v 0.020000 0.852111 0.305220
v 0.019549 0.850595 0.304313
v 0.020646 0.855286 0.306643
v 0.020848 0.855399 0.306257
v 0.021048 0.855512 0.305868
v 0.019140 0.849148 0.302997
v 0.019325 0.849182 0.302566
v 0.019509 0.849215 0.302135
v 0.021579 0.849717 0.296859
v 0.021415 0.849667 0.297285
v 0.021249 0.849617 0.297714
v 0.021895 0.849817 0.296009
v 0.022046 0.849867 0.295585
v 0.022192 0.849917 0.295165
v 0.019186 0.860822 0.310638
v 0.018991 0.860634 0.310990
v 0.018795 0.860446 0.311339
v 0.020420 0.856687 0.307899
v 0.020234 0.858173 0.308733
v 0.019887 0.859617 0.309530
v 0.019574 0.861192 0.309934
v 0.019765 0.861374 0.309581
v 0.019954 0.861553 0.309225
v 0.017583 0.865684 0.310964
v 0.018590 0.864445 0.310306
v 0.019444 0.863124 0.309606
v -0.008961 0.863630 0.313757
v -0.009850 0.862500 0.313167
v -0.010601 0.861296 0.312539
v -0.014620 0.857385 0.305051
v -0.014442 0.859015 0.305961
v -0.014088 0.860604 0.306826
v -0.011601 0.867220 0.308429
v -0.012671 0.865841 0.307727
v -0.013573 0.864375 0.306978
v -0.017239 0.866862 0.296023
v -0.017349 0.866744 0.296581
v -0.017407 0.866618 0.297098
v 0.003742 0.858304 0.324528
v 0.003758 0.857879 0.324738
v 0.003773 0.857497 0.324904
v 0.002452 0.846565 0.318716
v 0.002630 0.846247 0.318542
v 0.002817 0.845975 0.318405
v 0.001977 0.846773 0.318889
v 0.001623 0.846631 0.318779
v 0.001228 0.846497 0.318598
v 0.001120 0.845957 0.318115
v 0.001463 0.845594 0.317927
v 0.001825 0.845284 0.317781
v 0.000505 0.846839 0.318627
v 0.000236 0.847348 0.318947
v -0.000002 0.847893 0.319301
v 0.003101 0.854708 0.322654
v 0.003076 0.854435 0.322468
v 0.003053 0.854089 0.322255
v 0.003384 0.855302 0.322957
v 0.003373 0.854997 0.322782
v 0.003360 0.854623 0.322605
v 0.003899 0.849711 0.319764
v 0.003998 0.849730 0.319693
v 0.004093 0.849755 0.319600
v 0.003695 0.849707 0.319784
v 0.003594 0.849720 0.319733
v 0.003497 0.849738 0.319657
v 0.004672 0.848017 0.318776
v 0.004745 0.848423 0.319038
v 0.004812 0.848864 0.319330
v -0.007614 0.894747 0.160194
v -0.007617 0.894743 0.152319
v -0.007608 0.894615 0.144699
v 0.002553 0.848297 0.158457
v 0.002526 0.848419 0.152002
v 0.002487 0.848556 0.145586
v 0.000265 0.848264 0.164897
v -0.002026 0.848607 0.164846
v -0.004282 0.849186 0.164765
v 0.004875 0.848310 0.164864
v 0.007156 0.848698 0.164779
v 0.009396 0.849319 0.164662
v 0.002587 0.847997 0.171310
v 0.002600 0.847793 0.177675
v 0.002612 0.847554 0.184015
v 0.018341 0.889516 0.198967
v 0.016366 0.890952 0.199459
v 0.014241 0.892214 0.199903
v -0.020177 0.878290 0.218592
v -0.020329 0.878905 0.211264
v -0.020450 0.879451 0.203858
v 0.021748 0.886205 0.197874
v 0.023148 0.884363 0.197288
v 0.024333 0.882415 0.196683
v -0.007585 0.894419 0.176296
v -0.007561 0.894099 0.184386
v -0.007529 0.893676 0.192456
v -0.007281 0.891018 0.223901
v -0.007365 0.891818 0.216223
v -0.007432 0.892532 0.208404
v 0.019341 0.847838 0.281214
v 0.020566 0.849421 0.282048
v 0.021639 0.851110 0.282977
v 0.016487 0.845064 0.279911
v 0.014884 0.843898 0.279448
v 0.013181 0.842892 0.279095
v 0.019354 0.873763 0.297734
v 0.019144 0.873763 0.297002
v 0.018912 0.873755 0.296236
v 0.017922 0.875043 0.299142
v 0.016161 0.876198 0.299804
v 0.014266 0.877201 0.300397
v 0.022264 0.868114 0.289831
v 0.022502 0.867959 0.290666
v 0.022780 0.867829 0.291464
v 0.020971 0.872313 0.297652
v 0.022232 0.870762 0.296834
v 0.023302 0.869103 0.295967
v -0.003237 0.848387 0.317660
v -0.003786 0.848385 0.317088
v -0.004304 0.848385 0.316485
v 0.025747 0.857005 0.291839
v 0.025357 0.854957 0.290646
v 0.024765 0.852932 0.289457
v 0.001211 0.879162 0.304181
v -0.001051 0.878844 0.304008
v -0.003266 0.878330 0.303722
v -0.005341 0.877104 0.304558
v -0.005376 0.877297 0.304181
v -0.005399 0.877472 0.303775
v 0.019665 0.873695 0.299058
v 0.019757 0.873615 0.299644
v 0.019808 0.873506 0.300182
v 0.005782 0.879187 0.304151
v 0.008043 0.878896 0.303949
v 0.010257 0.878411 0.303631
v 0.004755 0.854477 0.323049
v 0.004818 0.854105 0.322813
v 0.004869 0.853703 0.322557
v 0.004649 0.851711 0.320727
v 0.004738 0.851587 0.320787
v 0.004845 0.851457 0.320890
v 0.004572 0.852338 0.321063
v 0.004571 0.852841 0.321375
v 0.004565 0.853319 0.321661
v 0.003658 0.856203 0.324244
v 0.003527 0.856126 0.324195
v 0.003400 0.856002 0.324114
v 0.003811 0.845564 0.318153
v 0.003808 0.845788 0.318104
v 0.003805 0.846030 0.318036
v 0.004026 0.845380 0.318167
v 0.004239 0.845458 0.318188
v 0.004449 0.845586 0.318227
v -0.007061 0.889189 0.238719
v -0.006923 0.888184 0.245762
v -0.006770 0.887143 0.252474
v -0.018985 0.864361 0.264876
v -0.019407 0.864976 0.259984
v -0.019813 0.865631 0.254567
v -0.018345 0.861834 0.268113
v -0.017930 0.859874 0.267057
v -0.017324 0.857938 0.266024
v 0.011359 0.883151 0.274619
v 0.011444 0.884136 0.269853
v 0.011532 0.885163 0.264517
v -0.019760 0.876864 0.232926
v -0.019494 0.876072 0.239838
v -0.019194 0.875250 0.246482
v -0.018564 0.865736 0.270217
v -0.018362 0.867644 0.271237
v -0.017953 0.869507 0.272226
v 0.021974 0.868524 0.287994
v 0.021936 0.868793 0.286900
v 0.021966 0.869114 0.285580
v -0.018135 0.863286 0.272825
v -0.017731 0.862834 0.275878
v -0.017359 0.862432 0.278398
v 0.011214 0.881375 0.282260
v 0.011160 0.880610 0.285160
v 0.011123 0.879934 0.287538
v 0.025896 0.861078 0.294147
v 0.025650 0.863065 0.295234
v 0.025192 0.864998 0.296271
v 0.013888 0.856345 0.318504
v 0.013509 0.856066 0.318941
v 0.013095 0.855772 0.319390
v 0.004963 0.864299 0.320612
v 0.006215 0.864137 0.320498
v 0.007440 0.863869 0.320317
v 0.014070 0.865827 0.314713
v 0.012785 0.866675 0.315198
v 0.011404 0.867412 0.315631
v 0.010823 0.871129 0.312631
v 0.010749 0.870856 0.312950
v 0.010675 0.870580 0.313269
v 0.010964 0.871671 0.312001
v 0.011033 0.871941 0.311691
v 0.011102 0.872212 0.311381
v 0.017913 0.869388 0.307852
v 0.017781 0.869165 0.308192
v 0.017646 0.868940 0.308533
v 0.016587 0.870787 0.308170
v 0.014992 0.871842 0.308775
v 0.013274 0.872759 0.309317
v 0.018155 0.869825 0.307181
v 0.018265 0.870039 0.306851
v 0.018372 0.870249 0.306524
v 0.003511 0.876598 0.308572
v 0.003509 0.876363 0.308875
v 0.003506 0.876123 0.309178
v 0.005673 0.876740 0.308186
v 0.007812 0.876460 0.307988
v 0.009907 0.875997 0.307683
v 0.003515 0.877044 0.307968
v 0.003516 0.877257 0.307667
v 0.003514 0.877467 0.307366
v -0.008511 0.851790 0.313696
v -0.008275 0.850651 0.313002
v -0.007928 0.849526 0.312310
v -0.009688 0.848609 0.307451
v -0.009492 0.848585 0.307838
v -0.009296 0.848563 0.308219
v -0.010079 0.848658 0.306651
v -0.010275 0.848683 0.306238
v -0.010470 0.848708 0.305819
v -0.009452 0.844743 0.299453
v -0.010498 0.846061 0.300202
v -0.011417 0.847470 0.301029
v -0.015217 0.854407 0.301496
v -0.014861 0.852665 0.300460
v -0.014333 0.850945 0.299428
v -0.015928 0.856466 0.301358
v -0.015756 0.856359 0.301742
v -0.015579 0.856254 0.302127
v -0.015906 0.854768 0.299917
v -0.015533 0.852965 0.298842
v -0.014983 0.851184 0.297768
v -0.016265 0.856687 0.300583
v -0.016432 0.856800 0.300193
v -0.016595 0.856912 0.299806
v 0.003833 0.840844 0.306576
v 0.003842 0.840964 0.307010
v 0.003852 0.841092 0.307460
v 0.005085 0.840800 0.306149
v 0.006335 0.840987 0.306177
v 0.007564 0.841293 0.306246
v 0.012549 0.843395 0.305474
v 0.011454 0.842599 0.305127
v 0.010290 0.841914 0.304859
v 0.003820 0.840622 0.305725
v 0.003818 0.840518 0.305298
v 0.003817 0.840415 0.304868
v 0.005299 0.839574 0.300739
v 0.006784 0.839802 0.300773
v 0.008244 0.840171 0.300854
v 0.010495 0.839888 0.295618
v 0.010432 0.839952 0.296110
v 0.010367 0.840018 0.296604
v 0.010624 0.839771 0.294648
v 0.010693 0.839719 0.294168
v 0.010763 0.839669 0.293692
v 0.003800 0.838018 0.291458
v 0.003800 0.838069 0.291933
v 0.003800 0.838123 0.292408
v 0.005668 0.838080 0.290989
v 0.007519 0.838365 0.291038
v 0.009338 0.838822 0.291144
v 0.016363 0.842268 0.290580
v 0.014777 0.841114 0.290100
v 0.013094 0.840120 0.289732
v 0.003800 0.837922 0.290509
v 0.003800 0.837876 0.290038
v 0.003799 0.837830 0.289572
v 0.018133 0.843579 0.289910
v 0.018039 0.843575 0.290329
v 0.017940 0.843572 0.290754
v 0.016708 0.842244 0.288877
v 0.015075 0.841059 0.288385
v 0.013344 0.840036 0.288010
v 0.018308 0.843588 0.289089
v 0.018391 0.843593 0.288683
v 0.018474 0.843602 0.288278
v 0.002568 0.840779 0.306174
v 0.001323 0.840945 0.306227
v 0.000099 0.841229 0.306320
v 0.002307 0.839549 0.300764
v 0.000825 0.839752 0.300823
v -0.000634 0.840096 0.300929
v -0.007010 0.842447 0.298255
v -0.005638 0.841490 0.297813
v -0.004184 0.840668 0.297464
v 0.001932 0.838035 0.291014
v 0.000079 0.838275 0.291088
v -0.001743 0.838691 0.291219
v 0.002430 0.864290 0.320633
v 0.001176 0.864119 0.320540
v -0.000050 0.863841 0.320380
v -0.002988 0.868738 0.315210
v -0.002899 0.868451 0.315506
v -0.002807 0.868164 0.315799
v -0.003159 0.869309 0.314610
v -0.003242 0.869591 0.314307
v -0.003324 0.869873 0.314003
v -0.004296 0.873131 0.310213
v -0.004224 0.872881 0.310534
v -0.004152 0.872628 0.310857
v -0.004437 0.873623 0.309580
v -0.004507 0.873865 0.309269
v -0.004574 0.874104 0.308961
v 0.001360 0.876710 0.308232
v -0.000769 0.876401 0.308077
v -0.002850 0.875905 0.307813
v -0.005246 0.876689 0.305255
v -0.005190 0.876475 0.305586
v -0.005132 0.876261 0.305907
v 0.017805 0.852578 0.310724
v 0.017557 0.851277 0.309937
v 0.017180 0.849992 0.309155
v 0.014497 0.845291 0.306423
v 0.015331 0.846373 0.307019
v 0.016062 0.847525 0.307681
v 0.018538 0.854172 0.310449
v 0.018333 0.854070 0.310805
v 0.018129 0.853973 0.311154
v 0.018625 0.852898 0.309274
v 0.018368 0.851520 0.308444
v 0.017977 0.850160 0.307617
v 0.018955 0.854388 0.309724
v 0.019168 0.854501 0.309355
v 0.019382 0.854615 0.308979
v 0.021098 0.854014 0.304533
v 0.020786 0.852403 0.303578
v 0.020315 0.850807 0.302627
v 0.019180 0.845008 0.291925
v 0.020383 0.846567 0.292780
v 0.021437 0.848226 0.293729
v 0.019603 0.845064 0.290254
v 0.020838 0.846669 0.291131
v 0.021918 0.848376 0.292104
v 0.014548 0.856845 0.317692
v 0.014835 0.857065 0.317322
v 0.015101 0.857270 0.316972
v 0.017904 0.855170 0.312241
v 0.017750 0.856436 0.312952
v 0.017459 0.857668 0.313630
v 0.018724 0.855644 0.310871
v 0.018563 0.856985 0.311619
v 0.018257 0.858290 0.312332
v 0.016287 0.863838 0.313615
v 0.017199 0.862717 0.313008
v 0.017971 0.861522 0.312365
v 0.021222 0.857209 0.306379
v 0.021029 0.858763 0.307248
v 0.020668 0.860274 0.308077
v 0.019333 0.868320 0.306817
v 0.020461 0.866929 0.306079
v 0.021419 0.865444 0.305296
v -0.008631 0.854053 0.315035
v -0.008511 0.855157 0.315663
v -0.008272 0.856233 0.316260
v -0.013379 0.861969 0.308005
v -0.013198 0.861791 0.308365
v -0.013013 0.861614 0.308724
v -0.013746 0.862319 0.307276
v -0.013933 0.862491 0.306909
v -0.014118 0.862662 0.306543
v -0.015396 0.857876 0.303496
v -0.015212 0.859573 0.304437
v -0.014847 0.861229 0.305333
v -0.016101 0.858367 0.301988
v -0.015915 0.860130 0.302960
v -0.015539 0.861851 0.303886
v 0.007174 0.846928 0.318574
v 0.007438 0.847447 0.318881
v 0.007669 0.847998 0.319222
v 0.003816 0.845150 0.318107
v 0.003818 0.844952 0.317985
v 0.003821 0.844757 0.317789
v 0.003606 0.845376 0.318167
v 0.003403 0.845450 0.318189
v 0.003204 0.845575 0.318233
v 0.002844 0.845565 0.318254
v 0.002651 0.845385 0.318134
v 0.002436 0.845206 0.317941
v 0.006567 0.846021 0.318087
v 0.006227 0.845644 0.317909
v 0.005865 0.845321 0.317770
v -0.002048 0.848400 0.318653
v -0.001427 0.848413 0.319058
v -0.000808 0.848434 0.319401
v 0.003894 0.854376 0.322701
v 0.003998 0.854344 0.322610
v 0.004099 0.854289 0.322485
v 0.004480 0.851906 0.320789
v 0.004389 0.851972 0.320906
v 0.004294 0.852020 0.321058
v 0.003099 0.853825 0.322062
v 0.003173 0.853959 0.322154
v 0.003255 0.854083 0.322278
v 0.003674 0.854372 0.322722
v 0.003560 0.854334 0.322651
v 0.003450 0.854273 0.322543
v 0.004555 0.851296 0.320362
v 0.004539 0.850776 0.319986
v 0.004518 0.850269 0.319615
v 0.003427 0.848285 0.318451
v 0.003423 0.848741 0.318767
v 0.003416 0.849232 0.319146
v 0.003140 0.845941 0.318287
v 0.003241 0.846144 0.318228
v 0.003315 0.846363 0.318148
v 0.003426 0.847497 0.318076
v 0.003418 0.847165 0.318017
v 0.003400 0.846869 0.318022
v 0.002972 0.853548 0.322042
v 0.002903 0.853414 0.322119
v 0.002813 0.853288 0.322237
v 0.004593 0.855131 0.323466
v 0.004494 0.855409 0.323645
v 0.004388 0.855652 0.323806
v 0.003916 0.856208 0.324227
v 0.004039 0.856136 0.324163
v 0.004159 0.856018 0.324068
v 0.011873 0.894925 0.160010
v 0.011816 0.894925 0.152138
v 0.011734 0.894799 0.144521
v 0.020059 0.889364 0.159218
v 0.019978 0.889391 0.151548
v 0.019854 0.889317 0.144113
v 0.018301 0.890885 0.167294
v 0.016315 0.892375 0.167557
v 0.014178 0.893691 0.167807
v 0.026247 0.874989 0.137118
v 0.025973 0.877227 0.137077
v 0.025470 0.879416 0.137040
v 0.021716 0.887475 0.166758
v 0.023115 0.885592 0.166494
v 0.024299 0.883609 0.166235
v 0.026098 0.870433 0.137197
v 0.025679 0.868154 0.137239
v 0.025041 0.865904 0.137289
v 0.011539 0.850287 0.158030
v 0.011481 0.850389 0.151531
v 0.011395 0.850498 0.145079
v 0.011607 0.850008 0.170978
v 0.011627 0.849806 0.177392
v 0.011638 0.849564 0.183783
v 0.011572 0.848240 0.209337
v 0.011608 0.848616 0.202939
v 0.011629 0.848966 0.196548
v 0.002680 0.846292 0.209366
v 0.002660 0.846645 0.203016
v 0.002641 0.846976 0.196676
v 0.004960 0.846059 0.215714
v 0.007197 0.846427 0.215703
v 0.009391 0.847025 0.215709
v 0.020140 0.889040 0.174885
v 0.020156 0.888753 0.182758
v 0.020157 0.888382 0.190617
v 0.011946 0.894581 0.176112
v 0.011969 0.894249 0.184203
v 0.011984 0.893815 0.192272
v 0.019983 0.886072 0.221394
v 0.020059 0.886772 0.213848
v 0.020110 0.887391 0.206188
v 0.018117 0.886790 0.229516
v 0.016184 0.888126 0.230167
v 0.014103 0.889290 0.230745
v 0.021445 0.883654 0.228028
v 0.022810 0.881884 0.227208
v 0.023964 0.880004 0.226350
v 0.000446 0.846030 0.215744
v -0.001790 0.846368 0.215761
v -0.003987 0.846933 0.215797
v 0.024209 0.858537 0.287238
v 0.023842 0.856623 0.286138
v 0.023286 0.854732 0.285045
v 0.003317 0.879251 0.296161
v 0.003354 0.879221 0.297062
v 0.003385 0.879249 0.297943
v 0.001227 0.879242 0.295202
v -0.000793 0.878942 0.295056
v -0.002766 0.878468 0.294806
v -0.010209 0.874766 0.296375
v -0.008556 0.875896 0.296972
v -0.006774 0.876882 0.297502
v -0.009101 0.844817 0.280102
v -0.007478 0.843684 0.279614
v -0.005761 0.842715 0.279236
v 0.001748 0.840573 0.278546
v -0.000194 0.840839 0.278621
v -0.002103 0.841287 0.278752
v 0.003763 0.839038 0.279945
v 0.003748 0.839497 0.279483
v 0.003730 0.839990 0.279008
v 0.001704 0.838712 0.280442
v -0.000352 0.838988 0.280533
v -0.002373 0.839458 0.280686
v 0.011001 0.843390 0.277063
v 0.011123 0.842980 0.277719
v 0.011256 0.842528 0.278304
v 0.005671 0.840606 0.278517
v 0.007619 0.840906 0.278563
v 0.009532 0.841389 0.278666
v 0.005843 0.838754 0.280400
v 0.007892 0.839070 0.280451
v 0.009902 0.839580 0.280566
v -0.016558 0.860733 0.286366
v -0.016725 0.860505 0.287168
v -0.016956 0.860282 0.287924
v -0.016278 0.859154 0.284474
v -0.015898 0.857340 0.283430
v -0.015340 0.855549 0.282392
v -0.012001 0.847550 0.281450
v -0.013250 0.849122 0.282304
v -0.014349 0.850803 0.283252
v 0.005319 0.879287 0.295161
v 0.007346 0.879032 0.294975
v 0.009328 0.878600 0.294689
v -0.013063 0.872116 0.295014
v -0.014237 0.870619 0.294257
v -0.015230 0.869025 0.293450
v -0.016476 0.862769 0.286499
v -0.016288 0.864538 0.287456
v -0.015907 0.866262 0.288372
v 0.024358 0.862340 0.289363
v 0.024133 0.864190 0.290363
v 0.023707 0.865988 0.291320
v 0.009423 0.857015 0.322545
v 0.009850 0.857423 0.322187
v 0.010253 0.857840 0.321811
v 0.008447 0.857102 0.323168
v 0.007870 0.857529 0.323439
v 0.007247 0.857900 0.323682
v 0.020537 0.845523 0.285257
v 0.021850 0.847226 0.286177
v 0.023002 0.849044 0.287199
v -0.011170 0.874461 0.301643
v -0.009382 0.875678 0.302284
v -0.007454 0.876737 0.302851
v 0.003784 0.838299 0.280854
v 0.003790 0.838033 0.281308
v 0.003795 0.837828 0.281760
v 0.005638 0.854363 0.323653
v 0.005761 0.853948 0.323389
v 0.005864 0.853504 0.323109
v 0.005217 0.854722 0.323787
v 0.004991 0.854733 0.323633
v 0.004813 0.854770 0.323455
v 0.004493 0.854932 0.322788
v 0.004531 0.854911 0.322921
v 0.004590 0.854870 0.323084
v 0.004491 0.854764 0.322567
v 0.004515 0.854496 0.322377
v 0.004536 0.854157 0.322161
v 0.019911 0.852826 0.242207
v 0.021257 0.854598 0.242858
v 0.022437 0.856478 0.243609
v -0.013242 0.878525 0.272312
v -0.013558 0.879426 0.267519
v -0.013862 0.880367 0.262168
v -0.011358 0.878998 0.277191
v -0.009644 0.880175 0.277826
v -0.007796 0.881201 0.278388
v -0.011227 0.849441 0.241469
v -0.009448 0.848152 0.241126
v -0.007565 0.847040 0.240873
v 0.002726 0.845549 0.222098
v 0.002752 0.845174 0.228398
v 0.002781 0.844811 0.234543
v 0.011456 0.847435 0.222148
v 0.011378 0.847024 0.228478
v 0.011291 0.846623 0.234651
v 0.016779 0.849690 0.241252
v 0.015020 0.848360 0.240944
v 0.013156 0.847207 0.240727
v -0.014409 0.852507 0.242478
v -0.015783 0.854250 0.243147
v -0.016995 0.856105 0.243911
v 0.019741 0.884443 0.236036
v 0.019578 0.883533 0.243037
v 0.019395 0.882587 0.249732
v -0.014303 0.876244 0.275738
v -0.015507 0.874693 0.274933
v -0.016521 0.873044 0.274078
v 0.023172 0.872404 0.268587
v 0.023450 0.873175 0.263736
v 0.023728 0.873985 0.258341
v 0.022642 0.871036 0.276438
v 0.022407 0.870454 0.279448
v 0.022209 0.869941 0.281929
v -0.012587 0.876920 0.280027
v -0.012265 0.876237 0.282968
v -0.011964 0.875634 0.285386
v -0.017039 0.863904 0.281456
v -0.016845 0.865704 0.282425
v -0.016455 0.867459 0.283357
v -0.016484 0.861214 0.284554
v -0.016589 0.861474 0.283451
v -0.016776 0.861759 0.282111
v 0.003217 0.879559 0.294280
v 0.003154 0.879857 0.293211
v 0.003085 0.880254 0.291946
v -0.016836 0.860231 0.279422
v -0.016445 0.858391 0.278382
v -0.015873 0.856575 0.277353
v 0.010810 0.844015 0.275443
v 0.010749 0.844228 0.274387
v 0.010712 0.844395 0.273074
v 0.017479 0.842544 0.283813
v 0.015763 0.841299 0.283296
v 0.013941 0.840226 0.282899
v 0.003879 0.843508 0.315043
v 0.003882 0.843265 0.314371
v 0.003883 0.843018 0.313667
v 0.004548 0.843788 0.315675
v 0.005215 0.843905 0.315700
v 0.005868 0.844092 0.315751
v 0.003192 0.843767 0.315679
v 0.002517 0.843865 0.315710
v 0.001853 0.844034 0.315767
v -0.006399 0.856162 0.318643
v -0.006011 0.855884 0.319085
v -0.005589 0.855595 0.319541
v 0.009438 0.856095 0.322565
v 0.009842 0.855523 0.322239
v 0.010184 0.854912 0.321896
v 0.010858 0.848554 0.317561
v 0.011404 0.848559 0.316988
v 0.011919 0.848563 0.316384
v 0.013245 0.861831 0.317788
v 0.013079 0.861586 0.318047
v 0.012907 0.861333 0.318315
v 0.012422 0.862864 0.317990
v 0.011347 0.863569 0.318413
v 0.010193 0.864180 0.318792
v 0.005085 0.866698 0.318782
v 0.006530 0.866517 0.318642
v 0.007943 0.866212 0.318426
v 0.013562 0.862303 0.317279
v 0.013715 0.862533 0.317023
v 0.013865 0.862763 0.316764
v 0.003616 0.867626 0.318093
v 0.003618 0.867334 0.318347
v 0.003621 0.867042 0.318595
v 0.005153 0.867864 0.317775
v 0.006679 0.867670 0.317631
v 0.008174 0.867344 0.317409
v 0.003611 0.868214 0.317568
v 0.003608 0.868509 0.317297
v 0.003605 0.868804 0.317022
v 0.005603 0.875799 0.309407
v 0.007680 0.875531 0.309221
v 0.009713 0.875083 0.308929
v 0.017692 0.873247 0.304354
v 0.015962 0.874390 0.304996
v 0.014101 0.875382 0.305569
v -0.009333 0.853203 0.313348
v -0.009110 0.853115 0.313681
v -0.008878 0.853024 0.314023
v -0.009423 0.852075 0.312293
v -0.009170 0.850861 0.311552
v -0.008799 0.849662 0.310815
v -0.009767 0.853383 0.312693
v -0.009984 0.853476 0.312365
v -0.010201 0.853571 0.312035
v -0.006389 0.844024 0.304779
v -0.006242 0.844067 0.305206
v -0.006096 0.844111 0.305628
v -0.007534 0.845020 0.304917
v -0.008427 0.846152 0.305569
v -0.009212 0.847361 0.306287
v -0.006684 0.843936 0.303908
v -0.006833 0.843892 0.303463
v -0.006982 0.843847 0.303012
v -0.015280 0.849749 0.293835
v -0.015140 0.849701 0.294229
v -0.014996 0.849653 0.294629
v -0.010618 0.843296 0.290110
v -0.010507 0.843292 0.290529
v -0.010393 0.843289 0.290954
v -0.012118 0.844747 0.290479
v -0.013374 0.846325 0.291381
v -0.014477 0.848014 0.292378
v -0.010818 0.843304 0.289289
v -0.010906 0.843310 0.288885
v -0.010989 0.843317 0.288484
v -0.015547 0.849845 0.293064
v -0.015672 0.849892 0.292683
v -0.015791 0.849940 0.292303
v 0.011458 0.843943 0.308833
v 0.010495 0.843240 0.308531
v 0.009475 0.842633 0.308300
v 0.014004 0.844186 0.304607
v 0.013858 0.844218 0.305046
v 0.013713 0.844253 0.305480
v 0.013067 0.843202 0.303710
v 0.011902 0.842359 0.303348
v 0.010665 0.841631 0.303070
v 0.014296 0.844115 0.303719
v 0.014441 0.844074 0.303273
v 0.014586 0.844031 0.302822
v 0.005816 0.837631 0.285690
v 0.007826 0.837936 0.285742
v 0.009799 0.838430 0.285856
v -0.001630 0.841009 0.303422
v -0.001551 0.841092 0.303871
v -0.001475 0.841174 0.304315
v -0.005441 0.843045 0.303873
v -0.004262 0.842220 0.303489
v -0.003014 0.841511 0.303190
v -0.001796 0.840838 0.302505
v -0.001883 0.840750 0.302039
v -0.001970 0.840663 0.301568
v -0.003939 0.839093 0.288260
v -0.003875 0.839117 0.288688
v -0.003810 0.839142 0.289121
v -0.009198 0.842001 0.289052
v -0.007559 0.840859 0.288535
v -0.005821 0.839879 0.288135
v -0.004055 0.839047 0.287414
v -0.004105 0.839026 0.286993
v -0.004150 0.839005 0.286576
v 0.001751 0.837602 0.285719
v -0.000269 0.837876 0.285800
v -0.002257 0.838338 0.285942
v -0.001538 0.864328 0.319453
v -0.001440 0.864051 0.319685
v -0.001340 0.863762 0.319919
v -0.001734 0.864871 0.318982
v -0.001832 0.865142 0.318739
v -0.001926 0.865414 0.318492
v 0.002174 0.866673 0.318807
v 0.000739 0.866467 0.318691
v -0.000663 0.866137 0.318500
v 0.002079 0.867834 0.317800
v 0.000565 0.867613 0.317680
v -0.000916 0.867259 0.317478
v -0.007138 0.863510 0.315811
v -0.006983 0.863275 0.316105
v -0.006829 0.863041 0.316392
v -0.006203 0.864657 0.316007
v -0.005005 0.865472 0.316458
v -0.003715 0.866182 0.316860
v -0.007455 0.863977 0.315215
v -0.007617 0.864209 0.314916
v -0.007779 0.864442 0.314614
v 0.001410 0.875770 0.309436
v -0.000660 0.875471 0.309280
v -0.002684 0.874992 0.309017
v -0.011711 0.870780 0.305472
v -0.011598 0.870589 0.305785
v -0.011482 0.870393 0.306101
v -0.010288 0.872243 0.305831
v -0.008604 0.873387 0.306444
v -0.006789 0.874387 0.306987
v -0.011923 0.871147 0.304842
v -0.012022 0.871325 0.304523
v -0.012117 0.871503 0.304202
v 0.013168 0.845611 0.309678
v 0.013897 0.846558 0.310214
v 0.014532 0.847567 0.310810
v 0.015139 0.845203 0.304713
v 0.016025 0.846342 0.305347
v 0.016800 0.847556 0.306052
v 0.023960 0.855482 0.298025
v 0.023601 0.853615 0.296921
v 0.023055 0.851770 0.295821
v 0.024541 0.857650 0.297982
v 0.024406 0.857550 0.298354
v 0.024269 0.857450 0.298731
v 0.024502 0.855832 0.296502
v 0.024132 0.853915 0.295371
v 0.023574 0.852020 0.294246
v 0.024812 0.857850 0.297257
v 0.024949 0.857950 0.296901
v 0.025085 0.858050 0.296548
v 0.014286 0.861195 0.317050
v 0.015055 0.860250 0.316539
v 0.015708 0.859241 0.315999
v 0.020674 0.862263 0.307748
v 0.020498 0.862085 0.308123
v 0.020320 0.861907 0.308496
v 0.021020 0.862630 0.306998
v 0.021191 0.862816 0.306627
v 0.021362 0.863003 0.306259
v 0.024089 0.859201 0.300167
v 0.023853 0.861019 0.301177
v 0.023421 0.862789 0.302140
v 0.024647 0.859651 0.298697
v 0.024416 0.861519 0.299735
v 0.023984 0.863339 0.300727
v 0.020687 0.870555 0.302901
v 0.021926 0.869031 0.302099
v 0.022980 0.867403 0.301244
v -0.007083 0.856661 0.317839
v -0.007383 0.856881 0.317481
v -0.007659 0.857084 0.317145
v -0.009547 0.854500 0.313719
v -0.009415 0.855689 0.314387
v -0.009154 0.856849 0.315024
v -0.008267 0.862743 0.314987
v -0.009113 0.861662 0.314426
v -0.009828 0.860512 0.313830
v -0.013179 0.869572 0.304437
v -0.014359 0.868069 0.303667
v -0.015352 0.866469 0.302847
v -0.014244 0.871608 0.300179
v -0.015502 0.869998 0.299365
v -0.016562 0.868285 0.298497
v 0.001228 0.852952 0.322940
v 0.000739 0.853010 0.322922
v 0.000195 0.853108 0.322849
v -0.000657 0.851488 0.321672
v -0.000613 0.852091 0.322039
v -0.000524 0.852679 0.322389
v 0.005824 0.854820 0.323959
v 0.006201 0.854941 0.323963
v 0.006617 0.855111 0.323911
v 0.008500 0.856251 0.323172
v 0.008017 0.855907 0.323429
v 0.007534 0.855598 0.323641
v 0.009685 0.848547 0.318558
v 0.009075 0.848547 0.318966
v 0.008465 0.848554 0.319311
v 0.003862 0.843962 0.316236
v 0.003850 0.844169 0.316736
v 0.003838 0.844369 0.317164
v -0.000607 0.850265 0.320890
v -0.000514 0.849655 0.320484
v -0.000380 0.849053 0.320078
v 0.005330 0.855099 0.324128
v 0.005148 0.855416 0.324334
v 0.004949 0.855693 0.324516
v 0.004426 0.855078 0.322769
v 0.004358 0.855259 0.322869
v 0.004278 0.855432 0.322985
v 0.002006 0.852951 0.322813
v 0.002293 0.853001 0.322685
v 0.002518 0.853078 0.322536
v 0.026767 0.872760 0.157872
v 0.026676 0.872803 0.150797
v 0.026524 0.872788 0.143869
v 0.026779 0.874942 0.165250
v 0.026504 0.877193 0.165488
v 0.025997 0.879396 0.165731
v 0.026625 0.870348 0.164797
v 0.026202 0.868043 0.164590
v 0.025558 0.865764 0.164405
v 0.019291 0.855702 0.157423
v 0.019211 0.855777 0.150812
v 0.019086 0.855842 0.144269
v 0.020943 0.857393 0.164027
v 0.022380 0.859329 0.164056
v 0.023637 0.861384 0.164132
v -0.012445 0.854087 0.138311
v -0.010559 0.852702 0.138509
v -0.008561 0.851509 0.138708
v 0.017582 0.853962 0.164125
v 0.015690 0.852502 0.164241
v 0.013682 0.851232 0.164379
v -0.015806 0.857386 0.137971
v -0.017251 0.859266 0.137841
v -0.018521 0.861269 0.137736
v 0.019368 0.855445 0.170649
v 0.019380 0.855243 0.177220
v 0.019374 0.854995 0.183772
v 0.019159 0.853568 0.209924
v 0.019244 0.853984 0.203390
v 0.019307 0.854362 0.196853
v 0.017347 0.851533 0.216162
v 0.015515 0.850114 0.215956
v 0.013569 0.848879 0.215822
v -0.021742 0.868832 0.193415
v -0.021276 0.866571 0.192873
v -0.020588 0.864341 0.192364
v 0.004719 0.895153 0.201016
v 0.007201 0.894770 0.200853
v 0.009633 0.894141 0.200608
v -0.021970 0.873363 0.194571
v -0.021727 0.875598 0.195172
v -0.021251 0.877791 0.195781
v 0.026850 0.872485 0.172179
v 0.026860 0.872248 0.179335
v 0.026849 0.871947 0.186480
v 0.026541 0.870115 0.214831
v 0.026663 0.870662 0.207792
v 0.026753 0.871152 0.200715
v 0.026357 0.871708 0.222728
v 0.026098 0.873868 0.223642
v 0.025612 0.875980 0.224558
v 0.026187 0.867302 0.220944
v 0.025765 0.865092 0.220099
v 0.025128 0.862907 0.219303
v 0.020609 0.854856 0.216847
v 0.022010 0.856724 0.217334
v 0.023240 0.858702 0.217911
v -0.000280 0.895124 0.201066
v -0.002746 0.894710 0.200951
v -0.005156 0.894048 0.200751
v -0.006213 0.848103 0.209464
v -0.006282 0.848466 0.203079
v -0.006337 0.848803 0.196700
v 0.023414 0.851961 0.285753
v 0.023148 0.852254 0.285185
v 0.022854 0.852565 0.284596
v -0.004259 0.840510 0.280445
v -0.004163 0.840954 0.279965
v -0.004062 0.841430 0.279469
v 0.012155 0.878026 0.300200
v 0.012032 0.877983 0.299441
v 0.011895 0.877928 0.298644
v -0.015411 0.867740 0.290140
v -0.015564 0.867585 0.290992
v -0.015777 0.867456 0.291805
v 0.023949 0.867445 0.294396
v 0.023682 0.867534 0.293704
v 0.023387 0.867623 0.292981
v -0.001489 0.845787 0.316072
v -0.001908 0.845657 0.315436
v -0.002303 0.845526 0.314767
v -0.001521 0.846466 0.316981
v -0.001950 0.847069 0.317349
v -0.002330 0.847713 0.317754
v 0.023800 0.851462 0.286828
v 0.023908 0.851262 0.287337
v 0.023965 0.851093 0.287828
v -0.004404 0.839800 0.281375
v -0.004445 0.839547 0.281831
v -0.004465 0.839352 0.282283
v -0.018480 0.856632 0.292192
v -0.018050 0.854600 0.290984
v -0.017421 0.852594 0.289779
v 0.012329 0.878020 0.301566
v 0.012376 0.877960 0.302165
v 0.012399 0.877866 0.302712
v 0.018182 0.874694 0.301411
v 0.016384 0.875870 0.302086
v 0.014450 0.876889 0.302689
v 0.012315 0.877216 0.304448
v 0.012353 0.877407 0.304070
v 0.012383 0.877584 0.303659
v 0.004981 0.851834 0.321358
v 0.004968 0.852331 0.321682
v 0.004944 0.852813 0.321991
v 0.004622 0.853632 0.321943
v 0.004695 0.853504 0.322019
v 0.004787 0.853383 0.322138
v 0.004420 0.848224 0.318368
v 0.004455 0.848043 0.318395
v 0.004511 0.847849 0.318460
v 0.004363 0.848272 0.318307
v 0.004310 0.848159 0.318244
v 0.004246 0.848045 0.318206
v 0.018917 0.852642 0.222969
v 0.018764 0.852150 0.229397
v 0.018595 0.851659 0.235658
v 0.026196 0.868864 0.228753
v 0.025974 0.868179 0.235543
v 0.025724 0.867476 0.242109
v -0.006017 0.847314 0.222259
v -0.005890 0.846904 0.228588
v -0.005748 0.846501 0.234762
v 0.018580 0.878817 0.272080
v 0.018785 0.879718 0.267277
v 0.018992 0.880660 0.261915
v 0.016815 0.879261 0.277001
v 0.015095 0.880406 0.277667
v 0.013245 0.881398 0.278258
v 0.019785 0.876561 0.275482
v 0.021010 0.875033 0.274644
v 0.022051 0.873403 0.273760
v 0.018199 0.877208 0.279812
v 0.018035 0.876521 0.282758
v 0.017899 0.875914 0.285180
v -0.015346 0.868163 0.288284
v -0.015444 0.868442 0.287186
v -0.015622 0.868772 0.285869
v 0.005183 0.843130 0.271183
v 0.007061 0.843420 0.271215
v 0.008904 0.843888 0.271293
v 0.001384 0.843097 0.271208
v -0.000505 0.843354 0.271265
v -0.002363 0.843790 0.271369
v 0.024339 0.867244 0.295662
v 0.024449 0.867127 0.296232
v 0.024509 0.867000 0.296763
v 0.021286 0.871915 0.299896
v 0.022562 0.870336 0.299067
v 0.023643 0.868648 0.298187
v -0.000535 0.845410 0.316386
v 0.000014 0.844967 0.316165
v 0.000597 0.844587 0.315990
v 0.011553 0.851584 0.319463
v 0.012151 0.851744 0.318973
v 0.012713 0.851907 0.318456
v 0.010911 0.852160 0.320348
v 0.010830 0.852881 0.320763
v 0.010680 0.853585 0.321158
v 0.010861 0.850700 0.319462
v 0.010732 0.849973 0.319000
v 0.010538 0.849254 0.318539
v 0.014459 0.863705 0.315673
v 0.014309 0.863467 0.315955
v 0.014162 0.863230 0.316230
v 0.013506 0.864835 0.315890
v 0.012298 0.865629 0.316350
v 0.010998 0.866318 0.316761
v 0.014767 0.864176 0.315094
v 0.014925 0.864409 0.314796
v 0.015084 0.864642 0.314493
v 0.003516 0.874622 0.311015
v 0.003518 0.874355 0.311334
v 0.003521 0.874081 0.311653
v 0.005548 0.874811 0.310629
v 0.007564 0.874557 0.310448
v 0.009539 0.874127 0.310163
v 0.003511 0.875139 0.310390
v 0.003509 0.875389 0.310085
v 0.003506 0.875636 0.309782
v 0.016979 0.871667 0.306874
v 0.015333 0.872746 0.307498
v 0.013560 0.873682 0.308058
v 0.018818 0.871049 0.305220
v 0.018707 0.870856 0.305543
v 0.018593 0.870658 0.305870
v 0.017379 0.872485 0.305589
v 0.015688 0.873594 0.306223
v 0.013867 0.874554 0.306790
v 0.019018 0.871424 0.304586
v 0.019106 0.871607 0.304275
v 0.019189 0.871786 0.303965
v 0.012237 0.876817 0.305133
v 0.012200 0.876616 0.305452
v 0.012163 0.876413 0.305761
v -0.008115 0.848476 0.310471
v -0.007911 0.848459 0.310848
v -0.007698 0.848442 0.311235
v -0.005199 0.844400 0.308113
v -0.005037 0.844454 0.308524
v -0.004868 0.844512 0.308945
v -0.006237 0.845278 0.308208
v -0.007027 0.846287 0.308782
v -0.007722 0.847362 0.309415
v -0.005508 0.844300 0.307295
v -0.005657 0.844251 0.306882
v -0.005804 0.844202 0.306465
v -0.008511 0.848505 0.309724
v -0.008708 0.848517 0.309349
v -0.008904 0.848530 0.308974
v -0.011078 0.853957 0.310659
v -0.010858 0.853859 0.311013
v -0.010639 0.853763 0.311359
v -0.011150 0.852683 0.309495
v -0.010860 0.851311 0.308676
v -0.010435 0.849956 0.307857
v -0.008181 0.844905 0.303154
v -0.009124 0.846105 0.303838
v -0.009954 0.847386 0.304591
v -0.011515 0.854156 0.309935
v -0.011732 0.854259 0.309564
v -0.011945 0.854361 0.309190
v -0.014115 0.849402 0.297142
v -0.013963 0.849358 0.297567
v -0.013805 0.849312 0.297993
v -0.009740 0.843305 0.293638
v -0.009621 0.843318 0.294101
v -0.009497 0.843335 0.294567
v -0.011166 0.844670 0.293917
v -0.012346 0.846167 0.294768
v -0.013382 0.847766 0.295709
v -0.009961 0.843288 0.292722
v -0.010067 0.843285 0.292271
v -0.010172 0.843285 0.291825
v -0.014411 0.849485 0.296292
v -0.014558 0.849525 0.295869
v -0.014704 0.849566 0.295450
v -0.017214 0.857327 0.298328
v -0.017065 0.857230 0.298687
v -0.016912 0.857128 0.299052
v -0.017161 0.855489 0.296852
v -0.016766 0.853558 0.295709
v -0.016182 0.851653 0.294566
v -0.017506 0.857507 0.297619
v -0.017648 0.857592 0.297265
v -0.017786 0.857677 0.296910
v 0.009895 0.840443 0.299558
v 0.009818 0.840518 0.300040
v 0.009742 0.840597 0.300518
v 0.010057 0.840297 0.298583
v 0.010140 0.840226 0.298090
v 0.010221 0.840155 0.297596
v 0.015514 0.842371 0.294270
v 0.014040 0.841306 0.293819
v 0.012475 0.840388 0.293472
v 0.017256 0.843567 0.293438
v 0.017133 0.843568 0.293902
v 0.017008 0.843571 0.294368
v 0.015957 0.842312 0.292393
v 0.014429 0.841202 0.291931
v 0.012807 0.840246 0.291577
v 0.017497 0.843567 0.292522
v 0.017614 0.843567 0.292071
v 0.017727 0.843568 0.291625
v 0.003789 0.837663 0.287809
v 0.003792 0.837702 0.288238
v 0.003795 0.837743 0.288672
v 0.005766 0.837736 0.287389
v 0.007727 0.838033 0.287440
v 0.009653 0.838517 0.287551
v 0.003785 0.837596 0.286958
v 0.003784 0.837568 0.286534
v 0.003785 0.837543 0.286110
v -0.004390 0.843515 0.307284
v -0.003350 0.842779 0.306940
v -0.002248 0.842149 0.306668
v -0.005980 0.842813 0.302055
v -0.004742 0.841941 0.301650
v -0.003429 0.841195 0.301332
v -0.008416 0.842058 0.292568
v -0.006872 0.840972 0.292081
v -0.005234 0.840043 0.291702
v 0.001801 0.837710 0.287414
v -0.000170 0.837981 0.287490
v -0.002110 0.838435 0.287626
v -0.005850 0.861674 0.317971
v -0.005680 0.861444 0.318228
v -0.005506 0.861205 0.318491
v -0.005053 0.862711 0.318158
v -0.003994 0.863438 0.318561
v -0.002851 0.864070 0.318917
v -0.006183 0.862125 0.317462
v -0.006349 0.862351 0.317205
v -0.006512 0.862579 0.316943
v -0.005649 0.863670 0.317133
v -0.004524 0.864443 0.317552
v -0.003308 0.865119 0.317923
v -0.007928 0.867680 0.312337
v -0.006526 0.868628 0.312852
v -0.005014 0.869456 0.313309
v 0.001485 0.874770 0.310655
v -0.000519 0.874476 0.310499
v -0.002476 0.874010 0.310243
v -0.010757 0.869158 0.308092
v -0.010631 0.868940 0.308424
v -0.010502 0.868720 0.308755
v -0.009444 0.870575 0.308386
v -0.007868 0.871650 0.308957
v -0.006170 0.872588 0.309463
v -0.011003 0.869583 0.307422
v -0.011124 0.869790 0.307085
v -0.011245 0.869993 0.306751
v -0.009883 0.871435 0.307074
v -0.008257 0.872548 0.307672
v -0.006503 0.873520 0.308204
v 0.016038 0.852000 0.313502
v 0.015826 0.850859 0.312810
v 0.015502 0.849730 0.312122
v 0.016844 0.853444 0.313148
v 0.016619 0.853347 0.313482
v 0.016384 0.853245 0.313825
v 0.016954 0.852315 0.312093
v 0.016720 0.851092 0.311352
v 0.016368 0.849882 0.310616
v 0.017282 0.853624 0.312493
v 0.017498 0.853708 0.312165
v 0.017712 0.853793 0.311834
v 0.017259 0.848805 0.307215
v 0.017067 0.848778 0.307614
v 0.016874 0.848754 0.308008
v 0.017647 0.848863 0.306411
v 0.017841 0.848893 0.306005
v 0.018033 0.848924 0.305592
v 0.018135 0.844917 0.295523
v 0.019258 0.846374 0.296317
v 0.020243 0.847930 0.297198
v 0.018678 0.844957 0.293692
v 0.019846 0.846467 0.294520
v 0.020870 0.848076 0.295441
v 0.023306 0.856844 0.301058
v 0.023131 0.856740 0.301442
v 0.022954 0.856632 0.301828
v 0.023319 0.855130 0.299618
v 0.022971 0.853314 0.298544
v 0.022442 0.851520 0.297475
v 0.023647 0.857049 0.300283
v 0.023813 0.857150 0.299892
v 0.023973 0.857250 0.299502
v 0.016117 0.854263 0.314841
v 0.015980 0.855363 0.315472
v 0.015724 0.856432 0.316072
v 0.017049 0.854741 0.313519
v 0.016906 0.855921 0.314187
v 0.016636 0.857068 0.314824
v 0.015602 0.862958 0.314845
v 0.016471 0.861893 0.314268
v 0.017208 0.860754 0.313657
v 0.023443 0.858745 0.301689
v 0.023216 0.860509 0.302661
v 0.022800 0.862223 0.303588
v 0.019821 0.869121 0.305479
v 0.020991 0.867675 0.304719
v 0.021985 0.866130 0.303911
v 0.020300 0.869864 0.304165
v 0.021503 0.868373 0.303383
v 0.022523 0.866780 0.302552
v -0.006875 0.861014 0.317243
v -0.007623 0.860059 0.316737
v -0.008255 0.859042 0.316199
v -0.007580 0.861868 0.316175
v -0.008368 0.860856 0.315643
v -0.009034 0.859779 0.315074
v -0.011295 0.855413 0.311076
v -0.011144 0.856745 0.311818
v -0.010848 0.858044 0.312526
v -0.010337 0.865454 0.311164
v -0.011322 0.864194 0.310513
v -0.012152 0.862852 0.309819
v -0.012161 0.868053 0.307083
v -0.013275 0.866630 0.306359
v -0.014215 0.865114 0.305585
v -0.012683 0.868839 0.305726
v -0.013831 0.867379 0.304983
v -0.014799 0.865825 0.304191
v -0.017360 0.859328 0.299048
v -0.017158 0.861201 0.300075
v -0.016755 0.863023 0.301051
v -0.018703 0.860684 0.294504
v -0.018490 0.862669 0.295581
v -0.018060 0.864607 0.296606
v 0.000233 0.854786 0.323618
v -0.000016 0.854304 0.323337
v -0.000225 0.853790 0.323039
v 0.010264 0.851289 0.320315
v 0.009592 0.851164 0.320663
v 0.008920 0.851059 0.320954
v 0.000844 0.855643 0.324117
v 0.001202 0.856012 0.324334
v 0.001589 0.856337 0.324526
v -0.000587 0.846029 0.317182
v -0.000118 0.846142 0.317638
v 0.000348 0.846255 0.318027
v 0.004475 0.853889 0.321967
v 0.004388 0.854009 0.322064
v 0.004294 0.854119 0.322195
v 0.004199 0.852630 0.321570
v 0.004199 0.853190 0.321865
v 0.004199 0.853722 0.322119
v 0.004418 0.848590 0.318489
v 0.004443 0.848931 0.318686
v 0.004469 0.849336 0.318949
v 0.004195 0.851470 0.320826
v 0.004191 0.850892 0.320390
v 0.004187 0.850327 0.319940
v 0.004973 0.850819 0.320677
v 0.004950 0.850314 0.320327
v 0.004916 0.849816 0.319982
v -0.017097 0.887080 0.137296
v -0.018449 0.885207 0.137307
v -0.019588 0.883232 0.137327
v 0.025205 0.881655 0.158488
v 0.025113 0.881698 0.151105
v 0.024965 0.881662 0.143917
v -0.013786 0.890461 0.137321
v -0.011859 0.891937 0.137355
v -0.009783 0.893241 0.137396
v -0.019824 0.863261 0.157747
v -0.019792 0.863328 0.150926
v -0.019723 0.863361 0.144208
v -0.019821 0.862985 0.171458
v -0.019796 0.862764 0.178288
v -0.019752 0.862490 0.185101
v 0.025299 0.881355 0.173508
v 0.025319 0.881102 0.181043
v 0.025319 0.880776 0.188568
v 0.026783 0.873845 0.194208
v 0.026520 0.876076 0.194822
v 0.026024 0.878257 0.195444
v 0.026613 0.869298 0.193031
v 0.026188 0.867018 0.192485
v 0.025543 0.864766 0.191978
v 0.025317 0.859848 0.290297
v 0.025030 0.860040 0.289665
v 0.024713 0.860241 0.289005
v 0.025376 0.857650 0.289753
v 0.024993 0.855633 0.288588
v 0.024411 0.853639 0.287428
v 0.018639 0.845178 0.282071
v 0.018436 0.845558 0.281564
v 0.018211 0.845963 0.281041
v 0.020249 0.846373 0.283339
v 0.021543 0.848041 0.284233
v 0.022676 0.849822 0.285228
v -0.009764 0.875002 0.292920
v -0.008184 0.876084 0.293505
v -0.006481 0.877030 0.294021
v -0.011254 0.873649 0.293184
v -0.011365 0.873562 0.294056
v -0.011524 0.873518 0.294899
v -0.005187 0.877893 0.300358
v -0.005088 0.877841 0.299591
v -0.004983 0.877776 0.298786
v -0.003774 0.843233 0.277163
v -0.003811 0.842831 0.277821
v -0.003877 0.842386 0.278410
v 0.017233 0.843449 0.281932
v 0.015540 0.842221 0.281428
v 0.013743 0.841161 0.281041
v 0.018009 0.873926 0.292947
v 0.018203 0.873829 0.293806
v 0.018429 0.873776 0.294636
v 0.016395 0.875260 0.292712
v 0.014794 0.876316 0.293314
v 0.013072 0.877232 0.293850
v -0.012493 0.872472 0.291588
v -0.013617 0.871047 0.290853
v -0.014567 0.869529 0.290072
v 0.019170 0.872781 0.291343
v 0.020318 0.871379 0.290588
v 0.021292 0.869882 0.289788
v 0.025525 0.861660 0.292007
v 0.025285 0.863615 0.293069
v 0.024834 0.865516 0.294084
v -0.005572 0.850994 0.317504
v -0.005394 0.850109 0.316952
v -0.005131 0.849236 0.316402
v 0.007997 0.861617 0.321541
v 0.007833 0.861153 0.321881
v 0.007656 0.860668 0.322229
v 0.009930 0.858834 0.321760
v 0.009162 0.859348 0.322069
v 0.008338 0.859795 0.322345
v 0.006824 0.858679 0.323593
v 0.007050 0.859166 0.323271
v 0.007265 0.859666 0.322931
v 0.018934 0.844543 0.283055
v 0.019017 0.844299 0.283535
v 0.019062 0.844104 0.284005
v 0.025732 0.859498 0.291472
v 0.025848 0.859340 0.292014
v 0.025911 0.859192 0.292528
v -0.005336 0.877900 0.301723
v -0.005379 0.877843 0.302313
v -0.005402 0.877750 0.302848
v -0.004382 0.838982 0.284070
v -0.004420 0.839027 0.283630
v -0.004450 0.839099 0.283183
v 0.002945 0.851618 0.320822
v 0.002861 0.851489 0.320879
v 0.002755 0.851357 0.320980
v 0.003033 0.851212 0.320456
v 0.003053 0.850692 0.320078
v 0.003076 0.850186 0.319703
v 0.005701 0.851018 0.321426
v 0.005401 0.851104 0.321309
v 0.005165 0.851209 0.321168
v 0.006075 0.851494 0.321848
v 0.006053 0.852024 0.322183
v 0.006010 0.852538 0.322505
v 0.005594 0.853051 0.322724
v 0.005307 0.853101 0.322593
v 0.005082 0.853176 0.322441
v 0.002986 0.855068 0.323545
v 0.003074 0.855359 0.323719
v 0.003172 0.855615 0.323873
v 0.004507 0.845964 0.318272
v 0.004393 0.846178 0.318212
v 0.004306 0.846410 0.318132
v 0.005186 0.846587 0.318659
v 0.005018 0.846265 0.318500
v 0.004840 0.845990 0.318378
v 0.005082 0.847113 0.318832
v 0.004874 0.847282 0.318758
v 0.004713 0.847463 0.318658
v 0.004174 0.847571 0.318055
v 0.004183 0.847238 0.317999
v 0.004205 0.846936 0.318005
v 0.025265 0.864668 0.247335
v 0.024861 0.862565 0.246327
v 0.024250 0.860484 0.245358
v 0.002658 0.884651 0.275623
v 0.002603 0.885672 0.270868
v 0.002551 0.886739 0.265539
v 0.000522 0.883574 0.279705
v -0.001652 0.883257 0.279534
v -0.003778 0.882752 0.279252
v 0.000668 0.844564 0.240468
v -0.001460 0.844873 0.240506
v -0.003554 0.845393 0.240577
v 0.004958 0.844593 0.240443
v 0.007083 0.844933 0.240454
v 0.009170 0.845485 0.240497
v -0.016924 0.856479 0.260754
v -0.017308 0.856962 0.255899
v -0.017679 0.857489 0.250542
v 0.004918 0.883615 0.279680
v 0.007094 0.883340 0.279484
v 0.009223 0.882875 0.279175
v 0.025418 0.868849 0.249406
v 0.025163 0.870892 0.250441
v 0.024689 0.872886 0.251462
v 0.023309 0.864277 0.281141
v 0.023086 0.866068 0.282111
v 0.022669 0.867811 0.283048
v 0.017764 0.874295 0.291103
v 0.017726 0.874583 0.290025
v 0.017738 0.874947 0.288735
v -0.011230 0.874010 0.291319
v -0.011326 0.874301 0.290235
v -0.011484 0.874667 0.288941
v 0.002787 0.882821 0.283236
v 0.002860 0.882037 0.286119
v 0.002935 0.881345 0.288481
v -0.016144 0.855674 0.268685
v -0.015770 0.855350 0.271749
v -0.015426 0.855064 0.274285
v -0.003820 0.843862 0.275543
v -0.003906 0.844086 0.274487
v -0.004025 0.844263 0.273174
v 0.023160 0.860600 0.279111
v 0.022795 0.858746 0.278076
v 0.022248 0.856912 0.277055
v 0.011955 0.839134 0.283919
v 0.011992 0.839169 0.283488
v 0.012018 0.839232 0.283051
v 0.007852 0.842894 0.311003
v 0.007707 0.843090 0.311690
v 0.007546 0.843296 0.312398
v -0.005667 0.852767 0.318572
v -0.005581 0.853636 0.319075
v -0.005402 0.854483 0.319553
v 0.011257 0.857636 0.321061
v 0.011803 0.856960 0.320677
v 0.012266 0.856237 0.320271
v 0.000646 0.858595 0.323631
v 0.000402 0.859083 0.323320
v 0.000172 0.859583 0.322988
v 0.008284 0.862454 0.320904
v 0.008409 0.862825 0.320611
v 0.008522 0.863171 0.320334
v 0.003684 0.865286 0.319985
v 0.003690 0.864985 0.320203
v 0.003695 0.864675 0.320426
v 0.005036 0.865532 0.319714
v 0.006381 0.865365 0.319586
v 0.007697 0.865082 0.319386
v 0.003663 0.865874 0.319543
v 0.003650 0.866166 0.319313
v 0.003638 0.866458 0.319078
v 0.012972 0.863839 0.316975
v 0.011834 0.864591 0.317412
v 0.010609 0.865243 0.317804
v 0.010204 0.868864 0.315115
v 0.010116 0.868584 0.315415
v 0.010028 0.868305 0.315711
v 0.010370 0.869435 0.314511
v 0.010449 0.869725 0.314206
v 0.010525 0.870014 0.313898
v 0.005489 0.873728 0.311898
v 0.007431 0.873479 0.311717
v 0.009333 0.873062 0.311437
v -0.013661 0.853674 0.304760
v -0.013329 0.852073 0.303802
v -0.012840 0.850493 0.302848
v -0.012506 0.844814 0.288885
v -0.013797 0.846433 0.289807
v -0.014935 0.848165 0.290826
v 0.008102 0.842544 0.309738
v 0.008211 0.842393 0.309167
v 0.008313 0.842255 0.308633
v 0.012832 0.844574 0.307935
v 0.012679 0.844626 0.308343
v 0.012520 0.844679 0.308767
v 0.012026 0.843667 0.307126
v 0.010999 0.842911 0.306800
v 0.009906 0.842258 0.306549
v 0.013128 0.844461 0.307133
v 0.013275 0.844402 0.306730
v 0.013421 0.844345 0.306322
v 0.005155 0.840385 0.304432
v 0.006485 0.840582 0.304462
v 0.007794 0.840903 0.304535
v 0.003815 0.839994 0.303093
v 0.003816 0.840100 0.303546
v 0.003817 0.840206 0.303993
v 0.005229 0.839971 0.302632
v 0.006635 0.840189 0.302663
v 0.008019 0.840541 0.302738
v 0.003811 0.839786 0.302168
v 0.003808 0.839685 0.301697
v 0.003805 0.839586 0.301220
v 0.005721 0.837892 0.289122
v 0.007628 0.838179 0.289173
v 0.009503 0.838647 0.289282
v 0.011864 0.839107 0.284774
v 0.011816 0.839104 0.285199
v 0.011768 0.839106 0.285624
v 0.002484 0.840360 0.304457
v 0.001165 0.840534 0.304511
v -0.000133 0.840833 0.304606
v 0.002403 0.839946 0.302657
v 0.001007 0.840139 0.302713
v -0.000368 0.840467 0.302811
v -0.002291 0.840343 0.299658
v -0.002215 0.840419 0.300140
v -0.002137 0.840496 0.300618
v -0.002442 0.840197 0.298683
v -0.002516 0.840126 0.298190
v -0.002590 0.840056 0.297696
v 0.001872 0.837862 0.289147
v -0.000037 0.838119 0.289223
v -0.001916 0.838555 0.289357
v -0.009510 0.841994 0.287420
v -0.007833 0.840821 0.286887
v -0.006055 0.839816 0.286472
v -0.004303 0.838951 0.284925
v -0.004267 0.838956 0.285339
v -0.004230 0.838969 0.285750
v 0.002312 0.865511 0.319739
v 0.000961 0.865323 0.319636
v -0.000360 0.865019 0.319461
v 0.001571 0.873699 0.311927
v -0.000363 0.873422 0.311775
v -0.002252 0.872976 0.311523
v 0.013853 0.845460 0.308025
v 0.014635 0.846477 0.308592
v 0.015320 0.847561 0.309221
v 0.020224 0.849343 0.300368
v 0.020049 0.849310 0.300815
v 0.019871 0.849278 0.301260
v 0.020570 0.849423 0.299472
v 0.020741 0.849468 0.299027
v 0.020911 0.849517 0.298585
v 0.022712 0.850117 0.293541
v 0.022589 0.850067 0.293938
v 0.022463 0.850017 0.294341
v 0.022954 0.850217 0.292765
v 0.023074 0.850267 0.292384
v 0.023191 0.850318 0.292003
v 0.016027 0.858006 0.315718
v 0.015811 0.857830 0.316015
v 0.015586 0.857650 0.316321
v 0.016440 0.858348 0.315142
v 0.016640 0.858517 0.314856
v 0.016836 0.858686 0.314568
v 0.014949 0.862067 0.315993
v 0.015768 0.861063 0.315453
v 0.016465 0.859990 0.314880
v 0.022039 0.863708 0.304821
v 0.021873 0.863539 0.305176
v 0.021704 0.863365 0.305534
v 0.022355 0.864033 0.304113
v 0.022506 0.864190 0.303759
v 0.022653 0.864345 0.303405
v -0.008566 0.857801 0.315918
v -0.008360 0.857631 0.316213
v -0.008143 0.857456 0.316515
v -0.008967 0.858139 0.315342
v -0.009168 0.858308 0.315056
v -0.009370 0.858476 0.314766
v -0.013831 0.856869 0.306606
v -0.013663 0.858433 0.307473
v -0.013326 0.859959 0.308298
v -0.014812 0.863346 0.305115
v -0.014647 0.863175 0.305468
v -0.014476 0.863004 0.305822
v -0.015129 0.863687 0.304406
v -0.015282 0.863857 0.304051
v -0.015432 0.864023 0.303696
v 0.006372 0.853052 0.322850
v 0.006860 0.853110 0.322829
v 0.007400 0.853208 0.322750
v 0.006530 0.850919 0.321515
v 0.007055 0.850911 0.321467
v 0.007637 0.850931 0.321357
v 0.006054 0.850413 0.321141
v 0.006011 0.849871 0.320776
v 0.005946 0.849335 0.320412
v 0.005494 0.847369 0.319109
v 0.005632 0.847821 0.319396
v 0.005755 0.848304 0.319714
v 0.005665 0.846813 0.318828
v 0.006035 0.846682 0.318727
v 0.006444 0.846562 0.318555
v 0.003327 0.857119 0.324999
v 0.002873 0.857010 0.324933
v 0.002429 0.856840 0.324829
v 0.001178 0.857689 0.324171
v 0.001457 0.857287 0.324389
v 0.001734 0.856926 0.324564
v 0.004823 0.845576 0.318242
v 0.005023 0.845396 0.318126
v 0.005245 0.845223 0.317935
v 0.004246 0.857140 0.324999
v 0.004702 0.857050 0.324931
v 0.005149 0.856898 0.324823
v 0.006338 0.857772 0.324150
v 0.006083 0.857368 0.324371
v 0.005829 0.857005 0.324548
v 0.003013 0.852255 0.321162
v 0.003013 0.852759 0.321474
v 0.003020 0.853239 0.321759
v 0.003093 0.851838 0.320888
v 0.003171 0.851922 0.321004
v 0.003255 0.851988 0.321151
v 0.004173 0.848346 0.318413
v 0.004176 0.848790 0.318717
v 0.004179 0.849270 0.319084
v 0.002840 0.854393 0.323136
v 0.002781 0.854015 0.322904
v 0.002731 0.853609 0.322652
v -0.015668 0.889064 0.159506
v -0.015656 0.889091 0.151839
v -0.015617 0.889018 0.144405
v -0.017245 0.887146 0.167056
v -0.018623 0.885234 0.166801
v -0.019787 0.883225 0.166546
v -0.013884 0.890615 0.167563
v -0.011933 0.892135 0.167803
v -0.009832 0.893483 0.168024
v 0.004929 0.847427 0.190312
v 0.007214 0.847814 0.190264
v 0.009458 0.848436 0.190210
v 0.011938 0.891145 0.223722
v 0.011967 0.891944 0.216041
v 0.011984 0.892658 0.208221
v 0.002298 0.892991 0.224676
v 0.002268 0.893842 0.216952
v 0.002242 0.894606 0.209080
v 0.004781 0.891953 0.232142
v 0.007210 0.891610 0.231945
v 0.009591 0.891044 0.231642
v -0.015644 0.888740 0.175169
v -0.015616 0.888452 0.183042
v -0.015576 0.888079 0.190902
v -0.015226 0.885743 0.221686
v -0.015349 0.886448 0.214139
v -0.015445 0.887075 0.206476
v -0.016614 0.883290 0.228341
v -0.017951 0.881497 0.227539
v -0.019078 0.879598 0.226697
v 0.025048 0.878721 0.218236
v 0.025162 0.879345 0.210916
v 0.025243 0.879897 0.203521
v -0.013336 0.886505 0.229783
v -0.011425 0.887894 0.230407
v -0.009366 0.889112 0.230952
v -0.000115 0.891927 0.232188
v -0.002531 0.891556 0.232036
v -0.004894 0.890957 0.231775
v 0.000323 0.847381 0.190353
v -0.001957 0.847724 0.190346
v -0.004198 0.848303 0.190332
v 0.017348 0.847567 0.278618
v 0.017535 0.847197 0.279305
v 0.017748 0.846796 0.279925
v 0.018503 0.849287 0.278509
v 0.019670 0.850801 0.279287
v 0.020693 0.852415 0.280156
v 0.001275 0.879192 0.298759
v -0.000834 0.878879 0.298595
v -0.002893 0.878383 0.298324
v 0.003473 0.879548 0.301237
v 0.003456 0.879481 0.300464
v 0.003435 0.879397 0.299649
v 0.001234 0.879461 0.301911
v -0.000992 0.879137 0.301741
v -0.003169 0.878619 0.301458
v 0.015773 0.846629 0.277297
v 0.014237 0.845510 0.276869
v 0.012605 0.844544 0.276546
v -0.016060 0.851645 0.286058
v -0.015813 0.851938 0.285485
v -0.015549 0.852249 0.284890
v 0.005551 0.879238 0.298726
v 0.007670 0.878967 0.298528
v 0.009745 0.878511 0.298222
v 0.005739 0.879490 0.301869
v 0.007968 0.879197 0.301658
v 0.010148 0.878710 0.301335
v -0.003297 0.846065 0.314452
v -0.003863 0.846792 0.314881
v -0.004362 0.847568 0.315356
v -0.003967 0.851442 0.319579
v -0.004568 0.851586 0.319091
v -0.005135 0.851734 0.318576
v -0.003262 0.850562 0.319568
v -0.003124 0.849824 0.319102
v -0.002921 0.849098 0.318638
v 0.011605 0.859481 0.320255
v 0.011307 0.859089 0.320639
v 0.010982 0.858680 0.321029
v 0.011050 0.860513 0.320271
v 0.010147 0.861107 0.320625
v 0.009175 0.861622 0.320942
v 0.004666 0.860800 0.323008
v 0.005621 0.860675 0.322916
v 0.006558 0.860464 0.322772
v 0.025772 0.858677 0.294327
v 0.025851 0.858796 0.293911
v 0.025905 0.858921 0.293474
v 0.025494 0.856547 0.293558
v 0.025100 0.854533 0.292369
v 0.024506 0.852542 0.291185
v 0.003494 0.879566 0.302611
v 0.003498 0.879507 0.303205
v 0.003499 0.879409 0.303743
v -0.012637 0.872618 0.302172
v -0.012713 0.872792 0.301790
v -0.012769 0.872954 0.301382
v -0.010954 0.873779 0.303231
v -0.009200 0.874980 0.303868
v -0.007308 0.876024 0.304433
v 0.003491 0.878743 0.305453
v 0.003492 0.878939 0.305079
v 0.003495 0.879119 0.304674
v 0.001234 0.878420 0.305754
v -0.001001 0.878105 0.305583
v -0.003186 0.877596 0.305300
v -0.016428 0.851150 0.287137
v -0.016534 0.850952 0.287645
v -0.016591 0.850782 0.288133
v 0.005747 0.878449 0.305725
v 0.007977 0.878163 0.305525
v 0.010160 0.877683 0.305214
v 0.002086 0.848837 0.320086
v 0.002354 0.848965 0.319981
v 0.002566 0.849103 0.319846
v 0.002929 0.847969 0.318848
v 0.002855 0.848363 0.319103
v 0.002788 0.848790 0.319389
v 0.003795 0.856299 0.324843
v 0.003792 0.856263 0.324673
v 0.003790 0.856245 0.324474
v 0.003554 0.856337 0.324957
v 0.003313 0.856246 0.324902
v 0.003078 0.856100 0.324811
v 0.024563 0.864779 0.264524
v 0.024865 0.865409 0.259642
v 0.025164 0.866076 0.254234
v 0.024087 0.862237 0.267768
v 0.023704 0.860271 0.266725
v 0.023126 0.858325 0.265708
v 0.002368 0.891062 0.239564
v 0.002410 0.890011 0.246633
v 0.002456 0.888928 0.253363
v 0.000164 0.887707 0.259637
v -0.002150 0.887371 0.259465
v -0.004414 0.886827 0.259179
v -0.014884 0.884117 0.236324
v -0.014665 0.883217 0.243319
v -0.014419 0.882281 0.250005
v 0.010937 0.845329 0.256132
v 0.011020 0.845594 0.251400
v 0.011109 0.845900 0.246192
v 0.011843 0.889316 0.238556
v 0.011777 0.888310 0.245613
v 0.011702 0.887269 0.252337
v 0.004843 0.887737 0.259608
v 0.007159 0.887431 0.259406
v 0.009426 0.886921 0.259088
v -0.017740 0.872020 0.268927
v -0.018132 0.872785 0.264070
v -0.018508 0.873589 0.258668
v 0.024716 0.877279 0.232574
v 0.024500 0.876481 0.239497
v 0.024259 0.875654 0.246151
v 0.024236 0.866140 0.269855
v 0.023996 0.868042 0.270875
v 0.023549 0.869895 0.271870
v 0.023983 0.863681 0.272474
v 0.023725 0.863219 0.275538
v 0.023504 0.862810 0.278072
v -0.016936 0.870672 0.276774
v -0.016545 0.870102 0.279772
v -0.016185 0.869598 0.282239
v -0.011948 0.849943 0.273753
v -0.013155 0.851468 0.274536
v -0.014218 0.853094 0.275410
v 0.010796 0.844931 0.263892
v 0.010745 0.844786 0.266900
v 0.010712 0.844659 0.269395
v 0.015646 0.847480 0.272358
v 0.014087 0.846338 0.271952
v 0.012433 0.845353 0.271648
v 0.017100 0.848162 0.276948
v 0.017049 0.848389 0.275872
v 0.017048 0.848586 0.274540
v -0.009148 0.847273 0.272533
v -0.007579 0.846156 0.272102
v -0.005916 0.845197 0.271773
v 0.018417 0.850196 0.273528
v 0.019603 0.851743 0.274288
v 0.020643 0.853390 0.275141
v 0.025643 0.860562 0.295849
v 0.025392 0.862523 0.296925
v 0.024929 0.864432 0.297952
v 0.009173 0.845901 0.315988
v 0.009592 0.845773 0.315346
v 0.009986 0.845642 0.314672
v 0.008229 0.845510 0.316323
v 0.007685 0.845059 0.316115
v 0.007108 0.844670 0.315953
v -0.001986 0.844796 0.313774
v -0.001253 0.844267 0.313527
v -0.000473 0.843812 0.313335
v 0.000975 0.844069 0.315246
v 0.000751 0.843858 0.314587
v 0.000541 0.843645 0.313897
v -0.003534 0.854427 0.321314
v -0.004102 0.854713 0.320899
v -0.004635 0.855005 0.320459
v -0.003336 0.852039 0.320474
v -0.003271 0.852763 0.320902
v -0.003136 0.853469 0.321309
v 0.012610 0.859124 0.319476
v 0.013251 0.858338 0.319040
v 0.013793 0.857498 0.318578
v 0.013627 0.848580 0.313935
v 0.013252 0.848575 0.314529
v 0.012844 0.848571 0.315142
v 0.009194 0.846591 0.316898
v 0.009608 0.847209 0.317259
v 0.009972 0.847865 0.317659
v 0.002740 0.860775 0.323024
v 0.001789 0.860628 0.322948
v 0.000858 0.860396 0.322820
v 0.012118 0.860189 0.319536
v 0.012338 0.860502 0.319204
v 0.012539 0.860794 0.318890
v 0.015699 0.865604 0.313225
v 0.015549 0.865360 0.313548
v 0.015396 0.865117 0.313868
v 0.014619 0.866843 0.313455
v 0.013273 0.867731 0.313964
v 0.011825 0.868503 0.314420
v 0.005396 0.871448 0.314347
v 0.007175 0.871220 0.314181
v 0.008916 0.870835 0.313925
v 0.015995 0.866096 0.312575
v 0.016141 0.866341 0.312248
v 0.016286 0.866586 0.311918
v 0.003584 0.872374 0.313504
v 0.003590 0.872090 0.313808
v 0.003595 0.871803 0.314111
v 0.005456 0.872588 0.313124
v 0.007315 0.872351 0.312945
v 0.009134 0.871953 0.312672
v 0.003563 0.872945 0.312896
v 0.003550 0.873233 0.312590
v 0.003538 0.873519 0.312282
v 0.011872 0.875138 0.307593
v 0.011808 0.874915 0.307909
v 0.011743 0.874691 0.308225
v 0.011989 0.875576 0.306973
v 0.012039 0.875790 0.306668
v 0.012084 0.876001 0.306366
v 0.003495 0.878324 0.306134
v 0.003500 0.878108 0.306452
v 0.003506 0.877892 0.306761
v 0.005597 0.838290 0.292889
v 0.007379 0.838569 0.292938
v 0.009130 0.839015 0.293043
v 0.011482 0.839210 0.288160
v 0.011433 0.839235 0.288588
v 0.011382 0.839263 0.289021
v 0.011578 0.839164 0.287314
v 0.011625 0.839144 0.286892
v 0.011672 0.839127 0.286470
v 0.002002 0.838244 0.292914
v 0.000219 0.838481 0.292988
v -0.001536 0.838888 0.293118
v -0.004422 0.861708 0.319171
v -0.003433 0.862382 0.319546
v -0.002367 0.862967 0.319878
v 0.001798 0.871406 0.314376
v 0.000017 0.871140 0.314239
v -0.001725 0.870720 0.314010
v 0.001692 0.872559 0.313166
v -0.000173 0.872293 0.313026
v -0.001997 0.871868 0.312788
v -0.004811 0.875017 0.307749
v -0.004757 0.874796 0.308050
v -0.004699 0.874570 0.308352
v -0.004916 0.875438 0.307144
v -0.004967 0.875641 0.306840
v -0.005020 0.875844 0.306533
v -0.012468 0.872249 0.302882
v -0.012383 0.872059 0.303220
v -0.012297 0.871869 0.303551
v 0.014282 0.848593 0.312840
v 0.014567 0.848602 0.312346
v 0.014829 0.848613 0.311884
v 0.019470 0.853271 0.307745
v 0.019196 0.851811 0.306877
v 0.018779 0.850367 0.306014
v 0.021825 0.855940 0.304242
v 0.021633 0.855834 0.304656
v 0.021439 0.855729 0.305068
v 0.021865 0.854366 0.302852
v 0.021539 0.852679 0.301862
v 0.021048 0.851010 0.300878
v 0.022208 0.856165 0.303417
v 0.022399 0.856284 0.303012
v 0.022587 0.856403 0.302611
v 0.025037 0.856182 0.295053
v 0.024653 0.854215 0.293895
v 0.024073 0.852271 0.292743
v 0.025574 0.858456 0.295107
v 0.025462 0.858352 0.295477
v 0.025343 0.858250 0.295839
v 0.019574 0.856166 0.309420
v 0.019399 0.857574 0.310210
v 0.019074 0.858942 0.310965
v 0.016945 0.864763 0.312306
v 0.017903 0.863589 0.311673
v 0.018718 0.862335 0.311000
v 0.021989 0.857711 0.304773
v 0.021783 0.859337 0.305681
v 0.021401 0.860918 0.306549
v 0.025186 0.860101 0.297299
v 0.024944 0.862017 0.298360
v 0.024495 0.863883 0.299374
v -0.006132 0.860124 0.318322
v -0.006836 0.859228 0.317855
v -0.007431 0.858276 0.317356
v -0.016015 0.864643 0.302312
v -0.015873 0.864496 0.302652
v -0.015728 0.864344 0.302996
v -0.016286 0.864918 0.301641
v -0.016414 0.865050 0.301308
v -0.016539 0.865182 0.300973
v -0.013979 0.870963 0.301783
v -0.015222 0.869373 0.300982
v -0.016273 0.867681 0.300127
v -0.002304 0.853887 0.322024
v -0.001660 0.853644 0.322308
v -0.001018 0.853428 0.322541
v -0.002670 0.851172 0.320426
v -0.001992 0.851054 0.320771
v -0.001315 0.850954 0.321059
v 0.006278 0.848722 0.320039
v 0.006760 0.848654 0.319956
v 0.007294 0.848605 0.319807
v 0.008276 0.846134 0.317118
v 0.007808 0.846240 0.317586
v 0.007341 0.846344 0.317985
v 0.003799 0.856489 0.325062
v 0.003798 0.856661 0.325100
v 0.003794 0.856885 0.325087
v 0.001457 0.844473 0.316413
v 0.001708 0.844663 0.316904
v 0.001958 0.844847 0.317325
v 0.001349 0.848634 0.320129
v 0.000881 0.848561 0.320047
v 0.000358 0.848505 0.319896
v 0.004040 0.856342 0.324953
v 0.004279 0.856256 0.324893
v 0.004512 0.856117 0.324799
v 0.003339 0.852613 0.321653
v 0.003337 0.853172 0.321947
v 0.003339 0.853701 0.322197
v 0.004422 0.849823 0.319271
v 0.004347 0.849827 0.319320
v 0.004268 0.849811 0.319400
v 0.003360 0.851454 0.320909
v 0.003375 0.850874 0.320472
v 0.003391 0.850305 0.320019
v 0.003091 0.847295 0.318436
v 0.003178 0.847021 0.318281
v 0.003270 0.846790 0.318160
v 0.005520 0.848922 0.320009
v 0.005248 0.849049 0.319913
v 0.005034 0.849187 0.319786
v 0.004566 0.849710 0.319308
v 0.004645 0.849602 0.319395
v 0.004743 0.849472 0.319512
v 0.017893 0.890735 0.137054
v 0.015942 0.892184 0.137116
v 0.013842 0.893459 0.137188
v 0.002091 0.896992 0.160452
v 0.002062 0.896976 0.152507
v 0.002028 0.896824 0.144823
v 0.004624 0.896759 0.168495
v 0.007110 0.896361 0.168385
v 0.009549 0.895705 0.168229
v -0.021881 0.874599 0.137439
v -0.021654 0.876838 0.137409
v -0.021195 0.879033 0.137380
v 0.021250 0.887399 0.136983
v 0.022626 0.885547 0.136977
v 0.023792 0.883590 0.136986
v 0.020481 0.857674 0.137679
v 0.021899 0.859572 0.137544
v 0.023140 0.861591 0.137436
v -0.000384 0.896713 0.168545
v -0.002855 0.896271 0.168483
v -0.005269 0.895572 0.168372
v 0.000167 0.848840 0.139247
v -0.002086 0.849175 0.139175
v -0.004305 0.849737 0.139054
v 0.004694 0.848869 0.139202
v 0.006932 0.849235 0.139085
v 0.009129 0.849828 0.138921
v 0.017170 0.854321 0.138048
v 0.015309 0.852901 0.138271
v 0.013336 0.851670 0.138501
v -0.021636 0.870056 0.137502
v -0.021173 0.867788 0.137540
v -0.020493 0.865553 0.137589
v -0.015812 0.856159 0.190821
v -0.017283 0.858052 0.191118
v -0.018580 0.860061 0.191479
v 0.002142 0.896648 0.176704
v 0.002167 0.896301 0.184867
v 0.002192 0.895841 0.193007
v -0.012405 0.852803 0.190449
v -0.010501 0.851377 0.190365
v -0.008488 0.850141 0.190328
v -0.004676 0.877708 0.295369
v -0.004719 0.877662 0.296252
v -0.004790 0.877670 0.297112
v -0.012343 0.873496 0.298027
v -0.012142 0.873503 0.297292
v -0.011928 0.873502 0.296519
v -0.010920 0.874805 0.299405
v -0.009167 0.875998 0.300036
v -0.007278 0.877039 0.300595
v -0.010196 0.847294 0.278818
v -0.010296 0.846923 0.279507
v -0.010439 0.846524 0.280130
v -0.008704 0.846382 0.277472
v -0.007147 0.845288 0.277019
v -0.005499 0.844352 0.276671
v -0.017029 0.858169 0.287554
v -0.016633 0.856273 0.286446
v -0.016050 0.854400 0.285344
v -0.011479 0.849007 0.278734
v -0.012670 0.850509 0.279534
v -0.013718 0.852114 0.280424
v 0.011345 0.877881 0.295223
v 0.011468 0.877834 0.296110
v 0.011605 0.877838 0.296975
v -0.017232 0.861947 0.289699
v -0.017033 0.863796 0.290710
v -0.016632 0.865600 0.291675
v -0.013940 0.872005 0.297969
v -0.015180 0.870424 0.297173
v -0.016227 0.868741 0.296323
v -0.007026 0.852324 0.316489
v -0.006609 0.852181 0.316995
v -0.006155 0.852033 0.317517
v -0.007302 0.851430 0.315386
v -0.007091 0.850401 0.314751
v -0.006777 0.849388 0.314116
v 0.018964 0.843738 0.285773
v 0.019021 0.843783 0.285345
v 0.019060 0.843852 0.284910
v 0.020336 0.845253 0.286991
v 0.021627 0.846932 0.287910
v 0.022759 0.848720 0.288931
v -0.012649 0.873415 0.299346
v -0.012739 0.873334 0.299925
v -0.012788 0.873228 0.300455
v 0.001689 0.837763 0.282251
v -0.000402 0.838048 0.282343
v -0.002460 0.838530 0.282500
v -0.011487 0.843470 0.286024
v -0.011554 0.843531 0.285587
v -0.011602 0.843614 0.285142
v -0.009806 0.842055 0.285783
v -0.008081 0.840848 0.285244
v -0.006254 0.839813 0.284822
v -0.012872 0.844946 0.287261
v -0.014186 0.846600 0.288192
v -0.015341 0.848368 0.289222
v 0.003033 0.849621 0.319386
v 0.002954 0.849512 0.319463
v 0.002857 0.849384 0.319571
v 0.003180 0.848150 0.318443
v 0.003145 0.847978 0.318469
v 0.003090 0.847796 0.318533
v 0.003182 0.848509 0.318568
v 0.003157 0.848849 0.318768
v 0.003130 0.849253 0.319034
v 0.002264 0.855026 0.324160
v 0.002444 0.855358 0.324360
v 0.002641 0.855651 0.324537
v 0.002378 0.854637 0.323835
v 0.002601 0.854651 0.323693
v 0.002777 0.854690 0.323527
v 0.003794 0.856033 0.323581
v 0.003792 0.856142 0.323799
v 0.003790 0.856202 0.324027
v 0.003690 0.855827 0.323367
v 0.003585 0.855761 0.323316
v 0.003484 0.855662 0.323238
v 0.003917 0.846329 0.317974
v 0.004031 0.846401 0.317985
v 0.004141 0.846513 0.318010
v 0.003800 0.847291 0.318031
v 0.003800 0.846924 0.317948
v 0.003801 0.846594 0.317935
v 0.003900 0.847722 0.318203
v 0.003997 0.847773 0.318193
v 0.004088 0.847847 0.318187
v 0.002946 0.843654 0.255930
v 0.002896 0.843886 0.251218
v 0.002852 0.844159 0.246034
v 0.000989 0.843545 0.260117
v -0.001012 0.843821 0.260170
v -0.002981 0.844290 0.260266
v 0.005012 0.843587 0.260092
v 0.007002 0.843903 0.260120
v 0.008956 0.844412 0.260189
v -0.019970 0.864217 0.247663
v -0.019528 0.862127 0.246651
v -0.018878 0.860064 0.245677
v -0.020194 0.868398 0.249738
v -0.019970 0.870454 0.250773
v -0.019525 0.872465 0.251791
v 0.005088 0.880671 0.290324
v 0.007145 0.880407 0.290139
v 0.009158 0.879965 0.289851
v 0.011171 0.878197 0.293358
v 0.011125 0.878488 0.292291
v 0.011103 0.878872 0.291023
v -0.010176 0.847907 0.277148
v -0.010264 0.848145 0.276072
v -0.010410 0.848353 0.274740
v 0.003067 0.843326 0.263660
v 0.003136 0.843217 0.266660
v 0.003210 0.843122 0.269149
v 0.000938 0.880638 0.290353
v -0.001110 0.880339 0.290197
v -0.003112 0.879862 0.289936
v -0.004706 0.878036 0.293500
v -0.004783 0.878337 0.292423
v -0.004897 0.878729 0.291144
v 0.005904 0.837796 0.282217
v 0.007991 0.838114 0.282277
v 0.010038 0.838628 0.282403
v 0.017315 0.842308 0.285546
v 0.015613 0.841072 0.285031
v 0.013806 0.840005 0.284636
v 0.003882 0.842103 0.310824
v 0.003883 0.842316 0.311514
v 0.003883 0.842540 0.312226
v 0.004932 0.841955 0.310165
v 0.005970 0.842108 0.310190
v 0.006990 0.842360 0.310249
v 0.009680 0.844898 0.313679
v 0.008953 0.844359 0.313438
v 0.008180 0.843895 0.313252
v -0.000140 0.842855 0.311088
v 0.000009 0.843040 0.311772
v 0.000170 0.843234 0.312476
v 0.002823 0.841951 0.310190
v 0.001769 0.842098 0.310238
v 0.000732 0.842342 0.310318
v -0.007406 0.853485 0.316605
v -0.007295 0.854492 0.317173
v -0.007078 0.855474 0.317713
v 0.010965 0.846196 0.314353
v 0.011513 0.846941 0.314781
v 0.011992 0.847735 0.315255
v 0.011819 0.861804 0.319020
v 0.010825 0.862458 0.319415
v 0.009757 0.863025 0.319769
v 0.009543 0.866612 0.317380
v 0.009466 0.866335 0.317639
v 0.009388 0.866060 0.317893
v 0.009697 0.867174 0.316847
v 0.009776 0.867458 0.316571
v 0.009858 0.867743 0.316290
v 0.016113 0.869848 0.309508
v 0.014579 0.870862 0.310092
v 0.012927 0.871744 0.310615
v -0.005515 0.845434 0.309855
v -0.006258 0.846369 0.310396
v -0.006913 0.847372 0.310994
v -0.007756 0.852590 0.315560
v -0.008074 0.852711 0.315142
v -0.008364 0.852824 0.314749
v -0.006890 0.845139 0.306581
v -0.007731 0.846206 0.307193
v -0.008470 0.847345 0.307870
v -0.012002 0.853012 0.307965
v -0.011696 0.851562 0.307101
v -0.011247 0.850131 0.306240
v -0.012772 0.854767 0.307673
v -0.012567 0.854666 0.308056
v -0.012362 0.854566 0.308436
v -0.012823 0.853338 0.306394
v -0.012508 0.851813 0.305484
v -0.012044 0.850307 0.304575
v -0.013193 0.854967 0.306894
v -0.013408 0.855068 0.306498
v -0.013621 0.855171 0.306100
v -0.012735 0.849054 0.300584
v -0.012558 0.849018 0.301026
v -0.012381 0.848985 0.301471
v -0.008681 0.843460 0.297377
v -0.008550 0.843484 0.297851
v -0.008419 0.843508 0.298325
v -0.010033 0.844699 0.297585
v -0.011128 0.846072 0.298363
v -0.012092 0.847542 0.299221
v -0.008951 0.843414 0.296436
v -0.009091 0.843392 0.295967
v -0.009231 0.843372 0.295500
v -0.013097 0.849133 0.299709
v -0.013282 0.849176 0.299277
v -0.013463 0.849221 0.298847
v -0.011639 0.844695 0.292149
v -0.012860 0.846231 0.293028
v -0.013934 0.847874 0.293998
v -0.017713 0.855793 0.295404
v -0.017303 0.853825 0.294234
v -0.016698 0.851883 0.293064
v -0.011326 0.843390 0.286870
v -0.011241 0.843363 0.287280
v -0.011156 0.843343 0.287683
v 0.003878 0.841716 0.309551
v 0.003874 0.841542 0.308975
v 0.003868 0.841380 0.308437
v 0.005027 0.841289 0.307932
v 0.006177 0.841458 0.307958
v 0.007307 0.841738 0.308022
v 0.009292 0.841104 0.303327
v 0.009217 0.841184 0.303779
v 0.009142 0.841264 0.304225
v 0.009442 0.840937 0.302407
v 0.009517 0.840850 0.301939
v 0.009592 0.840763 0.301468
v 0.003801 0.839208 0.299272
v 0.003801 0.839301 0.299765
v 0.003801 0.839394 0.300254
v 0.005378 0.839207 0.298782
v 0.006941 0.839448 0.298825
v 0.008478 0.839837 0.298918
v 0.014583 0.842622 0.298086
v 0.013235 0.841640 0.297664
v 0.011803 0.840793 0.297339
v 0.003805 0.839025 0.298281
v 0.003808 0.838935 0.297783
v 0.003810 0.838846 0.297283
v 0.016242 0.843661 0.297193
v 0.016108 0.843684 0.297667
v 0.015972 0.843708 0.298141
v 0.015059 0.842479 0.296167
v 0.013642 0.841452 0.295725
v 0.012137 0.840566 0.295383
v 0.016505 0.843619 0.296247
v 0.016632 0.843602 0.295776
v 0.016758 0.843588 0.295305
v 0.018816 0.843678 0.286619
v 0.018732 0.843653 0.287040
v 0.018645 0.843631 0.287457
v -0.000407 0.842517 0.309827
v -0.000528 0.842365 0.309258
v -0.000640 0.842222 0.308728
v 0.002688 0.841284 0.307957
v 0.001521 0.841446 0.308008
v 0.000372 0.841715 0.308096
v -0.003796 0.843812 0.308990
v -0.002836 0.843140 0.308671
v -0.001816 0.842565 0.308420
v -0.004918 0.843267 0.305603
v -0.003806 0.842483 0.305244
v -0.002629 0.841811 0.304963
v 0.002228 0.839182 0.298807
v 0.000667 0.839398 0.298875
v -0.000869 0.839762 0.298993
v -0.002880 0.839783 0.295718
v -0.002808 0.839850 0.296210
v -0.002736 0.839918 0.296704
v -0.007482 0.842298 0.296336
v -0.006052 0.841294 0.295873
v -0.004537 0.840431 0.295508
v -0.003026 0.839650 0.294748
v -0.003100 0.839585 0.294268
v -0.003174 0.839523 0.293792
v -0.008797 0.842020 0.290755
v -0.007203 0.840907 0.290250
v -0.005515 0.839953 0.289857
v -0.002264 0.866507 0.317469
v -0.002183 0.866233 0.317731
v -0.002102 0.865960 0.317988
v -0.002435 0.867053 0.316931
v -0.002526 0.867326 0.316655
v -0.002620 0.867602 0.316374
v -0.003672 0.871008 0.312771
v -0.003583 0.870724 0.313082
v -0.003495 0.870440 0.313390
v -0.009654 0.867348 0.310761
v -0.009507 0.867107 0.311099
v -0.009357 0.866864 0.311437
v -0.008474 0.868702 0.311015
v -0.007014 0.869697 0.311560
v -0.005436 0.870562 0.312045
v -0.009946 0.867819 0.310086
v -0.010090 0.868048 0.309751
v -0.010232 0.868274 0.309418
v -0.003842 0.871566 0.312142
v -0.003923 0.871839 0.311824
v -0.004002 0.872106 0.311503
v 0.016984 0.844968 0.299255
v 0.018016 0.846310 0.299995
v 0.018922 0.847742 0.300817
v 0.017576 0.844925 0.297387
v 0.018653 0.846321 0.298155
v 0.019596 0.847812 0.299005
v 0.022615 0.854763 0.301202
v 0.022275 0.853005 0.300170
v 0.021761 0.851265 0.299145
v 0.013541 0.860261 0.318146
v 0.014253 0.859385 0.317673
v 0.014858 0.858451 0.317172
v 0.017611 0.859375 0.313335
v 0.017417 0.859201 0.313654
v 0.017224 0.859027 0.313967
v 0.018002 0.859725 0.312685
v 0.018200 0.859901 0.312356
v 0.018399 0.860080 0.312022
v 0.018759 0.867472 0.308193
v 0.019849 0.866131 0.307471
v 0.020776 0.864700 0.306705
v 0.022740 0.858253 0.303198
v 0.022519 0.859951 0.304139
v 0.022116 0.861599 0.305039
v 0.023219 0.864949 0.302007
v 0.023081 0.864799 0.302352
v 0.022940 0.864649 0.302701
v 0.023481 0.865245 0.301332
v 0.023605 0.865391 0.301000
v 0.023724 0.865538 0.300669
v -0.010201 0.859133 0.313523
v -0.009992 0.858968 0.313846
v -0.009783 0.858805 0.314162
v -0.010613 0.859479 0.312870
v -0.010815 0.859660 0.312540
v -0.011014 0.859843 0.312208
v -0.012151 0.855903 0.309633
v -0.011990 0.857317 0.310417
v -0.011675 0.858695 0.311164
v -0.012976 0.856383 0.308145
v -0.012810 0.857875 0.308966
v -0.012484 0.859329 0.309750
v -0.010978 0.866360 0.309791
v -0.012001 0.865035 0.309121
v -0.012864 0.863626 0.308405
v -0.017916 0.859716 0.297650
v -0.017704 0.861635 0.298698
v -0.017285 0.863507 0.299694
v 0.001961 0.854268 0.323707
v 0.001838 0.853849 0.323456
v 0.001736 0.853404 0.323188
v 0.001774 0.854731 0.324003
v 0.001397 0.854849 0.324015
v 0.000976 0.855017 0.323974
v 0.007351 0.854885 0.323530
v 0.007599 0.854404 0.323240
v 0.007809 0.853890 0.322934
v 0.003409 0.844592 0.317524
v 0.002998 0.844680 0.317549
v 0.002595 0.844826 0.317596
v 0.004250 0.844597 0.317524
v 0.004670 0.844690 0.317548
v 0.005083 0.844842 0.317594
v 0.006739 0.855738 0.324058
v 0.006381 0.856102 0.324291
v 0.005993 0.856420 0.324499
v 0.003897 0.855844 0.323359
v 0.003998 0.855792 0.323298
v 0.004095 0.855705 0.323210
v 0.003794 0.855597 0.323213
v 0.003791 0.855262 0.323059
v 0.003789 0.854855 0.322907
v 0.003800 0.848145 0.318493
v 0.003800 0.848631 0.318869
v 0.003799 0.849152 0.319312
v 0.003237 0.848191 0.318376
v 0.003290 0.848078 0.318300
v 0.003354 0.847968 0.318247
v 0.003172 0.849751 0.319360
v 0.003245 0.849770 0.319409
v 0.003322 0.849769 0.319482
v 0.003700 0.847702 0.318207
v 0.003603 0.847733 0.318203
v 0.003512 0.847790 0.318204
v 0.003689 0.846308 0.317975
v 0.003577 0.846363 0.317987
v 0.003470 0.846461 0.318017
v 0.009391 0.895677 0.144624
v 0.006974 0.896320 0.144713
v 0.004511 0.896707 0.144782
v 0.009462 0.895814 0.152269
v 0.007033 0.896464 0.152380
v 0.004558 0.896858 0.152462
v 0.009512 0.895821 0.160173
v 0.007076 0.896475 0.160307
v 0.004594 0.896872 0.160402
v 0.018062 0.890938 0.144202
v 0.016095 0.892407 0.144303
v 0.013977 0.893701 0.144412
v 0.018178 0.891025 0.151691
v 0.016200 0.892508 0.151841
v 0.014071 0.893815 0.151992
v 0.018253 0.891005 0.159421
v 0.016270 0.892494 0.159626
v 0.014135 0.893809 0.159825
v -0.021324 0.879127 0.144235
v -0.021787 0.876917 0.144215
v -0.022016 0.874664 0.144197
v -0.021398 0.879145 0.151350
v -0.021864 0.876927 0.151267
v -0.022094 0.874667 0.151188
v -0.021429 0.879091 0.158647
v -0.021897 0.876871 0.158489
v -0.022129 0.874609 0.158337
v -0.017187 0.887242 0.144353
v -0.018552 0.885351 0.144313
v -0.019702 0.883359 0.144282
v -0.017235 0.887302 0.151727
v -0.018608 0.885399 0.151624
v -0.019765 0.883396 0.151528
v -0.017250 0.887268 0.159325
v -0.018627 0.885358 0.159149
v -0.019789 0.883349 0.158978
v 0.024009 0.883724 0.143945
v 0.022834 0.885696 0.143986
v 0.021447 0.887565 0.144041
v 0.024153 0.883767 0.151199
v 0.022973 0.885748 0.151303
v 0.021580 0.887627 0.151419
v 0.024243 0.883726 0.158658
v 0.023061 0.885710 0.158836
v 0.021664 0.887594 0.159022
v 0.026481 0.875072 0.143876
v 0.026205 0.877322 0.143885
v 0.025699 0.879523 0.143897
v 0.026633 0.875093 0.150868
v 0.026356 0.877347 0.150942
v 0.025849 0.879553 0.151020
v 0.026725 0.875050 0.158018
v 0.026449 0.877304 0.158169
v 0.025941 0.879510 0.158325
v 0.025270 0.865921 0.143866
v 0.025911 0.868189 0.143858
v 0.026332 0.870486 0.143861
v 0.025418 0.865911 0.150620
v 0.026062 0.868189 0.150667
v 0.026484 0.870494 0.150728
v 0.025508 0.865863 0.157488
v 0.026152 0.868143 0.157600
v 0.026574 0.870451 0.157730
v 0.020679 0.857617 0.144125
v 0.022107 0.859533 0.144017
v 0.023357 0.861570 0.143940
v 0.020811 0.857564 0.150701
v 0.022245 0.859492 0.150630
v 0.023500 0.861540 0.150596
v 0.020894 0.857496 0.157353
v 0.022330 0.859430 0.157329
v 0.023587 0.861483 0.157346
v -0.009822 0.893484 0.144625
v -0.011911 0.892159 0.144547
v -0.013851 0.890664 0.144471
v -0.009840 0.893598 0.152209
v -0.011937 0.892261 0.152087
v -0.013883 0.890751 0.151961
v -0.009841 0.893595 0.160043
v -0.011941 0.892249 0.159873
v -0.013891 0.890732 0.159691
v -0.000450 0.896658 0.144830
v -0.002898 0.896222 0.144808
v -0.005292 0.895535 0.144762
v -0.000427 0.896808 0.152511
v -0.002887 0.896367 0.152477
v -0.005291 0.895672 0.152411
v -0.000406 0.896824 0.160452
v -0.002872 0.896381 0.160404
v -0.005283 0.895682 0.160316
v -0.004305 0.849570 0.145391
v -0.002068 0.849000 0.145506
v 0.000202 0.848660 0.145575
v -0.004301 0.849439 0.151819
v -0.002053 0.848864 0.151925
v 0.000229 0.848522 0.151990
v -0.004293 0.849319 0.158292
v -0.002039 0.848742 0.158388
v 0.000249 0.848399 0.158446
v -0.012509 0.853983 0.144709
v -0.010608 0.852579 0.144886
v -0.008595 0.851368 0.145068
v -0.012547 0.853897 0.151220
v -0.010637 0.852480 0.151369
v -0.008613 0.851256 0.151528
v -0.012562 0.853808 0.157793
v -0.010646 0.852382 0.157909
v -0.008617 0.851149 0.158040
v 0.013477 0.851542 0.144870
v 0.015466 0.852790 0.144655
v 0.017342 0.854228 0.144450
v 0.013575 0.851443 0.151339
v 0.015574 0.852702 0.151145
v 0.017459 0.854151 0.150964
v 0.013639 0.851348 0.157859
v 0.015644 0.852614 0.157691
v 0.017535 0.854070 0.157540
v 0.004766 0.848693 0.145533
v 0.007022 0.849067 0.145422
v 0.009237 0.849671 0.145267
v 0.004817 0.848559 0.151952
v 0.007084 0.848939 0.151849
v 0.009312 0.849551 0.151705
v 0.004851 0.848441 0.158412
v 0.007127 0.848825 0.158318
v 0.009362 0.849443 0.158187
v -0.018631 0.861240 0.144255
v -0.017351 0.859219 0.144326
v -0.015896 0.857320 0.144423
v -0.018695 0.861198 0.150925
v -0.017411 0.859168 0.150950
v -0.015950 0.857259 0.151006
v -0.018725 0.861130 0.157688
v -0.017437 0.859096 0.157659
v -0.015973 0.857183 0.157664
v -0.021770 0.870091 0.144173
v -0.021302 0.867809 0.144171
v -0.020617 0.865558 0.144181
v -0.021847 0.870080 0.151048
v -0.021377 0.867791 0.150992
v -0.020689 0.865533 0.150950
v -0.021882 0.870019 0.158058
v -0.021412 0.867728 0.157936
v -0.020723 0.865468 0.157831
v 0.004893 0.848145 0.171271
v 0.007178 0.848534 0.171195
v 0.009422 0.849158 0.171094
v 0.004907 0.847941 0.177638
v 0.007195 0.848331 0.177571
v 0.009441 0.848956 0.177485
v 0.004919 0.847701 0.183980
v 0.007206 0.848091 0.183922
v 0.009453 0.848714 0.183853
v 0.013712 0.851075 0.170860
v 0.015720 0.852347 0.170755
v 0.017612 0.853809 0.170679
v 0.013732 0.850875 0.177304
v 0.015738 0.852147 0.177234
v 0.017626 0.853608 0.177201
v 0.013740 0.850632 0.183724
v 0.015741 0.851903 0.183692
v 0.017625 0.853362 0.183703
v 0.013717 0.850027 0.196549
v 0.015703 0.851291 0.196590
v 0.017572 0.852741 0.196686
v 0.013685 0.849671 0.202968
v 0.015660 0.850928 0.203043
v 0.017518 0.852371 0.203178
v 0.013636 0.849287 0.209392
v 0.015597 0.850534 0.209498
v 0.017443 0.851967 0.209671
v 0.004939 0.847120 0.196647
v 0.007218 0.847504 0.196609
v 0.009456 0.848122 0.196572
v 0.004949 0.846785 0.202991
v 0.007218 0.847165 0.202962
v 0.009445 0.847778 0.202941
v 0.004956 0.846430 0.209346
v 0.007211 0.846805 0.209326
v 0.009424 0.847410 0.209319
v -0.021882 0.869724 0.172220
v -0.021413 0.867439 0.171942
v -0.020723 0.865185 0.171686
v -0.021857 0.869487 0.179299
v -0.021389 0.867207 0.178933
v -0.020698 0.864959 0.178595
v -0.021812 0.869189 0.186365
v -0.021344 0.866918 0.185911
v -0.020655 0.864678 0.185487
v -0.018718 0.860859 0.171263
v -0.017426 0.858830 0.171107
v -0.015957 0.856919 0.170997
v -0.018691 0.860644 0.178020
v -0.017396 0.858620 0.177796
v -0.015925 0.856713 0.177624
v -0.018645 0.860378 0.184757
v -0.017349 0.858360 0.184464
v -0.015876 0.856459 0.184230
v -0.018493 0.859695 0.198189
v -0.017199 0.857697 0.197761
v -0.015731 0.855814 0.197404
v -0.018379 0.859283 0.204887
v -0.017091 0.857298 0.204396
v -0.015629 0.855427 0.203980
v -0.018236 0.858826 0.211573
v -0.016955 0.856857 0.211022
v -0.015501 0.855001 0.210551
v -0.021643 0.868416 0.200442
v -0.021181 0.866168 0.199815
v -0.020496 0.863951 0.199224
v -0.021514 0.867944 0.207441
v -0.021054 0.865711 0.206733
v -0.020373 0.863510 0.206065
v -0.021350 0.867418 0.214405
v -0.020894 0.865203 0.213623
v -0.020217 0.863020 0.212883
v 0.018332 0.890675 0.175221
v 0.016347 0.892159 0.175543
v 0.014210 0.893469 0.175844
v 0.018349 0.890376 0.183161
v 0.016366 0.891848 0.183543
v 0.014231 0.893147 0.183893
v 0.018352 0.889989 0.191086
v 0.016372 0.891445 0.191525
v 0.014242 0.892727 0.191923
v 0.009580 0.895474 0.176341
v 0.007139 0.896129 0.176520
v 0.004651 0.896526 0.176644
v 0.009605 0.895134 0.184463
v 0.007165 0.895783 0.184666
v 0.004676 0.896178 0.184803
v 0.009623 0.894688 0.192563
v 0.007185 0.895328 0.192788
v 0.004699 0.895719 0.192938
v 0.009635 0.893497 0.208566
v 0.007210 0.894112 0.208830
v 0.004737 0.894487 0.209004
v 0.009629 0.892763 0.216409
v 0.007215 0.893362 0.216689
v 0.004752 0.893726 0.216872
v 0.009614 0.891943 0.224110
v 0.007214 0.892525 0.224403
v 0.004766 0.892879 0.224594
v 0.018315 0.888958 0.206776
v 0.016347 0.890370 0.207317
v 0.014229 0.891610 0.207802
v 0.018272 0.888316 0.214487
v 0.016313 0.889704 0.215071
v 0.014203 0.890919 0.215592
v 0.018208 0.887593 0.222075
v 0.016259 0.888955 0.222697
v 0.014162 0.890144 0.223249
v -0.017227 0.886944 0.174838
v -0.018605 0.885034 0.174500
v -0.019767 0.883027 0.174159
v -0.017197 0.886662 0.182635
v -0.018572 0.884758 0.182214
v -0.019733 0.882756 0.181786
v -0.017152 0.886299 0.190421
v -0.018524 0.884405 0.189920
v -0.019681 0.882412 0.189406
v -0.021414 0.878774 0.173482
v -0.021886 0.876559 0.173151
v -0.022123 0.874302 0.172828
v -0.021379 0.878514 0.180925
v -0.021854 0.876304 0.180502
v -0.022093 0.874053 0.180087
v -0.021326 0.878187 0.188363
v -0.021802 0.875984 0.187846
v -0.022043 0.873740 0.187338
v -0.021153 0.877327 0.203162
v -0.021628 0.875146 0.202465
v -0.021869 0.872923 0.201775
v -0.021028 0.876797 0.210491
v -0.021499 0.874630 0.209713
v -0.021739 0.872422 0.208940
v -0.020871 0.876201 0.217751
v -0.021338 0.874052 0.216902
v -0.021575 0.871860 0.216054
v -0.017012 0.885329 0.205864
v -0.018373 0.883466 0.205217
v -0.019521 0.881502 0.204546
v -0.016909 0.884724 0.213472
v -0.018264 0.882882 0.212764
v -0.019406 0.880938 0.212025
v -0.016778 0.884043 0.220972
v -0.018125 0.882225 0.220212
v -0.019260 0.880303 0.219416
v 0.026811 0.874768 0.172500
v 0.026539 0.877016 0.172830
v 0.026034 0.879216 0.173167
v 0.026825 0.874528 0.179749
v 0.026555 0.876772 0.180174
v 0.026053 0.878968 0.180607
v 0.026816 0.874220 0.186987
v 0.026550 0.876459 0.187508
v 0.026051 0.878649 0.188037
v 0.024336 0.883421 0.173853
v 0.023150 0.885399 0.174198
v 0.021750 0.887277 0.174543
v 0.024356 0.883161 0.181480
v 0.023169 0.885131 0.181913
v 0.021766 0.887000 0.182340
v 0.024356 0.882826 0.189097
v 0.023169 0.884787 0.189617
v 0.021766 0.886643 0.190126
v 0.024286 0.881925 0.204220
v 0.023106 0.883859 0.204903
v 0.021711 0.885686 0.205561
v 0.024211 0.881357 0.211689
v 0.023038 0.883276 0.212441
v 0.021651 0.885086 0.213163
v 0.024104 0.880716 0.219072
v 0.022940 0.882617 0.219883
v 0.021564 0.884408 0.220660
v 0.026723 0.873404 0.201402
v 0.026462 0.875622 0.202104
v 0.025969 0.877791 0.202813
v 0.026634 0.872898 0.208560
v 0.026374 0.875100 0.209342
v 0.025883 0.877254 0.210131
v 0.026513 0.872332 0.215672
v 0.026254 0.874514 0.216526
v 0.025765 0.876649 0.217384
v 0.020971 0.857241 0.170679
v 0.022408 0.859176 0.170766
v 0.023665 0.861229 0.170905
v 0.020981 0.857037 0.177305
v 0.022417 0.858969 0.177452
v 0.023673 0.861018 0.177657
v 0.020972 0.856784 0.183912
v 0.022405 0.858710 0.184122
v 0.023660 0.860752 0.184394
v 0.025586 0.865603 0.171319
v 0.026231 0.867879 0.171582
v 0.026654 0.870181 0.171871
v 0.025594 0.865382 0.178219
v 0.026239 0.867652 0.178562
v 0.026663 0.869949 0.178937
v 0.025580 0.865102 0.185105
v 0.026225 0.867364 0.185531
v 0.026650 0.869654 0.185992
v 0.025481 0.864376 0.198836
v 0.026125 0.866615 0.199422
v 0.026551 0.868881 0.200052
v 0.025393 0.863935 0.205678
v 0.026035 0.866158 0.206340
v 0.026461 0.868408 0.207048
v 0.025276 0.863444 0.212501
v 0.025916 0.865650 0.213234
v 0.026340 0.867881 0.214014
v 0.020894 0.856137 0.197101
v 0.022319 0.858047 0.197430
v 0.023568 0.860070 0.197832
v 0.020823 0.855749 0.203689
v 0.022242 0.857647 0.204073
v 0.023485 0.859658 0.204536
v 0.020729 0.855321 0.210271
v 0.022139 0.857205 0.210708
v 0.023377 0.859201 0.211230
v -0.000362 0.896484 0.176694
v -0.002834 0.896045 0.176618
v -0.005250 0.895351 0.176484
v -0.000337 0.896140 0.184853
v -0.002809 0.895708 0.184764
v -0.005226 0.895021 0.184606
v -0.000310 0.895686 0.192988
v -0.002780 0.895262 0.192886
v -0.005195 0.894586 0.192706
v -0.009815 0.893270 0.176061
v -0.011917 0.891926 0.175789
v -0.013867 0.890408 0.175489
v -0.009791 0.892958 0.184111
v -0.011892 0.891622 0.183789
v -0.013841 0.890112 0.183429
v -0.009757 0.892548 0.192141
v -0.011856 0.891225 0.191771
v -0.013803 0.889727 0.191355
v -0.009651 0.891439 0.208019
v -0.011742 0.890151 0.207563
v -0.013682 0.888689 0.207046
v -0.009576 0.890746 0.215809
v -0.011660 0.889479 0.215317
v -0.013592 0.888040 0.214758
v -0.009481 0.889968 0.223462
v -0.011555 0.888725 0.222940
v -0.013478 0.887310 0.222345
v -0.000247 0.894460 0.209053
v -0.002706 0.894056 0.208928
v -0.005109 0.893409 0.208709
v -0.000210 0.893700 0.216922
v -0.002657 0.893308 0.216786
v -0.005050 0.892676 0.216551
v -0.000166 0.892853 0.224643
v -0.002600 0.892472 0.224498
v -0.004980 0.891857 0.224249
v -0.012539 0.853536 0.170934
v -0.010622 0.852103 0.170973
v -0.008592 0.850862 0.171040
v -0.012507 0.853335 0.177459
v -0.010593 0.851901 0.177457
v -0.008566 0.850659 0.177490
v -0.012462 0.853090 0.183961
v -0.010552 0.851659 0.183919
v -0.008531 0.850418 0.183917
v -0.004268 0.849019 0.171199
v -0.002013 0.848439 0.171265
v 0.000279 0.848097 0.171306
v -0.004250 0.848815 0.177598
v -0.001998 0.848235 0.177646
v 0.000292 0.847892 0.177675
v -0.004227 0.848576 0.183972
v -0.001980 0.847996 0.184002
v 0.000306 0.847653 0.184020
v -0.004162 0.847998 0.196689
v -0.001928 0.847421 0.196688
v 0.000346 0.847078 0.196688
v -0.004116 0.847665 0.203049
v -0.001892 0.847090 0.203035
v 0.000373 0.846748 0.203028
v -0.004059 0.847309 0.209416
v -0.001846 0.846738 0.209392
v 0.000407 0.846397 0.209379
v -0.012335 0.852476 0.196930
v -0.010440 0.851058 0.196805
v -0.008435 0.849828 0.196734
v -0.012250 0.852112 0.203407
v -0.010365 0.850704 0.203243
v -0.008370 0.849484 0.203139
v -0.012143 0.851714 0.209886
v -0.010270 0.850319 0.209684
v -0.008288 0.849111 0.209548
v 0.018660 0.848971 0.279294
v 0.019836 0.850494 0.280082
v 0.020866 0.852119 0.280963
v 0.018860 0.848615 0.279994
v 0.020050 0.850154 0.280795
v 0.021092 0.851797 0.281690
v 0.019092 0.848234 0.280627
v 0.020298 0.849793 0.281444
v 0.021355 0.851457 0.282355
v 0.022449 0.855607 0.282929
v 0.022985 0.857429 0.283972
v 0.023341 0.859273 0.285024
v 0.022692 0.855321 0.283686
v 0.023233 0.857163 0.284744
v 0.023592 0.859026 0.285809
v 0.022977 0.855028 0.284386
v 0.023525 0.856893 0.285461
v 0.023888 0.858780 0.286543
v 0.023602 0.854438 0.285676
v 0.024165 0.856357 0.286788
v 0.024537 0.858300 0.287906
v 0.023906 0.854153 0.286283
v 0.024476 0.856100 0.287413
v 0.024853 0.858070 0.288548
v 0.024181 0.853885 0.286867
v 0.024758 0.855857 0.288013
v 0.025139 0.857852 0.289164
v 0.019596 0.847443 0.281774
v 0.020840 0.849049 0.282624
v 0.021930 0.850762 0.283572
v 0.019842 0.847059 0.282311
v 0.021104 0.848688 0.283178
v 0.022211 0.850425 0.284143
v 0.020064 0.846698 0.282832
v 0.021344 0.848348 0.283714
v 0.022465 0.850109 0.284694
v 0.001259 0.879133 0.296123
v -0.000775 0.878830 0.295973
v -0.002761 0.878353 0.295720
v 0.001275 0.879101 0.297021
v -0.000779 0.878796 0.296867
v -0.002785 0.878313 0.296607
v 0.001279 0.879128 0.297899
v -0.000801 0.878818 0.297739
v -0.002831 0.878329 0.297474
v -0.006499 0.876905 0.294930
v -0.008213 0.875954 0.294412
v -0.009803 0.874865 0.293826
v -0.006560 0.876851 0.295809
v -0.008293 0.875891 0.295288
v -0.009899 0.874791 0.294701
v -0.006655 0.876849 0.296664
v -0.008411 0.875877 0.296140
v -0.010039 0.874763 0.295548
v -0.006906 0.876932 0.298325
v -0.008717 0.875931 0.297788
v -0.010396 0.874784 0.297183
v -0.007041 0.876984 0.299124
v -0.008880 0.875969 0.298579
v -0.010586 0.874805 0.297965
v -0.007169 0.877025 0.299885
v -0.009035 0.875996 0.299332
v -0.010766 0.874816 0.298710
v 0.001267 0.879275 0.299603
v -0.000873 0.878958 0.299435
v -0.002964 0.878455 0.299159
v 0.001257 0.879359 0.300418
v -0.000916 0.879039 0.300249
v -0.003038 0.878530 0.299970
v 0.001245 0.879427 0.301191
v -0.000957 0.879104 0.301022
v -0.003109 0.878590 0.300741
v -0.008736 0.846045 0.278240
v -0.007169 0.844947 0.277780
v -0.005509 0.844008 0.277425
v -0.008821 0.845664 0.278919
v -0.007238 0.844557 0.278451
v -0.005563 0.843611 0.278089
v -0.008947 0.845250 0.279532
v -0.007345 0.844132 0.279055
v -0.005650 0.843176 0.278685
v -0.001979 0.842632 0.276981
v -0.000140 0.842205 0.276866
v 0.001729 0.841955 0.276802
v -0.001999 0.842222 0.277634
v -0.000142 0.841789 0.277514
v 0.001747 0.841534 0.277447
v -0.002043 0.841769 0.278216
v -0.000162 0.841328 0.278091
v 0.001752 0.841067 0.278020
v -0.002173 0.840793 0.279260
v -0.000234 0.840338 0.279123
v 0.001739 0.840069 0.279043
v -0.002245 0.840308 0.279749
v -0.000276 0.839848 0.279605
v 0.001727 0.839576 0.279521
v -0.002314 0.839856 0.280223
v -0.000317 0.839390 0.280073
v 0.001715 0.839117 0.279985
v -0.009272 0.844379 0.280646
v -0.007627 0.843228 0.280148
v -0.005885 0.842243 0.279760
v -0.009447 0.843952 0.281171
v -0.007779 0.842782 0.280663
v -0.006013 0.841781 0.280265
v -0.009613 0.843554 0.281678
v -0.007924 0.842366 0.281160
v -0.006134 0.841349 0.280753
v 0.005502 0.841996 0.276777
v 0.007373 0.842285 0.276816
v 0.009211 0.842751 0.276906
v 0.005561 0.841572 0.277421
v 0.007454 0.841864 0.277463
v 0.009314 0.842334 0.277557
v 0.005618 0.841102 0.277994
v 0.007537 0.841398 0.278038
v 0.009422 0.841874 0.278137
v 0.012724 0.844199 0.277300
v 0.014366 0.845171 0.277630
v 0.015912 0.846297 0.278065
v 0.012864 0.843798 0.277962
v 0.014523 0.844778 0.278299
v 0.016084 0.845914 0.278742
v 0.013019 0.843356 0.278554
v 0.014699 0.844348 0.278898
v 0.016280 0.845498 0.279351
v 0.013340 0.842423 0.279606
v 0.015069 0.843444 0.279968
v 0.016697 0.844627 0.280442
v 0.013491 0.841967 0.280095
v 0.015246 0.843003 0.280467
v 0.016899 0.844203 0.280952
v 0.013628 0.841541 0.280571
v 0.015406 0.842590 0.280951
v 0.017081 0.843805 0.281447
v 0.005722 0.840104 0.279010
v 0.007698 0.840408 0.279058
v 0.009638 0.840899 0.279164
v 0.005768 0.839614 0.279484
v 0.007771 0.839923 0.279532
v 0.009737 0.840421 0.279641
v 0.005809 0.839157 0.279945
v 0.007836 0.839471 0.279994
v 0.009827 0.839975 0.280106
v -0.016362 0.858905 0.285326
v -0.015981 0.857079 0.284271
v -0.015421 0.855275 0.283222
v -0.016529 0.858658 0.286114
v -0.016145 0.856813 0.285044
v -0.015578 0.854990 0.283980
v -0.016758 0.858412 0.286852
v -0.016368 0.856543 0.285764
v -0.015795 0.854696 0.284682
v -0.013788 0.851814 0.281231
v -0.012733 0.850198 0.280330
v -0.011532 0.848684 0.279519
v -0.013928 0.851491 0.281959
v -0.012860 0.849856 0.281044
v -0.011646 0.848327 0.280220
v -0.014120 0.851151 0.282626
v -0.013038 0.849494 0.281695
v -0.011807 0.847945 0.280856
v -0.014597 0.850456 0.283852
v -0.013481 0.848750 0.282888
v -0.012213 0.847154 0.282020
v -0.014846 0.850119 0.284430
v -0.013714 0.848390 0.283451
v -0.012428 0.846770 0.282569
v -0.015079 0.849804 0.284987
v -0.013932 0.848052 0.283993
v -0.012631 0.846412 0.283099
v -0.017323 0.857931 0.288231
v -0.016920 0.856007 0.287103
v -0.016326 0.854106 0.285982
v -0.017618 0.857702 0.288885
v -0.017207 0.855750 0.287737
v -0.016603 0.853822 0.286596
v -0.017893 0.857484 0.289512
v -0.017475 0.855507 0.288346
v -0.016861 0.853553 0.287186
v 0.016534 0.875118 0.293610
v 0.014921 0.876183 0.294217
v 0.013186 0.877109 0.294757
v 0.016713 0.875035 0.294476
v 0.015083 0.876113 0.295090
v 0.013329 0.877051 0.295637
v 0.016920 0.874998 0.295315
v 0.015268 0.876092 0.295937
v 0.013491 0.877043 0.296494
v 0.009416 0.878489 0.295605
v 0.007419 0.878924 0.295895
v 0.005378 0.879181 0.296083
v 0.009517 0.878450 0.296498
v 0.007499 0.878891 0.296793
v 0.005437 0.879150 0.296984
v 0.009629 0.878463 0.297370
v 0.007583 0.878911 0.297670
v 0.005494 0.879175 0.297864
v 0.009861 0.878574 0.299054
v 0.007756 0.879040 0.299366
v 0.005606 0.879317 0.299568
v 0.009971 0.878639 0.299857
v 0.007838 0.879113 0.300174
v 0.005658 0.879396 0.300380
v 0.010068 0.878689 0.300621
v 0.007910 0.879170 0.300942
v 0.005703 0.879460 0.301151
v 0.017360 0.875012 0.296933
v 0.015662 0.876135 0.297573
v 0.013835 0.877111 0.298147
v 0.017571 0.875035 0.297708
v 0.015850 0.876170 0.298356
v 0.013998 0.877157 0.298937
v 0.017762 0.875050 0.298448
v 0.016019 0.876196 0.299103
v 0.014145 0.877191 0.299691
v -0.012551 0.872317 0.292493
v -0.013683 0.870881 0.291756
v -0.014639 0.869351 0.290972
v -0.012675 0.872215 0.293362
v -0.013819 0.870761 0.292621
v -0.014785 0.869214 0.291831
v -0.012851 0.872152 0.294200
v -0.014009 0.870678 0.293453
v -0.014987 0.869108 0.292655
v -0.015989 0.866061 0.289262
v -0.016372 0.864324 0.288338
v -0.016561 0.862544 0.287372
v -0.016148 0.865887 0.290103
v -0.016536 0.864132 0.289168
v -0.016728 0.862334 0.288188
v -0.016369 0.865735 0.290905
v -0.016763 0.863957 0.289955
v -0.016958 0.862136 0.288960
v -0.016919 0.865475 0.292420
v -0.017327 0.863643 0.291441
v -0.017530 0.861766 0.290414
v -0.017209 0.865358 0.293137
v -0.017623 0.863498 0.292145
v -0.017830 0.861593 0.291103
v -0.017479 0.865242 0.293819
v -0.017899 0.863357 0.292816
v -0.018109 0.861427 0.291761
v -0.013295 0.872093 0.295804
v -0.014487 0.870573 0.295038
v -0.015494 0.868954 0.294220
v -0.013530 0.872074 0.296566
v -0.014740 0.870530 0.295790
v -0.015762 0.868887 0.294960
v -0.013751 0.872047 0.297291
v -0.014977 0.870484 0.296504
v -0.016013 0.868819 0.295664
v 0.023489 0.862935 0.287062
v 0.023275 0.864716 0.288024
v 0.022867 0.866447 0.288947
v 0.023741 0.862726 0.287872
v 0.023524 0.864526 0.288844
v 0.023111 0.866275 0.289775
v 0.024037 0.862528 0.288635
v 0.023816 0.864352 0.289620
v 0.023397 0.866123 0.290563
v 0.021467 0.869705 0.290674
v 0.020486 0.871210 0.291476
v 0.019330 0.872620 0.292235
v 0.021697 0.869565 0.291516
v 0.020706 0.871085 0.292324
v 0.019538 0.872510 0.293088
v 0.021965 0.869457 0.292323
v 0.020962 0.870996 0.293138
v 0.019780 0.872439 0.293910
v 0.022548 0.869302 0.293863
v 0.021516 0.870891 0.294700
v 0.020301 0.872378 0.295491
v 0.022831 0.869240 0.294599
v 0.021784 0.870854 0.295447
v 0.020552 0.872366 0.296248
v 0.023087 0.869177 0.295303
v 0.022027 0.870815 0.296161
v 0.020780 0.872348 0.296972
v 0.024686 0.862159 0.290065
v 0.024456 0.864038 0.291082
v 0.024023 0.865864 0.292054
v 0.025002 0.861986 0.290742
v 0.024768 0.863893 0.291775
v 0.024328 0.865747 0.292763
v 0.025288 0.861820 0.291390
v 0.025050 0.863753 0.292439
v 0.024604 0.865632 0.293441
v -0.006924 0.851326 0.315885
v -0.006720 0.850331 0.315268
v -0.006418 0.849351 0.314653
v -0.006510 0.851218 0.316410
v -0.006314 0.850258 0.315814
v -0.006024 0.849313 0.315219
v -0.006059 0.851107 0.316953
v -0.005872 0.850184 0.316378
v -0.005596 0.849275 0.315806
v -0.005535 0.847477 0.313481
v -0.004965 0.846604 0.312951
v -0.004317 0.845789 0.312474
v -0.005177 0.847506 0.314087
v -0.004629 0.846664 0.313575
v -0.004007 0.845876 0.313114
v -0.004786 0.847536 0.314716
v -0.004263 0.846726 0.314222
v -0.003667 0.845968 0.313777
v -0.003902 0.847603 0.315995
v -0.003430 0.846860 0.315539
v -0.002895 0.846166 0.315126
v -0.003409 0.847638 0.316618
v -0.002966 0.846930 0.316180
v -0.002464 0.846268 0.315783
v -0.002884 0.847676 0.317210
v -0.002472 0.847000 0.316789
v -0.002005 0.846369 0.316407
v -0.005047 0.850882 0.318054
v -0.004878 0.850034 0.317525
v -0.004630 0.849198 0.316998
v -0.004486 0.850772 0.318590
v -0.004327 0.849960 0.318083
v -0.004093 0.849162 0.317579
v -0.003890 0.850664 0.319099
v -0.003742 0.849890 0.318614
v -0.003523 0.849128 0.318131
v 0.010806 0.860124 0.320629
v 0.009931 0.860699 0.320972
v 0.008991 0.861199 0.321278
v 0.010538 0.859709 0.321000
v 0.009695 0.860265 0.321331
v 0.008790 0.860748 0.321627
v 0.010245 0.859276 0.321379
v 0.009438 0.859812 0.321699
v 0.008572 0.860278 0.321984
v 0.006960 0.861946 0.321755
v 0.005891 0.862181 0.321916
v 0.004801 0.862320 0.322018
v 0.006835 0.861471 0.322087
v 0.005807 0.861698 0.322243
v 0.004759 0.861832 0.322342
v 0.006701 0.860974 0.322428
v 0.005717 0.861194 0.322577
v 0.004714 0.861323 0.322673
v 0.006405 0.859949 0.323115
v 0.005519 0.860151 0.323253
v 0.004616 0.860270 0.323341
v 0.006243 0.859436 0.323449
v 0.005411 0.859630 0.323581
v 0.004564 0.859744 0.323665
v 0.006073 0.858936 0.323765
v 0.005299 0.859122 0.323892
v 0.004511 0.859231 0.323972
v 0.009592 0.858389 0.322137
v 0.008867 0.858880 0.322436
v 0.008088 0.859308 0.322702
v 0.009232 0.857948 0.322502
v 0.008553 0.858417 0.322792
v 0.007823 0.858825 0.323050
v 0.008850 0.857516 0.322848
v 0.008221 0.857964 0.323129
v 0.007543 0.858353 0.323379
v 0.020386 0.846093 0.283836
v 0.021690 0.847776 0.284740
v 0.022833 0.849573 0.285745
v 0.020476 0.845859 0.284322
v 0.021787 0.847553 0.285233
v 0.022935 0.849361 0.286246
v 0.020524 0.845669 0.284796
v 0.021838 0.847370 0.285713
v 0.022990 0.849186 0.286731
v 0.024580 0.853423 0.287967
v 0.025166 0.855432 0.289138
v 0.025552 0.857465 0.290314
v 0.024692 0.853234 0.288485
v 0.025280 0.855254 0.289663
v 0.025668 0.857297 0.290848
v 0.024752 0.853072 0.288981
v 0.025342 0.855097 0.290166
v 0.025730 0.857145 0.291356
v 0.024739 0.852813 0.289913
v 0.025332 0.854833 0.291103
v 0.025723 0.856877 0.292299
v 0.024681 0.852710 0.290351
v 0.025275 0.854723 0.291542
v 0.025668 0.856759 0.292737
v 0.024600 0.852621 0.290774
v 0.025195 0.854624 0.291963
v 0.025589 0.856650 0.293156
v 0.020518 0.845417 0.285705
v 0.021828 0.847118 0.286626
v 0.022977 0.848932 0.287650
v 0.020475 0.845343 0.286141
v 0.021779 0.847038 0.287062
v 0.022923 0.848846 0.288087
v 0.020412 0.845292 0.286568
v 0.021710 0.846979 0.287489
v 0.022848 0.848777 0.288513
v 0.001225 0.879448 0.302565
v -0.001019 0.879125 0.302395
v -0.003214 0.878606 0.302111
v 0.001218 0.879390 0.303158
v -0.001037 0.879068 0.302987
v -0.003245 0.878550 0.302702
v 0.001213 0.879293 0.303694
v -0.001048 0.878973 0.303522
v -0.003261 0.878456 0.303237
v -0.007361 0.877016 0.301243
v -0.009268 0.875966 0.300680
v -0.011038 0.874762 0.300044
v -0.007417 0.876956 0.301831
v -0.009337 0.875900 0.301266
v -0.011118 0.874689 0.300627
v -0.007447 0.876862 0.302365
v -0.009374 0.875803 0.301799
v -0.011161 0.874588 0.301159
v -0.007440 0.876586 0.303293
v -0.009363 0.875529 0.302726
v -0.011146 0.874314 0.302086
v -0.007408 0.876414 0.303698
v -0.009322 0.875360 0.303132
v -0.011096 0.874148 0.302493
v -0.007363 0.876225 0.304076
v -0.009266 0.875175 0.303511
v -0.011030 0.873969 0.302872
v 0.001212 0.879004 0.304623
v -0.001048 0.878688 0.304450
v -0.003260 0.878175 0.304164
v 0.001216 0.878824 0.305028
v -0.001039 0.878508 0.304855
v -0.003244 0.877998 0.304570
v 0.001223 0.878628 0.305403
v -0.001023 0.878312 0.305231
v -0.003219 0.877803 0.304946
v -0.009868 0.842908 0.282645
v -0.008145 0.841695 0.282112
v -0.006318 0.840656 0.281693
v -0.009945 0.842670 0.283110
v -0.008211 0.841452 0.282573
v -0.006372 0.840408 0.282151
v -0.009989 0.842482 0.283567
v -0.008247 0.841262 0.283027
v -0.006400 0.840216 0.282604
v -0.002418 0.839132 0.281144
v -0.000379 0.838658 0.280989
v 0.001695 0.838379 0.280896
v -0.002447 0.838875 0.281598
v -0.000396 0.838397 0.281442
v 0.001689 0.838115 0.281349
v -0.002461 0.838677 0.282050
v -0.000404 0.838196 0.281893
v 0.001687 0.837912 0.281800
v -0.002446 0.838425 0.282950
v -0.000392 0.837944 0.282793
v 0.001695 0.837659 0.282700
v -0.002423 0.838355 0.283397
v -0.000376 0.837876 0.283240
v 0.001703 0.837594 0.283146
v -0.002394 0.838313 0.283838
v -0.000356 0.837838 0.283682
v 0.001713 0.837559 0.283589
v -0.009981 0.842228 0.284469
v -0.008236 0.841009 0.283928
v -0.006386 0.839963 0.283504
v -0.009937 0.842149 0.284914
v -0.008196 0.840932 0.284374
v -0.006351 0.839889 0.283951
v -0.009876 0.842094 0.285354
v -0.008142 0.840881 0.284814
v -0.006304 0.839840 0.284391
v -0.018297 0.857097 0.290676
v -0.017870 0.855083 0.289483
v -0.017244 0.853093 0.288294
v -0.018410 0.856929 0.291210
v -0.017981 0.854904 0.290009
v -0.017353 0.852905 0.288812
v -0.018469 0.856774 0.291715
v -0.018040 0.854744 0.290510
v -0.017411 0.852740 0.289306
v -0.015431 0.849276 0.286039
v -0.014265 0.847492 0.285021
v -0.012942 0.845822 0.284103
v -0.015534 0.849068 0.286537
v -0.014365 0.847276 0.285508
v -0.013036 0.845598 0.284581
v -0.015591 0.848894 0.287017
v -0.014420 0.847097 0.285982
v -0.013090 0.845415 0.285048
v -0.015576 0.848625 0.287935
v -0.014409 0.846833 0.286895
v -0.013081 0.845156 0.285956
v -0.015516 0.848524 0.288375
v -0.014353 0.846739 0.287336
v -0.013030 0.845067 0.286400
v -0.015435 0.848439 0.288803
v -0.014276 0.846662 0.287769
v -0.012957 0.844999 0.286835
v -0.018447 0.856499 0.292641
v -0.018018 0.854469 0.291435
v -0.017390 0.852466 0.290230
v -0.018380 0.856375 0.293069
v -0.017952 0.854350 0.291866
v -0.017325 0.852351 0.290664
v -0.018290 0.856260 0.293479
v -0.017863 0.854242 0.292281
v -0.017238 0.852250 0.291084
v 0.018043 0.875003 0.299784
v 0.016267 0.876166 0.300451
v 0.014356 0.877175 0.301049
v 0.018125 0.874930 0.300374
v 0.016338 0.876099 0.301045
v 0.014415 0.877113 0.301646
v 0.018171 0.874826 0.300915
v 0.016376 0.876000 0.301589
v 0.014445 0.877016 0.302192
v 0.010205 0.878691 0.301991
v 0.008009 0.879180 0.302315
v 0.005763 0.879475 0.302525
v 0.010241 0.878633 0.302591
v 0.008033 0.879121 0.302913
v 0.005778 0.879416 0.303121
v 0.010257 0.878538 0.303136
v 0.008044 0.879025 0.303456
v 0.005784 0.879318 0.303661
v 0.010243 0.878255 0.304080
v 0.008033 0.878739 0.304395
v 0.005776 0.879029 0.304596
v 0.010219 0.878077 0.304489
v 0.008017 0.878561 0.304802
v 0.005767 0.878850 0.305002
v 0.010190 0.877885 0.304864
v 0.007997 0.878366 0.305177
v 0.005756 0.878655 0.305376
v 0.018163 0.874538 0.301866
v 0.016365 0.875714 0.302540
v 0.014431 0.876733 0.303142
v 0.018119 0.874363 0.302286
v 0.016325 0.875538 0.302956
v 0.014396 0.876557 0.303555
v 0.018058 0.874177 0.302676
v 0.016271 0.875349 0.303342
v 0.014350 0.876366 0.303937
v 0.001919 0.850388 0.321163
v 0.001957 0.849859 0.320800
v 0.002012 0.849340 0.320438
v 0.002214 0.850483 0.321045
v 0.002245 0.849966 0.320684
v 0.002292 0.849458 0.320327
v 0.002447 0.850596 0.320902
v 0.002473 0.850086 0.320543
v 0.002512 0.849586 0.320187
v 0.002177 0.848355 0.319751
v 0.002284 0.847900 0.319439
v 0.002404 0.847476 0.319155
v 0.002432 0.848494 0.319653
v 0.002523 0.848049 0.319349
v 0.002625 0.847635 0.319074
v 0.002633 0.848641 0.319525
v 0.002711 0.848205 0.319230
v 0.002798 0.847800 0.318965
v 0.002906 0.848936 0.319264
v 0.002962 0.848518 0.318987
v 0.003024 0.848136 0.318743
v 0.002995 0.849068 0.319158
v 0.003041 0.848660 0.318890
v 0.003091 0.848295 0.318662
v 0.003067 0.849178 0.319079
v 0.003103 0.848777 0.318818
v 0.003140 0.848430 0.318608
v 0.002765 0.850850 0.320624
v 0.002786 0.850348 0.320262
v 0.002817 0.849856 0.319908
v 0.002872 0.850980 0.320521
v 0.002892 0.850476 0.320157
v 0.002919 0.849984 0.319800
v 0.002958 0.851103 0.320461
v 0.002977 0.850593 0.320091
v 0.003003 0.850097 0.319728
v 0.005700 0.851546 0.321769
v 0.005682 0.852064 0.322100
v 0.005646 0.852567 0.322419
v 0.005400 0.851622 0.321649
v 0.005383 0.852131 0.321977
v 0.005352 0.852626 0.322292
v 0.005163 0.851719 0.321505
v 0.005148 0.852222 0.321831
v 0.005121 0.852709 0.322144
v 0.005525 0.853510 0.323014
v 0.005439 0.853943 0.323289
v 0.005337 0.854348 0.323547
v 0.005249 0.853551 0.322879
v 0.005178 0.853974 0.323148
v 0.005092 0.854369 0.323400
v 0.005033 0.853617 0.322721
v 0.004972 0.854031 0.322984
v 0.004899 0.854415 0.323228
v 0.004752 0.853803 0.322404
v 0.004708 0.854190 0.322650
v 0.004655 0.854545 0.322877
v 0.004667 0.853912 0.322277
v 0.004631 0.854282 0.322513
v 0.004586 0.854613 0.322728
v 0.004600 0.854031 0.322191
v 0.004571 0.854381 0.322416
v 0.004537 0.854679 0.322617
v 0.004844 0.851961 0.321226
v 0.004834 0.852455 0.321547
v 0.004814 0.852932 0.321852
v 0.004739 0.852093 0.321123
v 0.004732 0.852586 0.321442
v 0.004717 0.853060 0.321741
v 0.004653 0.852221 0.321064
v 0.004649 0.852718 0.321379
v 0.004639 0.853191 0.321672
v 0.003589 0.856269 0.324827
v 0.003386 0.856182 0.324774
v 0.003188 0.856041 0.324686
v 0.003618 0.856234 0.324659
v 0.003445 0.856151 0.324607
v 0.003276 0.856016 0.324522
v 0.003641 0.856218 0.324461
v 0.003492 0.856138 0.324412
v 0.003347 0.856008 0.324328
v 0.002822 0.855605 0.324418
v 0.002659 0.855318 0.324245
v 0.002511 0.854994 0.324049
v 0.002969 0.855594 0.324262
v 0.002834 0.855315 0.324093
v 0.002711 0.854999 0.323902
v 0.003084 0.855602 0.324077
v 0.002971 0.855333 0.323914
v 0.002868 0.855027 0.323730
v 0.003234 0.855618 0.323661
v 0.003146 0.855379 0.323518
v 0.003068 0.855106 0.323356
v 0.003274 0.855591 0.323447
v 0.003192 0.855374 0.323317
v 0.003121 0.855127 0.323173
v 0.003295 0.855519 0.323237
v 0.003218 0.855324 0.323123
v 0.003152 0.855109 0.323005
v 0.003672 0.856174 0.324015
v 0.003554 0.856099 0.323967
v 0.003439 0.855980 0.323889
v 0.003682 0.856113 0.323785
v 0.003572 0.856041 0.323737
v 0.003465 0.855927 0.323661
v 0.003688 0.856003 0.323566
v 0.003582 0.855933 0.323517
v 0.003480 0.855827 0.323441
v 0.003988 0.845592 0.318159
v 0.004166 0.845669 0.318177
v 0.004340 0.845793 0.318213
v 0.003958 0.845817 0.318108
v 0.004107 0.845893 0.318124
v 0.004253 0.846013 0.318157
v 0.003934 0.846061 0.318039
v 0.004062 0.846135 0.318052
v 0.004187 0.846252 0.318081
v 0.004664 0.846182 0.318358
v 0.004811 0.846446 0.318477
v 0.004950 0.846756 0.318633
v 0.004524 0.846387 0.318295
v 0.004647 0.846640 0.318410
v 0.004763 0.846938 0.318563
v 0.004417 0.846608 0.318210
v 0.004521 0.846848 0.318321
v 0.004619 0.847132 0.318469
v 0.004291 0.847105 0.318070
v 0.004369 0.847309 0.318164
v 0.004442 0.847555 0.318292
v 0.004262 0.847387 0.318052
v 0.004333 0.847566 0.318132
v 0.004397 0.847781 0.318245
v 0.004249 0.847699 0.318092
v 0.004315 0.847846 0.318154
v 0.004372 0.848015 0.318246
v 0.003907 0.846625 0.317937
v 0.004011 0.846694 0.317945
v 0.004111 0.846799 0.317966
v 0.003902 0.846954 0.317948
v 0.004001 0.847019 0.317953
v 0.004096 0.847114 0.317968
v 0.003900 0.847319 0.318029
v 0.003997 0.847377 0.318029
v 0.004089 0.847462 0.318036
v 0.020464 0.854360 0.223403
v 0.021854 0.856207 0.223937
v 0.023074 0.858165 0.224565
v 0.020296 0.853845 0.229869
v 0.021674 0.855670 0.230448
v 0.022883 0.857604 0.231122
v 0.020111 0.853329 0.236165
v 0.021473 0.855128 0.236782
v 0.022669 0.857036 0.237498
v 0.024948 0.862327 0.226067
v 0.025581 0.864489 0.226919
v 0.025999 0.866676 0.227819
v 0.024740 0.861719 0.232721
v 0.025366 0.863856 0.233620
v 0.025780 0.866017 0.234566
v 0.024506 0.861099 0.239180
v 0.025125 0.863209 0.240118
v 0.025534 0.865343 0.241100
v 0.023977 0.859889 0.251173
v 0.024580 0.861938 0.252163
v 0.024979 0.864008 0.253189
v 0.023694 0.859324 0.256551
v 0.024289 0.861340 0.257554
v 0.024682 0.863375 0.258591
v 0.023408 0.858800 0.261420
v 0.023994 0.860781 0.262432
v 0.024382 0.862781 0.263473
v 0.019702 0.852351 0.247916
v 0.021028 0.854094 0.248594
v 0.022190 0.855945 0.249373
v 0.019487 0.851912 0.253213
v 0.020792 0.853625 0.253913
v 0.021935 0.855445 0.254714
v 0.019272 0.851516 0.258022
v 0.020554 0.853198 0.258740
v 0.021678 0.854987 0.259556
v -0.000055 0.890932 0.239524
v -0.002451 0.890571 0.239365
v -0.004794 0.889987 0.239094
v 0.000012 0.889884 0.246589
v -0.002359 0.889532 0.246424
v -0.004679 0.888963 0.246146
v 0.000085 0.888803 0.253316
v -0.002259 0.888459 0.253147
v -0.004552 0.887904 0.252864
v -0.009227 0.888185 0.238245
v -0.011269 0.886993 0.237682
v -0.013163 0.885631 0.237039
v -0.009067 0.887204 0.245279
v -0.011088 0.886038 0.244705
v -0.012961 0.884703 0.244049
v -0.008888 0.886185 0.251985
v -0.010885 0.885045 0.251405
v -0.012736 0.883738 0.250742
v -0.008485 0.884109 0.264142
v -0.010426 0.883018 0.263561
v -0.012225 0.881766 0.262900
v -0.008264 0.883090 0.269474
v -0.010175 0.882022 0.268897
v -0.011947 0.880796 0.268242
v -0.008034 0.882114 0.274239
v -0.009914 0.881067 0.273669
v -0.011657 0.879866 0.273023
v 0.000246 0.886616 0.265488
v -0.002035 0.886285 0.265315
v -0.004266 0.885753 0.265027
v 0.000332 0.885550 0.270817
v -0.001913 0.885224 0.270643
v -0.004111 0.884701 0.270356
v 0.000424 0.884529 0.275572
v -0.001786 0.884208 0.275399
v -0.003948 0.883694 0.275114
v -0.011851 0.850829 0.222846
v -0.010009 0.849470 0.222577
v -0.008059 0.848294 0.222387
v -0.011665 0.850360 0.229245
v -0.009841 0.849023 0.228949
v -0.007911 0.847867 0.228735
v -0.011455 0.849893 0.235482
v -0.009652 0.848579 0.235160
v -0.007745 0.847444 0.234925
v -0.003898 0.846542 0.222180
v -0.001722 0.845986 0.222135
v 0.000492 0.845653 0.222112
v -0.003795 0.846147 0.228495
v -0.001644 0.845602 0.228440
v 0.000545 0.845276 0.228412
v -0.003679 0.845760 0.234656
v -0.001556 0.845227 0.234593
v 0.000604 0.844909 0.234560
v -0.003421 0.845055 0.246174
v -0.001358 0.844550 0.246095
v 0.000739 0.844249 0.246053
v -0.003281 0.844755 0.251370
v -0.001249 0.844263 0.251285
v 0.000816 0.843971 0.251239
v -0.003134 0.844498 0.256093
v -0.001134 0.844018 0.256002
v 0.000899 0.843735 0.255952
v -0.010983 0.849020 0.247125
v -0.009230 0.847755 0.246763
v -0.007374 0.846666 0.246493
v -0.010726 0.848636 0.252372
v -0.009001 0.847396 0.251994
v -0.007174 0.846329 0.251711
v -0.010459 0.848298 0.257136
v -0.008763 0.847082 0.256744
v -0.006966 0.846037 0.256450
v 0.004961 0.845680 0.222085
v 0.007174 0.846041 0.222081
v 0.009347 0.846628 0.222098
v 0.004959 0.845302 0.228387
v 0.007146 0.845656 0.228388
v 0.009292 0.846232 0.228415
v 0.004958 0.844936 0.234535
v 0.007114 0.845283 0.234541
v 0.009232 0.845846 0.234576
v 0.013483 0.848455 0.222245
v 0.015413 0.849674 0.222404
v 0.017229 0.851075 0.222640
v 0.013383 0.848026 0.228593
v 0.015293 0.849225 0.228773
v 0.017091 0.850605 0.229035
v 0.013272 0.847606 0.234781
v 0.015161 0.848782 0.234980
v 0.016940 0.850138 0.235267
v 0.013037 0.846842 0.246349
v 0.014877 0.847970 0.246583
v 0.016612 0.849272 0.246912
v 0.012920 0.846514 0.251570
v 0.014733 0.847618 0.251821
v 0.016444 0.848893 0.252167
v 0.012807 0.846229 0.256315
v 0.014593 0.847308 0.256579
v 0.016277 0.848556 0.256942
v 0.004963 0.844282 0.246028
v 0.007054 0.844616 0.246044
v 0.009109 0.845157 0.246094
v 0.004973 0.844008 0.251214
v 0.007030 0.844337 0.251234
v 0.009051 0.844867 0.251292
v 0.004989 0.843775 0.255927
v 0.007012 0.844098 0.255951
v 0.009000 0.844617 0.256015
v -0.020910 0.866215 0.228187
v -0.020459 0.864043 0.227284
v -0.019791 0.861903 0.226426
v -0.020632 0.865558 0.234917
v -0.020184 0.863411 0.233969
v -0.019521 0.861295 0.233065
v -0.020318 0.864886 0.241436
v -0.019872 0.862767 0.240452
v -0.019215 0.860676 0.239509
v -0.017841 0.857790 0.224892
v -0.016582 0.855859 0.224238
v -0.015153 0.854041 0.223673
v -0.017589 0.857229 0.231440
v -0.016344 0.855322 0.230745
v -0.014931 0.853527 0.230141
v -0.017306 0.856662 0.237808
v -0.016076 0.854780 0.237076
v -0.014682 0.853010 0.236437
v -0.016660 0.855573 0.249667
v -0.015468 0.853746 0.248876
v -0.014117 0.852031 0.248180
v -0.016307 0.855076 0.255001
v -0.015137 0.853279 0.254186
v -0.013808 0.851593 0.253468
v -0.015941 0.854623 0.259839
v -0.014792 0.852857 0.259004
v -0.013488 0.851201 0.258266
v -0.019590 0.863566 0.253517
v -0.019154 0.861507 0.252485
v -0.018514 0.859474 0.251487
v -0.019187 0.862946 0.258925
v -0.018757 0.860919 0.257879
v -0.018128 0.858917 0.256864
v -0.018768 0.862365 0.263815
v -0.018347 0.860371 0.262761
v -0.017729 0.858402 0.261734
v 0.017999 0.885912 0.236777
v 0.016086 0.887223 0.237450
v 0.014026 0.888362 0.238047
v 0.017857 0.884977 0.243794
v 0.015968 0.886262 0.244483
v 0.013934 0.887377 0.245092
v 0.017697 0.884003 0.250497
v 0.015834 0.885264 0.251194
v 0.013829 0.886356 0.251811
v 0.009559 0.890074 0.238971
v 0.007202 0.890624 0.239281
v 0.004796 0.890957 0.239482
v 0.009521 0.889050 0.246034
v 0.007191 0.889586 0.246349
v 0.004812 0.889910 0.246551
v 0.009476 0.887992 0.252763
v 0.007176 0.888515 0.253080
v 0.004828 0.888830 0.253283
v 0.009372 0.885854 0.264943
v 0.007139 0.886352 0.265260
v 0.004857 0.886649 0.265461
v 0.009318 0.884812 0.270276
v 0.007120 0.885298 0.270591
v 0.004873 0.885587 0.270791
v 0.009267 0.883813 0.275036
v 0.007104 0.884288 0.275349
v 0.004893 0.884569 0.275547
v 0.017345 0.882023 0.262678
v 0.015539 0.883236 0.263374
v 0.013595 0.884287 0.263991
v 0.017164 0.881056 0.268033
v 0.015386 0.882246 0.268721
v 0.013473 0.883277 0.269331
v 0.016985 0.880129 0.272824
v 0.015237 0.881296 0.273502
v 0.013355 0.882308 0.274104
v -0.016413 0.882469 0.235546
v -0.017739 0.880702 0.234715
v -0.018857 0.878829 0.233839
v -0.016178 0.881597 0.242525
v -0.017492 0.879857 0.241674
v -0.018599 0.878010 0.240776
v -0.015915 0.880689 0.249203
v -0.017213 0.878977 0.248344
v -0.018308 0.877159 0.247434
v -0.020443 0.874821 0.231987
v -0.020902 0.872717 0.231032
v -0.021134 0.870570 0.230073
v -0.020171 0.874057 0.238870
v -0.020626 0.871980 0.237882
v -0.020857 0.869860 0.236886
v -0.019864 0.873265 0.245497
v -0.020315 0.871220 0.244488
v -0.020542 0.869131 0.243468
v -0.019159 0.871674 0.257678
v -0.019595 0.869700 0.256658
v -0.019814 0.867680 0.255618
v -0.018770 0.870907 0.263090
v -0.019197 0.868971 0.262076
v -0.019410 0.866989 0.261038
v -0.018366 0.870180 0.267961
v -0.018783 0.868281 0.266958
v -0.018990 0.866337 0.265927
v -0.015317 0.878835 0.261373
v -0.016581 0.877184 0.260521
v -0.017647 0.875431 0.259617
v -0.014991 0.877925 0.266736
v -0.016235 0.876308 0.265897
v -0.017285 0.874590 0.265007
v -0.014652 0.877055 0.271543
v -0.015876 0.875471 0.270721
v -0.016908 0.873788 0.269848
v 0.026165 0.871033 0.229707
v 0.025907 0.873168 0.230668
v 0.025423 0.875254 0.231628
v 0.025941 0.870321 0.236535
v 0.025683 0.872427 0.237532
v 0.025202 0.874485 0.238523
v 0.025691 0.869587 0.243130
v 0.025434 0.871663 0.244151
v 0.024956 0.873690 0.245162
v 0.023787 0.879227 0.233497
v 0.022644 0.881083 0.234387
v 0.021293 0.882827 0.235236
v 0.023580 0.878401 0.240443
v 0.022448 0.880228 0.241353
v 0.021112 0.881945 0.242221
v 0.023348 0.877543 0.247110
v 0.022229 0.879340 0.248031
v 0.020909 0.881027 0.248907
v 0.022839 0.875806 0.259301
v 0.021748 0.877536 0.260221
v 0.020463 0.879159 0.261093
v 0.022574 0.874961 0.264689
v 0.021499 0.876656 0.265600
v 0.020233 0.878247 0.266464
v 0.022309 0.874154 0.269528
v 0.021251 0.875816 0.270427
v 0.020006 0.877375 0.271279
v 0.025130 0.868122 0.255282
v 0.024877 0.870130 0.256322
v 0.024409 0.872089 0.257345
v 0.024831 0.867419 0.260691
v 0.024582 0.869392 0.261729
v 0.024121 0.871315 0.262747
v 0.024531 0.866754 0.265570
v 0.024286 0.868691 0.266601
v 0.023832 0.870579 0.267609
v 0.023954 0.865587 0.273504
v 0.023719 0.867456 0.274511
v 0.023280 0.869276 0.275491
v 0.023697 0.865094 0.276558
v 0.023467 0.866933 0.277552
v 0.023036 0.868724 0.278517
v 0.023478 0.864659 0.279082
v 0.023252 0.866472 0.280064
v 0.022828 0.868236 0.281014
v 0.021807 0.872721 0.277348
v 0.020783 0.874321 0.278217
v 0.019578 0.875821 0.279040
v 0.021586 0.872112 0.280342
v 0.020578 0.873684 0.281194
v 0.019392 0.875158 0.282001
v 0.021399 0.871574 0.282807
v 0.020406 0.873122 0.283644
v 0.019236 0.874574 0.284436
v 0.021172 0.870710 0.286433
v 0.020197 0.872223 0.287245
v 0.019050 0.873639 0.288014
v 0.021147 0.870378 0.287745
v 0.020176 0.871879 0.288550
v 0.019032 0.873285 0.289311
v 0.021186 0.870104 0.288835
v 0.020215 0.871600 0.289636
v 0.019071 0.873000 0.290393
v 0.023201 0.863945 0.282800
v 0.022982 0.865720 0.283762
v 0.022570 0.867447 0.284689
v 0.023160 0.863653 0.284140
v 0.022944 0.865419 0.285096
v 0.022536 0.867136 0.286016
v 0.023192 0.863393 0.285243
v 0.022978 0.865157 0.286197
v 0.022572 0.866871 0.287115
v -0.013950 0.875509 0.279288
v -0.015134 0.873989 0.278499
v -0.016131 0.872372 0.277660
v -0.013606 0.874852 0.282242
v -0.014771 0.873360 0.281467
v -0.015753 0.871773 0.280643
v -0.013286 0.874272 0.284671
v -0.014434 0.872805 0.283908
v -0.015403 0.871243 0.283097
v -0.017540 0.868901 0.275841
v -0.017942 0.867070 0.274868
v -0.018141 0.865195 0.273860
v -0.017141 0.868360 0.278854
v -0.017538 0.866558 0.277896
v -0.017735 0.864712 0.276902
v -0.016774 0.867880 0.281336
v -0.017167 0.866104 0.280392
v -0.017363 0.864283 0.279411
v -0.016201 0.867091 0.284988
v -0.016586 0.865353 0.284066
v -0.016779 0.863571 0.283106
v -0.016019 0.866773 0.286312
v -0.016402 0.865046 0.285397
v -0.016592 0.863275 0.284442
v -0.015919 0.866498 0.287412
v -0.016300 0.864776 0.286499
v -0.016488 0.863010 0.285546
v -0.012778 0.873338 0.288243
v -0.013904 0.871905 0.287498
v -0.014855 0.870380 0.286706
v -0.012612 0.872980 0.289542
v -0.013733 0.871556 0.288802
v -0.014680 0.870040 0.288017
v -0.012515 0.872692 0.290628
v -0.013635 0.871271 0.289892
v -0.014582 0.869758 0.289110
v 0.016657 0.878469 0.280529
v 0.014966 0.879592 0.281183
v 0.013146 0.880565 0.281763
v 0.016517 0.877758 0.283462
v 0.014854 0.878859 0.284103
v 0.013063 0.879813 0.284672
v 0.016403 0.877130 0.285870
v 0.014764 0.878213 0.286500
v 0.012998 0.879150 0.287059
v 0.009188 0.882014 0.282665
v 0.007093 0.882471 0.282968
v 0.004951 0.882743 0.283161
v 0.009165 0.881238 0.285557
v 0.007101 0.881689 0.285855
v 0.004991 0.881958 0.286045
v 0.009155 0.880553 0.287928
v 0.007119 0.880999 0.288221
v 0.005037 0.881266 0.288408
v 0.009176 0.879477 0.291402
v 0.007182 0.879915 0.291688
v 0.005143 0.880177 0.291872
v 0.009209 0.879090 0.292668
v 0.007227 0.879524 0.292952
v 0.005201 0.879782 0.293136
v 0.009260 0.878798 0.293734
v 0.007282 0.879230 0.294018
v 0.005260 0.879486 0.294203
v 0.016272 0.876134 0.289405
v 0.014667 0.877190 0.290015
v 0.012939 0.878106 0.290558
v 0.016267 0.875763 0.290688
v 0.014670 0.876814 0.291293
v 0.012950 0.877726 0.291830
v 0.016306 0.875474 0.291762
v 0.014711 0.876524 0.292364
v 0.012994 0.877436 0.292899
v -0.017925 0.861359 0.271771
v -0.017518 0.859434 0.270717
v -0.016921 0.857531 0.269681
v -0.017524 0.860938 0.274832
v -0.017123 0.859045 0.273781
v -0.016535 0.857175 0.272747
v -0.017156 0.860564 0.277360
v -0.016760 0.858700 0.276315
v -0.016181 0.856860 0.275283
v -0.015196 0.853883 0.267748
v -0.014086 0.852179 0.266888
v -0.012827 0.850581 0.266123
v -0.014836 0.853590 0.270807
v -0.013745 0.851916 0.269940
v -0.012506 0.850346 0.269166
v -0.014506 0.853332 0.273340
v -0.013429 0.851684 0.272469
v -0.012208 0.850139 0.271690
v -0.013988 0.852864 0.277078
v -0.012934 0.851253 0.276202
v -0.011738 0.849743 0.275416
v -0.013823 0.852630 0.278419
v -0.012776 0.851028 0.277541
v -0.011586 0.849527 0.276752
v -0.013731 0.852383 0.279509
v -0.012686 0.850784 0.278627
v -0.011498 0.849285 0.277833
v -0.016578 0.859932 0.281086
v -0.016192 0.858110 0.280049
v -0.015626 0.856311 0.279022
v -0.016393 0.859659 0.282428
v -0.016010 0.857847 0.281393
v -0.015449 0.856058 0.280366
v -0.016289 0.859402 0.283531
v -0.015909 0.857593 0.282493
v -0.015351 0.855807 0.281463
v 0.005044 0.843443 0.263658
v 0.007001 0.843752 0.263688
v 0.008923 0.844250 0.263761
v 0.005083 0.843331 0.266659
v 0.007009 0.843633 0.266689
v 0.008902 0.844119 0.266765
v 0.005129 0.843233 0.269148
v 0.007029 0.843527 0.269180
v 0.008895 0.844003 0.269257
v 0.012605 0.845793 0.264092
v 0.014334 0.846828 0.264378
v 0.015964 0.848025 0.264764
v 0.012525 0.845632 0.267106
v 0.014226 0.846647 0.267399
v 0.015829 0.847823 0.267793
v 0.012466 0.845490 0.269606
v 0.014141 0.846489 0.269904
v 0.015721 0.847646 0.270305
v 0.012430 0.845206 0.273293
v 0.014068 0.846181 0.273601
v 0.015613 0.847311 0.274013
v 0.012458 0.845033 0.274610
v 0.014087 0.846001 0.274923
v 0.015623 0.847123 0.275339
v 0.012516 0.844818 0.275670
v 0.014143 0.845783 0.275988
v 0.015676 0.846901 0.276410
v 0.005243 0.843007 0.272819
v 0.007105 0.843294 0.272852
v 0.008932 0.843757 0.272932
v 0.005308 0.842848 0.274127
v 0.007159 0.843133 0.274160
v 0.008978 0.843593 0.274242
v 0.005374 0.842635 0.275177
v 0.007223 0.842921 0.275211
v 0.009041 0.843381 0.275295
v -0.009904 0.847784 0.264943
v -0.008266 0.846614 0.264531
v -0.006530 0.845609 0.264219
v -0.009631 0.847597 0.267969
v -0.008020 0.846447 0.267550
v -0.006312 0.845460 0.267232
v -0.009375 0.847433 0.270480
v -0.007787 0.846301 0.270054
v -0.006104 0.845329 0.269731
v -0.002823 0.844132 0.263837
v -0.000885 0.843673 0.263738
v 0.001084 0.843403 0.263684
v -0.002663 0.844010 0.266841
v -0.000755 0.843558 0.266740
v 0.001184 0.843294 0.266684
v -0.002508 0.843902 0.269332
v -0.000627 0.843459 0.269230
v 0.001285 0.843198 0.269173
v -0.002232 0.843655 0.273007
v -0.000392 0.843225 0.272902
v 0.001479 0.842973 0.272844
v -0.002123 0.843484 0.274317
v -0.000294 0.843059 0.274210
v 0.001565 0.842810 0.274152
v -0.002041 0.843264 0.275370
v -0.000216 0.842841 0.275261
v 0.001638 0.842595 0.275202
v -0.008961 0.847099 0.274188
v -0.007404 0.845994 0.273751
v -0.005754 0.845045 0.273418
v -0.008820 0.846900 0.275514
v -0.007270 0.845802 0.275073
v -0.005627 0.844861 0.274735
v -0.008733 0.846665 0.276585
v -0.007182 0.845571 0.276138
v -0.005539 0.844634 0.275795
v 0.000625 0.882702 0.283186
v -0.001512 0.882391 0.283018
v -0.003603 0.881894 0.282740
v 0.000732 0.881921 0.286071
v -0.001372 0.881614 0.285906
v -0.003428 0.881125 0.285634
v 0.000837 0.881231 0.288435
v -0.001236 0.880930 0.288274
v -0.003262 0.880447 0.288007
v -0.007552 0.880370 0.281891
v -0.009369 0.879363 0.281338
v -0.011054 0.878209 0.280713
v -0.007313 0.879626 0.284799
v -0.009100 0.878636 0.284256
v -0.010757 0.877502 0.283642
v -0.007088 0.878970 0.287188
v -0.008848 0.877995 0.286654
v -0.010479 0.876879 0.286050
v -0.006722 0.877926 0.290702
v -0.008440 0.876973 0.290181
v -0.010033 0.875883 0.289590
v -0.006596 0.877538 0.291985
v -0.008302 0.876592 0.291467
v -0.009884 0.875508 0.290880
v -0.006514 0.877240 0.293063
v -0.008215 0.876295 0.292547
v -0.009792 0.875215 0.291961
v 0.001030 0.880142 0.291904
v -0.001000 0.879845 0.291752
v -0.002983 0.879372 0.291497
v 0.001110 0.879744 0.293172
v -0.000908 0.879448 0.293024
v -0.002880 0.878976 0.292772
v 0.001177 0.879444 0.294243
v -0.000838 0.879147 0.294097
v -0.002807 0.878675 0.293847
v 0.018860 0.850874 0.265894
v 0.020098 0.852496 0.266636
v 0.021184 0.854222 0.267474
v 0.018678 0.850622 0.268940
v 0.019897 0.852216 0.269690
v 0.020965 0.853913 0.270535
v 0.018527 0.850400 0.271465
v 0.019728 0.851968 0.272220
v 0.020781 0.853639 0.273070
v 0.022858 0.857905 0.269368
v 0.023427 0.859818 0.270388
v 0.023805 0.861751 0.271430
v 0.022614 0.857535 0.272439
v 0.023175 0.859418 0.273460
v 0.023548 0.861320 0.274500
v 0.022406 0.857207 0.274980
v 0.022960 0.859063 0.276002
v 0.023329 0.860938 0.277039
v 0.022150 0.856643 0.278727
v 0.022691 0.858461 0.279748
v 0.023052 0.860298 0.280781
v 0.022118 0.856388 0.280072
v 0.022654 0.858196 0.281094
v 0.023011 0.860024 0.282127
v 0.022155 0.856137 0.281170
v 0.022688 0.857942 0.282195
v 0.023043 0.859768 0.283230
v 0.018357 0.849997 0.275192
v 0.019532 0.851526 0.275954
v 0.020562 0.853155 0.276810
v 0.018351 0.849788 0.276527
v 0.019518 0.851305 0.277293
v 0.020542 0.852923 0.278151
v 0.018399 0.849557 0.277608
v 0.019564 0.851068 0.278379
v 0.020585 0.852680 0.279241
v 0.005870 0.838419 0.280856
v 0.007935 0.838737 0.280909
v 0.009962 0.839250 0.281028
v 0.005888 0.838152 0.281311
v 0.007966 0.838471 0.281368
v 0.010004 0.838984 0.281489
v 0.005900 0.837946 0.281766
v 0.007984 0.838265 0.281824
v 0.010030 0.838779 0.281949
v 0.013831 0.840841 0.281511
v 0.015641 0.841907 0.281903
v 0.017347 0.843144 0.282413
v 0.013893 0.840580 0.281980
v 0.015710 0.841651 0.282375
v 0.017423 0.842893 0.282889
v 0.013929 0.840376 0.282443
v 0.015750 0.841449 0.282840
v 0.017466 0.842694 0.283356
v 0.013930 0.840124 0.283343
v 0.015751 0.841196 0.283741
v 0.017466 0.842441 0.284258
v 0.013901 0.840061 0.283779
v 0.015719 0.841132 0.284176
v 0.017431 0.842376 0.284693
v 0.013858 0.840025 0.284209
v 0.015671 0.841094 0.284605
v 0.017379 0.842335 0.285122
v 0.005902 0.837694 0.282665
v 0.007985 0.838012 0.282724
v 0.010030 0.838526 0.282849
v 0.005895 0.837631 0.283109
v 0.007971 0.837950 0.283166
v 0.010010 0.838464 0.283288
v 0.005884 0.837599 0.283549
v 0.007950 0.837917 0.283602
v 0.009980 0.838430 0.283721
v 0.025701 0.861507 0.292590
v 0.025458 0.863477 0.293662
v 0.025004 0.865394 0.294687
v 0.025817 0.861359 0.293140
v 0.025573 0.863340 0.294220
v 0.025117 0.865267 0.295251
v 0.025879 0.861217 0.293659
v 0.025635 0.863202 0.294743
v 0.025178 0.865135 0.295779
v 0.023463 0.869013 0.296586
v 0.022386 0.870686 0.297459
v 0.021116 0.872252 0.298283
v 0.023571 0.868905 0.297160
v 0.022490 0.870589 0.298038
v 0.021215 0.872163 0.298865
v 0.023630 0.868783 0.297693
v 0.022547 0.870471 0.298572
v 0.021271 0.872050 0.299401
v 0.023617 0.868501 0.298645
v 0.022537 0.870185 0.299524
v 0.021263 0.871761 0.300353
v 0.023558 0.868347 0.299071
v 0.022481 0.870024 0.299949
v 0.021211 0.871594 0.300777
v 0.023478 0.868188 0.299472
v 0.022404 0.869857 0.300347
v 0.021138 0.871418 0.301173
v 0.025872 0.860943 0.294608
v 0.025625 0.862927 0.295694
v 0.025165 0.864858 0.296730
v 0.025817 0.860812 0.295043
v 0.025568 0.862791 0.296126
v 0.025106 0.864716 0.297160
v 0.025738 0.860685 0.295456
v 0.025487 0.862656 0.296535
v 0.025024 0.864574 0.297566
v 0.004900 0.842156 0.310822
v 0.005905 0.842307 0.310847
v 0.006891 0.842553 0.310904
v 0.004864 0.842370 0.311513
v 0.005832 0.842519 0.311536
v 0.006782 0.842759 0.311593
v 0.004824 0.842595 0.312224
v 0.005752 0.842741 0.312248
v 0.006661 0.842976 0.312304
v 0.008781 0.843327 0.311151
v 0.009669 0.843850 0.311354
v 0.010505 0.844459 0.311620
v 0.008600 0.843508 0.311833
v 0.009452 0.844011 0.312030
v 0.010255 0.844598 0.312288
v 0.008400 0.843699 0.312537
v 0.009214 0.844182 0.312728
v 0.009980 0.844745 0.312978
v 0.007940 0.844095 0.313966
v 0.008667 0.844539 0.314146
v 0.009352 0.845055 0.314379
v 0.007679 0.844293 0.314665
v 0.008359 0.844718 0.314839
v 0.008999 0.845212 0.315064
v 0.007401 0.844486 0.315332
v 0.008031 0.844893 0.315500
v 0.008624 0.845365 0.315717
v 0.004730 0.843073 0.313668
v 0.005565 0.843210 0.313692
v 0.006382 0.843428 0.313746
v 0.004675 0.843317 0.314373
v 0.005457 0.843448 0.314398
v 0.006222 0.843656 0.314451
v 0.004615 0.843557 0.315048
v 0.005341 0.843681 0.315073
v 0.006051 0.843879 0.315124
v -0.002814 0.844370 0.311724
v -0.001972 0.843779 0.311455
v -0.001078 0.843274 0.311246
v -0.002562 0.844505 0.312389
v -0.001753 0.843934 0.312128
v -0.000894 0.843445 0.311925
v -0.002287 0.844648 0.313076
v -0.001514 0.844097 0.312823
v -0.000693 0.843625 0.312626
v 0.000836 0.842526 0.310973
v 0.001839 0.842290 0.310895
v 0.002859 0.842148 0.310847
v 0.000948 0.842722 0.311660
v 0.001915 0.842494 0.311583
v 0.002896 0.842358 0.311537
v 0.001070 0.842927 0.312367
v 0.001996 0.842708 0.312293
v 0.002937 0.842578 0.312247
v 0.001350 0.843365 0.313794
v 0.002183 0.843166 0.313725
v 0.003031 0.843050 0.313685
v 0.001508 0.843591 0.314488
v 0.002288 0.843402 0.314423
v 0.003083 0.843293 0.314386
v 0.001676 0.843815 0.315150
v 0.002400 0.843637 0.315089
v 0.003137 0.843534 0.315056
v -0.001659 0.844950 0.314469
v -0.000967 0.844442 0.314228
v -0.000233 0.844006 0.314040
v -0.001306 0.845107 0.315146
v -0.000660 0.844620 0.314912
v 0.000027 0.844202 0.314727
v -0.000930 0.845261 0.315791
v -0.000332 0.844796 0.315562
v 0.000304 0.844397 0.315381
v -0.004868 0.858648 0.319969
v -0.005475 0.857871 0.319554
v -0.005986 0.857040 0.319112
v -0.004531 0.858281 0.320366
v -0.005118 0.857531 0.319966
v -0.005612 0.856731 0.319539
v -0.004166 0.857899 0.320774
v -0.004730 0.857178 0.320390
v -0.005206 0.856409 0.319979
v -0.006710 0.855243 0.318145
v -0.006919 0.854291 0.317620
v -0.007025 0.853316 0.317068
v -0.006310 0.854998 0.318602
v -0.006510 0.854079 0.318093
v -0.006609 0.853137 0.317556
v -0.005875 0.854743 0.319075
v -0.006064 0.853859 0.318581
v -0.006157 0.852953 0.318061
v -0.004890 0.854222 0.320026
v -0.005058 0.853411 0.319566
v -0.005139 0.852579 0.319081
v -0.004341 0.853965 0.320484
v -0.004497 0.853190 0.320042
v -0.004573 0.852394 0.319576
v -0.003755 0.853713 0.320916
v -0.003901 0.852973 0.320491
v -0.003971 0.852214 0.320044
v -0.003352 0.857118 0.321589
v -0.003861 0.856458 0.321238
v -0.004290 0.855752 0.320862
v -0.002904 0.856732 0.321979
v -0.003379 0.856101 0.321644
v -0.003780 0.855426 0.321285
v -0.002427 0.856354 0.322347
v -0.002867 0.855752 0.322026
v -0.003237 0.855108 0.321683
v 0.014549 0.853515 0.316914
v 0.014432 0.854489 0.317469
v 0.014212 0.855436 0.318000
v 0.014146 0.853335 0.317409
v 0.014034 0.854275 0.317944
v 0.013821 0.855189 0.318455
v 0.013706 0.853147 0.317920
v 0.013598 0.854050 0.318433
v 0.013394 0.854929 0.318923
v 0.013462 0.857208 0.318982
v 0.012937 0.858020 0.319432
v 0.012317 0.858779 0.319856
v 0.013098 0.856898 0.319403
v 0.012592 0.857680 0.319840
v 0.011993 0.858412 0.320251
v 0.012700 0.856572 0.319835
v 0.012214 0.857325 0.320257
v 0.011640 0.858028 0.320655
v 0.011794 0.855898 0.320705
v 0.011358 0.856592 0.321094
v 0.010843 0.857240 0.321463
v 0.011288 0.855561 0.321126
v 0.010881 0.856226 0.321499
v 0.010401 0.856848 0.321852
v 0.010751 0.855230 0.321527
v 0.010375 0.855868 0.321883
v 0.009932 0.856464 0.322223
v 0.012703 0.852750 0.318948
v 0.012604 0.853579 0.319418
v 0.012420 0.854386 0.319867
v 0.012140 0.852548 0.319445
v 0.012047 0.853340 0.319895
v 0.011873 0.854111 0.320325
v 0.011542 0.852349 0.319915
v 0.011454 0.853105 0.320347
v 0.011292 0.853842 0.320759
v 0.011985 0.845920 0.312367
v 0.012614 0.846756 0.312843
v 0.013162 0.847647 0.313370
v 0.011675 0.846006 0.313012
v 0.012278 0.846814 0.313472
v 0.012805 0.847674 0.313982
v 0.011335 0.846098 0.313677
v 0.011912 0.846875 0.314121
v 0.012416 0.847704 0.314614
v 0.014003 0.849544 0.314526
v 0.014287 0.850529 0.315131
v 0.014475 0.851525 0.315738
v 0.013615 0.849506 0.315102
v 0.013890 0.850455 0.315688
v 0.014072 0.851416 0.316275
v 0.013192 0.849465 0.315695
v 0.013457 0.850378 0.316261
v 0.013633 0.851302 0.316828
v 0.012235 0.849381 0.316896
v 0.012475 0.850216 0.317419
v 0.012636 0.851060 0.317943
v 0.011701 0.849338 0.317479
v 0.011927 0.850133 0.317980
v 0.012079 0.850937 0.318482
v 0.011134 0.849295 0.318031
v 0.011345 0.850051 0.318512
v 0.011486 0.850815 0.318993
v 0.010564 0.846297 0.315028
v 0.011080 0.847009 0.315439
v 0.011533 0.847768 0.315895
v 0.010132 0.846398 0.315688
v 0.010617 0.847078 0.316082
v 0.011042 0.847802 0.316519
v 0.009675 0.846498 0.316316
v 0.010125 0.847145 0.316694
v 0.010520 0.847835 0.317112
v 0.002599 0.862297 0.322028
v 0.001510 0.862136 0.321936
v 0.000443 0.861882 0.321786
v 0.002642 0.861808 0.322354
v 0.001595 0.861651 0.322268
v 0.000569 0.861404 0.322125
v 0.002689 0.861298 0.322688
v 0.001688 0.861146 0.322608
v 0.000708 0.860906 0.322472
v -0.001580 0.861110 0.321335
v -0.002514 0.860602 0.321044
v -0.003380 0.860019 0.320716
v -0.001372 0.860657 0.321690
v -0.002268 0.860166 0.321407
v -0.003099 0.859603 0.321089
v -0.001146 0.860185 0.322054
v -0.002000 0.859712 0.321780
v -0.002794 0.859170 0.321472
v -0.000639 0.859215 0.322772
v -0.001405 0.858781 0.322517
v -0.002117 0.858284 0.322231
v -0.000359 0.858732 0.323112
v -0.001078 0.858318 0.322867
v -0.001747 0.857844 0.322592
v -0.000062 0.858260 0.323431
v -0.000731 0.857865 0.323196
v -0.001354 0.857415 0.322933
v 0.002797 0.860246 0.323356
v 0.001899 0.860103 0.323283
v 0.001021 0.859881 0.323160
v 0.002859 0.859720 0.323677
v 0.002019 0.859582 0.323605
v 0.001197 0.859368 0.323486
v 0.002927 0.859206 0.323979
v 0.002147 0.859074 0.323909
v 0.001385 0.858868 0.323792
v 0.004876 0.863201 0.321409
v 0.006039 0.863052 0.321302
v 0.007180 0.862802 0.321132
v 0.004908 0.863592 0.321127
v 0.006104 0.863439 0.321018
v 0.007275 0.863182 0.320844
v 0.004937 0.863957 0.320862
v 0.006163 0.863799 0.320750
v 0.007362 0.863536 0.320573
v 0.009342 0.862012 0.320623
v 0.010341 0.861482 0.320296
v 0.011270 0.860872 0.319931
v 0.009493 0.862372 0.320322
v 0.010517 0.861829 0.319985
v 0.011469 0.861204 0.319610
v 0.009631 0.862708 0.320037
v 0.010677 0.862153 0.319692
v 0.011650 0.861513 0.319306
v 0.009874 0.863329 0.319514
v 0.010964 0.862751 0.319152
v 0.011979 0.862083 0.318749
v 0.009983 0.863621 0.319270
v 0.011096 0.863032 0.318901
v 0.012132 0.862352 0.318490
v 0.010089 0.863904 0.319031
v 0.011223 0.863305 0.318656
v 0.012279 0.862611 0.318239
v 0.004986 0.864623 0.320378
v 0.006262 0.864460 0.320260
v 0.007511 0.864188 0.320074
v 0.005005 0.864934 0.320154
v 0.006304 0.864770 0.320032
v 0.007575 0.864495 0.319842
v 0.005022 0.865236 0.319934
v 0.006343 0.865070 0.319809
v 0.007637 0.864792 0.319614
v 0.005048 0.865825 0.319489
v 0.006418 0.865655 0.319357
v 0.007759 0.865368 0.319153
v 0.005060 0.866116 0.319258
v 0.006455 0.865944 0.319123
v 0.007821 0.865651 0.318914
v 0.005072 0.866407 0.319022
v 0.006492 0.866231 0.318884
v 0.007882 0.865932 0.318672
v 0.010298 0.864450 0.318550
v 0.011471 0.863828 0.318167
v 0.012563 0.863110 0.317741
v 0.010403 0.864715 0.318305
v 0.011594 0.864083 0.317919
v 0.012702 0.863353 0.317489
v 0.010507 0.864979 0.318056
v 0.011715 0.864337 0.317667
v 0.012838 0.863595 0.317234
v 0.010708 0.865509 0.317549
v 0.011951 0.864848 0.317153
v 0.013105 0.864086 0.316711
v 0.010805 0.865777 0.317291
v 0.012066 0.865107 0.316891
v 0.013237 0.864335 0.316443
v 0.010901 0.866046 0.317029
v 0.012181 0.865368 0.316623
v 0.013370 0.864585 0.316169
v 0.005100 0.866988 0.318538
v 0.006567 0.866803 0.318396
v 0.008002 0.866493 0.318178
v 0.005117 0.867279 0.318289
v 0.006604 0.867091 0.318146
v 0.008060 0.866775 0.317926
v 0.005135 0.867570 0.318035
v 0.006642 0.867379 0.317891
v 0.008117 0.867058 0.317670
v 0.005171 0.868159 0.317510
v 0.006717 0.867964 0.317365
v 0.008231 0.867634 0.317142
v 0.005189 0.868455 0.317239
v 0.006755 0.868258 0.317094
v 0.008290 0.867925 0.316869
v 0.005208 0.868751 0.316964
v 0.006795 0.868553 0.316817
v 0.008351 0.868216 0.316590
v 0.011097 0.866591 0.316488
v 0.012417 0.865891 0.316071
v 0.013645 0.865083 0.315605
v 0.011197 0.866865 0.316208
v 0.012538 0.866152 0.315787
v 0.013786 0.865330 0.315314
v 0.011300 0.867139 0.315922
v 0.012662 0.866414 0.315495
v 0.013928 0.865578 0.315017
v 0.011510 0.867684 0.315333
v 0.012909 0.866937 0.314895
v 0.014210 0.866078 0.314404
v 0.011617 0.867955 0.315032
v 0.013032 0.867200 0.314588
v 0.014348 0.866331 0.314090
v 0.011722 0.868228 0.314727
v 0.013154 0.867464 0.314277
v 0.014485 0.866586 0.313773
v 0.005249 0.869341 0.316404
v 0.006881 0.869138 0.316254
v 0.008480 0.868792 0.316020
v 0.005272 0.869636 0.316120
v 0.006927 0.869429 0.315967
v 0.008548 0.869077 0.315729
v 0.005295 0.869933 0.315833
v 0.006973 0.869722 0.315677
v 0.008615 0.869364 0.315435
v 0.005339 0.870538 0.315248
v 0.007059 0.870319 0.315088
v 0.008743 0.869949 0.314839
v 0.005359 0.870844 0.314951
v 0.007099 0.870622 0.314789
v 0.008802 0.870247 0.314538
v 0.005378 0.871149 0.314650
v 0.007137 0.870924 0.314487
v 0.008859 0.870543 0.314233
v 0.011925 0.868782 0.314112
v 0.013390 0.868000 0.313651
v 0.014751 0.867101 0.313136
v 0.012021 0.869063 0.313803
v 0.013504 0.868271 0.313336
v 0.014882 0.867360 0.312815
v 0.012116 0.869343 0.313491
v 0.013617 0.868541 0.313019
v 0.015012 0.867619 0.312492
v 0.012303 0.869896 0.312852
v 0.013840 0.869076 0.312368
v 0.015269 0.868132 0.311829
v 0.012396 0.870166 0.312527
v 0.013951 0.869339 0.312037
v 0.015396 0.868385 0.311492
v 0.012488 0.870433 0.312202
v 0.014060 0.869598 0.311706
v 0.015521 0.868636 0.311155
v 0.005413 0.871739 0.314042
v 0.007212 0.871509 0.313873
v 0.008972 0.871121 0.313613
v 0.005430 0.872024 0.313736
v 0.007248 0.871792 0.313564
v 0.009027 0.871401 0.313299
v 0.005444 0.872306 0.313430
v 0.007283 0.872072 0.313254
v 0.009081 0.871677 0.312984
v 0.005465 0.872873 0.312820
v 0.007345 0.872633 0.312640
v 0.009184 0.872230 0.312364
v 0.005472 0.873159 0.312515
v 0.007373 0.872916 0.312334
v 0.009234 0.872508 0.312057
v 0.005479 0.873445 0.312208
v 0.007401 0.873198 0.312028
v 0.009283 0.872785 0.311749
v 0.012666 0.870961 0.311562
v 0.014271 0.870109 0.311055
v 0.015761 0.869128 0.310490
v 0.012752 0.871223 0.311248
v 0.014373 0.870362 0.310735
v 0.015878 0.869369 0.310164
v 0.012839 0.871483 0.310933
v 0.014475 0.870612 0.310415
v 0.015994 0.869609 0.309837
v 0.013016 0.872003 0.310292
v 0.014685 0.871111 0.309764
v 0.016234 0.870086 0.309175
v 0.013106 0.872260 0.309966
v 0.014792 0.871358 0.309433
v 0.016356 0.870322 0.308838
v 0.013193 0.872513 0.309640
v 0.014895 0.871602 0.309102
v 0.016475 0.870556 0.308503
v 0.005501 0.874008 0.311582
v 0.007464 0.873757 0.311401
v 0.009386 0.873335 0.311120
v 0.005516 0.874282 0.311263
v 0.007498 0.874030 0.311082
v 0.009439 0.873606 0.310800
v 0.005533 0.874550 0.310945
v 0.007532 0.874298 0.310764
v 0.009490 0.873870 0.310480
v 0.005562 0.875065 0.310320
v 0.007594 0.874809 0.310138
v 0.009584 0.874374 0.309852
v 0.005575 0.875313 0.310014
v 0.007622 0.875053 0.309831
v 0.009627 0.874615 0.309544
v 0.005588 0.875557 0.309711
v 0.007650 0.875293 0.309527
v 0.009669 0.874850 0.309237
v 0.013349 0.872998 0.308999
v 0.015082 0.872075 0.308452
v 0.016690 0.871013 0.307842
v 0.013419 0.873231 0.308685
v 0.015166 0.872303 0.308133
v 0.016787 0.871235 0.307518
v 0.013488 0.873458 0.308372
v 0.015248 0.872527 0.307816
v 0.016882 0.871453 0.307196
v 0.013637 0.873903 0.307741
v 0.015422 0.872963 0.307178
v 0.017080 0.871878 0.306550
v 0.013715 0.874123 0.307422
v 0.015514 0.873176 0.306857
v 0.017183 0.872084 0.306227
v 0.013793 0.874340 0.307104
v 0.015604 0.873386 0.306538
v 0.017284 0.872287 0.305906
v 0.005619 0.876040 0.309102
v 0.007712 0.875767 0.308913
v 0.009761 0.875315 0.308618
v 0.005637 0.876278 0.308797
v 0.007746 0.876002 0.308604
v 0.009811 0.875545 0.308306
v 0.005656 0.876512 0.308491
v 0.007780 0.876234 0.308295
v 0.009860 0.875773 0.307993
v 0.005688 0.876960 0.307883
v 0.007842 0.876682 0.307683
v 0.009950 0.876217 0.307376
v 0.005702 0.877175 0.307581
v 0.007868 0.876898 0.307380
v 0.009989 0.876434 0.307073
v 0.005713 0.877387 0.307280
v 0.007891 0.877111 0.307079
v 0.010023 0.876647 0.306771
v 0.013933 0.874766 0.306481
v 0.015765 0.873797 0.305912
v 0.017465 0.872680 0.305277
v 0.013993 0.874974 0.306176
v 0.015834 0.873998 0.305606
v 0.017544 0.872872 0.304969
v 0.014049 0.875180 0.305873
v 0.015899 0.874196 0.305301
v 0.017619 0.873060 0.304662
v 0.014151 0.875581 0.305263
v 0.016024 0.874582 0.304687
v 0.017766 0.873431 0.304041
v 0.014200 0.875778 0.304952
v 0.016086 0.874773 0.304371
v 0.017840 0.873615 0.303720
v 0.014249 0.875974 0.304629
v 0.016148 0.874964 0.304044
v 0.017914 0.873800 0.303388
v 0.005728 0.877812 0.306678
v 0.007928 0.877535 0.306477
v 0.010081 0.877067 0.306168
v 0.005734 0.878026 0.306371
v 0.007944 0.877746 0.306171
v 0.010107 0.877274 0.305861
v 0.005740 0.878239 0.306055
v 0.007960 0.877956 0.305855
v 0.010133 0.877480 0.305545
v -0.004858 0.845627 0.311310
v -0.005550 0.846495 0.311816
v -0.006160 0.847425 0.312377
v -0.005094 0.845555 0.310791
v -0.005805 0.846447 0.311310
v -0.006432 0.847402 0.311885
v -0.005312 0.845490 0.310309
v -0.006040 0.846404 0.310839
v -0.006682 0.847384 0.311426
v -0.007105 0.849423 0.313618
v -0.007428 0.850469 0.314269
v -0.007647 0.851528 0.314921
v -0.007403 0.849458 0.313154
v -0.007736 0.850532 0.313820
v -0.007960 0.851621 0.314488
v -0.007676 0.849491 0.312720
v -0.008017 0.850593 0.313399
v -0.008247 0.851708 0.314081
v -0.008161 0.849560 0.311920
v -0.008516 0.850706 0.312623
v -0.008756 0.851865 0.313329
v -0.008382 0.849595 0.311544
v -0.008742 0.850758 0.312258
v -0.008986 0.851936 0.312976
v -0.008593 0.849629 0.311177
v -0.008958 0.850810 0.311903
v -0.009207 0.852005 0.312632
v -0.005707 0.845387 0.309425
v -0.006463 0.846343 0.309975
v -0.007129 0.847365 0.310582
v -0.005890 0.845348 0.309012
v -0.006658 0.846322 0.309570
v -0.007334 0.847363 0.310186
v -0.006066 0.845312 0.308608
v -0.006846 0.846304 0.309174
v -0.007530 0.847363 0.309799
v -0.006404 0.845243 0.307805
v -0.007206 0.846267 0.308387
v -0.007910 0.847359 0.309031
v -0.006567 0.845208 0.307399
v -0.007382 0.846246 0.307991
v -0.008098 0.847353 0.308645
v -0.006729 0.845173 0.306990
v -0.007557 0.846225 0.307592
v -0.008284 0.847348 0.308258
v -0.009004 0.849693 0.310453
v -0.009382 0.850911 0.311202
v -0.009638 0.852145 0.311954
v -0.009209 0.849725 0.310090
v -0.009593 0.850963 0.310851
v -0.009853 0.852217 0.311615
v -0.009413 0.849756 0.309726
v -0.009804 0.851015 0.310498
v -0.010069 0.852292 0.311274
v -0.009822 0.849829 0.308993
v -0.010226 0.851128 0.309785
v -0.010501 0.852444 0.310580
v -0.010026 0.849869 0.308621
v -0.010438 0.851188 0.309422
v -0.010717 0.852523 0.310225
v -0.010231 0.849912 0.308243
v -0.010649 0.851249 0.309053
v -0.010934 0.852603 0.309864
v -0.007051 0.845108 0.306170
v -0.007905 0.846190 0.306793
v -0.008655 0.847346 0.307481
v -0.007211 0.845078 0.305758
v -0.008079 0.846176 0.306391
v -0.008841 0.847349 0.307089
v -0.007372 0.845049 0.305340
v -0.008253 0.846164 0.305983
v -0.009027 0.847355 0.306692
v -0.007695 0.844992 0.304486
v -0.008602 0.846140 0.305146
v -0.009398 0.847367 0.305873
v -0.007857 0.844963 0.304047
v -0.008776 0.846128 0.304716
v -0.009584 0.847373 0.305451
v -0.008019 0.844934 0.303603
v -0.008950 0.846116 0.304279
v -0.009769 0.847380 0.305023
v -0.010639 0.849999 0.307462
v -0.011071 0.851374 0.308290
v -0.011366 0.852765 0.309120
v -0.010843 0.850043 0.307059
v -0.011281 0.851437 0.307898
v -0.011580 0.852847 0.308739
v -0.011046 0.850087 0.306651
v -0.011490 0.851499 0.307501
v -0.011792 0.852930 0.308353
v -0.011447 0.850175 0.305828
v -0.011900 0.851625 0.306701
v -0.012208 0.853094 0.307576
v -0.011646 0.850218 0.305414
v -0.012102 0.851688 0.306299
v -0.012412 0.853175 0.307186
v -0.011844 0.850263 0.304997
v -0.012304 0.851750 0.305894
v -0.012616 0.853257 0.306792
v -0.008342 0.844877 0.302701
v -0.009298 0.846093 0.303393
v -0.010139 0.847392 0.304157
v -0.008503 0.844850 0.302244
v -0.009472 0.846082 0.302946
v -0.010323 0.847399 0.303720
v -0.008664 0.844825 0.301784
v -0.009645 0.846073 0.302495
v -0.010507 0.847407 0.303279
v -0.008985 0.844785 0.300857
v -0.009993 0.846062 0.301584
v -0.010877 0.847428 0.302388
v -0.009144 0.844769 0.300390
v -0.010165 0.846061 0.301125
v -0.011060 0.847441 0.301937
v -0.009300 0.844756 0.299922
v -0.010334 0.846060 0.300664
v -0.011241 0.847455 0.301483
v -0.012245 0.850352 0.304148
v -0.012715 0.851876 0.305069
v -0.013033 0.853420 0.305990
v -0.012446 0.850398 0.303717
v -0.012922 0.851940 0.304649
v -0.013245 0.853502 0.305583
v -0.012645 0.850445 0.303283
v -0.013127 0.852005 0.304226
v -0.013455 0.853586 0.305172
v -0.013029 0.850543 0.302412
v -0.013525 0.852143 0.303378
v -0.013862 0.853764 0.304347
v -0.013214 0.850596 0.301977
v -0.013717 0.852216 0.302954
v -0.014058 0.853857 0.303935
v -0.013399 0.850650 0.301545
v -0.013907 0.852290 0.302532
v -0.014252 0.853951 0.303524
v -0.009599 0.844731 0.298985
v -0.010657 0.846062 0.299740
v -0.011588 0.847485 0.300575
v -0.009742 0.844719 0.298517
v -0.010814 0.846063 0.299279
v -0.011755 0.847502 0.300121
v -0.009886 0.844708 0.298050
v -0.010970 0.846067 0.298820
v -0.011922 0.847520 0.299670
v -0.010184 0.844691 0.297122
v -0.011292 0.846080 0.297908
v -0.012267 0.847566 0.298776
v -0.010338 0.844685 0.296661
v -0.011458 0.846091 0.297456
v -0.012443 0.847593 0.298334
v -0.010491 0.844680 0.296202
v -0.011623 0.846102 0.297006
v -0.012617 0.847622 0.297894
v -0.013775 0.850764 0.300689
v -0.014292 0.852440 0.301695
v -0.014642 0.854137 0.302705
v -0.013965 0.850824 0.300266
v -0.014486 0.852515 0.301280
v -0.014838 0.854228 0.302299
v -0.014152 0.850884 0.299846
v -0.014676 0.852590 0.300869
v -0.015030 0.854317 0.301896
v -0.014504 0.851005 0.299012
v -0.015037 0.852740 0.300055
v -0.015397 0.854496 0.301100
v -0.014668 0.851066 0.298598
v -0.015206 0.852815 0.299651
v -0.015570 0.854586 0.300706
v -0.014827 0.851125 0.298183
v -0.015371 0.852890 0.299247
v -0.015739 0.854676 0.300313
v -0.010780 0.844673 0.295284
v -0.011933 0.846128 0.296108
v -0.012945 0.847680 0.297018
v -0.010915 0.844671 0.294826
v -0.012076 0.846141 0.295659
v -0.013096 0.847710 0.296580
v -0.011043 0.844670 0.294370
v -0.012213 0.846154 0.295213
v -0.013241 0.847738 0.296144
v -0.011285 0.844673 0.293467
v -0.012475 0.846181 0.294326
v -0.013521 0.847792 0.295276
v -0.011402 0.844678 0.293023
v -0.012603 0.846196 0.293889
v -0.013658 0.847818 0.294845
v -0.011520 0.844686 0.292583
v -0.012731 0.846212 0.293455
v -0.013796 0.847845 0.294419
v -0.015138 0.851241 0.297352
v -0.015694 0.853040 0.298435
v -0.016072 0.854862 0.299519
v -0.015292 0.851298 0.296937
v -0.015854 0.853116 0.298028
v -0.016236 0.854957 0.299121
v -0.015446 0.851355 0.296526
v -0.016013 0.853191 0.297624
v -0.016398 0.855051 0.298725
v -0.015748 0.851473 0.295721
v -0.016323 0.853341 0.296837
v -0.016714 0.855235 0.297955
v -0.015896 0.851533 0.295330
v -0.016474 0.853416 0.296455
v -0.016866 0.855323 0.297582
v -0.016041 0.851594 0.294945
v -0.016622 0.853488 0.296080
v -0.017015 0.855408 0.297215
v -0.011761 0.844706 0.291722
v -0.012992 0.846252 0.292607
v -0.014073 0.847907 0.293583
v -0.011884 0.844719 0.291302
v -0.013123 0.846275 0.292192
v -0.014212 0.847941 0.293175
v -0.012004 0.844733 0.290888
v -0.013251 0.846300 0.291783
v -0.014347 0.847978 0.292774
v -0.012223 0.844761 0.290076
v -0.013488 0.846350 0.290984
v -0.014600 0.848051 0.291987
v -0.012321 0.844777 0.289678
v -0.013595 0.846376 0.290591
v -0.014716 0.848088 0.291600
v -0.012414 0.844794 0.289281
v -0.013697 0.846404 0.290199
v -0.014827 0.848126 0.291214
v -0.016319 0.851711 0.294190
v -0.016907 0.853626 0.295341
v -0.017305 0.855566 0.296492
v -0.016450 0.851768 0.293816
v -0.017044 0.853692 0.294974
v -0.017445 0.855641 0.296132
v -0.016577 0.851825 0.293442
v -0.017176 0.853758 0.294606
v -0.017582 0.855716 0.295770
v -0.016814 0.851944 0.292680
v -0.017425 0.853896 0.293856
v -0.017839 0.855875 0.295032
v -0.016926 0.852009 0.292291
v -0.017541 0.853972 0.293472
v -0.017959 0.855961 0.294654
v -0.017033 0.852081 0.291895
v -0.017652 0.854054 0.293081
v -0.018074 0.856054 0.294269
v -0.012598 0.844838 0.288487
v -0.013896 0.846466 0.289411
v -0.015040 0.848207 0.290434
v -0.012691 0.844867 0.288085
v -0.013995 0.846504 0.289012
v -0.015142 0.848254 0.290037
v -0.012782 0.844903 0.287677
v -0.014091 0.846548 0.288605
v -0.015243 0.848307 0.289633
v 0.010938 0.844218 0.310389
v 0.010043 0.843567 0.310108
v 0.009094 0.843007 0.309893
v 0.011126 0.844116 0.309834
v 0.010205 0.843446 0.309546
v 0.009230 0.842869 0.309326
v 0.011298 0.844025 0.309317
v 0.010355 0.843337 0.309021
v 0.009356 0.842745 0.308796
v 0.007079 0.842183 0.309634
v 0.006030 0.841924 0.309574
v 0.004961 0.841768 0.309549
v 0.007160 0.842021 0.309061
v 0.006083 0.841755 0.308999
v 0.004986 0.841595 0.308973
v 0.007236 0.841873 0.308524
v 0.006132 0.841600 0.308461
v 0.005008 0.841435 0.308435
v 0.007375 0.841615 0.307551
v 0.006220 0.841328 0.307486
v 0.005043 0.841153 0.307459
v 0.007440 0.841502 0.307103
v 0.006259 0.841207 0.307036
v 0.005057 0.841028 0.307009
v 0.007503 0.841395 0.306671
v 0.006298 0.841094 0.306603
v 0.005071 0.840911 0.306575
v 0.011609 0.843870 0.308379
v 0.010628 0.843151 0.308071
v 0.009589 0.842531 0.307835
v 0.011753 0.843801 0.307949
v 0.010756 0.843069 0.307634
v 0.009698 0.842437 0.307393
v 0.011892 0.843735 0.307534
v 0.010879 0.842990 0.307213
v 0.009804 0.842347 0.306967
v 0.012159 0.843596 0.306719
v 0.011115 0.842830 0.306388
v 0.010005 0.842169 0.306132
v 0.012290 0.843525 0.306310
v 0.011229 0.842749 0.305973
v 0.010102 0.842081 0.305712
v 0.012420 0.843457 0.305896
v 0.011342 0.842671 0.305554
v 0.010196 0.841995 0.305289
v 0.007623 0.841192 0.305823
v 0.006373 0.840883 0.305752
v 0.005101 0.840693 0.305724
v 0.007681 0.841094 0.305397
v 0.006410 0.840781 0.305326
v 0.005118 0.840590 0.305297
v 0.007738 0.840997 0.304969
v 0.006448 0.840681 0.304896
v 0.005136 0.840487 0.304867
v 0.007850 0.840811 0.304095
v 0.006523 0.840484 0.304022
v 0.005174 0.840282 0.303992
v 0.007907 0.840721 0.303649
v 0.006560 0.840385 0.303575
v 0.005192 0.840178 0.303545
v 0.007963 0.840631 0.303196
v 0.006598 0.840287 0.303122
v 0.005211 0.840074 0.303092
v 0.012679 0.843341 0.305043
v 0.011566 0.842535 0.304693
v 0.010384 0.841840 0.304422
v 0.012808 0.843294 0.304604
v 0.011678 0.842476 0.304250
v 0.010477 0.841771 0.303977
v 0.012938 0.843249 0.304159
v 0.011790 0.842419 0.303801
v 0.010571 0.841702 0.303526
v 0.013197 0.843151 0.303259
v 0.012014 0.842295 0.302891
v 0.010759 0.841555 0.302610
v 0.013326 0.843095 0.302804
v 0.012126 0.842227 0.302431
v 0.010852 0.841477 0.302145
v 0.013455 0.843038 0.302347
v 0.012238 0.842158 0.301968
v 0.010946 0.841397 0.301678
v 0.008075 0.840448 0.302273
v 0.006672 0.840090 0.302198
v 0.005246 0.839869 0.302167
v 0.008131 0.840354 0.301804
v 0.006709 0.839993 0.301727
v 0.005264 0.839769 0.301696
v 0.008188 0.840261 0.301330
v 0.006746 0.839896 0.301252
v 0.005281 0.839670 0.301220
v 0.008300 0.840084 0.300374
v 0.006821 0.839711 0.300291
v 0.005317 0.839480 0.300255
v 0.008357 0.840000 0.299892
v 0.006859 0.839622 0.299805
v 0.005336 0.839388 0.299767
v 0.008416 0.839918 0.299407
v 0.006899 0.839535 0.299317
v 0.005356 0.839297 0.299275
v 0.013713 0.842927 0.301419
v 0.012461 0.842024 0.301032
v 0.011133 0.841245 0.300734
v 0.013840 0.842875 0.300949
v 0.012573 0.841961 0.300558
v 0.011227 0.841174 0.300258
v 0.013967 0.842826 0.300476
v 0.012685 0.841902 0.300082
v 0.011323 0.841106 0.299779
v 0.014217 0.842738 0.299523
v 0.012908 0.841791 0.299121
v 0.011517 0.840976 0.298811
v 0.014340 0.842698 0.299045
v 0.013019 0.841740 0.298637
v 0.011615 0.840914 0.298322
v 0.014462 0.842659 0.298566
v 0.013128 0.841689 0.298151
v 0.011711 0.840853 0.297831
v 0.008542 0.839758 0.298426
v 0.006985 0.839362 0.298330
v 0.005402 0.839117 0.298285
v 0.008607 0.839678 0.297931
v 0.007030 0.839277 0.297833
v 0.005425 0.839028 0.297787
v 0.008670 0.839600 0.297434
v 0.007074 0.839194 0.297335
v 0.005448 0.838940 0.297288
v 0.008781 0.839450 0.296438
v 0.007148 0.839034 0.296336
v 0.005486 0.838775 0.296289
v 0.008829 0.839378 0.295941
v 0.007179 0.838958 0.295839
v 0.005500 0.838698 0.295791
v 0.008874 0.839309 0.295447
v 0.007209 0.838886 0.295344
v 0.005514 0.838624 0.295296
v 0.014704 0.842584 0.297605
v 0.013340 0.841591 0.297178
v 0.011890 0.840734 0.296848
v 0.014824 0.842548 0.297125
v 0.013442 0.841543 0.296692
v 0.011974 0.840675 0.296357
v 0.014942 0.842512 0.296645
v 0.013542 0.841496 0.296207
v 0.012055 0.840619 0.295868
v 0.015174 0.842447 0.295691
v 0.013741 0.841411 0.295246
v 0.012220 0.840517 0.294901
v 0.015288 0.842419 0.295216
v 0.013841 0.841373 0.294769
v 0.012304 0.840471 0.294423
v 0.015401 0.842393 0.294743
v 0.013940 0.841338 0.294294
v 0.012389 0.840428 0.293947
v 0.008970 0.839181 0.294474
v 0.007271 0.838750 0.294369
v 0.005544 0.838482 0.294321
v 0.009022 0.839123 0.293995
v 0.007306 0.838687 0.293890
v 0.005561 0.838415 0.293841
v 0.009075 0.839067 0.293518
v 0.007342 0.838626 0.293413
v 0.005579 0.838350 0.293364
v 0.009184 0.838964 0.292568
v 0.007416 0.838515 0.292463
v 0.005616 0.838233 0.292414
v 0.009237 0.838916 0.292093
v 0.007452 0.838464 0.291988
v 0.005634 0.838180 0.291939
v 0.009289 0.838869 0.291618
v 0.007487 0.838414 0.291513
v 0.005652 0.838130 0.291464
v 0.015626 0.842353 0.293798
v 0.014139 0.841278 0.293345
v 0.012560 0.840350 0.292997
v 0.015738 0.842338 0.293327
v 0.014238 0.841251 0.292872
v 0.012645 0.840314 0.292523
v 0.015848 0.842324 0.292859
v 0.014335 0.841226 0.292400
v 0.012728 0.840280 0.292049
v 0.016063 0.842299 0.291932
v 0.014521 0.841178 0.291465
v 0.012884 0.840212 0.291108
v 0.016167 0.842288 0.291475
v 0.014609 0.841155 0.291003
v 0.012957 0.840179 0.290642
v 0.016267 0.842277 0.291024
v 0.014695 0.841134 0.290548
v 0.013026 0.840148 0.290183
v 0.009383 0.838776 0.290670
v 0.007549 0.838316 0.290564
v 0.005683 0.838031 0.290514
v 0.009425 0.838731 0.290200
v 0.007577 0.838269 0.290093
v 0.005697 0.837983 0.290043
v 0.009465 0.838687 0.289737
v 0.007603 0.838223 0.289628
v 0.005709 0.837937 0.289578
v 0.009542 0.838610 0.288838
v 0.007653 0.838138 0.288729
v 0.005733 0.837849 0.288678
v 0.009579 0.838576 0.288404
v 0.007678 0.838100 0.288294
v 0.005744 0.837808 0.288243
v 0.009616 0.838546 0.287976
v 0.007703 0.838065 0.287865
v 0.005755 0.837770 0.287814
v 0.016456 0.842260 0.290145
v 0.014856 0.841098 0.289661
v 0.013159 0.840095 0.289291
v 0.016544 0.842254 0.289716
v 0.014932 0.841083 0.289230
v 0.013223 0.840074 0.288859
v 0.016627 0.842249 0.289294
v 0.015005 0.841071 0.288806
v 0.013284 0.840054 0.288432
v 0.016784 0.842240 0.288464
v 0.015143 0.841047 0.287969
v 0.013401 0.840019 0.287590
v 0.016858 0.842237 0.288053
v 0.015208 0.841038 0.287553
v 0.013458 0.840003 0.287170
v 0.016933 0.842238 0.287642
v 0.015274 0.841031 0.287138
v 0.013515 0.839991 0.286751
v 0.009690 0.838491 0.287127
v 0.007752 0.838004 0.287015
v 0.005778 0.837705 0.286964
v 0.009726 0.838468 0.286703
v 0.007776 0.837978 0.286591
v 0.005791 0.837678 0.286539
v 0.009762 0.838447 0.286280
v 0.007801 0.837955 0.286166
v 0.005803 0.837653 0.286115
v 0.009835 0.838418 0.285431
v 0.007851 0.837919 0.285317
v 0.005830 0.837612 0.285266
v 0.009872 0.838411 0.285006
v 0.007876 0.837907 0.284892
v 0.005844 0.837596 0.284841
v 0.009909 0.838409 0.284580
v 0.007901 0.837902 0.284465
v 0.005857 0.837587 0.284414
v 0.017087 0.842252 0.286813
v 0.015410 0.841032 0.286301
v 0.013632 0.839980 0.285909
v 0.017166 0.842267 0.286393
v 0.015480 0.841041 0.285879
v 0.013691 0.839983 0.285486
v 0.017243 0.842286 0.285970
v 0.015549 0.841054 0.285455
v 0.013750 0.839992 0.285061
v 0.002788 0.841766 0.309574
v 0.001702 0.841918 0.309623
v 0.000633 0.842169 0.309705
v 0.002754 0.841594 0.308998
v 0.001639 0.841750 0.309048
v 0.000540 0.842008 0.309132
v 0.002721 0.841433 0.308460
v 0.001578 0.841593 0.308511
v 0.000453 0.841857 0.308597
v -0.001407 0.842961 0.309996
v -0.002358 0.843496 0.310221
v -0.003255 0.844121 0.310511
v -0.001553 0.842819 0.309435
v -0.002529 0.843368 0.309669
v -0.003449 0.844009 0.309968
v -0.001690 0.842687 0.308910
v -0.002688 0.843249 0.309153
v -0.003628 0.843905 0.309463
v -0.001934 0.842450 0.307958
v -0.002974 0.843039 0.308215
v -0.003955 0.843728 0.308542
v -0.002044 0.842344 0.307517
v -0.003105 0.842947 0.307780
v -0.004106 0.843651 0.308114
v -0.002148 0.842244 0.307090
v -0.003230 0.842861 0.307358
v -0.004250 0.843581 0.307697
v 0.002656 0.841145 0.307484
v 0.001467 0.841309 0.307536
v 0.000297 0.841583 0.307625
v 0.002624 0.841015 0.307034
v 0.001416 0.841180 0.307086
v 0.000227 0.841458 0.307178
v 0.002595 0.840894 0.306600
v 0.001368 0.841059 0.306653
v 0.000161 0.841340 0.306745
v 0.002544 0.840670 0.305748
v 0.001280 0.840837 0.305802
v 0.000039 0.841124 0.305895
v 0.002522 0.840565 0.305322
v 0.001241 0.840733 0.305375
v -0.000019 0.841023 0.305469
v 0.002502 0.840463 0.304892
v 0.001202 0.840633 0.304945
v -0.000076 0.840926 0.305040
v -0.002345 0.842059 0.306246
v -0.003467 0.842700 0.306520
v -0.004525 0.843450 0.306868
v -0.002441 0.841972 0.305822
v -0.003581 0.842625 0.306098
v -0.004658 0.843387 0.306449
v -0.002535 0.841890 0.305394
v -0.003694 0.842553 0.305672
v -0.004788 0.843326 0.306027
v -0.002723 0.841735 0.304527
v -0.003918 0.842416 0.304812
v -0.005048 0.843211 0.305176
v -0.002818 0.841661 0.304087
v -0.004031 0.842351 0.304376
v -0.005178 0.843156 0.304746
v -0.002914 0.841587 0.303641
v -0.004146 0.842286 0.303935
v -0.005309 0.843100 0.304312
v 0.002465 0.840257 0.304017
v 0.001127 0.840435 0.304070
v -0.000189 0.840741 0.304166
v 0.002445 0.840153 0.303570
v 0.001089 0.840337 0.303624
v -0.000246 0.840650 0.303721
v 0.002425 0.840049 0.303117
v 0.001049 0.840238 0.303171
v -0.000306 0.840559 0.303269
v 0.002380 0.839844 0.302192
v 0.000962 0.840041 0.302248
v -0.000433 0.840373 0.302348
v 0.002355 0.839744 0.301721
v 0.000916 0.839943 0.301777
v -0.000501 0.840279 0.301879
v 0.002331 0.839645 0.301245
v 0.000869 0.839846 0.301302
v -0.000568 0.840186 0.301405
v -0.003117 0.841433 0.302732
v -0.004381 0.842151 0.303037
v -0.005575 0.842987 0.303427
v -0.003222 0.841352 0.302270
v -0.004502 0.842080 0.302579
v -0.005711 0.842929 0.302975
v -0.003326 0.841273 0.301803
v -0.004623 0.842010 0.302117
v -0.005846 0.842870 0.302517
v -0.003529 0.841120 0.300859
v -0.004859 0.841875 0.301180
v -0.006113 0.842757 0.301590
v -0.003626 0.841049 0.300383
v -0.004973 0.841812 0.300707
v -0.006244 0.842704 0.301120
v -0.003720 0.840981 0.299904
v -0.005086 0.841752 0.300231
v -0.006374 0.842654 0.300648
v 0.002286 0.839455 0.300280
v 0.000783 0.839661 0.300341
v -0.000696 0.840009 0.300449
v 0.002265 0.839363 0.299792
v 0.000743 0.839572 0.299855
v -0.000755 0.839925 0.299967
v 0.002246 0.839272 0.299300
v 0.000704 0.839485 0.299367
v -0.000812 0.839843 0.299482
v 0.002211 0.839092 0.298310
v 0.000630 0.839312 0.298380
v -0.000925 0.839682 0.298501
v 0.002193 0.839002 0.297812
v 0.000593 0.839227 0.297883
v -0.000981 0.839603 0.298006
v 0.002175 0.838915 0.297313
v 0.000556 0.839144 0.297385
v -0.001037 0.839525 0.297509
v -0.003908 0.840851 0.298936
v -0.005310 0.841641 0.299270
v -0.006633 0.842563 0.299696
v -0.004001 0.840789 0.298447
v -0.005421 0.841590 0.298785
v -0.006761 0.842523 0.299216
v -0.004093 0.840728 0.297956
v -0.005530 0.841540 0.298299
v -0.006887 0.842484 0.298736
v -0.004273 0.840609 0.296972
v -0.005742 0.841441 0.297326
v -0.007129 0.842409 0.297774
v -0.004361 0.840549 0.296482
v -0.005845 0.841392 0.296840
v -0.007246 0.842372 0.297293
v -0.004448 0.840490 0.295993
v -0.005948 0.841343 0.296355
v -0.007363 0.842335 0.296814
v 0.002138 0.838750 0.296314
v 0.000481 0.838984 0.296386
v -0.001148 0.839375 0.296513
v 0.002118 0.838673 0.295816
v 0.000444 0.838907 0.295889
v -0.001203 0.839301 0.296016
v 0.002098 0.838597 0.295321
v 0.000406 0.838833 0.295394
v -0.001258 0.839229 0.295523
v 0.002059 0.838449 0.294346
v 0.000331 0.838685 0.294419
v -0.001368 0.839087 0.294549
v 0.002040 0.838377 0.293866
v 0.000294 0.838614 0.293940
v -0.001424 0.839017 0.294070
v 0.002021 0.838309 0.293389
v 0.000256 0.838545 0.293463
v -0.001480 0.838950 0.293593
v -0.004628 0.840372 0.295026
v -0.006159 0.841246 0.295394
v -0.007605 0.842262 0.295861
v -0.004719 0.840315 0.294548
v -0.006268 0.841198 0.294918
v -0.007730 0.842227 0.295388
v -0.004811 0.840259 0.294072
v -0.006376 0.841152 0.294443
v -0.007854 0.842193 0.294916
v -0.004990 0.840159 0.293122
v -0.006587 0.841068 0.293495
v -0.008094 0.842129 0.293973
v -0.005076 0.840115 0.292648
v -0.006687 0.841031 0.293022
v -0.008207 0.842102 0.293502
v -0.005157 0.840076 0.292174
v -0.006782 0.840999 0.292550
v -0.008314 0.842078 0.293034
v 0.001984 0.838186 0.292439
v 0.000182 0.838422 0.292513
v -0.001591 0.838831 0.292643
v 0.001965 0.838132 0.291964
v 0.000146 0.838369 0.292038
v -0.001644 0.838779 0.292168
v 0.001948 0.838082 0.291489
v 0.000111 0.838320 0.291563
v -0.001695 0.838732 0.291693
v 0.001917 0.837990 0.290539
v 0.000049 0.838233 0.290614
v -0.001788 0.838653 0.290745
v 0.001902 0.837946 0.290068
v 0.000021 0.838194 0.290143
v -0.001830 0.838618 0.290275
v 0.001888 0.837904 0.289603
v -0.000008 0.838156 0.289678
v -0.001872 0.838586 0.289812
v -0.005306 0.840016 0.291233
v -0.006956 0.840950 0.291615
v -0.008513 0.842044 0.292107
v -0.005374 0.839992 0.290767
v -0.007038 0.840933 0.291153
v -0.008607 0.842034 0.291650
v -0.005443 0.839972 0.290308
v -0.007119 0.840919 0.290698
v -0.008701 0.842026 0.291199
v -0.005591 0.839934 0.289416
v -0.007293 0.840894 0.289811
v -0.008899 0.842015 0.290320
v -0.005670 0.839916 0.288983
v -0.007384 0.840883 0.289380
v -0.009002 0.842010 0.289891
v -0.005748 0.839897 0.288557
v -0.007474 0.840870 0.288956
v -0.009103 0.842006 0.289469
v 0.001855 0.837822 0.288703
v -0.000070 0.838083 0.288779
v -0.001964 0.838523 0.288913
v 0.001837 0.837782 0.288268
v -0.000104 0.838047 0.288344
v -0.002014 0.838493 0.288479
v 0.001818 0.837745 0.287839
v -0.000138 0.838013 0.287915
v -0.002063 0.838463 0.288051
v 0.001786 0.837680 0.286989
v -0.000200 0.837952 0.287065
v -0.002153 0.838409 0.287202
v 0.001772 0.837652 0.286565
v -0.000226 0.837925 0.286642
v -0.002192 0.838384 0.286780
v 0.001761 0.837626 0.286141
v -0.000249 0.837900 0.286220
v -0.002226 0.838361 0.286359
v -0.005888 0.839862 0.287715
v -0.007636 0.840847 0.288119
v -0.009284 0.841997 0.288639
v -0.005948 0.839845 0.287297
v -0.007705 0.840837 0.287705
v -0.009362 0.841994 0.288230
v -0.006003 0.839830 0.286883
v -0.007770 0.840827 0.287295
v -0.009437 0.841992 0.287824
v -0.006105 0.839804 0.286063
v -0.007895 0.840817 0.286481
v -0.009584 0.841999 0.287017
v -0.006155 0.839798 0.285655
v -0.007957 0.840819 0.286075
v -0.009658 0.842010 0.286612
v -0.006204 0.839800 0.285243
v -0.008019 0.840828 0.285664
v -0.009733 0.842028 0.286202
v 0.001744 0.837579 0.285299
v -0.000287 0.837853 0.285382
v -0.002284 0.838317 0.285528
v 0.001737 0.837559 0.284878
v -0.000303 0.837833 0.284965
v -0.002310 0.838300 0.285114
v 0.001730 0.837547 0.284454
v -0.000319 0.837822 0.284544
v -0.002336 0.838291 0.284696
v -0.003861 0.860775 0.320034
v -0.002936 0.861397 0.320381
v -0.001940 0.861938 0.320689
v -0.004064 0.861111 0.319729
v -0.003116 0.861751 0.320085
v -0.002094 0.862307 0.320401
v -0.004250 0.861421 0.319443
v -0.003280 0.862079 0.319809
v -0.002235 0.862650 0.320133
v 0.000221 0.862754 0.321165
v 0.001361 0.863019 0.321322
v 0.002524 0.863184 0.321418
v 0.000124 0.863143 0.320887
v 0.001295 0.863413 0.321045
v 0.002491 0.863579 0.321141
v 0.000034 0.863504 0.320626
v 0.001234 0.863779 0.320785
v 0.002460 0.863947 0.320879
v -0.000130 0.864155 0.320145
v 0.001122 0.864439 0.320307
v 0.002402 0.864613 0.320401
v -0.000208 0.864452 0.319916
v 0.001069 0.864743 0.320081
v 0.002373 0.864921 0.320178
v -0.000284 0.864738 0.319689
v 0.001016 0.865035 0.319859
v 0.002344 0.865218 0.319959
v -0.004586 0.861976 0.318910
v -0.003579 0.862665 0.319293
v -0.002493 0.863263 0.319633
v -0.004745 0.862230 0.318656
v -0.003720 0.862931 0.319047
v -0.002615 0.863541 0.319393
v -0.004900 0.862473 0.318406
v -0.003858 0.863187 0.318804
v -0.002734 0.863809 0.319155
v -0.005205 0.862948 0.317908
v -0.004130 0.863687 0.318315
v -0.002969 0.864331 0.318675
v -0.005357 0.863187 0.317656
v -0.004265 0.863938 0.318066
v -0.003086 0.864592 0.318429
v -0.005505 0.863427 0.317398
v -0.004396 0.864189 0.317811
v -0.003199 0.864855 0.318178
v -0.000438 0.865298 0.319228
v 0.000904 0.865609 0.319407
v 0.002277 0.865801 0.319514
v -0.000516 0.865577 0.318989
v 0.000847 0.865895 0.319173
v 0.002241 0.866092 0.319283
v -0.000591 0.865857 0.318746
v 0.000791 0.866181 0.318934
v 0.002206 0.866382 0.319047
v -0.000729 0.866418 0.318251
v 0.000692 0.866753 0.318445
v 0.002147 0.866963 0.318562
v -0.000791 0.866698 0.317998
v 0.000649 0.867040 0.318195
v 0.002123 0.867253 0.318314
v -0.000853 0.866979 0.317741
v 0.000607 0.867326 0.317940
v 0.002101 0.867544 0.318060
v -0.005789 0.863916 0.316860
v -0.004646 0.864700 0.317286
v -0.003412 0.865384 0.317664
v -0.005926 0.864163 0.316580
v -0.004765 0.864957 0.317015
v -0.003512 0.865650 0.317400
v -0.006063 0.864410 0.316295
v -0.004883 0.865215 0.316738
v -0.003612 0.865917 0.317132
v -0.006347 0.864901 0.315716
v -0.005132 0.865726 0.316175
v -0.003823 0.866446 0.316583
v -0.006495 0.865144 0.315423
v -0.005262 0.865980 0.315889
v -0.003935 0.866711 0.316303
v -0.006643 0.865388 0.315128
v -0.005394 0.866236 0.315599
v -0.004048 0.866976 0.316018
v -0.000983 0.867540 0.317210
v 0.000519 0.867899 0.317413
v 0.002056 0.868126 0.317535
v -0.001052 0.867821 0.316937
v 0.000472 0.868187 0.317142
v 0.002031 0.868418 0.317264
v -0.001124 0.868103 0.316659
v 0.000423 0.868475 0.316866
v 0.002005 0.868711 0.316989
v -0.001268 0.868679 0.316090
v 0.000324 0.869060 0.316302
v 0.001954 0.869301 0.316429
v -0.001339 0.868972 0.315800
v 0.000276 0.869356 0.316016
v 0.001929 0.869599 0.316145
v -0.001408 0.869266 0.315508
v 0.000229 0.869654 0.315726
v 0.001905 0.869898 0.315858
v -0.006933 0.865888 0.314530
v -0.005654 0.866759 0.315010
v -0.004274 0.867521 0.315437
v -0.007074 0.866144 0.314228
v -0.005780 0.867027 0.314711
v -0.004384 0.867799 0.315141
v -0.007214 0.866401 0.313922
v -0.005905 0.867297 0.314409
v -0.004492 0.868079 0.314841
v -0.007498 0.866915 0.313300
v -0.006154 0.867832 0.313796
v -0.004703 0.868633 0.314235
v -0.007642 0.867169 0.312983
v -0.006278 0.868097 0.313484
v -0.004806 0.868907 0.313928
v -0.007786 0.867424 0.312662
v -0.006402 0.868362 0.313170
v -0.004910 0.869181 0.313620
v -0.001538 0.869851 0.314914
v 0.000142 0.870251 0.315138
v 0.001861 0.870503 0.315273
v -0.001600 0.870141 0.314614
v 0.000101 0.870549 0.314840
v 0.001841 0.870807 0.314976
v -0.001661 0.870431 0.314312
v 0.000060 0.870846 0.314540
v 0.001820 0.871109 0.314677
v -0.001791 0.871008 0.313707
v -0.000028 0.871431 0.313938
v 0.001774 0.871699 0.314075
v -0.001859 0.871297 0.313403
v -0.000075 0.871720 0.313636
v 0.001749 0.871987 0.313773
v -0.001928 0.871583 0.313097
v -0.000124 0.872007 0.313332
v 0.001721 0.872273 0.313470
v -0.008068 0.867938 0.312009
v -0.006650 0.868897 0.312532
v -0.005120 0.869733 0.312996
v -0.008205 0.868195 0.311679
v -0.006773 0.869166 0.312209
v -0.005227 0.870012 0.312681
v -0.008340 0.868450 0.311347
v -0.006894 0.869433 0.311885
v -0.005333 0.870289 0.312364
v -0.008605 0.868948 0.310684
v -0.007130 0.869955 0.311235
v -0.005537 0.870831 0.311725
v -0.008735 0.869190 0.310355
v -0.007244 0.870209 0.310909
v -0.005634 0.871095 0.311403
v -0.008861 0.869427 0.310026
v -0.007355 0.870457 0.310584
v -0.005729 0.871354 0.311080
v -0.002064 0.872151 0.312476
v -0.000222 0.872579 0.312718
v 0.001661 0.872846 0.312860
v -0.002129 0.872430 0.312161
v -0.000271 0.872864 0.312406
v 0.001629 0.873133 0.312552
v -0.002191 0.872706 0.311843
v -0.000318 0.873145 0.312092
v 0.001599 0.873418 0.312241
v -0.002310 0.873241 0.311202
v -0.000404 0.873693 0.311455
v 0.001546 0.873975 0.311609
v -0.002367 0.873501 0.310880
v -0.000444 0.873958 0.311134
v 0.001524 0.874245 0.311289
v -0.002422 0.873757 0.310560
v -0.000482 0.874219 0.310815
v 0.001504 0.874510 0.310970
v -0.009103 0.869894 0.309371
v -0.007567 0.870944 0.309933
v -0.005910 0.871858 0.310431
v -0.009219 0.870124 0.309043
v -0.007669 0.871182 0.309607
v -0.005998 0.872105 0.310107
v -0.009332 0.870351 0.308715
v -0.007769 0.871418 0.309282
v -0.006084 0.872348 0.309784
v -0.009556 0.870795 0.308055
v -0.007967 0.871879 0.308632
v -0.006256 0.872825 0.309143
v -0.009666 0.871011 0.307724
v -0.008066 0.872105 0.308308
v -0.006340 0.873060 0.308827
v -0.009775 0.871225 0.307397
v -0.008162 0.872328 0.307988
v -0.006423 0.873292 0.308513
v -0.002531 0.874260 0.309931
v -0.000556 0.874730 0.310189
v 0.001465 0.875025 0.310345
v -0.002584 0.874507 0.309624
v -0.000593 0.874980 0.309883
v 0.001445 0.875277 0.310040
v -0.002636 0.874751 0.309319
v -0.000628 0.875227 0.309581
v 0.001427 0.875525 0.309737
v -0.002729 0.875229 0.308716
v -0.000690 0.875712 0.308979
v 0.001396 0.876013 0.309135
v -0.002771 0.875460 0.308415
v -0.000718 0.875948 0.308678
v 0.001383 0.876252 0.308834
v -0.002811 0.875686 0.308114
v -0.000744 0.876178 0.308378
v 0.001371 0.876485 0.308533
v -0.009989 0.871643 0.306759
v -0.008348 0.872764 0.307362
v -0.006579 0.873745 0.307897
v -0.010092 0.871848 0.306448
v -0.008437 0.872977 0.307055
v -0.006652 0.873964 0.307593
v -0.010192 0.872048 0.306140
v -0.008522 0.873185 0.306750
v -0.006722 0.874179 0.307291
v -0.010380 0.872432 0.305519
v -0.008683 0.873584 0.306136
v -0.006855 0.874590 0.306682
v -0.010469 0.872618 0.305204
v -0.008760 0.873777 0.305825
v -0.006919 0.874789 0.306375
v -0.010554 0.872805 0.304886
v -0.008836 0.873970 0.305511
v -0.006984 0.874988 0.306064
v -0.002888 0.876116 0.307512
v -0.000794 0.876615 0.307776
v 0.001348 0.876927 0.307931
v -0.002927 0.876323 0.307209
v -0.000820 0.876824 0.307475
v 0.001335 0.877138 0.307630
v -0.002968 0.876528 0.306905
v -0.000847 0.877031 0.307172
v 0.001320 0.877347 0.307328
v -0.003056 0.876950 0.306285
v -0.000909 0.877455 0.306558
v 0.001286 0.877772 0.306719
v -0.003102 0.877166 0.305967
v -0.000942 0.877673 0.306244
v 0.001267 0.877989 0.306408
v -0.003147 0.877383 0.305640
v -0.000973 0.877890 0.305920
v 0.001249 0.878206 0.306087
v -0.010719 0.873188 0.304242
v -0.008985 0.874368 0.304873
v -0.007116 0.875397 0.305433
v -0.010798 0.873386 0.303913
v -0.009058 0.874573 0.304547
v -0.007182 0.875607 0.305108
v -0.010877 0.873584 0.303577
v -0.009130 0.874778 0.304213
v -0.007247 0.875817 0.304776
v 0.015181 0.851728 0.314752
v 0.014983 0.850667 0.314108
v 0.014682 0.849618 0.313466
v 0.015490 0.851823 0.314308
v 0.015288 0.850732 0.313647
v 0.014979 0.849655 0.312989
v 0.015775 0.851913 0.313893
v 0.015567 0.850796 0.313216
v 0.015251 0.849691 0.312542
v 0.013785 0.847603 0.312241
v 0.013198 0.846658 0.311683
v 0.012524 0.845772 0.311180
v 0.014056 0.847586 0.311732
v 0.013451 0.846619 0.311160
v 0.012757 0.845711 0.310645
v 0.014304 0.847574 0.311256
v 0.013683 0.846585 0.310672
v 0.012971 0.845657 0.310145
v 0.014744 0.847565 0.310389
v 0.014095 0.846536 0.309784
v 0.013351 0.845571 0.309239
v 0.014943 0.847565 0.309989
v 0.014281 0.846518 0.309375
v 0.013524 0.845535 0.308822
v 0.015134 0.847565 0.309601
v 0.014460 0.846499 0.308980
v 0.013690 0.845499 0.308420
v 0.016283 0.852084 0.313132
v 0.016066 0.850921 0.312427
v 0.015734 0.849770 0.311725
v 0.016515 0.852166 0.312777
v 0.016292 0.850981 0.312059
v 0.015953 0.849810 0.311345
v 0.016737 0.852243 0.312432
v 0.016508 0.851039 0.311703
v 0.016163 0.849848 0.310978
v 0.017169 0.852382 0.311754
v 0.016932 0.851140 0.311003
v 0.016572 0.849910 0.310255
v 0.017384 0.852447 0.311414
v 0.017142 0.851184 0.310651
v 0.016776 0.849936 0.309892
v 0.017596 0.852511 0.311072
v 0.017350 0.851229 0.310296
v 0.016979 0.849962 0.309526
v 0.015506 0.847553 0.308841
v 0.014809 0.846451 0.308204
v 0.014014 0.845416 0.307631
v 0.015691 0.847541 0.308459
v 0.014983 0.846422 0.307815
v 0.014175 0.845371 0.307234
v 0.015877 0.847531 0.308073
v 0.015157 0.846395 0.307420
v 0.014336 0.845328 0.306833
v 0.016246 0.847527 0.307281
v 0.015505 0.846359 0.306609
v 0.014657 0.845263 0.306005
v 0.016431 0.847534 0.306875
v 0.015678 0.846351 0.306193
v 0.014818 0.845241 0.305579
v 0.016615 0.847545 0.306465
v 0.015852 0.846347 0.305771
v 0.014978 0.845223 0.305147
v 0.018011 0.852651 0.310370
v 0.017760 0.851331 0.309571
v 0.017380 0.850027 0.308778
v 0.018215 0.852729 0.310010
v 0.017963 0.851390 0.309200
v 0.017579 0.850068 0.308395
v 0.018419 0.852811 0.309644
v 0.018165 0.851453 0.308824
v 0.017777 0.850112 0.308008
v 0.018834 0.852989 0.308900
v 0.018575 0.851590 0.308061
v 0.018178 0.850209 0.307225
v 0.019046 0.853082 0.308522
v 0.018782 0.851663 0.307673
v 0.018380 0.850260 0.306828
v 0.019258 0.853176 0.308137
v 0.018990 0.851736 0.307279
v 0.018580 0.850313 0.306425
v 0.016984 0.847567 0.305638
v 0.016199 0.846335 0.304922
v 0.015300 0.845181 0.304278
v 0.017169 0.847577 0.305221
v 0.016372 0.846327 0.304495
v 0.015460 0.845155 0.303840
v 0.017351 0.847588 0.304799
v 0.016544 0.846319 0.304063
v 0.015619 0.845129 0.303398
v 0.017707 0.847618 0.303931
v 0.016879 0.846308 0.303176
v 0.015932 0.845080 0.302496
v 0.017881 0.847637 0.303486
v 0.017044 0.846306 0.302723
v 0.016086 0.845059 0.302035
v 0.018054 0.847656 0.303038
v 0.017207 0.846306 0.302267
v 0.016238 0.845040 0.301572
v 0.019681 0.853364 0.307345
v 0.019400 0.851886 0.306467
v 0.018974 0.850423 0.305594
v 0.019889 0.853456 0.306941
v 0.019601 0.851960 0.306052
v 0.019166 0.850481 0.305168
v 0.020095 0.853548 0.306535
v 0.019801 0.852035 0.305635
v 0.019358 0.850538 0.304740
v 0.020502 0.853736 0.305733
v 0.020198 0.852185 0.304810
v 0.019741 0.850651 0.303892
v 0.020703 0.853830 0.305337
v 0.020396 0.852259 0.304402
v 0.019934 0.850704 0.303472
v 0.020901 0.853923 0.304938
v 0.020592 0.852332 0.303993
v 0.020126 0.850757 0.303052
v 0.018400 0.847694 0.302146
v 0.017531 0.846308 0.301356
v 0.016538 0.845007 0.300644
v 0.018575 0.847711 0.301704
v 0.017693 0.846308 0.300903
v 0.016687 0.844993 0.300182
v 0.018749 0.847727 0.301261
v 0.017854 0.846309 0.300450
v 0.016835 0.844980 0.299719
v 0.019093 0.847757 0.300368
v 0.018177 0.846311 0.299538
v 0.017133 0.844956 0.298789
v 0.019263 0.847773 0.299915
v 0.018337 0.846313 0.299078
v 0.017282 0.844944 0.298322
v 0.019430 0.847791 0.299461
v 0.018496 0.846316 0.298617
v 0.017430 0.844933 0.297855
v 0.021291 0.854102 0.304119
v 0.020977 0.852470 0.303155
v 0.020501 0.850856 0.302195
v 0.021484 0.854188 0.303699
v 0.021166 0.852538 0.302726
v 0.020685 0.850905 0.301758
v 0.021674 0.854275 0.303275
v 0.021353 0.852606 0.302294
v 0.020867 0.850955 0.301318
v 0.022055 0.854463 0.302432
v 0.021725 0.852757 0.301433
v 0.021227 0.851070 0.300440
v 0.022244 0.854563 0.302017
v 0.021910 0.852839 0.301007
v 0.021407 0.851133 0.300004
v 0.022431 0.854664 0.301606
v 0.022094 0.852922 0.300586
v 0.021585 0.851199 0.299572
v 0.019760 0.847837 0.298550
v 0.018807 0.846330 0.297693
v 0.017719 0.844918 0.296919
v 0.019922 0.847865 0.298097
v 0.018958 0.846342 0.297232
v 0.017859 0.844915 0.296452
v 0.020083 0.847897 0.297646
v 0.019109 0.846357 0.296773
v 0.017997 0.844914 0.295987
v 0.020403 0.847965 0.296754
v 0.019407 0.846395 0.295863
v 0.018272 0.844924 0.295061
v 0.020561 0.848002 0.296314
v 0.019555 0.846418 0.295412
v 0.018409 0.844934 0.294602
v 0.020717 0.848039 0.295876
v 0.019702 0.846442 0.294965
v 0.018544 0.844945 0.294145
v 0.022796 0.854859 0.300803
v 0.022454 0.853085 0.299760
v 0.021935 0.851330 0.298724
v 0.022973 0.854951 0.300407
v 0.022629 0.853163 0.299354
v 0.022107 0.851394 0.298306
v 0.023147 0.855042 0.300013
v 0.022802 0.853239 0.298950
v 0.022276 0.851457 0.297891
v 0.023487 0.855219 0.299219
v 0.023137 0.853389 0.298137
v 0.022604 0.851582 0.297059
v 0.023651 0.855306 0.298820
v 0.023298 0.853465 0.297729
v 0.022760 0.851645 0.296644
v 0.023810 0.855394 0.298421
v 0.023453 0.853540 0.297323
v 0.022911 0.851707 0.296230
v 0.021019 0.848114 0.295008
v 0.019987 0.846492 0.294079
v 0.018809 0.844970 0.293243
v 0.021164 0.848151 0.294577
v 0.020124 0.846517 0.293641
v 0.018937 0.844983 0.292798
v 0.021303 0.848189 0.294150
v 0.020256 0.846542 0.293207
v 0.019061 0.844995 0.292358
v 0.021564 0.848264 0.293313
v 0.020504 0.846592 0.292358
v 0.019293 0.845022 0.291498
v 0.021686 0.848301 0.292904
v 0.020620 0.846618 0.291943
v 0.019401 0.845036 0.291077
v 0.021803 0.848339 0.292501
v 0.020731 0.846643 0.291534
v 0.019504 0.845050 0.290663
v 0.024102 0.855569 0.297635
v 0.023740 0.853690 0.296524
v 0.023191 0.851832 0.295418
v 0.024237 0.855656 0.297251
v 0.023873 0.853765 0.296133
v 0.023321 0.851895 0.295021
v 0.024369 0.855744 0.296873
v 0.024003 0.853840 0.295749
v 0.023448 0.851957 0.294631
v 0.024636 0.855919 0.296136
v 0.024264 0.853990 0.294999
v 0.023701 0.852082 0.293868
v 0.024772 0.856007 0.295774
v 0.024396 0.854065 0.294630
v 0.023827 0.852145 0.293493
v 0.024906 0.856094 0.295414
v 0.024526 0.854140 0.294263
v 0.023952 0.852208 0.293119
v 0.022031 0.848414 0.291713
v 0.020943 0.846695 0.290734
v 0.019698 0.845079 0.289851
v 0.022143 0.848452 0.291325
v 0.021045 0.846721 0.290340
v 0.019791 0.845094 0.289451
v 0.022252 0.848491 0.290937
v 0.021146 0.846749 0.289946
v 0.019883 0.845112 0.289051
v 0.022464 0.848575 0.290151
v 0.021345 0.846813 0.289146
v 0.020068 0.845158 0.288240
v 0.022567 0.848620 0.289750
v 0.021443 0.846849 0.288739
v 0.020161 0.845186 0.287827
v 0.022665 0.848668 0.289343
v 0.021537 0.846889 0.288326
v 0.020251 0.845218 0.287411
v 0.025161 0.856269 0.294691
v 0.024774 0.854291 0.293525
v 0.024189 0.852335 0.292364
v 0.025279 0.856359 0.294322
v 0.024889 0.854368 0.293148
v 0.024300 0.852400 0.291978
v 0.025390 0.856451 0.293946
v 0.024997 0.854448 0.292764
v 0.024405 0.852469 0.291586
v 0.012875 0.859440 0.319115
v 0.013535 0.858630 0.318669
v 0.014094 0.857764 0.318196
v 0.013114 0.859732 0.318774
v 0.013793 0.858899 0.318319
v 0.014368 0.858008 0.317836
v 0.013335 0.860004 0.318451
v 0.014031 0.859149 0.317987
v 0.014621 0.858236 0.317495
v 0.014893 0.855879 0.317157
v 0.015129 0.854876 0.316593
v 0.015255 0.853843 0.316002
v 0.015191 0.856076 0.316775
v 0.015434 0.855048 0.316197
v 0.015565 0.853991 0.315591
v 0.015467 0.856259 0.316414
v 0.015717 0.855210 0.315824
v 0.015851 0.854130 0.315205
v 0.015967 0.856599 0.315744
v 0.016227 0.855510 0.315135
v 0.016366 0.854390 0.314494
v 0.016198 0.856760 0.315429
v 0.016462 0.855651 0.314811
v 0.016601 0.854511 0.314161
v 0.016420 0.856916 0.315123
v 0.016687 0.855788 0.314496
v 0.016828 0.854628 0.313837
v 0.013738 0.860506 0.317857
v 0.014466 0.859612 0.317374
v 0.015084 0.858657 0.316863
v 0.013928 0.860743 0.317580
v 0.014670 0.859830 0.317087
v 0.015300 0.858856 0.316567
v 0.014110 0.860972 0.317312
v 0.014866 0.860042 0.316810
v 0.015507 0.859051 0.316280
v 0.014456 0.861415 0.316789
v 0.015239 0.860454 0.316271
v 0.015902 0.859429 0.315722
v 0.014623 0.861631 0.316527
v 0.015418 0.860656 0.316002
v 0.016092 0.859615 0.315446
v 0.014787 0.861848 0.316263
v 0.015594 0.860859 0.315731
v 0.016279 0.859802 0.315166
v 0.016847 0.857219 0.314528
v 0.017122 0.856050 0.313882
v 0.017267 0.854849 0.313203
v 0.017054 0.857368 0.314233
v 0.017334 0.856178 0.313576
v 0.017482 0.854955 0.312886
v 0.017258 0.857517 0.313935
v 0.017544 0.856306 0.313267
v 0.017695 0.855062 0.312567
v 0.017659 0.857820 0.313316
v 0.017954 0.856568 0.312629
v 0.018110 0.855282 0.311908
v 0.017858 0.857975 0.312993
v 0.018156 0.856704 0.312298
v 0.018314 0.855399 0.311568
v 0.018057 0.858132 0.312665
v 0.018359 0.856843 0.311961
v 0.018518 0.855519 0.311222
v 0.015110 0.862288 0.315715
v 0.015942 0.861269 0.315167
v 0.016649 0.860180 0.314584
v 0.015272 0.862512 0.315431
v 0.016117 0.861477 0.314873
v 0.016834 0.860371 0.314281
v 0.015436 0.862736 0.315141
v 0.016293 0.861686 0.314573
v 0.017020 0.860563 0.313971
v 0.015772 0.863178 0.314545
v 0.016652 0.862098 0.313960
v 0.017398 0.860944 0.313340
v 0.015944 0.863396 0.314240
v 0.016834 0.862302 0.313648
v 0.017589 0.861134 0.313019
v 0.016116 0.863616 0.313930
v 0.017017 0.862508 0.313331
v 0.017780 0.861327 0.312695
v 0.018459 0.858451 0.311996
v 0.018769 0.857129 0.311273
v 0.018934 0.855772 0.310516
v 0.018663 0.858612 0.311657
v 0.018978 0.857276 0.310924
v 0.019146 0.855902 0.310156
v 0.018868 0.858776 0.311314
v 0.019188 0.857424 0.310570
v 0.019359 0.856034 0.309791
v 0.019279 0.859110 0.310610
v 0.019610 0.857723 0.309845
v 0.019788 0.856297 0.309043
v 0.019483 0.859279 0.310252
v 0.019820 0.857873 0.309475
v 0.020001 0.856426 0.308662
v 0.019686 0.859448 0.309891
v 0.020028 0.858023 0.309104
v 0.020211 0.856556 0.308280
v 0.016455 0.864066 0.313293
v 0.017377 0.862932 0.312680
v 0.018159 0.861723 0.312029
v 0.016620 0.864297 0.312967
v 0.017554 0.863150 0.312347
v 0.018346 0.861927 0.311688
v 0.016783 0.864530 0.312637
v 0.017729 0.863370 0.312011
v 0.018532 0.862131 0.311345
v 0.017106 0.864995 0.311974
v 0.018077 0.863805 0.311335
v 0.018902 0.862535 0.310656
v 0.017266 0.865225 0.311641
v 0.018250 0.864020 0.310996
v 0.019085 0.862733 0.310310
v 0.017425 0.865455 0.311305
v 0.018421 0.864233 0.310653
v 0.019266 0.862929 0.309960
v 0.020086 0.859784 0.309170
v 0.020437 0.858322 0.308365
v 0.020625 0.856819 0.307522
v 0.020283 0.859949 0.308810
v 0.020638 0.858471 0.307997
v 0.020826 0.856950 0.307145
v 0.020477 0.860112 0.308446
v 0.020835 0.858618 0.307626
v 0.021025 0.857081 0.306765
v 0.020855 0.860433 0.307701
v 0.021220 0.858905 0.306863
v 0.021416 0.857334 0.305984
v 0.021039 0.860592 0.307319
v 0.021409 0.859047 0.306471
v 0.021608 0.857458 0.305582
v 0.021221 0.860753 0.306934
v 0.021597 0.859190 0.306076
v 0.021799 0.857582 0.305178
v 0.017739 0.865912 0.310618
v 0.018756 0.864657 0.309953
v 0.019619 0.863319 0.309246
v 0.017892 0.866140 0.310268
v 0.018919 0.864869 0.309596
v 0.019790 0.863513 0.308882
v 0.018042 0.866366 0.309917
v 0.019079 0.865080 0.309237
v 0.019958 0.863709 0.308515
v 0.018333 0.866814 0.309221
v 0.019390 0.865504 0.308525
v 0.020287 0.864105 0.307784
v 0.018474 0.867035 0.308878
v 0.019543 0.865715 0.308172
v 0.020450 0.864305 0.307422
v 0.018616 0.867255 0.308536
v 0.019695 0.865924 0.307821
v 0.020613 0.864504 0.307062
v 0.021581 0.861087 0.306166
v 0.021969 0.859489 0.305289
v 0.022179 0.857845 0.304372
v 0.021761 0.861259 0.305786
v 0.022154 0.859644 0.304901
v 0.022368 0.857982 0.303975
v 0.021939 0.861431 0.305410
v 0.022338 0.859799 0.304517
v 0.022555 0.858119 0.303584
v 0.022291 0.861763 0.304672
v 0.022698 0.860097 0.303766
v 0.022920 0.858383 0.302817
v 0.022464 0.861920 0.304309
v 0.022874 0.860239 0.303397
v 0.023098 0.858507 0.302441
v 0.022634 0.862074 0.303948
v 0.023047 0.860376 0.303029
v 0.023272 0.858628 0.302065
v 0.018905 0.867688 0.307848
v 0.020005 0.866335 0.307121
v 0.020940 0.864892 0.306350
v 0.019052 0.867901 0.307503
v 0.020161 0.866536 0.306772
v 0.021104 0.865080 0.305997
v 0.019196 0.868111 0.307159
v 0.020314 0.866734 0.306424
v 0.021264 0.865264 0.305646
v 0.019461 0.868525 0.306479
v 0.020600 0.867120 0.305736
v 0.021566 0.865620 0.304948
v 0.019583 0.868727 0.306144
v 0.020732 0.867308 0.305396
v 0.021709 0.865793 0.304602
v 0.019701 0.868926 0.305812
v 0.020862 0.867493 0.305057
v 0.021847 0.865963 0.304256
v 0.022962 0.862368 0.303226
v 0.023382 0.860639 0.302291
v 0.023612 0.858861 0.301309
v 0.023119 0.862510 0.302864
v 0.023544 0.860767 0.301919
v 0.023776 0.858975 0.300927
v 0.023272 0.862650 0.302502
v 0.023701 0.860893 0.301547
v 0.023936 0.859088 0.300546
v 0.023567 0.862927 0.301781
v 0.023999 0.861144 0.300810
v 0.024234 0.859313 0.299792
v 0.023709 0.863065 0.301425
v 0.024141 0.861269 0.300447
v 0.024374 0.859426 0.299421
v 0.023848 0.863202 0.301074
v 0.024279 0.861394 0.300088
v 0.024511 0.859538 0.299056
v 0.019943 0.869313 0.305147
v 0.021122 0.867854 0.304381
v 0.022123 0.866296 0.303567
v 0.020066 0.869500 0.304816
v 0.021253 0.868030 0.304045
v 0.022261 0.866459 0.303225
v 0.020186 0.869684 0.304488
v 0.021381 0.868203 0.303712
v 0.022395 0.866620 0.302886
v 0.020405 0.870040 0.303847
v 0.021617 0.868540 0.303060
v 0.022645 0.866938 0.302223
v 0.020502 0.870214 0.303533
v 0.021724 0.868705 0.302741
v 0.022761 0.867094 0.301897
v 0.020596 0.870385 0.303218
v 0.021826 0.868869 0.302421
v 0.022872 0.867249 0.301572
v 0.024118 0.863475 0.300386
v 0.024552 0.861643 0.299388
v 0.024784 0.859763 0.298344
v 0.024248 0.863611 0.300048
v 0.024686 0.861768 0.299045
v 0.024921 0.859876 0.297994
v 0.024374 0.863747 0.299712
v 0.024818 0.861892 0.298703
v 0.025055 0.859988 0.297647
v 0.024611 0.864019 0.299031
v 0.025065 0.862141 0.298014
v 0.025310 0.860213 0.296949
v 0.024722 0.864155 0.298682
v 0.025180 0.862267 0.297661
v 0.025428 0.860327 0.296592
v 0.024828 0.864293 0.298323
v 0.025289 0.862394 0.297300
v 0.025539 0.860443 0.296227
v 0.020780 0.870724 0.302578
v 0.022026 0.869193 0.301770
v 0.023085 0.867558 0.300911
v 0.020873 0.870895 0.302247
v 0.022124 0.869356 0.301433
v 0.023188 0.867713 0.300569
v 0.020964 0.871067 0.301904
v 0.022220 0.869521 0.301086
v 0.023288 0.867870 0.300217
v -0.007754 0.853643 0.316173
v -0.007640 0.854677 0.316757
v -0.007416 0.855686 0.317313
v -0.008072 0.853790 0.315771
v -0.007956 0.854849 0.316371
v -0.007726 0.855882 0.316941
v -0.008364 0.853926 0.315393
v -0.008246 0.855008 0.316008
v -0.008011 0.856063 0.316592
v -0.006642 0.857595 0.318336
v -0.006096 0.858481 0.318804
v -0.005449 0.859311 0.319243
v -0.006928 0.857839 0.317990
v -0.006365 0.858749 0.318469
v -0.005697 0.859603 0.318918
v -0.007190 0.858065 0.317666
v -0.006610 0.858997 0.318154
v -0.005923 0.859872 0.318613
v -0.007653 0.858477 0.317056
v -0.007046 0.859447 0.317565
v -0.006328 0.860359 0.318043
v -0.007862 0.858669 0.316765
v -0.007245 0.859656 0.317283
v -0.006516 0.860584 0.317771
v -0.008061 0.858857 0.316479
v -0.007436 0.859859 0.317008
v -0.006697 0.860801 0.317505
v -0.008878 0.854171 0.314692
v -0.008756 0.855296 0.315331
v -0.008511 0.856394 0.315939
v -0.009110 0.854282 0.314360
v -0.008985 0.855429 0.315009
v -0.008734 0.856548 0.315628
v -0.009331 0.854391 0.314037
v -0.009202 0.855559 0.314696
v -0.008947 0.856699 0.315323
v -0.009762 0.854612 0.313403
v -0.009626 0.855821 0.314082
v -0.009360 0.857000 0.314728
v -0.009978 0.854725 0.313087
v -0.009838 0.855954 0.313776
v -0.009567 0.857152 0.314433
v -0.010195 0.854840 0.312767
v -0.010052 0.856088 0.313467
v -0.009776 0.857303 0.314134
v -0.008449 0.859227 0.315922
v -0.007809 0.860258 0.316468
v -0.007053 0.861226 0.316982
v -0.008643 0.859412 0.315645
v -0.007996 0.860457 0.316199
v -0.007230 0.861439 0.316719
v -0.008838 0.859596 0.315363
v -0.008182 0.860657 0.315925
v -0.007406 0.861653 0.316451
v -0.009232 0.859960 0.314774
v -0.008555 0.861056 0.315349
v -0.007752 0.862085 0.315889
v -0.009431 0.860142 0.314465
v -0.008741 0.861256 0.315047
v -0.007923 0.862304 0.315593
v -0.009630 0.860325 0.314149
v -0.008927 0.861458 0.314738
v -0.008094 0.862523 0.315292
v -0.010633 0.855068 0.312111
v -0.010486 0.856350 0.312829
v -0.010202 0.857599 0.313513
v -0.010854 0.855181 0.311772
v -0.010706 0.856479 0.312498
v -0.010418 0.857744 0.313190
v -0.011075 0.855296 0.311426
v -0.010926 0.856610 0.312161
v -0.010634 0.857892 0.312860
v -0.011513 0.855533 0.310720
v -0.011360 0.856885 0.311473
v -0.011059 0.858203 0.312190
v -0.011729 0.855656 0.310361
v -0.011573 0.857028 0.311124
v -0.011267 0.858366 0.311851
v -0.011942 0.855780 0.309998
v -0.011783 0.857173 0.310772
v -0.011473 0.858531 0.311509
v -0.010025 0.860704 0.313510
v -0.009299 0.861869 0.314114
v -0.008441 0.862963 0.314681
v -0.010219 0.860900 0.313189
v -0.009484 0.862078 0.313800
v -0.008615 0.863184 0.314375
v -0.010411 0.861098 0.312866
v -0.009668 0.862289 0.313485
v -0.008789 0.863406 0.314067
v -0.010789 0.861493 0.312209
v -0.010029 0.862712 0.312846
v -0.009130 0.863856 0.313444
v -0.010977 0.861688 0.311876
v -0.010207 0.862924 0.312522
v -0.009297 0.864084 0.313129
v -0.011167 0.861882 0.311539
v -0.010387 0.863136 0.312195
v -0.009464 0.864312 0.312811
v -0.012357 0.856025 0.309265
v -0.012194 0.857459 0.310059
v -0.011876 0.858857 0.310816
v -0.012562 0.856145 0.308895
v -0.012397 0.857599 0.309698
v -0.012076 0.859016 0.310463
v -0.012767 0.856265 0.308522
v -0.012602 0.857738 0.309334
v -0.012278 0.859173 0.310108
v -0.013190 0.856502 0.307764
v -0.013024 0.858013 0.308596
v -0.012695 0.859486 0.309389
v -0.013406 0.856622 0.307380
v -0.013240 0.858151 0.308223
v -0.012909 0.859642 0.309027
v -0.013621 0.856744 0.306993
v -0.013454 0.858291 0.307848
v -0.013121 0.859800 0.308663
v -0.011559 0.862269 0.310858
v -0.010758 0.863559 0.311531
v -0.009810 0.864769 0.312163
v -0.011760 0.862463 0.310514
v -0.010949 0.863771 0.311195
v -0.009988 0.864998 0.311834
v -0.011959 0.862657 0.310167
v -0.011138 0.863983 0.310855
v -0.010164 0.865226 0.311501
v -0.012337 0.863046 0.309468
v -0.011498 0.864406 0.310167
v -0.010503 0.865683 0.310823
v -0.012514 0.863241 0.309116
v -0.011668 0.864618 0.309820
v -0.010663 0.865911 0.310480
v -0.012689 0.863434 0.308762
v -0.011835 0.864828 0.309471
v -0.010821 0.866137 0.310136
v -0.014034 0.856997 0.306218
v -0.013864 0.858578 0.307097
v -0.013523 0.860120 0.307933
v -0.014232 0.857127 0.305830
v -0.014058 0.858724 0.306720
v -0.013713 0.860282 0.307566
v -0.014426 0.857257 0.305441
v -0.014250 0.858870 0.306342
v -0.013900 0.860444 0.307197
v -0.014816 0.857511 0.304660
v -0.014636 0.859157 0.305579
v -0.014278 0.860763 0.306452
v -0.015012 0.857634 0.304270
v -0.014830 0.859297 0.305196
v -0.014470 0.860919 0.306077
v -0.015206 0.857756 0.303881
v -0.015023 0.859435 0.304814
v -0.014660 0.861074 0.305703
v -0.013042 0.863815 0.308048
v -0.012170 0.865240 0.308770
v -0.011136 0.866579 0.309448
v -0.013221 0.864003 0.307690
v -0.012340 0.865442 0.308421
v -0.011294 0.866794 0.309107
v -0.013399 0.864189 0.307333
v -0.012507 0.865642 0.308073
v -0.011450 0.867008 0.308767
v -0.013741 0.864561 0.306628
v -0.012829 0.866040 0.307384
v -0.011747 0.867431 0.308093
v -0.013904 0.864746 0.306280
v -0.012982 0.866239 0.307043
v -0.011889 0.867641 0.307757
v -0.014062 0.864930 0.305933
v -0.013131 0.866435 0.306701
v -0.012026 0.867849 0.307421
v -0.015579 0.857997 0.303117
v -0.015395 0.859710 0.304064
v -0.015028 0.861384 0.304967
v -0.015757 0.858118 0.302740
v -0.015573 0.859849 0.303696
v -0.015203 0.861538 0.304606
v -0.015930 0.858242 0.302365
v -0.015746 0.859989 0.303329
v -0.015373 0.861694 0.304246
v -0.016269 0.858496 0.301609
v -0.016081 0.860274 0.302590
v -0.015701 0.862009 0.303524
v -0.016435 0.858625 0.301228
v -0.016244 0.860419 0.302219
v -0.015860 0.862167 0.303161
v -0.016597 0.858754 0.300850
v -0.016404 0.860562 0.301849
v -0.016015 0.862323 0.302799
v -0.014365 0.865295 0.305236
v -0.013417 0.866822 0.306014
v -0.012293 0.868255 0.306742
v -0.014511 0.865475 0.304886
v -0.013556 0.867011 0.305668
v -0.012424 0.868452 0.306400
v -0.014656 0.865652 0.304537
v -0.013694 0.867196 0.305324
v -0.012554 0.868647 0.306060
v -0.014941 0.865993 0.303849
v -0.013967 0.867558 0.304649
v -0.012811 0.869028 0.305398
v -0.015082 0.866157 0.303512
v -0.014101 0.867733 0.304319
v -0.012937 0.869214 0.305075
v -0.015219 0.866316 0.303178
v -0.014232 0.867904 0.303992
v -0.013061 0.869395 0.304756
v -0.016912 0.859000 0.300111
v -0.016715 0.860835 0.301124
v -0.016320 0.862620 0.302087
v -0.017065 0.859115 0.299752
v -0.016866 0.860963 0.300770
v -0.016468 0.862761 0.301738
v -0.017214 0.859225 0.299398
v -0.017013 0.861085 0.300420
v -0.016614 0.862895 0.301392
v -0.017504 0.859427 0.298700
v -0.017299 0.861311 0.299732
v -0.016893 0.863145 0.300712
v -0.017645 0.859522 0.298353
v -0.017437 0.861418 0.299390
v -0.017027 0.863265 0.300375
v -0.017782 0.859618 0.298003
v -0.017572 0.861525 0.299046
v -0.017157 0.863384 0.300036
v -0.015480 0.866616 0.302517
v -0.014480 0.868228 0.303342
v -0.013293 0.869742 0.304116
v -0.015602 0.866761 0.302188
v -0.014596 0.868384 0.303016
v -0.013401 0.869910 0.303794
v -0.015721 0.866905 0.301857
v -0.014707 0.868541 0.302688
v -0.013504 0.870077 0.303469
v -0.015949 0.867205 0.301186
v -0.014920 0.868865 0.302024
v -0.013700 0.870424 0.302812
v -0.016059 0.867362 0.300842
v -0.015022 0.869034 0.301685
v -0.013794 0.870604 0.302477
v -0.016167 0.867521 0.300490
v -0.015122 0.869204 0.301339
v -0.013886 0.870784 0.302135
v -0.018046 0.859820 0.297290
v -0.017832 0.861751 0.298345
v -0.017410 0.863634 0.299346
v -0.018170 0.859929 0.296924
v -0.017956 0.861872 0.297984
v -0.017531 0.863768 0.298992
v -0.018290 0.860044 0.296551
v -0.018076 0.861998 0.297616
v -0.017649 0.863904 0.298629
v -0.014085 0.871938 0.298595
v -0.015334 0.870344 0.297791
v -0.016388 0.868647 0.296934
v -0.014182 0.871848 0.299169
v -0.015437 0.870245 0.298359
v -0.016495 0.868539 0.297497
v -0.014235 0.871737 0.299696
v -0.015492 0.870129 0.298883
v -0.016552 0.868418 0.298017
v -0.017879 0.865002 0.295058
v -0.018306 0.863082 0.294039
v -0.018519 0.861114 0.292968
v -0.017991 0.864874 0.295612
v -0.018420 0.862944 0.294590
v -0.018634 0.860967 0.293515
v -0.018050 0.864742 0.296127
v -0.018479 0.862806 0.295103
v -0.018693 0.860823 0.294025
v -0.018027 0.864468 0.297053
v -0.018457 0.862531 0.296029
v -0.018671 0.860548 0.294952
v -0.017960 0.864327 0.297474
v -0.018390 0.862395 0.296451
v -0.018604 0.860416 0.295375
v -0.017869 0.864185 0.297873
v -0.018298 0.862260 0.296853
v -0.018512 0.860288 0.295779
v -0.014214 0.871463 0.300622
v -0.015470 0.869855 0.299809
v -0.016529 0.868143 0.298943
v -0.014152 0.871305 0.301033
v -0.015405 0.869701 0.300223
v -0.016463 0.867994 0.299360
v -0.014070 0.871138 0.301418
v -0.015319 0.869540 0.300612
v -0.016374 0.867839 0.299753
v 0.001074 0.851371 0.321968
v 0.001100 0.851915 0.322308
v 0.001151 0.852443 0.322632
v 0.000551 0.851379 0.321929
v 0.000583 0.851939 0.322276
v 0.000646 0.852484 0.322607
v -0.000030 0.851417 0.321830
v 0.000008 0.851997 0.322186
v 0.000083 0.852562 0.322526
v 0.001329 0.853437 0.323231
v 0.001453 0.853896 0.323505
v 0.001602 0.854327 0.323763
v 0.000860 0.853512 0.323221
v 0.001011 0.853986 0.323503
v 0.001189 0.854433 0.323768
v 0.000340 0.853629 0.323157
v 0.000518 0.854122 0.323448
v 0.000731 0.854586 0.323720
v -0.000823 0.853995 0.322866
v -0.000582 0.854531 0.323172
v -0.000297 0.855034 0.323458
v -0.001439 0.854236 0.322642
v -0.001167 0.854797 0.322954
v -0.000842 0.855322 0.323246
v -0.002058 0.854507 0.322368
v -0.001753 0.855094 0.322688
v -0.001389 0.855643 0.322987
v -0.001317 0.851591 0.321456
v -0.001267 0.852220 0.321835
v -0.001166 0.852835 0.322198
v -0.001994 0.851722 0.321183
v -0.001939 0.852380 0.321577
v -0.001827 0.853023 0.321953
v -0.002673 0.851873 0.320855
v -0.002612 0.852563 0.321266
v -0.002489 0.853237 0.321656
v 0.005998 0.854423 0.323707
v 0.006146 0.853994 0.323436
v 0.006271 0.853537 0.323150
v 0.006408 0.854529 0.323704
v 0.006587 0.854085 0.323427
v 0.006738 0.853612 0.323135
v 0.006862 0.854683 0.323645
v 0.007075 0.854222 0.323361
v 0.007254 0.853729 0.323063
v 0.006449 0.852543 0.322536
v 0.006501 0.852015 0.322209
v 0.006528 0.851472 0.321869
v 0.006953 0.852584 0.322509
v 0.007017 0.852039 0.322176
v 0.007052 0.851479 0.321829
v 0.007512 0.852662 0.322424
v 0.007590 0.852097 0.322083
v 0.007632 0.851518 0.321728
v 0.008745 0.852935 0.322079
v 0.008852 0.852321 0.321720
v 0.008911 0.851694 0.321346
v 0.009393 0.853125 0.321822
v 0.009515 0.852483 0.321453
v 0.009582 0.851827 0.321067
v 0.010042 0.853343 0.321514
v 0.010179 0.852672 0.321133
v 0.010253 0.851984 0.320733
v 0.007865 0.855133 0.323360
v 0.008151 0.854631 0.323062
v 0.008393 0.854095 0.322749
v 0.008392 0.855422 0.323139
v 0.008718 0.854898 0.322833
v 0.008993 0.854338 0.322512
v 0.008921 0.855745 0.322872
v 0.009286 0.855198 0.322557
v 0.009595 0.854612 0.322226
v 0.006505 0.850363 0.321148
v 0.006454 0.849808 0.320774
v 0.006378 0.849260 0.320402
v 0.007027 0.850340 0.321091
v 0.006967 0.849770 0.320708
v 0.006878 0.849207 0.320327
v 0.007605 0.850342 0.320972
v 0.007537 0.849755 0.320578
v 0.007432 0.849175 0.320187
v 0.006153 0.848202 0.319692
v 0.006007 0.847705 0.319370
v 0.005843 0.847239 0.319079
v 0.006613 0.848118 0.319603
v 0.006441 0.847605 0.319276
v 0.006248 0.847124 0.318982
v 0.007123 0.848051 0.319447
v 0.006922 0.847520 0.319114
v 0.006695 0.847021 0.318815
v 0.008239 0.847956 0.318930
v 0.007975 0.847383 0.318577
v 0.007674 0.846842 0.318260
v 0.008821 0.847923 0.318571
v 0.008523 0.847324 0.318204
v 0.008184 0.846760 0.317874
v 0.009402 0.847894 0.318147
v 0.009071 0.847268 0.317764
v 0.008694 0.846678 0.317418
v 0.008878 0.850424 0.320545
v 0.008787 0.849792 0.320129
v 0.008648 0.849168 0.319714
v 0.009544 0.850500 0.320241
v 0.009440 0.849840 0.319811
v 0.009282 0.849187 0.319383
v 0.010210 0.850593 0.319879
v 0.010093 0.849901 0.319435
v 0.009917 0.849217 0.318991
v 0.001970 0.855105 0.324226
v 0.002188 0.855445 0.324430
v 0.002424 0.855745 0.324610
v 0.001632 0.855234 0.324243
v 0.001892 0.855582 0.324450
v 0.002174 0.855890 0.324634
v 0.001254 0.855413 0.324208
v 0.001562 0.855771 0.324419
v 0.001895 0.856087 0.324606
v 0.002946 0.856206 0.324890
v 0.003224 0.856358 0.324984
v 0.003510 0.856454 0.325042
v 0.002792 0.856364 0.324921
v 0.003121 0.856522 0.325018
v 0.003457 0.856622 0.325079
v 0.002620 0.856575 0.324900
v 0.003004 0.856739 0.325001
v 0.003397 0.856844 0.325065
v 0.002225 0.857159 0.324706
v 0.002731 0.857336 0.324813
v 0.003249 0.857450 0.324881
v 0.002011 0.857528 0.324535
v 0.002582 0.857711 0.324645
v 0.003166 0.857830 0.324714
v 0.001795 0.857941 0.324322
v 0.002432 0.858131 0.324434
v 0.003082 0.858254 0.324504
v 0.000407 0.855924 0.323971
v 0.000819 0.856305 0.324194
v 0.001263 0.856640 0.324392
v -0.000044 0.856248 0.323773
v 0.000423 0.856644 0.324004
v 0.000925 0.856991 0.324211
v -0.000496 0.856610 0.323529
v 0.000025 0.857021 0.323770
v 0.000586 0.857382 0.323986
v 0.003565 0.845176 0.318114
v 0.003320 0.845254 0.318137
v 0.003080 0.845384 0.318182
v 0.003517 0.844979 0.317992
v 0.003222 0.845062 0.318016
v 0.002933 0.845197 0.318062
v 0.003464 0.844786 0.317796
v 0.003113 0.844871 0.317821
v 0.002770 0.845012 0.317868
v 0.002614 0.845796 0.318357
v 0.002391 0.846076 0.318495
v 0.002178 0.846402 0.318671
v 0.002377 0.845623 0.318239
v 0.002112 0.845911 0.318378
v 0.001859 0.846247 0.318557
v 0.002111 0.845453 0.318047
v 0.001800 0.845750 0.318190
v 0.001505 0.846099 0.318372
v 0.001523 0.845115 0.317439
v 0.001107 0.845440 0.317591
v 0.000715 0.845820 0.317786
v 0.001213 0.844945 0.317023
v 0.000742 0.845287 0.317183
v 0.000297 0.845686 0.317387
v 0.000902 0.844769 0.316539
v 0.000374 0.845130 0.316707
v -0.000123 0.845551 0.316920
v 0.003355 0.844397 0.317172
v 0.002878 0.844487 0.317197
v 0.002411 0.844637 0.317246
v 0.003301 0.844196 0.316743
v 0.002757 0.844288 0.316770
v 0.002224 0.844444 0.316821
v 0.003247 0.843987 0.316244
v 0.002636 0.844081 0.316272
v 0.002037 0.844243 0.316326
v 0.005473 0.846431 0.318623
v 0.005270 0.846097 0.318460
v 0.005053 0.845811 0.318335
v 0.005805 0.846286 0.318518
v 0.005560 0.845939 0.318351
v 0.005299 0.845641 0.318222
v 0.006173 0.846150 0.318341
v 0.005882 0.845789 0.318169
v 0.005572 0.845479 0.318035
v 0.004580 0.845391 0.318177
v 0.004328 0.845258 0.318136
v 0.004071 0.845177 0.318114
v 0.004732 0.845203 0.318058
v 0.004430 0.845065 0.318015
v 0.004124 0.844981 0.317992
v 0.004900 0.845021 0.317865
v 0.004545 0.844876 0.317820
v 0.004183 0.844788 0.317796
v 0.005277 0.844663 0.317243
v 0.004804 0.844503 0.317196
v 0.004323 0.844405 0.317171
v 0.005475 0.844481 0.316816
v 0.004943 0.844313 0.316768
v 0.004399 0.844209 0.316743
v 0.005674 0.844292 0.316317
v 0.005081 0.844114 0.316268
v 0.004475 0.844004 0.316242
v 0.006978 0.845897 0.317755
v 0.006588 0.845503 0.317571
v 0.006172 0.845164 0.317426
v 0.007398 0.845773 0.317348
v 0.006956 0.845361 0.317155
v 0.006486 0.845006 0.317005
v 0.007818 0.845645 0.316869
v 0.007325 0.845214 0.316669
v 0.006801 0.844843 0.316513
v 0.001793 0.847188 0.319150
v 0.001625 0.847639 0.319449
v 0.001477 0.848123 0.319778
v 0.001405 0.847061 0.319045
v 0.001207 0.847530 0.319350
v 0.001032 0.848033 0.319686
v 0.000973 0.846945 0.318870
v 0.000742 0.847434 0.319182
v 0.000536 0.847957 0.319527
v 0.001243 0.849164 0.320496
v 0.001162 0.849710 0.320870
v 0.001105 0.850263 0.321245
v 0.000755 0.849109 0.320422
v 0.000657 0.849670 0.320806
v 0.000588 0.850239 0.321191
v 0.000210 0.849073 0.320282
v 0.000094 0.849652 0.320677
v 0.000014 0.850240 0.321072
v -0.001004 0.849048 0.319810
v -0.001156 0.849677 0.320228
v -0.001261 0.850314 0.320647
v -0.001646 0.849056 0.319480
v -0.001816 0.849715 0.319911
v -0.001932 0.850383 0.320345
v -0.002291 0.849073 0.319089
v -0.002477 0.849765 0.319536
v -0.002604 0.850467 0.319984
v 0.000009 0.846741 0.318316
v -0.000299 0.847272 0.318646
v -0.000572 0.847839 0.319010
v -0.000502 0.846649 0.317938
v -0.000851 0.847202 0.318279
v -0.001160 0.847793 0.318656
v -0.001016 0.846559 0.317493
v -0.001406 0.847136 0.317847
v -0.001752 0.847752 0.318237
v 0.004087 0.856462 0.325040
v 0.004372 0.856375 0.324980
v 0.004650 0.856232 0.324883
v 0.004138 0.856635 0.325078
v 0.004475 0.856547 0.325016
v 0.004804 0.856401 0.324916
v 0.004192 0.856861 0.325065
v 0.004586 0.856772 0.325000
v 0.004971 0.856623 0.324896
v 0.005171 0.855796 0.324593
v 0.005409 0.855510 0.324406
v 0.005627 0.855183 0.324193
v 0.005422 0.855952 0.324616
v 0.005705 0.855656 0.324422
v 0.005966 0.855318 0.324203
v 0.005698 0.856160 0.324584
v 0.006031 0.855854 0.324384
v 0.006338 0.855503 0.324158
v 0.006303 0.856729 0.324363
v 0.006748 0.856400 0.324146
v 0.007161 0.856021 0.323904
v 0.006620 0.857082 0.324178
v 0.007125 0.856741 0.323953
v 0.007593 0.856347 0.323701
v 0.006937 0.857475 0.323950
v 0.007502 0.857119 0.323716
v 0.008025 0.856710 0.323454
v 0.004300 0.857473 0.324880
v 0.004822 0.857381 0.324811
v 0.005333 0.857223 0.324699
v 0.004352 0.857854 0.324713
v 0.004943 0.857758 0.324642
v 0.005522 0.857595 0.324527
v 0.004405 0.858278 0.324502
v 0.005064 0.858178 0.324429
v 0.005711 0.858008 0.324311
v 0.004433 0.854899 0.322598
v 0.004362 0.855057 0.322682
v 0.004280 0.855212 0.322794
v 0.004448 0.854631 0.322406
v 0.004370 0.854775 0.322489
v 0.004284 0.854914 0.322604
v 0.004462 0.854290 0.322197
v 0.004379 0.854422 0.322285
v 0.004289 0.854547 0.322407
v 0.004096 0.855460 0.323027
v 0.003998 0.855540 0.323121
v 0.003897 0.855586 0.323186
v 0.004096 0.855137 0.322852
v 0.003998 0.855208 0.322955
v 0.003896 0.855251 0.323028
v 0.004098 0.854743 0.322675
v 0.003998 0.854807 0.322789
v 0.003895 0.854845 0.322871
v 0.004099 0.853784 0.322273
v 0.003998 0.853828 0.322407
v 0.003893 0.853855 0.322505
v 0.004099 0.853238 0.322026
v 0.003998 0.853272 0.322167
v 0.003893 0.853291 0.322269
v 0.004099 0.852664 0.321735
v 0.003998 0.852687 0.321879
v 0.003893 0.852700 0.321984
v 0.004483 0.853439 0.321715
v 0.004393 0.853547 0.321821
v 0.004297 0.853642 0.321962
v 0.004486 0.852951 0.321436
v 0.004395 0.853046 0.321551
v 0.004298 0.853126 0.321700
v 0.004486 0.852437 0.321129
v 0.004394 0.852517 0.321248
v 0.004297 0.852581 0.321401
v 0.003154 0.854846 0.322676
v 0.003136 0.854576 0.322490
v 0.003116 0.854231 0.322287
v 0.003219 0.855006 0.322750
v 0.003205 0.854725 0.322564
v 0.003188 0.854372 0.322368
v 0.003297 0.855162 0.322850
v 0.003284 0.854868 0.322668
v 0.003269 0.854505 0.322480
v 0.003088 0.853373 0.321812
v 0.003083 0.852884 0.321535
v 0.003085 0.852369 0.321228
v 0.003163 0.853497 0.321916
v 0.003159 0.852996 0.321648
v 0.003162 0.852467 0.321345
v 0.003246 0.853608 0.322051
v 0.003243 0.853093 0.321792
v 0.003246 0.852549 0.321494
v 0.003444 0.853773 0.322336
v 0.003442 0.853230 0.322093
v 0.003444 0.852657 0.321803
v 0.003556 0.853823 0.322452
v 0.003554 0.853269 0.322214
v 0.003556 0.852685 0.321927
v 0.003671 0.853853 0.322528
v 0.003670 0.853291 0.322294
v 0.003671 0.852700 0.322009
v 0.003481 0.855420 0.323058
v 0.003471 0.855104 0.322891
v 0.003460 0.854719 0.322724
v 0.003583 0.855511 0.323140
v 0.003576 0.855185 0.322981
v 0.003568 0.854791 0.322823
v 0.003688 0.855571 0.323196
v 0.003684 0.855239 0.323041
v 0.003679 0.854837 0.322888
v 0.004370 0.848579 0.318446
v 0.004385 0.848944 0.318659
v 0.004403 0.849362 0.318939
v 0.004314 0.848513 0.318414
v 0.004323 0.848911 0.318657
v 0.004334 0.849350 0.318964
v 0.004248 0.848430 0.318404
v 0.004253 0.848854 0.318679
v 0.004260 0.849315 0.319015
v 0.004441 0.850318 0.319640
v 0.004457 0.850836 0.320028
v 0.004471 0.851369 0.320417
v 0.004360 0.850338 0.319712
v 0.004372 0.850872 0.320121
v 0.004382 0.851420 0.320525
v 0.004276 0.850338 0.319817
v 0.004283 0.850888 0.320247
v 0.004290 0.851452 0.320668
v 0.004095 0.850311 0.320065
v 0.004096 0.850889 0.320534
v 0.004098 0.851480 0.320983
v 0.003998 0.850296 0.320177
v 0.003998 0.850883 0.320661
v 0.003998 0.851483 0.321120
v 0.003898 0.850284 0.320261
v 0.003896 0.850878 0.320755
v 0.003895 0.851483 0.321221
v 0.004089 0.848270 0.318434
v 0.004090 0.848731 0.318765
v 0.004091 0.849227 0.319160
v 0.003997 0.848209 0.318459
v 0.003997 0.848682 0.318812
v 0.003997 0.849190 0.319231
v 0.003900 0.848166 0.318482
v 0.003899 0.848648 0.318850
v 0.003899 0.849164 0.319286
v 0.003230 0.848497 0.318519
v 0.003286 0.848435 0.318478
v 0.003352 0.848359 0.318455
v 0.003214 0.848864 0.318739
v 0.003276 0.848839 0.318730
v 0.003346 0.848793 0.318741
v 0.003194 0.849286 0.319024
v 0.003262 0.849286 0.319045
v 0.003336 0.849264 0.319089
v 0.003511 0.848222 0.318461
v 0.003603 0.848176 0.318476
v 0.003700 0.848149 0.318490
v 0.003509 0.848694 0.318802
v 0.003602 0.848657 0.318837
v 0.003700 0.848635 0.318863
v 0.003504 0.849201 0.319208
v 0.003599 0.849174 0.319264
v 0.003698 0.849156 0.319303
v 0.003486 0.850300 0.320129
v 0.003586 0.850291 0.320222
v 0.003690 0.850282 0.320284
v 0.003473 0.850881 0.320601
v 0.003577 0.850880 0.320708
v 0.003684 0.850877 0.320779
v 0.003460 0.851473 0.321051
v 0.003568 0.851481 0.321168
v 0.003679 0.851483 0.321245
v 0.003149 0.850248 0.319733
v 0.003225 0.850285 0.319805
v 0.003305 0.850302 0.319906
v 0.003127 0.850768 0.320124
v 0.003204 0.850821 0.320216
v 0.003286 0.850855 0.320338
v 0.003108 0.851301 0.320515
v 0.003186 0.851370 0.320622
v 0.003269 0.851420 0.320760
v 0.002676 0.846735 0.318695
v 0.002825 0.846425 0.318523
v 0.002980 0.846160 0.318388
v 0.002854 0.846913 0.318627
v 0.002978 0.846612 0.318458
v 0.003107 0.846355 0.318326
v 0.002991 0.847099 0.318533
v 0.003094 0.846810 0.318370
v 0.003202 0.846563 0.318242
v 0.003302 0.845773 0.318220
v 0.003468 0.845654 0.318179
v 0.003638 0.845584 0.318159
v 0.003378 0.845983 0.318164
v 0.003518 0.845870 0.318126
v 0.003661 0.845805 0.318108
v 0.003432 0.846210 0.318088
v 0.003553 0.846104 0.318054
v 0.003678 0.846044 0.318039
v 0.003493 0.846740 0.317973
v 0.003592 0.846651 0.317947
v 0.003696 0.846603 0.317937
v 0.003506 0.847052 0.317976
v 0.003600 0.846974 0.317956
v 0.003699 0.846931 0.317949
v 0.003511 0.847401 0.318047
v 0.003603 0.847333 0.318034
v 0.003700 0.847296 0.318031
v 0.003160 0.847500 0.318356
v 0.003234 0.847248 0.318213
v 0.003314 0.847038 0.318101
v 0.003204 0.847714 0.318310
v 0.003268 0.847495 0.318182
v 0.003339 0.847313 0.318085
v 0.003228 0.847939 0.318311
v 0.003285 0.847768 0.318206
v 0.003351 0.847620 0.318128
v 0.005208 0.847514 0.319076
v 0.005325 0.847955 0.319359
v 0.005430 0.848426 0.319673
v 0.004980 0.847673 0.318997
v 0.005080 0.848102 0.319275
v 0.005170 0.848564 0.319583
v 0.004804 0.847841 0.318891
v 0.004890 0.848260 0.319162
v 0.004967 0.848711 0.319463
v 0.005592 0.849434 0.320358
v 0.005647 0.849958 0.320715
v 0.005683 0.850487 0.321073
v 0.005310 0.849551 0.320256
v 0.005356 0.850064 0.320607
v 0.005387 0.850583 0.320960
v 0.005088 0.849680 0.320125
v 0.005127 0.850184 0.320472
v 0.005153 0.850695 0.320822
v 0.004783 0.849952 0.319845
v 0.004814 0.850446 0.320192
v 0.004835 0.850950 0.320543
v 0.004680 0.850079 0.319729
v 0.004707 0.850573 0.320080
v 0.004727 0.851078 0.320436
v 0.004595 0.850188 0.319648
v 0.004619 0.850686 0.320006
v 0.004638 0.851196 0.320371
v 0.004577 0.848194 0.318670
v 0.004638 0.848585 0.318919
v 0.004694 0.849014 0.319201
v 0.004509 0.848363 0.318585
v 0.004559 0.848735 0.318816
v 0.004605 0.849151 0.319088
v 0.004460 0.848506 0.318529
v 0.004497 0.848857 0.318738
v 0.004533 0.849263 0.319001
v 0.002261 0.854254 0.323604
v 0.002160 0.853845 0.323358
v 0.002075 0.853411 0.323094
v 0.002505 0.854277 0.323467
v 0.002421 0.853877 0.323224
v 0.002350 0.853452 0.322964
v 0.002696 0.854326 0.323306
v 0.002627 0.853936 0.323068
v 0.002567 0.853520 0.322811
v 0.001954 0.852467 0.322514
v 0.001918 0.851964 0.322198
v 0.001900 0.851446 0.321867
v 0.002248 0.852526 0.322389
v 0.002217 0.852031 0.322075
v 0.002200 0.851522 0.321745
v 0.002479 0.852610 0.322241
v 0.002452 0.852122 0.321929
v 0.002437 0.851619 0.321601
v 0.002785 0.852834 0.321951
v 0.002766 0.852356 0.321646
v 0.002755 0.851861 0.321322
v 0.002881 0.852965 0.321840
v 0.002866 0.852490 0.321540
v 0.002859 0.851995 0.321220
v 0.002954 0.853102 0.321772
v 0.002944 0.852626 0.321478
v 0.002941 0.852128 0.321162
v 0.002941 0.854469 0.322970
v 0.002890 0.854106 0.322746
v 0.002848 0.853713 0.322502
v 0.003010 0.854545 0.322822
v 0.002967 0.854207 0.322610
v 0.002932 0.853829 0.322376
v 0.003058 0.854618 0.322709
v 0.003024 0.854314 0.322511
v 0.002995 0.853955 0.322288
v 0.005079 0.855064 0.324008
v 0.004926 0.855372 0.324209
v 0.004759 0.855641 0.324387
v 0.004874 0.855067 0.323848
v 0.004744 0.855366 0.324043
v 0.004602 0.855627 0.324216
v 0.004712 0.855093 0.323662
v 0.004600 0.855383 0.323850
v 0.004478 0.855636 0.324017
v 0.004393 0.856052 0.324664
v 0.004199 0.856187 0.324758
v 0.003999 0.856271 0.324819
v 0.004294 0.856025 0.324489
v 0.004131 0.856155 0.324584
v 0.003964 0.856235 0.324647
v 0.004216 0.856019 0.324286
v 0.004078 0.856144 0.324382
v 0.003936 0.856220 0.324446
v 0.004123 0.856004 0.323845
v 0.004015 0.856115 0.323937
v 0.003904 0.856182 0.324000
v 0.004104 0.855960 0.323623
v 0.004003 0.856064 0.323712
v 0.003899 0.856125 0.323773
v 0.004097 0.855867 0.323410
v 0.003999 0.855962 0.323497
v 0.003897 0.856018 0.323556
v 0.004512 0.855166 0.323272
v 0.004425 0.855429 0.323442
v 0.004329 0.855659 0.323594
v 0.004463 0.855182 0.323091
v 0.004384 0.855424 0.323245
v 0.004296 0.855638 0.323385
v 0.004435 0.855162 0.322927
v 0.004364 0.855375 0.323055
v 0.004281 0.855569 0.323182
v -0.021796 0.872295 0.135000
v -0.007568 0.894212 0.135000
v -0.014142 0.855711 0.135000
v 0.024644 0.881477 0.135000
v 0.019592 0.889043 0.135000
v -0.006451 0.850648 0.135000
v 0.002384 0.848906 0.135000
v 0.024073 0.863708 0.135000
v 0.011165 0.850762 0.135000
v -0.020438 0.881099 0.135000
v 0.026175 0.872680 0.135000
v 0.018781 0.855965 0.135000
v -0.019531 0.863373 0.135000
v 0.001962 0.896364 0.135000
v -0.015496 0.888733 0.135000
v 0.011563 0.894405 0.135000
v 0.013781 0.893337 0.135000
v 0.015876 0.892073 0.135000
v 0.017821 0.890635 0.135000
v 0.004419 0.896254 0.135000
v 0.006855 0.895880 0.135000
v 0.009245 0.895259 0.135000
v -0.019526 0.883154 0.135000
v -0.018393 0.885121 0.135000
v -0.017048 0.886986 0.135000
v -0.021803 0.874553 0.135000
v -0.021578 0.876783 0.135000
v -0.021123 0.878971 0.135000
v 0.025367 0.879357 0.135000
v 0.025866 0.877173 0.135000
v 0.026136 0.874943 0.135000
v 0.021168 0.887317 0.135000
v 0.022539 0.885471 0.135000
v 0.023699 0.883520 0.135000
v 0.023021 0.861601 0.135000
v 0.021780 0.859593 0.135000
v 0.020362 0.857708 0.135000
v 0.025982 0.870402 0.135000
v 0.025562 0.868132 0.135000
v 0.024923 0.865893 0.135000
v -0.005276 0.895108 0.135000
v -0.002908 0.895777 0.135000
v -0.000488 0.896201 0.135000
v -0.013749 0.890349 0.135000
v -0.011829 0.891814 0.135000
v -0.009760 0.893108 0.135000
v -0.008529 0.851622 0.135000
v -0.010516 0.852797 0.135000
v -0.012394 0.854164 0.135000
v 0.000135 0.849008 0.135000
v -0.002100 0.849336 0.135000
v -0.004302 0.849884 0.135000
v 0.009035 0.849966 0.135000
v 0.006850 0.849389 0.135000
v 0.004627 0.849034 0.135000
v 0.017052 0.854385 0.135000
v 0.015193 0.852983 0.135000
v 0.013225 0.851771 0.135000
v -0.020416 0.865543 0.135000
v -0.021094 0.867768 0.135000
v -0.021557 0.870026 0.135000
v -0.015743 0.857428 0.135000
v -0.017183 0.859292 0.135000
v -0.018450 0.861282 0.135000
f 8242 8241 390 3203
f 8243 8242 3203 3202
f 8244 8243 3202 3201
f 8230 8244 3201 130
f 8245 8239 131 942
f 8246 8245 942 943
f 8247 8246 943 944
f 8241 8247 944 390
f 3618 3619 3622 3621
f 3619 3620 3623 3622
f 3621 3622 3625 3624
f 3622 3623 3626 3625
f 390 944 3618 1649
f 944 943 3619 3618
f 943 942 3620 3619
f 942 131 3206 3620
f 3620 3206 3205 3623
f 3623 3205 3204 3626
f 3626 3204 1 3207
f 3625 3626 3207 3208
f 3624 3625 3208 3209
f 1647 3624 3209 132
f 1648 3621 3624 1647
f 1649 3618 3621 1648
f 3627 3628 3631 3630
f 3628 3629 3632 3631
f 3630 3631 3634 3633
f 3631 3632 3635 3634
f 130 3201 3627 1652
f 3201 3202 3628 3627
f 3202 3203 3629 3628
f 3203 390 1649 3629
f 3629 1649 1648 3632
f 3632 1648 1647 3635
f 3635 1647 132 1655
f 3634 3635 1655 1654
f 3633 3634 1654 1653
f 1650 3633 1653 7
f 1651 3630 3633 1650
f 1652 3627 3630 1651
f 8248 8235 391 2483
f 8249 8248 2483 2482
f 8250 8249 2482 2481
f 8240 8250 2481 133
f 8251 8226 134 3210
f 8252 8251 3210 3211
f 8253 8252 3211 3212
f 8235 8253 3212 391
f 3636 3637 3640 3639
f 3637 3638 3641 3640
f 3639 3640 3643 3642
f 3640 3641 3644 3643
f 391 3212 3636 947
f 3212 3211 3637 3636
f 3211 3210 3638 3637
f 3210 134 524 3638
f 3638 524 523 3641
f 3641 523 522 3644
f 3644 522 2 525
f 3643 3644 525 526
f 3642 3643 526 527
f 945 3642 527 135
f 946 3639 3642 945
f 947 3636 3639 946
f 3645 3646 3649 3648
f 3646 3647 3650 3649
f 3648 3649 3652 3651
f 3649 3650 3653 3652
f 133 2481 3645 2837
f 2481 2482 3646 3645
f 2482 2483 3647 3646
f 2483 391 947 3647
f 3647 947 946 3650
f 3650 946 945 3653
f 3653 945 135 2840
f 3652 3653 2840 2839
f 3651 3652 2839 2838
f 2835 3651 2838 5
f 2836 3648 3651 2835
f 2837 3645 3648 2836
f 8254 8229 392 1658
f 8255 8254 1658 1657
f 8256 8255 1657 1656
f 8236 8256 1656 136
f 8257 8230 130 3213
f 8258 8257 3213 3214
f 8259 8258 3214 3215
f 8229 8259 3215 392
f 3654 3655 3658 3657
f 3655 3656 3659 3658
f 3657 3658 3661 3660
f 3658 3659 3662 3661
f 392 3215 3654 2486
f 3215 3214 3655 3654
f 3214 3213 3656 3655
f 3213 130 1652 3656
f 3656 1652 1651 3659
f 3659 1651 1650 3662
f 3662 1650 7 1659
f 3661 3662 1659 1660
f 3660 3661 1660 1661
f 2484 3660 1661 137
f 2485 3657 3660 2484
f 2486 3654 3657 2485
f 3663 3664 3667 3666
f 3664 3665 3668 3667
f 3666 3667 3670 3669
f 3667 3668 3671 3670
f 136 1656 3663 2066
f 1656 1657 3664 3663
f 1657 1658 3665 3664
f 1658 392 2486 3665
f 3665 2486 2485 3668
f 3668 2485 2484 3671
f 3671 2484 137 2069
f 3670 3671 2069 2068
f 3669 3670 2068 2067
f 2064 3669 2067 4
f 2065 3666 3669 2064
f 2066 3663 3666 2065
f 8260 8233 393 3218
f 8261 8260 3218 3217
f 8262 8261 3217 3216
f 8237 8262 3216 138
f 8263 8236 136 1662
f 8264 8263 1662 1663
f 8265 8264 1663 1664
f 8233 8265 1664 393
f 3672 3673 3676 3675
f 3673 3674 3677 3676
f 3675 3676 3679 3678
f 3676 3677 3680 3679
f 393 1664 3672 950
f 1664 1663 3673 3672
f 1663 1662 3674 3673
f 1662 136 2066 3674
f 3674 2066 2065 3677
f 3677 2065 2064 3680
f 3680 2064 4 2070
f 3679 3680 2070 2071
f 3678 3679 2071 2072
f 948 3678 2072 139
f 949 3675 3678 948
f 950 3672 3675 949
f 3681 3682 3685 3684
f 3682 3683 3686 3685
f 3684 3685 3688 3687
f 3685 3686 3689 3688
f 138 3216 3681 2075
f 3216 3217 3682 3681
f 3217 3218 3683 3682
f 3218 393 950 3683
f 3683 950 949 3686
f 3686 949 948 3689
f 3689 948 139 2078
f 3688 3689 2078 2077
f 3687 3688 2077 2076
f 2073 3687 2076 8
f 2074 3684 3687 2073
f 2075 3681 3684 2074
f 8266 8227 394 953
f 8267 8266 953 952
f 8268 8267 952 951
f 8239 8268 951 131
f 8269 8240 133 2487
f 8270 8269 2487 2488
f 8271 8270 2488 2489
f 8227 8271 2489 394
f 3690 3691 3694 3693
f 3691 3692 3695 3694
f 3693 3694 3697 3696
f 3694 3695 3698 3697
f 394 2489 3690 1295
f 2489 2488 3691 3690
f 2488 2487 3692 3691
f 2487 133 2837 3692
f 3692 2837 2836 3695
f 3695 2836 2835 3698
f 3698 2835 5 2841
f 3697 3698 2841 2842
f 3696 3697 2842 2843
f 1293 3696 2843 140
f 1294 3693 3696 1293
f 1295 3690 3693 1294
f 3699 3700 3703 3702
f 3700 3701 3704 3703
f 3702 3703 3706 3705
f 3703 3704 3707 3706
f 131 951 3699 3206
f 951 952 3700 3699
f 952 953 3701 3700
f 953 394 1295 3701
f 3701 1295 1294 3704
f 3704 1294 1293 3707
f 3707 1293 140 3221
f 3706 3707 3221 3220
f 3705 3706 3220 3219
f 3204 3705 3219 1
f 3205 3702 3705 3204
f 3206 3699 3702 3205
f 8272 8231 395 2081
f 8273 8272 2081 2080
f 8274 8273 2080 2079
f 8228 8274 2079 141
f 8275 8232 142 3222
f 8276 8275 3222 3223
f 8277 8276 3223 3224
f 8231 8277 3224 395
f 3708 3709 3712 3711
f 3709 3710 3713 3712
f 3711 3712 3715 3714
f 3712 3713 3716 3715
f 395 3224 3708 530
f 3224 3223 3709 3708
f 3223 3222 3710 3709
f 3222 142 1298 3710
f 3710 1298 1297 3713
f 3713 1297 1296 3716
f 3716 1296 3 1299
f 3715 3716 1299 1300
f 3714 3715 1300 1301
f 528 3714 1301 143
f 529 3711 3714 528
f 530 3708 3711 529
f 3717 3718 3721 3720
f 3718 3719 3722 3721
f 3720 3721 3724 3723
f 3721 3722 3725 3724
f 141 2079 3717 956
f 2079 2080 3718 3717
f 2080 2081 3719 3718
f 2081 395 530 3719
f 3719 530 529 3722
f 3722 529 528 3725
f 3725 528 143 959
f 3724 3725 959 958
f 3723 3724 958 957
f 954 3723 957 6
f 955 3720 3723 954
f 956 3717 3720 955
f 8278 8234 396 3227
f 8279 8278 3227 3226
f 8280 8279 3226 3225
f 8232 8280 3225 142
f 8281 8237 138 3228
f 8282 8281 3228 3229
f 8283 8282 3229 3230
f 8234 8283 3230 396
f 3726 3727 3730 3729
f 3727 3728 3731 3730
f 3729 3730 3733 3732
f 3730 3731 3734 3733
f 396 3230 3726 1667
f 3230 3229 3727 3726
f 3229 3228 3728 3727
f 3228 138 2075 3728
f 3728 2075 2074 3731
f 3731 2074 2073 3734
f 3734 2073 8 2082
f 3733 3734 2082 2083
f 3732 3733 2083 2084
f 1665 3732 2084 144
f 1666 3729 3732 1665
f 1667 3726 3729 1666
f 3735 3736 3739 3738
f 3736 3737 3740 3739
f 3738 3739 3742 3741
f 3739 3740 3743 3742
f 142 3225 3735 1298
f 3225 3226 3736 3735
f 3226 3227 3737 3736
f 3227 396 1667 3737
f 3737 1667 1666 3740
f 3740 1666 1665 3743
f 3743 1665 144 1304
f 3742 3743 1304 1303
f 3741 3742 1303 1302
f 1296 3741 1302 3
f 1297 3738 3741 1296
f 1298 3735 3738 1297
f 8284 8238 397 3233
f 8285 8284 3233 3232
f 8286 8285 3232 3231
f 8226 8286 3231 134
f 8287 8228 141 2085
f 8288 8287 2085 2086
f 8289 8288 2086 2087
f 8238 8289 2087 397
f 3744 3745 3748 3747
f 3745 3746 3749 3748
f 3747 3748 3751 3750
f 3748 3749 3752 3751
f 397 2087 3744 2492
f 2087 2086 3745 3744
f 2086 2085 3746 3745
f 2085 141 956 3746
f 3746 956 955 3749
f 3749 955 954 3752
f 3752 954 6 960
f 3751 3752 960 961
f 3750 3751 961 962
f 2490 3750 962 145
f 2491 3747 3750 2490
f 2492 3744 3747 2491
f 3753 3754 3757 3756
f 3754 3755 3758 3757
f 3756 3757 3760 3759
f 3757 3758 3761 3760
f 134 3231 3753 524
f 3231 3232 3754 3753
f 3232 3233 3755 3754
f 3233 397 2492 3755
f 3755 2492 2491 3758
f 3758 2491 2490 3761
f 3761 2490 145 533
f 3760 3761 533 532
f 3759 3760 532 531
f 522 3759 531 2
f 523 3756 3759 522
f 524 3753 3756 523
f 3762 3763 3766 3765
f 3763 3764 3767 3766
f 3765 3766 3769 3768
f 3766 3767 3770 3769
f 3 1302 3762 1305
f 1302 1303 3763 3762
f 1303 1304 3764 3763
f 1304 144 1668 3764
f 3764 1668 1669 3767
f 3767 1669 1670 3770
f 3770 1670 398 2846
f 3769 3770 2846 2845
f 3768 3769 2845 2844
f 1307 3768 2844 146
f 1306 3765 3768 1307
f 1305 3762 3765 1306
f 3771 3772 3775 3774
f 3772 3773 3776 3775
f 3774 3775 3778 3777
f 3775 3776 3779 3778
f 144 2084 3771 1668
f 2084 2083 3772 3771
f 2083 2082 3773 3772
f 2082 8 2088 3773
f 3773 2088 2089 3776
f 3776 2089 2090 3779
f 3779 2090 147 963
f 3778 3779 963 964
f 3777 3778 964 965
f 1670 3777 965 398
f 1669 3774 3777 1670
f 1668 3771 3774 1669
f 3780 3781 3784 3783
f 3781 3782 3785 3784
f 3783 3784 3787 3786
f 3784 3785 3788 3787
f 398 965 3780 1673
f 965 964 3781 3780
f 964 963 3782 3781
f 963 147 2093 3782
f 3782 2093 2092 3785
f 3785 2092 2091 3788
f 3788 2091 16 2094
f 3787 3788 2094 2095
f 3786 3787 2095 2096
f 1671 3786 2096 148
f 1672 3783 3786 1671
f 1673 3780 3783 1672
f 3789 3790 3793 3792
f 3790 3791 3794 3793
f 3792 3793 3796 3795
f 3793 3794 3797 3796
f 146 2844 3789 1676
f 2844 2845 3790 3789
f 2845 2846 3791 3790
f 2846 398 1673 3791
f 3791 1673 1672 3794
f 3794 1672 1671 3797
f 3797 1671 148 1679
f 3796 3797 1679 1678
f 3795 3796 1678 1677
f 1674 3795 1677 11
f 1675 3792 3795 1674
f 1676 3789 3792 1675
f 3798 3799 3802 3801
f 3799 3800 3803 3802
f 3801 3802 3805 3804
f 3802 3803 3806 3805
f 2 531 3798 534
f 531 532 3799 3798
f 532 533 3800 3799
f 533 145 2493 3800
f 3800 2493 2494 3803
f 3803 2494 2495 3806
f 3806 2495 399 2099
f 3805 3806 2099 2098
f 3804 3805 2098 2097
f 536 3804 2097 149
f 535 3801 3804 536
f 534 3798 3801 535
f 3807 3808 3811 3810
f 3808 3809 3812 3811
f 3810 3811 3814 3813
f 3811 3812 3815 3814
f 145 962 3807 2493
f 962 961 3808 3807
f 961 960 3809 3808
f 960 6 966 3809
f 3809 966 967 3812
f 3812 967 968 3815
f 3815 968 150 3234
f 3814 3815 3234 3235
f 3813 3814 3235 3236
f 2495 3813 3236 399
f 2494 3810 3813 2495
f 2493 3807 3810 2494
f 3816 3817 3820 3819
f 3817 3818 3821 3820
f 3819 3820 3823 3822
f 3820 3821 3824 3823
f 399 3236 3816 971
f 3236 3235 3817 3816
f 3235 3234 3818 3817
f 3234 150 539 3818
f 3818 539 538 3821
f 3821 538 537 3824
f 3824 537 14 540
f 3823 3824 540 541
f 3822 3823 541 542
f 969 3822 542 151
f 970 3819 3822 969
f 971 3816 3819 970
f 3825 3826 3829 3828
f 3826 3827 3830 3829
f 3828 3829 3832 3831
f 3829 3830 3833 3832
f 149 2097 3825 545
f 2097 2098 3826 3825
f 2098 2099 3827 3826
f 2099 399 971 3827
f 3827 971 970 3830
f 3830 970 969 3833
f 3833 969 151 548
f 3832 3833 548 547
f 3831 3832 547 546
f 543 3831 546 10
f 544 3828 3831 543
f 545 3825 3828 544
f 3834 3835 3838 3837
f 3835 3836 3839 3838
f 3837 3838 3841 3840
f 3838 3839 3842 3841
f 7 1653 3834 1680
f 1653 1654 3835 3834
f 1654 1655 3836 3835
f 1655 132 1683 3836
f 3836 1683 1684 3839
f 3839 1684 1685 3842
f 3842 1685 400 1310
f 3841 3842 1310 1309
f 3840 3841 1309 1308
f 1682 3840 1308 152
f 1681 3837 3840 1682
f 1680 3834 3837 1681
f 3843 3844 3847 3846
f 3844 3845 3848 3847
f 3846 3847 3850 3849
f 3847 3848 3851 3850
f 132 3209 3843 1683
f 3209 3208 3844 3843
f 3208 3207 3845 3844
f 3207 1 3237 3845
f 3845 3237 3238 3848
f 3848 3238 3239 3851
f 3851 3239 153 2100
f 3850 3851 2100 2101
f 3849 3850 2101 2102
f 1685 3849 2102 400
f 1684 3846 3849 1685
f 1683 3843 3846 1684
f 3852 3853 3856 3855
f 3853 3854 3857 3856
f 3855 3856 3859 3858
f 3856 3857 3860 3859
f 400 2102 3852 2849
f 2102 2101 3853 3852
f 2101 2100 3854 3853
f 2100 153 2852 3854
f 3854 2852 2851 3857
f 3857 2851 2850 3860
f 3860 2850 9 2853
f 3859 3860 2853 2854
f 3858 3859 2854 2855
f 2847 3858 2855 154
f 2848 3855 3858 2847
f 2849 3852 3855 2848
f 3861 3862 3865 3864
f 3862 3863 3866 3865
f 3864 3865 3868 3867
f 3865 3866 3869 3868
f 152 1308 3861 1688
f 1308 1309 3862 3861
f 1309 1310 3863 3862
f 1310 400 2849 3863
f 3863 2849 2848 3866
f 3866 2848 2847 3869
f 3869 2847 154 1691
f 3868 3869 1691 1690
f 3867 3868 1690 1689
f 1686 3867 1689 15
f 1687 3864 3867 1686
f 1688 3861 3864 1687
f 3870 3871 3874 3873
f 3871 3872 3875 3874
f 3873 3874 3877 3876
f 3874 3875 3878 3877
f 5 2838 3870 2856
f 2838 2839 3871 3870
f 2839 2840 3872 3871
f 2840 135 972 3872
f 3872 972 973 3875
f 3875 973 974 3878
f 3878 974 401 551
f 3877 3878 551 550
f 3876 3877 550 549
f 2858 3876 549 155
f 2857 3873 3876 2858
f 2856 3870 3873 2857
f 3879 3880 3883 3882
f 3880 3881 3884 3883
f 3882 3883 3886 3885
f 3883 3884 3887 3886
f 135 527 3879 972
f 527 526 3880 3879
f 526 525 3881 3880
f 525 2 534 3881
f 3881 534 535 3884
f 3884 535 536 3887
f 3887 536 149 2103
f 3886 3887 2103 2104
f 3885 3886 2104 2105
f 974 3885 2105 401
f 973 3882 3885 974
f 972 3879 3882 973
f 3888 3889 3892 3891
f 3889 3890 3893 3892
f 3891 3892 3895 3894
f 3892 3893 3896 3895
f 401 2105 3888 1313
f 2105 2104 3889 3888
f 2104 2103 3890 3889
f 2103 149 545 3890
f 3890 545 544 3893
f 3893 544 543 3896
f 3896 543 10 552
f 3895 3896 552 553
f 3894 3895 553 554
f 1311 3894 554 156
f 1312 3891 3894 1311
f 1313 3888 3891 1312
f 3897 3898 3901 3900
f 3898 3899 3902 3901
f 3900 3901 3904 3903
f 3901 3902 3905 3904
f 155 549 3897 2861
f 549 550 3898 3897
f 550 551 3899 3898
f 551 401 1313 3899
f 3899 1313 1312 3902
f 3902 1312 1311 3905
f 3905 1311 156 2864
f 3904 3905 2864 2863
f 3903 3904 2863 2862
f 2859 3903 2862 13
f 2860 3900 3903 2859
f 2861 3897 3900 2860
f 3906 3907 3910 3909
f 3907 3908 3911 3910
f 3909 3910 3913 3912
f 3910 3911 3914 3913
f 4 2067 3906 2106
f 2067 2068 3907 3906
f 2068 2069 3908 3907
f 2069 137 2496 3908
f 3908 2496 2497 3911
f 3911 2497 2498 3914
f 3914 2498 402 2501
f 3913 3914 2501 2500
f 3912 3913 2500 2499
f 2108 3912 2499 157
f 2107 3909 3912 2108
f 2106 3906 3909 2107
f 3915 3916 3919 3918
f 3916 3917 3920 3919
f 3918 3919 3922 3921
f 3919 3920 3923 3922
f 137 1661 3915 2496
f 1661 1660 3916 3915
f 1660 1659 3917 3916
f 1659 7 1680 3917
f 3917 1680 1681 3920
f 3920 1681 1682 3923
f 3923 1682 152 1314
f 3922 3923 1314 1315
f 3921 3922 1315 1316
f 2498 3921 1316 402
f 2497 3918 3921 2498
f 2496 3915 3918 2497
f 3924 3925 3928 3927
f 3925 3926 3929 3928
f 3927 3928 3931 3930
f 3928 3929 3932 3931
f 402 1316 3924 2867
f 1316 1315 3925 3924
f 1315 1314 3926 3925
f 1314 152 1688 3926
f 3926 1688 1687 3929
f 3929 1687 1686 3932
f 3932 1686 15 1692
f 3931 3932 1692 1693
f 3930 3931 1693 1694
f 2865 3930 1694 158
f 2866 3927 3930 2865
f 2867 3924 3927 2866
f 3933 3934 3937 3936
f 3934 3935 3938 3937
f 3936 3937 3940 3939
f 3937 3938 3941 3940
f 157 2499 3933 2111
f 2499 2500 3934 3933
f 2500 2501 3935 3934
f 2501 402 2867 3935
f 3935 2867 2866 3938
f 3938 2866 2865 3941
f 3941 2865 158 2114
f 3940 3941 2114 2113
f 3939 3940 2113 2112
f 2109 3939 2112 12
f 2110 3936 3939 2109
f 2111 3933 3936 2110
f 3942 3943 3946 3945
f 3943 3944 3947 3946
f 3945 3946 3949 3948
f 3946 3947 3950 3949
f 8 2076 3942 2088
f 2076 2077 3943 3942
f 2077 2078 3944 3943
f 2078 139 975 3944
f 3944 975 976 3947
f 3947 976 977 3950
f 3950 977 403 980
f 3949 3950 980 979
f 3948 3949 979 978
f 2090 3948 978 147
f 2089 3945 3948 2090
f 2088 3942 3945 2089
f 3951 3952 3955 3954
f 3952 3953 3956 3955
f 3954 3955 3958 3957
f 3955 3956 3959 3958
f 139 2072 3951 975
f 2072 2071 3952 3951
f 2071 2070 3953 3952
f 2070 4 2106 3953
f 3953 2106 2107 3956
f 3956 2107 2108 3959
f 3959 2108 157 2502
f 3958 3959 2502 2503
f 3957 3958 2503 2504
f 977 3957 2504 403
f 976 3954 3957 977
f 975 3951 3954 976
f 3960 3961 3964 3963
f 3961 3962 3965 3964
f 3963 3964 3967 3966
f 3964 3965 3968 3967
f 403 2504 3960 557
f 2504 2503 3961 3960
f 2503 2502 3962 3961
f 2502 157 2111 3962
f 3962 2111 2110 3965
f 3965 2110 2109 3968
f 3968 2109 12 2115
f 3967 3968 2115 2116
f 3966 3967 2116 2117
f 555 3966 2117 159
f 556 3963 3966 555
f 557 3960 3963 556
f 3969 3970 3973 3972
f 3970 3971 3974 3973
f 3972 3973 3976 3975
f 3973 3974 3977 3976
f 147 978 3969 2093
f 978 979 3970 3969
f 979 980 3971 3970
f 980 403 557 3971
f 3971 557 556 3974
f 3974 556 555 3977
f 3977 555 159 2120
f 3976 3977 2120 2119
f 3975 3976 2119 2118
f 2091 3975 2118 16
f 2092 3972 3975 2091
f 2093 3969 3972 2092
f 3978 3979 3982 3981
f 3979 3980 3983 3982
f 3981 3982 3985 3984
f 3982 3983 3986 3985
f 1 3219 3978 3237
f 3219 3220 3979 3978
f 3220 3221 3980 3979
f 3221 140 1317 3980
f 3980 1317 1318 3983
f 3983 1318 1319 3986
f 3986 1319 404 2123
f 3985 3986 2123 2122
f 3984 3985 2122 2121
f 3239 3984 2121 153
f 3238 3981 3984 3239
f 3237 3978 3981 3238
f 3987 3988 3991 3990
f 3988 3989 3992 3991
f 3990 3991 3994 3993
f 3991 3992 3995 3994
f 140 2843 3987 1317
f 2843 2842 3988 3987
f 2842 2841 3989 3988
f 2841 5 2856 3989
f 3989 2856 2857 3992
f 3992 2857 2858 3995
f 3995 2858 155 558
f 3994 3995 558 559
f 3993 3994 559 560
f 1319 3993 560 404
f 1318 3990 3993 1319
f 1317 3987 3990 1318
f 3996 3997 4000 3999
f 3997 3998 4001 4000
f 3999 4000 4003 4002
f 4000 4001 4004 4003
f 404 560 3996 1322
f 560 559 3997 3996
f 559 558 3998 3997
f 558 155 2861 3998
f 3998 2861 2860 4001
f 4001 2860 2859 4004
f 4004 2859 13 2868
f 4003 4004 2868 2869
f 4002 4003 2869 2870
f 1320 4002 2870 160
f 1321 3999 4002 1320
f 1322 3996 3999 1321
f 4005 4006 4009 4008
f 4006 4007 4010 4009
f 4008 4009 4012 4011
f 4009 4010 4013 4012
f 153 2121 4005 2852
f 2121 2122 4006 4005
f 2122 2123 4007 4006
f 2123 404 1322 4007
f 4007 1322 1321 4010
f 4010 1321 1320 4013
f 4013 1320 160 2873
f 4012 4013 2873 2872
f 4011 4012 2872 2871
f 2850 4011 2871 9
f 2851 4008 4011 2850
f 2852 4005 4008 2851
f 4014 4015 4018 4017
f 4015 4016 4019 4018
f 4017 4018 4021 4020
f 4018 4019 4022 4021
f 6 957 4014 966
f 957 958 4015 4014
f 958 959 4016 4015
f 959 143 561 4016
f 4016 561 562 4019
f 4019 562 563 4022
f 4022 563 405 3242
f 4021 4022 3242 3241
f 4020 4021 3241 3240
f 968 4020 3240 150
f 967 4017 4020 968
f 966 4014 4017 967
f 4023 4024 4027 4026
f 4024 4025 4028 4027
f 4026 4027 4030 4029
f 4027 4028 4031 4030
f 143 1301 4023 561
f 1301 1300 4024 4023
f 1300 1299 4025 4024
f 1299 3 1305 4025
f 4025 1305 1306 4028
f 4028 1306 1307 4031
f 4031 1307 146 2874
f 4030 4031 2874 2875
f 4029 4030 2875 2876
f 563 4029 2876 405
f 562 4026 4029 563
f 561 4023 4026 562
f 4032 4033 4036 4035
f 4033 4034 4037 4036
f 4035 4036 4039 4038
f 4036 4037 4040 4039
f 405 2876 4032 2126
f 2876 2875 4033 4032
f 2875 2874 4034 4033
f 2874 146 1676 4034
f 4034 1676 1675 4037
f 4037 1675 1674 4040
f 4040 1674 11 1695
f 4039 4040 1695 1696
f 4038 4039 1696 1697
f 2124 4038 1697 161
f 2125 4035 4038 2124
f 2126 4032 4035 2125
f 4041 4042 4045 4044
f 4042 4043 4046 4045
f 4044 4045 4048 4047
f 4045 4046 4049 4048
f 150 3240 4041 539
f 3240 3241 4042 4041
f 3241 3242 4043 4042
f 3242 405 2126 4043
f 4043 2126 2125 4046
f 4046 2125 2124 4049
f 4049 2124 161 566
f 4048 4049 566 565
f 4047 4048 565 564
f 537 4047 564 14
f 538 4044 4047 537
f 539 4041 4044 538
f 4050 4051 4054 4053
f 4051 4052 4055 4054
f 4053 4054 4057 4056
f 4054 4055 4058 4057
f 41 2880 4050 2877
f 2880 2881 4051 4050
f 2881 2882 4052 4051
f 2882 221 567 4052
f 4052 567 568 4055
f 4055 568 569 4058
f 4058 569 406 1325
f 4057 4058 1325 1324
f 4056 4057 1324 1323
f 2879 4056 1323 206
f 2878 4053 4056 2879
f 2877 4050 4053 2878
f 4059 4060 4063 4062
f 4060 4061 4064 4063
f 4062 4063 4066 4065
f 4063 4064 4067 4066
f 221 983 4059 567
f 983 982 4060 4059
f 982 981 4061 4060
f 981 42 984 4061
f 4061 984 985 4064
f 4064 985 986 4067
f 4067 986 164 1698
f 4066 4067 1698 1699
f 4065 4066 1699 1700
f 569 4065 1700 406
f 568 4062 4065 569
f 567 4059 4062 568
f 4068 4069 4072 4071
f 4069 4070 4073 4072
f 4071 4072 4075 4074
f 4072 4073 4076 4075
f 406 1700 4068 2129
f 1700 1699 4069 4068
f 1699 1698 4070 4069
f 1698 164 2507 4070
f 4070 2507 2506 4073
f 4073 2506 2505 4076
f 4076 2505 20 2508
f 4075 4076 2508 2509
f 4074 4075 2509 2510
f 2127 4074 2510 165
f 2128 4071 4074 2127
f 2129 4068 4071 2128
f 4077 4078 4081 4080
f 4078 4079 4082 4081
f 4080 4081 4084 4083
f 4081 4082 4085 4084
f 206 1323 4077 2513
f 1323 1324 4078 4077
f 1324 1325 4079 4078
f 1325 406 2129 4079
f 4079 2129 2128 4082
f 4082 2128 2127 4085
f 4085 2127 165 2516
f 4084 4085 2516 2515
f 4083 4084 2515 2514
f 2511 4083 2514 24
f 2512 4080 4083 2511
f 2513 4077 4080 2512
f 4086 4087 4090 4089
f 4087 4088 4091 4090
f 4089 4090 4093 4092
f 4090 4091 4094 4093
f 43 1704 4086 1701
f 1704 1705 4087 4086
f 1705 1706 4088 4087
f 1706 220 3243 4088
f 4088 3243 3244 4091
f 4091 3244 3245 4094
f 4094 3245 407 2885
f 4093 4094 2885 2884
f 4092 4093 2884 2883
f 1703 4092 2883 208
f 1702 4089 4092 1703
f 1701 4086 4089 1702
f 4095 4096 4099 4098
f 4096 4097 4100 4099
f 4098 4099 4102 4101
f 4099 4100 4103 4102
f 220 2519 4095 3243
f 2519 2518 4096 4095
f 2518 2517 4097 4096
f 2517 44 2520 4097
f 4097 2520 2521 4100
f 4100 2521 2522 4103
f 4103 2522 168 1707
f 4102 4103 1707 1708
f 4101 4102 1708 1709
f 3245 4101 1709 407
f 3244 4098 4101 3245
f 3243 4095 4098 3244
f 4104 4105 4108 4107
f 4105 4106 4109 4108
f 4107 4108 4111 4110
f 4108 4109 4112 4111
f 407 1709 4104 2525
f 1709 1708 4105 4104
f 1708 1707 4106 4105
f 1707 168 3248 4106
f 4106 3248 3247 4109
f 4109 3247 3246 4112
f 4112 3246 21 3249
f 4111 4112 3249 3250
f 4110 4111 3250 3251
f 2523 4110 3251 169
f 2524 4107 4110 2523
f 2525 4104 4107 2524
f 4113 4114 4117 4116
f 4114 4115 4118 4117
f 4116 4117 4120 4119
f 4117 4118 4121 4120
f 208 2883 4113 2888
f 2883 2884 4114 4113
f 2884 2885 4115 4114
f 2885 407 2525 4115
f 4115 2525 2524 4118
f 4118 2524 2523 4121
f 4121 2523 169 2891
f 4120 4121 2891 2890
f 4119 4120 2890 2889
f 2886 4119 2889 17
f 2887 4116 4119 2886
f 2888 4113 4116 2887
f 4122 4123 4126 4125
f 4123 4124 4127 4126
f 4125 4126 4129 4128
f 4126 4127 4130 4129
f 45 3255 4122 3252
f 3255 3256 4123 4122
f 3256 3257 4124 4123
f 3257 219 2526 4124
f 4124 2526 2527 4127
f 4127 2527 2528 4130
f 4130 2528 408 1712
f 4129 4130 1712 1711
f 4128 4129 1711 1710
f 3254 4128 1710 210
f 3253 4125 4128 3254
f 3252 4122 4125 3253
f 4131 4132 4135 4134
f 4132 4133 4136 4135
f 4134 4135 4138 4137
f 4135 4136 4139 4138
f 219 989 4131 2526
f 989 988 4132 4131
f 988 987 4133 4132
f 987 46 990 4133
f 4133 990 991 4136
f 4136 991 992 4139
f 4139 992 172 1713
f 4138 4139 1713 1714
f 4137 4138 1714 1715
f 2528 4137 1715 408
f 2527 4134 4137 2528
f 2526 4131 4134 2527
f 4140 4141 4144 4143
f 4141 4142 4145 4144
f 4143 4144 4147 4146
f 4144 4145 4148 4147
f 408 1715 4140 2132
f 1715 1714 4141 4140
f 1714 1713 4142 4141
f 1713 172 1718 4142
f 4142 1718 1717 4145
f 4145 1717 1716 4148
f 4148 1716 19 1719
f 4147 4148 1719 1720
f 4146 4147 1720 1721
f 2130 4146 1721 173
f 2131 4143 4146 2130
f 2132 4140 4143 2131
f 4149 4150 4153 4152
f 4150 4151 4154 4153
f 4152 4153 4156 4155
f 4153 4154 4157 4156
f 210 1710 4149 995
f 1710 1711 4150 4149
f 1711 1712 4151 4150
f 1712 408 2132 4151
f 4151 2132 2131 4154
f 4154 2131 2130 4157
f 4157 2130 173 998
f 4156 4157 998 997
f 4155 4156 997 996
f 993 4155 996 22
f 994 4152 4155 993
f 995 4149 4152 994
f 4158 4159 4162 4161
f 4159 4160 4163 4162
f 4161 4162 4165 4164
f 4162 4163 4166 4165
f 46 999 4158 990
f 999 1000 4159 4158
f 1000 1001 4160 4159
f 1001 218 1722 4160
f 4160 1722 1723 4163
f 4163 1723 1724 4166
f 4166 1724 409 1727
f 4165 4166 1727 1726
f 4164 4165 1726 1725
f 992 4164 1725 172
f 991 4161 4164 992
f 990 4158 4161 991
f 4167 4168 4171 4170
f 4168 4169 4172 4171
f 4170 4171 4174 4173
f 4171 4172 4175 4174
f 218 2894 4167 1722
f 2894 2893 4168 4167
f 2893 2892 4169 4168
f 2892 41 2877 4169
f 4169 2877 2878 4172
f 4172 2878 2879 4175
f 4175 2879 206 1326
f 4174 4175 1326 1327
f 4173 4174 1327 1328
f 1724 4173 1328 409
f 1723 4170 4173 1724
f 1722 4167 4170 1723
f 4176 4177 4180 4179
f 4177 4178 4181 4180
f 4179 4180 4183 4182
f 4180 4181 4184 4183
f 409 1328 4176 572
f 1328 1327 4177 4176
f 1327 1326 4178 4177
f 1326 206 2513 4178
f 4178 2513 2512 4181
f 4181 2512 2511 4184
f 4184 2511 24 2529
f 4183 4184 2529 2530
f 4182 4183 2530 2531
f 570 4182 2531 175
f 571 4179 4182 570
f 572 4176 4179 571
f 4185 4186 4189 4188
f 4186 4187 4190 4189
f 4188 4189 4192 4191
f 4189 4190 4193 4192
f 172 1725 4185 1718
f 1725 1726 4186 4185
f 1726 1727 4187 4186
f 1727 409 572 4187
f 4187 572 571 4190
f 4190 571 570 4193
f 4193 570 175 1730
f 4192 4193 1730 1729
f 4191 4192 1729 1728
f 1716 4191 1728 19
f 1717 4188 4191 1716
f 1718 4185 4188 1717
f 4194 4195 4198 4197
f 4195 4196 4199 4198
f 4197 4198 4201 4200
f 4198 4199 4202 4201
f 47 1734 4194 1731
f 1734 1735 4195 4194
f 1735 1736 4196 4195
f 1736 217 1002 4196
f 4196 1002 1003 4199
f 4199 1003 1004 4202
f 4202 1004 410 3260
f 4201 4202 3260 3259
f 4200 4201 3259 3258
f 1733 4200 3258 212
f 1732 4197 4200 1733
f 1731 4194 4197 1732
f 4203 4204 4207 4206
f 4204 4205 4208 4207
f 4206 4207 4210 4209
f 4207 4208 4211 4210
f 217 3263 4203 1002
f 3263 3262 4204 4203
f 3262 3261 4205 4204
f 3261 45 3252 4205
f 4205 3252 3253 4208
f 4208 3253 3254 4211
f 4211 3254 210 1737
f 4210 4211 1737 1738
f 4209 4210 1738 1739
f 1004 4209 1739 410
f 1003 4206 4209 1004
f 1002 4203 4206 1003
f 4212 4213 4216 4215
f 4213 4214 4217 4216
f 4215 4216 4219 4218
f 4216 4217 4220 4219
f 410 1739 4212 2897
f 1739 1738 4213 4212
f 1738 1737 4214 4213
f 1737 210 995 4214
f 4214 995 994 4217
f 4217 994 993 4220
f 4220 993 22 1005
f 4219 4220 1005 1006
f 4218 4219 1006 1007
f 2895 4218 1007 178
f 2896 4215 4218 2895
f 2897 4212 4215 2896
f 4221 4222 4225 4224
f 4222 4223 4226 4225
f 4224 4225 4228 4227
f 4225 4226 4229 4228
f 212 3258 4221 1010
f 3258 3259 4222 4221
f 3259 3260 4223 4222
f 3260 410 2897 4223
f 4223 2897 2896 4226
f 4226 2896 2895 4229
f 4229 2895 178 1013
f 4228 4229 1013 1012
f 4227 4228 1012 1011
f 1008 4227 1011 18
f 1009 4224 4227 1008
f 1010 4221 4224 1009
f 4230 4231 4234 4233
f 4231 4232 4235 4234
f 4233 4234 4237 4236
f 4234 4235 4238 4237
f 48 2535 4230 2532
f 2535 2536 4231 4230
f 2536 2537 4232 4231
f 2537 216 3264 4232
f 4232 3264 3265 4235
f 4235 3265 3266 4238
f 4238 3266 411 1016
f 4237 4238 1016 1015
f 4236 4237 1015 1014
f 2534 4236 1014 213
f 2533 4233 4236 2534
f 2532 4230 4233 2533
f 4239 4240 4243 4242
f 4240 4241 4244 4243
f 4242 4243 4246 4245
f 4243 4244 4247 4246
f 216 1742 4239 3264
f 1742 1741 4240 4239
f 1741 1740 4241 4240
f 1740 43 1701 4241
f 4241 1701 1702 4244
f 4244 1702 1703 4247
f 4247 1703 208 2898
f 4246 4247 2898 2899
f 4245 4246 2899 2900
f 3266 4245 2900 411
f 3265 4242 4245 3266
f 3264 4239 4242 3265
f 4248 4249 4252 4251
f 4249 4250 4253 4252
f 4251 4252 4255 4254
f 4252 4253 4256 4255
f 411 2900 4248 2135
f 2900 2899 4249 4248
f 2899 2898 4250 4249
f 2898 208 2888 4250
f 4250 2888 2887 4253
f 4253 2887 2886 4256
f 4256 2886 17 2901
f 4255 4256 2901 2902
f 4254 4255 2902 2903
f 2133 4254 2903 181
f 2134 4251 4254 2133
f 2135 4248 4251 2134
f 4257 4258 4261 4260
f 4258 4259 4262 4261
f 4260 4261 4264 4263
f 4261 4262 4265 4264
f 213 1014 4257 1331
f 1014 1015 4258 4257
f 1015 1016 4259 4258
f 1016 411 2135 4259
f 4259 2135 2134 4262
f 4262 2134 2133 4265
f 4265 2133 181 1334
f 4264 4265 1334 1333
f 4263 4264 1333 1332
f 1329 4263 1332 23
f 1330 4260 4263 1329
f 1331 4257 4260 1330
f 4266 4267 4270 4269
f 4267 4268 4271 4270
f 4269 4270 4273 4272
f 4270 4271 4274 4273
f 44 2538 4266 2520
f 2538 2539 4267 4266
f 2539 2540 4268 4267
f 2540 215 2136 4268
f 4268 2136 2137 4271
f 4271 2137 2138 4274
f 4274 2138 412 1745
f 4273 4274 1745 1744
f 4272 4273 1744 1743
f 2522 4272 1743 168
f 2521 4269 4272 2522
f 2520 4266 4269 2521
f 4275 4276 4279 4278
f 4276 4277 4280 4279
f 4278 4279 4282 4281
f 4279 4280 4283 4282
f 215 1748 4275 2136
f 1748 1747 4276 4275
f 1747 1746 4277 4276
f 1746 47 1731 4277
f 4277 1731 1732 4280
f 4280 1732 1733 4283
f 4283 1733 212 3267
f 4282 4283 3267 3268
f 4281 4282 3268 3269
f 2138 4281 3269 412
f 2137 4278 4281 2138
f 2136 4275 4278 2137
f 4284 4285 4288 4287
f 4285 4286 4289 4288
f 4287 4288 4291 4290
f 4288 4289 4292 4291
f 412 3269 4284 1019
f 3269 3268 4285 4284
f 3268 3267 4286 4285
f 3267 212 1010 4286
f 4286 1010 1009 4289
f 4289 1009 1008 4292
f 4292 1008 18 1020
f 4291 4292 1020 1021
f 4290 4291 1021 1022
f 1017 4290 1022 183
f 1018 4287 4290 1017
f 1019 4284 4287 1018
f 4293 4294 4297 4296
f 4294 4295 4298 4297
f 4296 4297 4300 4299
f 4297 4298 4301 4300
f 168 1743 4293 3248
f 1743 1744 4294 4293
f 1744 1745 4295 4294
f 1745 412 1019 4295
f 4295 1019 1018 4298
f 4298 1018 1017 4301
f 4301 1017 183 3272
f 4300 4301 3272 3271
f 4299 4300 3271 3270
f 3246 4299 3270 21
f 3247 4296 4299 3246
f 3248 4293 4296 3247
f 4302 4303 4306 4305
f 4303 4304 4307 4306
f 4305 4306 4309 4308
f 4306 4307 4310 4309
f 42 1023 4302 984
f 1023 1024 4303 4302
f 1024 1025 4304 4303
f 1025 214 1335 4304
f 4304 1335 1336 4307
f 4307 1336 1337 4310
f 4310 1337 413 1751
f 4309 4310 1751 1750
f 4308 4309 1750 1749
f 986 4308 1749 164
f 985 4305 4308 986
f 984 4302 4305 985
f 4311 4312 4315 4314
f 4312 4313 4316 4315
f 4314 4315 4318 4317
f 4315 4316 4319 4318
f 214 2543 4311 1335
f 2543 2542 4312 4311
f 2542 2541 4313 4312
f 2541 48 2532 4313
f 4313 2532 2533 4316
f 4316 2533 2534 4319
f 4319 2534 213 1026
f 4318 4319 1026 1027
f 4317 4318 1027 1028
f 1337 4317 1028 413
f 1336 4314 4317 1337
f 1335 4311 4314 1336
f 4320 4321 4324 4323
f 4321 4322 4325 4324
f 4323 4324 4327 4326
f 4324 4325 4328 4327
f 413 1028 4320 2141
f 1028 1027 4321 4320
f 1027 1026 4322 4321
f 1026 213 1331 4322
f 4322 1331 1330 4325
f 4325 1330 1329 4328
f 4328 1329 23 1338
f 4327 4328 1338 1339
f 4326 4327 1339 1340
f 2139 4326 1340 185
f 2140 4323 4326 2139
f 2141 4320 4323 2140
f 4329 4330 4333 4332
f 4330 4331 4334 4333
f 4332 4333 4336 4335
f 4333 4334 4337 4336
f 164 1749 4329 2507
f 1749 1750 4330 4329
f 1750 1751 4331 4330
f 1751 413 2141 4331
f 4331 2141 2140 4334
f 4334 2140 2139 4337
f 4337 2139 185 2546
f 4336 4337 2546 2545
f 4335 4336 2545 2544
f 2505 4335 2544 20
f 2506 4332 4335 2505
f 2507 4329 4332 2506
f 4338 4339 4342 4341
f 4339 4340 4343 4342
f 4341 4342 4345 4344
f 4342 4343 4346 4345
f 57 3276 4338 3273
f 3276 3277 4339 4338
f 3277 3278 4340 4339
f 3278 245 573 4340
f 4340 573 574 4343
f 4343 574 575 4346
f 4346 575 414 2549
f 4345 4346 2549 2548
f 4344 4345 2548 2547
f 3275 4344 2547 347
f 3274 4341 4344 3275
f 3273 4338 4341 3274
f 4347 4348 4351 4350
f 4348 4349 4352 4351
f 4350 4351 4354 4353
f 4351 4352 4355 4354
f 245 1031 4347 573
f 1031 1030 4348 4347
f 1030 1029 4349 4348
f 1029 98 1032 4349
f 4349 1032 1033 4352
f 4352 1033 1034 4355
f 4355 1034 348 2904
f 4354 4355 2904 2905
f 4353 4354 2905 2906
f 575 4353 2906 414
f 574 4350 4353 575
f 573 4347 4350 574
f 4356 4357 4360 4359
f 4357 4358 4361 4360
f 4359 4360 4363 4362
f 4360 4361 4364 4363
f 414 2906 4356 1343
f 2906 2905 4357 4356
f 2905 2904 4358 4357
f 2904 348 2144 4358
f 4358 2144 2143 4361
f 4361 2143 2142 4364
f 4364 2142 120 2145
f 4363 4364 2145 2146
f 4362 4363 2146 2147
f 1341 4362 2147 192
f 1342 4359 4362 1341
f 1343 4356 4359 1342
f 4365 4366 4369 4368
f 4366 4367 4370 4369
f 4368 4369 4372 4371
f 4369 4370 4373 4372
f 347 2547 4365 2909
f 2547 2548 4366 4365
f 2548 2549 4367 4366
f 2549 414 1343 4367
f 4367 1343 1342 4370
f 4370 1342 1341 4373
f 4373 1341 192 2912
f 4372 4373 2912 2911
f 4371 4372 2911 2910
f 2907 4371 2910 113
f 2908 4368 4371 2907
f 2909 4365 4368 2908
f 4374 4375 4378 4377
f 4375 4376 4379 4378
f 4377 4378 4381 4380
f 4378 4379 4382 4381
f 73 2916 4374 2913
f 2916 2917 4375 4374
f 2917 2918 4376 4375
f 2918 223 2550 4376
f 4376 2550 2551 4379
f 4379 2551 2552 4382
f 4382 2552 415 2555
f 4381 4382 2555 2554
f 4380 4381 2554 2553
f 2915 4380 2553 355
f 2914 4377 4380 2915
f 2913 4374 4377 2914
f 4383 4384 4387 4386
f 4384 4385 4388 4387
f 4386 4387 4390 4389
f 4387 4388 4391 4390
f 223 578 4383 2550
f 578 577 4384 4383
f 577 576 4385 4384
f 576 90 579 4385
f 4385 579 580 4388
f 4388 580 581 4391
f 4391 581 344 2919
f 4390 4391 2919 2920
f 4389 4390 2920 2921
f 2552 4389 2921 415
f 2551 4386 4389 2552
f 2550 4383 4386 2551
f 4392 4393 4396 4395
f 4393 4394 4397 4396
f 4395 4396 4399 4398
f 4396 4397 4400 4399
f 415 2921 4392 2558
f 2921 2920 4393 4392
f 2920 2919 4394 4393
f 2919 344 1037 4394
f 4394 1037 1036 4397
f 4397 1036 1035 4400
f 4400 1035 118 1038
f 4399 4400 1038 1039
f 4398 4399 1039 1040
f 2556 4398 1040 193
f 2557 4395 4398 2556
f 2558 4392 4395 2557
f 4401 4402 4405 4404
f 4402 4403 4406 4405
f 4404 4405 4408 4407
f 4405 4406 4409 4408
f 355 2553 4401 1754
f 2553 2554 4402 4401
f 2554 2555 4403 4402
f 2555 415 2558 4403
f 4403 2558 2557 4406
f 4406 2557 2556 4409
f 4409 2556 193 1757
f 4408 4409 1757 1756
f 4407 4408 1756 1755
f 1752 4407 1755 115
f 1753 4404 4407 1752
f 1754 4401 4404 1753
f 4410 4411 4414 4413
f 4411 4412 4415 4414
f 4413 4414 4417 4416
f 4414 4415 4418 4417
f 24 2514 4410 2559
f 2514 2515 4411 4410
f 2515 2516 4412 4411
f 2516 165 2148 4412
f 4412 2148 2149 4415
f 4415 2149 2150 4418
f 4418 2150 416 1760
f 4417 4418 1760 1759
f 4416 4417 1759 1758
f 2561 4416 1758 354
f 2560 4413 4416 2561
f 2559 4410 4413 2560
f 4419 4420 4423 4422
f 4420 4421 4424 4423
f 4422 4423 4426 4425
f 4423 4424 4427 4426
f 165 2510 4419 2148
f 2510 2509 4420 4419
f 2509 2508 4421 4420
f 2508 20 2562 4421
f 4421 2562 2563 4424
f 4424 2563 2564 4427
f 4427 2564 350 1344
f 4426 4427 1344 1345
f 4425 4426 1345 1346
f 2150 4425 1346 416
f 2149 4422 4425 2150
f 2148 4419 4422 2149
f 4428 4429 4432 4431
f 4429 4430 4433 4432
f 4431 4432 4435 4434
f 4432 4433 4436 4435
f 416 1346 4428 584
f 1346 1345 4429 4428
f 1345 1344 4430 4429
f 1344 350 2924 4430
f 4430 2924 2923 4433
f 4433 2923 2922 4436
f 4436 2922 65 2925
f 4435 4436 2925 2926
f 4434 4435 2926 2927
f 582 4434 2927 325
f 583 4431 4434 582
f 584 4428 4431 583
f 4437 4438 4441 4440
f 4438 4439 4442 4441
f 4440 4441 4444 4443
f 4441 4442 4445 4444
f 354 1758 4437 3281
f 1758 1759 4438 4437
f 1759 1760 4439 4438
f 1760 416 584 4439
f 4439 584 583 4442
f 4442 583 582 4445
f 4445 582 325 3284
f 4444 4445 3284 3283
f 4443 4444 3283 3282
f 3279 4443 3282 81
f 3280 4440 4443 3279
f 3281 4437 4440 3280
f 4446 4447 4450 4449
f 4447 4448 4451 4450
f 4449 4450 4453 4452
f 4450 4451 4454 4453
f 17 2889 4446 2928
f 2889 2890 4447 4446
f 2890 2891 4448 4447
f 2891 169 2565 4448
f 4448 2565 2566 4451
f 4451 2566 2567 4454
f 4454 2567 417 1349
f 4453 4454 1349 1348
f 4452 4453 1348 1347
f 2930 4452 1347 346
f 2929 4449 4452 2930
f 2928 4446 4449 2929
f 4455 4456 4459 4458
f 4456 4457 4460 4459
f 4458 4459 4462 4461
f 4459 4460 4463 4462
f 169 3251 4455 2565
f 3251 3250 4456 4455
f 3250 3249 4457 4456
f 3249 21 3285 4457
f 4457 3285 3286 4460
f 4460 3286 3287 4463
f 4463 3287 342 1761
f 4462 4463 1761 1762
f 4461 4462 1762 1763
f 2567 4461 1763 417
f 2566 4458 4461 2567
f 2565 4455 4458 2566
f 4464 4465 4468 4467
f 4465 4466 4469 4468
f 4467 4468 4471 4470
f 4468 4469 4472 4471
f 417 1763 4464 1352
f 1763 1762 4465 4464
f 1762 1761 4466 4465
f 1761 342 2933 4466
f 4466 2933 2932 4469
f 4469 2932 2931 4472
f 4472 2931 49 2934
f 4471 4472 2934 2935
f 4470 4471 2935 2936
f 1350 4470 2936 310
f 1351 4467 4470 1350
f 1352 4464 4467 1351
f 4473 4474 4477 4476
f 4474 4475 4478 4477
f 4476 4477 4480 4479
f 4477 4478 4481 4480
f 346 1347 4473 2939
f 1347 1348 4474 4473
f 1348 1349 4475 4474
f 1349 417 1352 4475
f 4475 1352 1351 4478
f 4478 1351 1350 4481
f 4481 1350 310 2942
f 4480 4481 2942 2941
f 4479 4480 2941 2940
f 2937 4479 2940 89
f 2938 4476 4479 2937
f 2939 4473 4476 2938
f 4482 4483 4486 4485
f 4483 4484 4487 4486
f 4485 4486 4489 4488
f 4486 4487 4490 4489
f 22 996 4482 1041
f 996 997 4483 4482
f 997 998 4484 4483
f 998 173 2151 4484
f 4484 2151 2152 4487
f 4487 2152 2153 4490
f 4490 2153 418 1046
f 4489 4490 1046 1045
f 4488 4489 1045 1044
f 1043 4488 1044 349
f 1042 4485 4488 1043
f 1041 4482 4485 1042
f 4491 4492 4495 4494
f 4492 4493 4496 4495
f 4494 4495 4498 4497
f 4495 4496 4499 4498
f 173 1721 4491 2151
f 1721 1720 4492 4491
f 1720 1719 4493 4492
f 1719 19 1764 4493
f 4493 1764 1765 4496
f 4496 1765 1766 4499
f 4499 1766 356 3288
f 4498 4499 3288 3289
f 4497 4498 3289 3290
f 2153 4497 3290 418
f 2152 4494 4497 2153
f 2151 4491 4494 2152
f 4500 4501 4504 4503
f 4501 4502 4505 4504
f 4503 4504 4507 4506
f 4504 4505 4508 4507
f 418 3290 4500 2570
f 3290 3289 4501 4500
f 3289 3288 4502 4501
f 3288 356 587 4502
f 4502 587 586 4505
f 4505 586 585 4508
f 4508 585 106 588
f 4507 4508 588 589
f 4506 4507 589 590
f 2568 4506 590 295
f 2569 4503 4506 2568
f 2570 4500 4503 2569
f 4509 4510 4513 4512
f 4510 4511 4514 4513
f 4512 4513 4516 4515
f 4513 4514 4517 4516
f 349 1044 4509 3293
f 1044 1045 4510 4509
f 1045 1046 4511 4510
f 1046 418 2570 4511
f 4511 2570 2569 4514
f 4514 2569 2568 4517
f 4517 2568 295 3296
f 4516 4517 3296 3295
f 4515 4516 3295 3294
f 3291 4515 3294 97
f 3292 4512 4515 3291
f 3293 4509 4512 3292
f 4518 4519 4522 4521
f 4519 4520 4523 4522
f 4521 4522 4525 4524
f 4522 4523 4526 4525
f 18 1011 4518 1047
f 1011 1012 4519 4518
f 1012 1013 4520 4519
f 1013 178 2943 4520
f 4520 2943 2944 4523
f 4523 2944 2945 4526
f 4526 2945 419 2156
f 4525 4526 2156 2155
f 4524 4525 2155 2154
f 1049 4524 2154 343
f 1048 4521 4524 1049
f 1047 4518 4521 1048
f 4527 4528 4531 4530
f 4528 4529 4532 4531
f 4530 4531 4534 4533
f 4531 4532 4535 4534
f 178 1007 4527 2943
f 1007 1006 4528 4527
f 1006 1005 4529 4528
f 1005 22 1041 4529
f 4529 1041 1042 4532
f 4532 1042 1043 4535
f 4535 1043 349 1050
f 4534 4535 1050 1051
f 4533 4534 1051 1052
f 2945 4533 1052 419
f 2944 4530 4533 2945
f 2943 4527 4530 2944
f 4536 4537 4540 4539
f 4537 4538 4541 4540
f 4539 4540 4543 4542
f 4540 4541 4544 4543
f 419 1052 4536 1055
f 1052 1051 4537 4536
f 1051 1050 4538 4537
f 1050 349 3293 4538
f 4538 3293 3292 4541
f 4541 3292 3291 4544
f 4544 3291 97 3297
f 4543 4544 3297 3298
f 4542 4543 3298 3299
f 1053 4542 3299 265
f 1054 4539 4542 1053
f 1055 4536 4539 1054
f 4545 4546 4549 4548
f 4546 4547 4550 4549
f 4548 4549 4552 4551
f 4549 4550 4553 4552
f 343 2154 4545 593
f 2154 2155 4546 4545
f 2155 2156 4547 4546
f 2156 419 1055 4547
f 4547 1055 1054 4550
f 4550 1054 1053 4553
f 4553 1053 265 596
f 4552 4553 596 595
f 4551 4552 595 594
f 591 4551 594 58
f 592 4548 4551 591
f 593 4545 4548 592
f 4554 4555 4558 4557
f 4555 4556 4559 4558
f 4557 4558 4561 4560
f 4558 4559 4562 4561
f 23 1332 4554 1353
f 1332 1333 4555 4554
f 1333 1334 4556 4555
f 1334 181 2157 4556
f 4556 2157 2158 4559
f 4559 2158 2159 4562
f 4562 2159 420 2162
f 4561 4562 2162 2161
f 4560 4561 2161 2160
f 1355 4560 2160 351
f 1354 4557 4560 1355
f 1353 4554 4557 1354
f 4563 4564 4567 4566
f 4564 4565 4568 4567
f 4566 4567 4570 4569
f 4567 4568 4571 4570
f 181 2903 4563 2157
f 2903 2902 4564 4563
f 2902 2901 4565 4564
f 2901 17 2928 4565
f 4565 2928 2929 4568
f 4568 2929 2930 4571
f 4571 2930 346 1356
f 4570 4571 1356 1357
f 4569 4570 1357 1358
f 2159 4569 1358 420
f 2158 4566 4569 2159
f 2157 4563 4566 2158
f 4572 4573 4576 4575
f 4573 4574 4577 4576
f 4575 4576 4579 4578
f 4576 4577 4580 4579
f 420 1358 4572 2165
f 1358 1357 4573 4572
f 1357 1356 4574 4573
f 1356 346 2939 4574
f 4574 2939 2938 4577
f 4577 2938 2937 4580
f 4580 2937 89 2946
f 4579 4580 2946 2947
f 4578 4579 2947 2948
f 2163 4578 2948 243
f 2164 4575 4578 2163
f 2165 4572 4575 2164
f 4581 4582 4585 4584
f 4582 4583 4586 4585
f 4584 4585 4588 4587
f 4585 4586 4589 4588
f 351 2160 4581 1058
f 2160 2161 4582 4581
f 2161 2162 4583 4582
f 2162 420 2165 4583
f 4583 2165 2164 4586
f 4586 2164 2163 4589
f 4589 2163 243 1061
f 4588 4589 1061 1060
f 4587 4588 1060 1059
f 1056 4587 1059 74
f 1057 4584 4587 1056
f 1058 4581 4584 1057
f 4590 4591 4594 4593
f 4591 4592 4595 4594
f 4593 4594 4597 4596
f 4594 4595 4598 4597
f 26 600 4590 597
f 600 601 4591 4590
f 601 602 4592 4591
f 602 364 2949 4592
f 4592 2949 2950 4595
f 4595 2950 2951 4598
f 4598 2951 421 605
f 4597 4598 605 604
f 4596 4597 604 603
f 599 4596 603 389
f 598 4593 4596 599
f 597 4590 4593 598
f 4599 4600 4603 4602
f 4600 4601 4604 4603
f 4602 4603 4606 4605
f 4603 4604 4607 4606
f 364 1064 4599 2949
f 1064 1063 4600 4599
f 1063 1062 4601 4600
f 1062 30 1065 4601
f 4601 1065 1066 4604
f 4604 1066 1067 4607
f 4607 1067 388 2952
f 4606 4607 2952 2953
f 4605 4606 2953 2954
f 2951 4605 2954 421
f 2950 4602 4605 2951
f 2949 4599 4602 2950
f 4608 4609 4612 4611
f 4609 4610 4613 4612
f 4611 4612 4615 4614
f 4612 4613 4616 4615
f 421 2954 4608 3302
f 2954 2953 4609 4608
f 2953 2952 4610 4609
f 2952 388 3305 4610
f 4610 3305 3304 4613
f 4613 3304 3303 4616
f 4616 3303 129 3306
f 4615 4616 3306 3307
f 4614 4615 3307 3308
f 3300 4614 3308 384
f 3301 4611 4614 3300
f 3302 4608 4611 3301
f 4617 4618 4621 4620
f 4618 4619 4622 4621
f 4620 4621 4624 4623
f 4621 4622 4625 4624
f 389 603 4617 2573
f 603 604 4618 4617
f 604 605 4619 4618
f 605 421 3302 4619
f 4619 3302 3301 4622
f 4622 3301 3300 4625
f 4625 3300 384 2576
f 4624 4625 2576 2575
f 4623 4624 2575 2574
f 2571 4623 2574 124
f 2572 4620 4623 2571
f 2573 4617 4620 2572
f 4626 4627 4630 4629
f 4627 4628 4631 4630
f 4629 4630 4633 4632
f 4630 4631 4634 4633
f 28 2580 4626 2577
f 2580 2581 4627 4626
f 2581 2582 4628 4627
f 2582 359 2583 4628
f 4628 2583 2584 4631
f 4631 2584 2585 4634
f 4634 2585 422 2168
f 4633 4634 2168 2167
f 4632 4633 2167 2166
f 2579 4632 2166 387
f 2578 4629 4632 2579
f 2577 4626 4629 2578
f 4635 4636 4639 4638
f 4636 4637 4640 4639
f 4638 4639 4642 4641
f 4639 4640 4643 4642
f 359 1769 4635 2583
f 1769 1768 4636 4635
f 1768 1767 4637 4636
f 1767 31 1770 4637
f 4637 1770 1771 4640
f 4640 1771 1772 4643
f 4643 1772 386 1359
f 4642 4643 1359 1360
f 4641 4642 1360 1361
f 2585 4641 1361 422
f 2584 4638 4641 2585
f 2583 4635 4638 2584
f 4644 4645 4648 4647
f 4645 4646 4649 4648
f 4647 4648 4651 4650
f 4648 4649 4652 4651
f 422 1361 4644 2171
f 1361 1360 4645 4644
f 1360 1359 4646 4645
f 1359 386 1775 4646
f 4646 1775 1774 4649
f 4649 1774 1773 4652
f 4652 1773 127 1776
f 4651 4652 1776 1777
f 4650 4651 1777 1778
f 2169 4650 1778 379
f 2170 4647 4650 2169
f 2171 4644 4647 2170
f 4653 4654 4657 4656
f 4654 4655 4658 4657
f 4656 4657 4660 4659
f 4657 4658 4661 4660
f 387 2166 4653 1364
f 2166 2167 4654 4653
f 2167 2168 4655 4654
f 2168 422 2171 4655
f 4655 2171 2170 4658
f 4658 2170 2169 4661
f 4661 2169 379 1367
f 4660 4661 1367 1366
f 4659 4660 1366 1365
f 1362 4659 1365 123
f 1363 4656 4659 1362
f 1364 4653 4656 1363
f 4662 4663 4666 4665
f 4663 4664 4667 4666
f 4665 4666 4669 4668
f 4666 4667 4670 4669
f 25 2958 4662 2955
f 2958 2959 4663 4662
f 2959 2960 4664 4663
f 2960 361 606 4664
f 4664 606 607 4667
f 4667 607 608 4670
f 4670 608 423 1370
f 4669 4670 1370 1369
f 4668 4669 1369 1368
f 2957 4668 1368 194
f 2956 4665 4668 2957
f 2955 4662 4665 2956
f 4671 4672 4675 4674
f 4672 4673 4676 4675
f 4674 4675 4678 4677
f 4675 4676 4679 4678
f 361 3311 4671 606
f 3311 3310 4672 4671
f 3310 3309 4673 4672
f 3309 29 3312 4673
f 4673 3312 3313 4676
f 4676 3313 3314 4679
f 4679 3314 195 2586
f 4678 4679 2586 2587
f 4677 4678 2587 2588
f 608 4677 2588 423
f 607 4674 4677 608
f 606 4671 4674 607
f 4680 4681 4684 4683
f 4681 4682 4685 4684
f 4683 4684 4687 4686
f 4684 4685 4688 4687
f 423 2588 4680 1070
f 2588 2587 4681 4680
f 2587 2586 4682 4681
f 2586 195 1073 4682
f 4682 1073 1072 4685
f 4685 1072 1071 4688
f 4688 1071 126 1074
f 4687 4688 1074 1075
f 4686 4687 1075 1076
f 1068 4686 1076 381
f 1069 4683 4686 1068
f 1070 4680 4683 1069
f 4689 4690 4693 4692
f 4690 4691 4694 4693
f 4692 4693 4696 4695
f 4693 4694 4697 4696
f 194 1368 4689 3317
f 1368 1369 4690 4689
f 1369 1370 4691 4690
f 1370 423 1070 4691
f 4691 1070 1069 4694
f 4694 1069 1068 4697
f 4697 1068 381 3320
f 4696 4697 3320 3319
f 4695 4696 3319 3318
f 3315 4695 3318 121
f 3316 4692 4695 3315
f 3317 4689 4692 3316
f 4698 4699 4702 4701
f 4699 4700 4703 4702
f 4701 4702 4705 4704
f 4702 4703 4706 4705
f 27 1374 4698 1371
f 1374 1375 4699 4698
f 1375 1376 4700 4699
f 1376 363 2589 4700
f 4700 2589 2590 4703
f 4703 2590 2591 4706
f 4706 2591 424 3323
f 4705 4706 3323 3322
f 4704 4705 3322 3321
f 1373 4704 3321 196
f 1372 4701 4704 1373
f 1371 4698 4701 1372
f 4707 4708 4711 4710
f 4708 4709 4712 4711
f 4710 4711 4714 4713
f 4711 4712 4715 4714
f 363 2594 4707 2589
f 2594 2593 4708 4707
f 2593 2592 4709 4708
f 2592 32 2595 4709
f 4709 2595 2596 4712
f 4712 2596 2597 4715
f 4715 2597 197 1077
f 4714 4715 1077 1078
f 4713 4714 1078 1079
f 2591 4713 1079 424
f 2590 4710 4713 2591
f 2589 4707 4710 2590
f 4716 4717 4720 4719
f 4717 4718 4721 4720
f 4719 4720 4723 4722
f 4720 4721 4724 4723
f 424 1079 4716 2600
f 1079 1078 4717 4716
f 1078 1077 4718 4717
f 1077 197 2174 4718
f 4718 2174 2173 4721
f 4721 2173 2172 4724
f 4724 2172 128 2175
f 4723 4724 2175 2176
f 4722 4723 2176 2177
f 2598 4722 2177 383
f 2599 4719 4722 2598
f 2600 4716 4719 2599
f 4725 4726 4729 4728
f 4726 4727 4730 4729
f 4728 4729 4732 4731
f 4729 4730 4733 4732
f 196 3321 4725 3326
f 3321 3322 4726 4725
f 3322 3323 4727 4726
f 3323 424 2600 4727
f 4727 2600 2599 4730
f 4730 2599 2598 4733
f 4733 2598 383 3329
f 4732 4733 3329 3328
f 4731 4732 3328 3327
f 3324 4731 3327 125
f 3325 4728 4731 3324
f 3326 4725 4728 3325
f 4734 4735 4738 4737
f 4735 4736 4739 4738
f 4737 4738 4741 4740
f 4738 4739 4742 4741
f 16 2118 4734 2178
f 2118 2119 4735 4734
f 2119 2120 4736 4735
f 2120 159 609 4736
f 4736 609 610 4739
f 4739 610 611 4742
f 4742 611 425 1781
f 4741 4742 1781 1780
f 4740 4741 1780 1779
f 2180 4740 1779 198
f 2179 4737 4740 2180
f 2178 4734 4737 2179
f 4743 4744 4747 4746
f 4744 4745 4748 4747
f 4746 4747 4750 4749
f 4747 4748 4751 4750
f 159 2117 4743 609
f 2117 2116 4744 4743
f 2116 2115 4745 4744
f 2115 12 2181 4745
f 4745 2181 2182 4748
f 4748 2182 2183 4751
f 4751 2183 199 2601
f 4750 4751 2601 2602
f 4749 4750 2602 2603
f 611 4749 2603 425
f 610 4746 4749 611
f 609 4743 4746 610
f 4752 4753 4756 4755
f 4753 4754 4757 4756
f 4755 4756 4759 4758
f 4756 4757 4760 4759
f 425 2603 4752 614
f 2603 2602 4753 4752
f 2602 2601 4754 4753
f 2601 199 2963 4754
f 4754 2963 2962 4757
f 4757 2962 2961 4760
f 4760 2961 33 2964
f 4759 4760 2964 2965
f 4758 4759 2965 2966
f 612 4758 2966 163
f 613 4755 4758 612
f 614 4752 4755 613
f 4761 4762 4765 4764
f 4762 4763 4766 4765
f 4764 4765 4768 4767
f 4765 4766 4769 4768
f 198 1779 4761 617
f 1779 1780 4762 4761
f 1780 1781 4763 4762
f 1781 425 614 4763
f 4763 614 613 4766
f 4766 613 612 4769
f 4769 612 163 620
f 4768 4769 620 619
f 4767 4768 619 618
f 615 4767 618 34
f 616 4764 4767 615
f 617 4761 4764 616
f 4770 4771 4774 4773
f 4771 4772 4775 4774
f 4773 4774 4777 4776
f 4774 4775 4778 4777
f 9 2871 4770 2967
f 2871 2872 4771 4770
f 2872 2873 4772 4771
f 2873 160 1377 4772
f 4772 1377 1378 4775
f 4775 1378 1379 4778
f 4778 1379 426 2972
f 4777 4778 2972 2971
f 4776 4777 2971 2970
f 2969 4776 2970 200
f 2968 4773 4776 2969
f 2967 4770 4773 2968
f 4779 4780 4783 4782
f 4780 4781 4784 4783
f 4782 4783 4786 4785
f 4783 4784 4787 4786
f 160 2870 4779 1377
f 2870 2869 4780 4779
f 2869 2868 4781 4780
f 2868 13 2973 4781
f 4781 2973 2974 4784
f 4784 2974 2975 4787
f 4787 2975 201 1080
f 4786 4787 1080 1081
f 4785 4786 1081 1082
f 1379 4785 1082 426
f 1378 4782 4785 1379
f 1377 4779 4782 1378
f 4788 4789 4792 4791
f 4789 4790 4793 4792
f 4791 4792 4795 4794
f 4792 4793 4796 4795
f 426 1082 4788 1085
f 1082 1081 4789 4788
f 1081 1080 4790 4789
f 1080 201 1784 4790
f 4790 1784 1783 4793
f 4793 1783 1782 4796
f 4796 1782 35 1785
f 4795 4796 1785 1786
f 4794 4795 1786 1787
f 1083 4794 1787 167
f 1084 4791 4794 1083
f 1085 4788 4791 1084
f 4797 4798 4801 4800
f 4798 4799 4802 4801
f 4800 4801 4804 4803
f 4801 4802 4805 4804
f 200 2970 4797 2606
f 2970 2971 4798 4797
f 2971 2972 4799 4798
f 2972 426 1085 4799
f 4799 1085 1084 4802
f 4802 1084 1083 4805
f 4805 1083 167 2609
f 4804 4805 2609 2608
f 4803 4804 2608 2607
f 2604 4803 2607 36
f 2605 4800 4803 2604
f 2606 4797 4800 2605
f 4806 4807 4810 4809
f 4807 4808 4811 4810
f 4809 4810 4813 4812
f 4810 4811 4814 4813
f 14 564 4806 621
f 564 565 4807 4806
f 565 566 4808 4807
f 566 161 2184 4808
f 4808 2184 2185 4811
f 4811 2185 2186 4814
f 4814 2186 427 1790
f 4813 4814 1790 1789
f 4812 4813 1789 1788
f 623 4812 1788 202
f 622 4809 4812 623
f 621 4806 4809 622
f 4815 4816 4819 4818
f 4816 4817 4820 4819
f 4818 4819 4822 4821
f 4819 4820 4823 4822
f 161 1697 4815 2184
f 1697 1696 4816 4815
f 1696 1695 4817 4816
f 1695 11 1791 4817
f 4817 1791 1792 4820
f 4820 1792 1793 4823
f 4823 1793 203 2610
f 4822 4823 2610 2611
f 4821 4822 2611 2612
f 2186 4821 2612 427
f 2185 4818 4821 2186
f 2184 4815 4818 2185
f 4824 4825 4828 4827
f 4825 4826 4829 4828
f 4827 4828 4831 4830
f 4828 4829 4832 4831
f 427 2612 4824 1088
f 2612 2611 4825 4824
f 2611 2610 4826 4825
f 2610 203 3332 4826
f 4826 3332 3331 4829
f 4829 3331 3330 4832
f 4832 3330 37 3333
f 4831 4832 3333 3334
f 4830 4831 3334 3335
f 1086 4830 3335 171
f 1087 4827 4830 1086
f 1088 4824 4827 1087
f 4833 4834 4837 4836
f 4834 4835 4838 4837
f 4836 4837 4840 4839
f 4837 4838 4841 4840
f 202 1788 4833 626
f 1788 1789 4834 4833
f 1789 1790 4835 4834
f 1790 427 1088 4835
f 4835 1088 1087 4838
f 4838 1087 1086 4841
f 4841 1086 171 629
f 4840 4841 629 628
f 4839 4840 628 627
f 624 4839 627 38
f 625 4836 4839 624
f 626 4833 4836 625
f 4842 4843 4846 4845
f 4843 4844 4847 4846
f 4845 4846 4849 4848
f 4846 4847 4850 4849
f 11 1677 4842 1791
f 1677 1678 4843 4842
f 1678 1679 4844 4843
f 1679 148 1794 4844
f 4844 1794 1795 4847
f 4847 1795 1796 4850
f 4850 1796 428 2615
f 4849 4850 2615 2614
f 4848 4849 2614 2613
f 1793 4848 2613 203
f 1792 4845 4848 1793
f 1791 4842 4845 1792
f 4851 4852 4855 4854
f 4852 4853 4856 4855
f 4854 4855 4858 4857
f 4855 4856 4859 4858
f 148 2096 4851 1794
f 2096 2095 4852 4851
f 2095 2094 4853 4852
f 2094 16 2178 4853
f 4853 2178 2179 4856
f 4856 2179 2180 4859
f 4859 2180 198 1797
f 4858 4859 1797 1798
f 4857 4858 1798 1799
f 1796 4857 1799 428
f 1795 4854 4857 1796
f 1794 4851 4854 1795
f 4860 4861 4864 4863
f 4861 4862 4865 4864
f 4863 4864 4867 4866
f 4864 4865 4868 4867
f 428 1799 4860 2978
f 1799 1798 4861 4860
f 1798 1797 4862 4861
f 1797 198 617 4862
f 4862 617 616 4865
f 4865 616 615 4868
f 4868 615 34 630
f 4867 4868 630 631
f 4866 4867 631 632
f 2976 4866 632 174
f 2977 4863 4866 2976
f 2978 4860 4863 2977
f 4869 4870 4873 4872
f 4870 4871 4874 4873
f 4872 4873 4876 4875
f 4873 4874 4877 4876
f 203 2613 4869 3332
f 2613 2614 4870 4869
f 2614 2615 4871 4870
f 2615 428 2978 4871
f 4871 2978 2977 4874
f 4874 2977 2976 4877
f 4877 2976 174 3338
f 4876 4877 3338 3337
f 4875 4876 3337 3336
f 3330 4875 3336 37
f 3331 4872 4875 3330
f 3332 4869 4872 3331
f 4878 4879 4882 4881
f 4879 4880 4883 4882
f 4881 4882 4885 4884
f 4882 4883 4886 4885
f 10 546 4878 633
f 546 547 4879 4878
f 547 548 4880 4879
f 548 151 1089 4880
f 4880 1089 1090 4883
f 4883 1090 1091 4886
f 4886 1091 429 3341
f 4885 4886 3341 3340
f 4884 4885 3340 3339
f 635 4884 3339 204
f 634 4881 4884 635
f 633 4878 4881 634
f 4887 4888 4891 4890
f 4888 4889 4892 4891
f 4890 4891 4894 4893
f 4891 4892 4895 4894
f 151 542 4887 1089
f 542 541 4888 4887
f 541 540 4889 4888
f 540 14 621 4889
f 4889 621 622 4892
f 4892 622 623 4895
f 4895 623 202 1800
f 4894 4895 1800 1801
f 4893 4894 1801 1802
f 1091 4893 1802 429
f 1090 4890 4893 1091
f 1089 4887 4890 1090
f 4896 4897 4900 4899
f 4897 4898 4901 4900
f 4899 4900 4903 4902
f 4900 4901 4904 4903
f 429 1802 4896 2618
f 1802 1801 4897 4896
f 1801 1800 4898 4897
f 1800 202 626 4898
f 4898 626 625 4901
f 4901 625 624 4904
f 4904 624 38 636
f 4903 4904 636 637
f 4902 4903 637 638
f 2616 4902 638 177
f 2617 4899 4902 2616
f 2618 4896 4899 2617
f 4905 4906 4909 4908
f 4906 4907 4910 4909
f 4908 4909 4912 4911
f 4909 4910 4913 4912
f 204 3339 4905 1382
f 3339 3340 4906 4905
f 3340 3341 4907 4906
f 3341 429 2618 4907
f 4907 2618 2617 4910
f 4910 2617 2616 4913
f 4913 2616 177 1385
f 4912 4913 1385 1384
f 4911 4912 1384 1383
f 1380 4911 1383 39
f 1381 4908 4911 1380
f 1382 4905 4908 1381
f 4914 4915 4918 4917
f 4915 4916 4919 4918
f 4917 4918 4921 4920
f 4918 4919 4922 4921
f 15 1689 4914 1803
f 1689 1690 4915 4914
f 1690 1691 4916 4915
f 1691 154 2979 4916
f 4916 2979 2980 4919
f 4919 2980 2981 4922
f 4922 2981 430 641
f 4921 4922 641 640
f 4920 4921 640 639
f 1805 4920 639 205
f 1804 4917 4920 1805
f 1803 4914 4917 1804
f 4923 4924 4927 4926
f 4924 4925 4928 4927
f 4926 4927 4930 4929
f 4927 4928 4931 4930
f 154 2855 4923 2979
f 2855 2854 4924 4923
f 2854 2853 4925 4924
f 2853 9 2967 4925
f 4925 2967 2968 4928
f 4928 2968 2969 4931
f 4931 2969 200 2982
f 4930 4931 2982 2983
f 4929 4930 2983 2984
f 2981 4929 2984 430
f 2980 4926 4929 2981
f 2979 4923 4926 2980
f 4932 4933 4936 4935
f 4933 4934 4937 4936
f 4935 4936 4939 4938
f 4936 4937 4940 4939
f 430 2984 4932 1388
f 2984 2983 4933 4932
f 2983 2982 4934 4933
f 2982 200 2606 4934
f 4934 2606 2605 4937
f 4937 2605 2604 4940
f 4940 2604 36 2619
f 4939 4940 2619 2620
f 4938 4939 2620 2621
f 1386 4938 2621 180
f 1387 4935 4938 1386
f 1388 4932 4935 1387
f 4941 4942 4945 4944
f 4942 4943 4946 4945
f 4944 4945 4948 4947
f 4945 4946 4949 4948
f 205 639 4941 2189
f 639 640 4942 4941
f 640 641 4943 4942
f 641 430 1388 4943
f 4943 1388 1387 4946
f 4946 1387 1386 4949
f 4949 1386 180 2192
f 4948 4949 2192 2191
f 4947 4948 2191 2190
f 2187 4947 2190 40
f 2188 4944 4947 2187
f 2189 4941 4944 2188
f 4950 4951 4954 4953
f 4951 4952 4955 4954
f 4953 4954 4957 4956
f 4954 4955 4958 4957
f 13 2862 4950 2973
f 2862 2863 4951 4950
f 2863 2864 4952 4951
f 2864 156 1389 4952
f 4952 1389 1390 4955
f 4955 1390 1391 4958
f 4958 1391 431 1094
f 4957 4958 1094 1093
f 4956 4957 1093 1092
f 2975 4956 1092 201
f 2974 4953 4956 2975
f 2973 4950 4953 2974
f 4959 4960 4963 4962
f 4960 4961 4964 4963
f 4962 4963 4966 4965
f 4963 4964 4967 4966
f 156 554 4959 1389
f 554 553 4960 4959
f 553 552 4961 4960
f 552 10 633 4961
f 4961 633 634 4964
f 4964 634 635 4967
f 4967 635 204 3342
f 4966 4967 3342 3343
f 4965 4966 3343 3344
f 1391 4965 3344 431
f 1390 4962 4965 1391
f 1389 4959 4962 1390
f 4968 4969 4972 4971
f 4969 4970 4973 4972
f 4971 4972 4975 4974
f 4972 4973 4976 4975
f 431 3344 4968 2987
f 3344 3343 4969 4968
f 3343 3342 4970 4969
f 3342 204 1382 4970
f 4970 1382 1381 4973
f 4973 1381 1380 4976
f 4976 1380 39 1392
f 4975 4976 1392 1393
f 4974 4975 1393 1394
f 2985 4974 1394 182
f 2986 4971 4974 2985
f 2987 4968 4971 2986
f 4977 4978 4981 4980
f 4978 4979 4982 4981
f 4980 4981 4984 4983
f 4981 4982 4985 4984
f 201 1092 4977 1784
f 1092 1093 4978 4977
f 1093 1094 4979 4978
f 1094 431 2987 4979
f 4979 2987 2986 4982
f 4982 2986 2985 4985
f 4985 2985 182 1808
f 4984 4985 1808 1807
f 4983 4984 1807 1806
f 1782 4983 1806 35
f 1783 4980 4983 1782
f 1784 4977 4980 1783
f 4986 4987 4990 4989
f 4987 4988 4991 4990
f 4989 4990 4993 4992
f 4990 4991 4994 4993
f 12 2112 4986 2181
f 2112 2113 4987 4986
f 2113 2114 4988 4987
f 2114 158 2988 4988
f 4988 2988 2989 4991
f 4991 2989 2990 4994
f 4994 2990 432 2624
f 4993 4994 2624 2623
f 4992 4993 2623 2622
f 2183 4992 2622 199
f 2182 4989 4992 2183
f 2181 4986 4989 2182
f 4995 4996 4999 4998
f 4996 4997 5000 4999
f 4998 4999 5002 5001
f 4999 5000 5003 5002
f 158 1694 4995 2988
f 1694 1693 4996 4995
f 1693 1692 4997 4996
f 1692 15 1803 4997
f 4997 1803 1804 5000
f 5000 1804 1805 5003
f 5003 1805 205 642
f 5002 5003 642 643
f 5001 5002 643 644
f 2990 5001 644 432
f 2989 4998 5001 2990
f 2988 4995 4998 2989
f 5004 5005 5008 5007
f 5005 5006 5009 5008
f 5007 5008 5011 5010
f 5008 5009 5012 5011
f 432 644 5004 1811
f 644 643 5005 5004
f 643 642 5006 5005
f 642 205 2189 5006
f 5006 2189 2188 5009
f 5009 2188 2187 5012
f 5012 2187 40 2193
f 5011 5012 2193 2194
f 5010 5011 2194 2195
f 1809 5010 2195 184
f 1810 5007 5010 1809
f 1811 5004 5007 1810
f 5013 5014 5017 5016
f 5014 5015 5018 5017
f 5016 5017 5020 5019
f 5017 5018 5021 5020
f 199 2622 5013 2963
f 2622 2623 5014 5013
f 2623 2624 5015 5014
f 2624 432 1811 5015
f 5015 1811 1810 5018
f 5018 1810 1809 5021
f 5021 1809 184 2993
f 5020 5021 2993 2992
f 5019 5020 2992 2991
f 2961 5019 2991 33
f 2962 5016 5019 2961
f 2963 5013 5016 2962
f 5022 5023 5026 5025
f 5023 5024 5027 5026
f 5025 5026 5029 5028
f 5026 5027 5030 5029
f 33 2991 5022 2994
f 2991 2992 5023 5022
f 2992 2993 5024 5023
f 2993 184 1812 5024
f 5024 1812 1813 5027
f 5027 1813 1814 5030
f 5030 1814 433 2627
f 5029 5030 2627 2626
f 5028 5029 2626 2625
f 2996 5028 2625 207
f 2995 5025 5028 2996
f 2994 5022 5025 2995
f 5031 5032 5035 5034
f 5032 5033 5036 5035
f 5034 5035 5038 5037
f 5035 5036 5039 5038
f 184 2195 5031 1812
f 2195 2194 5032 5031
f 2194 2193 5033 5032
f 2193 40 2196 5033
f 5033 2196 2197 5036
f 5036 2197 2198 5039
f 5039 2198 179 645
f 5038 5039 645 646
f 5037 5038 646 647
f 1814 5037 647 433
f 1813 5034 5037 1814
f 1812 5031 5034 1813
f 5040 5041 5044 5043
f 5041 5042 5045 5044
f 5043 5044 5047 5046
f 5044 5045 5048 5047
f 433 647 5040 1397
f 647 646 5041 5040
f 646 645 5042 5041
f 645 179 2630 5042
f 5042 2630 2629 5045
f 5045 2629 2628 5048
f 5048 2628 48 2541
f 5047 5048 2541 2542
f 5046 5047 2542 2543
f 1395 5046 2543 214
f 1396 5043 5046 1395
f 1397 5040 5043 1396
f 5049 5050 5053 5052
f 5050 5051 5054 5053
f 5052 5053 5056 5055
f 5053 5054 5057 5056
f 207 2625 5049 1097
f 2625 2626 5050 5049
f 2626 2627 5051 5050
f 2627 433 1397 5051
f 5051 1397 1396 5054
f 5054 1396 1395 5057
f 5057 1395 214 1025
f 5056 5057 1025 1024
f 5055 5056 1024 1023
f 1095 5055 1023 42
f 1096 5052 5055 1095
f 1097 5049 5052 1096
f 5058 5059 5062 5061
f 5059 5060 5063 5062
f 5061 5062 5065 5064
f 5062 5063 5066 5065
f 35 1806 5058 1815
f 1806 1807 5059 5058
f 1807 1808 5060 5059
f 1808 182 2997 5060
f 5060 2997 2998 5063
f 5063 2998 2999 5066
f 5066 2999 434 650
f 5065 5066 650 649
f 5064 5065 649 648
f 1817 5064 648 209
f 1816 5061 5064 1817
f 1815 5058 5061 1816
f 5067 5068 5071 5070
f 5068 5069 5072 5071
f 5070 5071 5074 5073
f 5071 5072 5075 5074
f 182 1394 5067 2997
f 1394 1393 5068 5067
f 1393 1392 5069 5068
f 1392 39 1398 5069
f 5069 1398 1399 5072
f 5072 1399 1400 5075
f 5075 1400 176 1818
f 5074 5075 1818 1819
f 5073 5074 1819 1820
f 2999 5073 1820 434
f 2998 5070 5073 2999
f 2997 5067 5070 2998
f 5076 5077 5080 5079
f 5077 5078 5081 5080
f 5079 5080 5083 5082
f 5080 5081 5084 5083
f 434 1820 5076 2201
f 1820 1819 5077 5076
f 1819 1818 5078 5077
f 1818 176 1823 5078
f 5078 1823 1822 5081
f 5081 1822 1821 5084
f 5084 1821 47 1746
f 5083 5084 1746 1747
f 5082 5083 1747 1748
f 2199 5082 1748 215
f 2200 5079 5082 2199
f 2201 5076 5079 2200
f 5085 5086 5089 5088
f 5086 5087 5090 5089
f 5088 5089 5092 5091
f 5089 5090 5093 5092
f 209 648 5085 2633
f 648 649 5086 5085
f 649 650 5087 5086
f 650 434 2201 5087
f 5087 2201 2200 5090
f 5090 2200 2199 5093
f 5093 2199 215 2540
f 5092 5093 2540 2539
f 5091 5092 2539 2538
f 2631 5091 2538 44
f 2632 5088 5091 2631
f 2633 5085 5088 2632
f 5094 5095 5098 5097
f 5095 5096 5099 5098
f 5097 5098 5101 5100
f 5098 5099 5102 5101
f 40 2190 5094 2196
f 2190 2191 5095 5094
f 2191 2192 5096 5095
f 2192 180 1401 5096
f 5096 1401 1402 5099
f 5099 1402 1403 5102
f 5102 1403 435 653
f 5101 5102 653 652
f 5100 5101 652 651
f 2198 5100 651 179
f 2197 5097 5100 2198
f 2196 5094 5097 2197
f 5103 5104 5107 5106
f 5104 5105 5108 5107
f 5106 5107 5110 5109
f 5107 5108 5111 5110
f 180 2621 5103 1401
f 2621 2620 5104 5103
f 2620 2619 5105 5104
f 2619 36 2634 5105
f 5105 2634 2635 5108
f 5108 2635 2636 5111
f 5111 2636 166 3345
f 5110 5111 3345 3346
f 5109 5110 3346 3347
f 1403 5109 3347 435
f 1402 5106 5109 1403
f 1401 5103 5106 1402
f 5112 5113 5116 5115
f 5113 5114 5117 5116
f 5115 5116 5119 5118
f 5116 5117 5120 5119
f 435 3347 5112 3350
f 3347 3346 5113 5112
f 3346 3345 5114 5113
f 3345 166 1826 5114
f 5114 1826 1825 5117
f 5117 1825 1824 5120
f 5120 1824 43 1740
f 5119 5120 1740 1741
f 5118 5119 1741 1742
f 3348 5118 1742 216
f 3349 5115 5118 3348
f 3350 5112 5115 3349
f 5121 5122 5125 5124
f 5122 5123 5126 5125
f 5124 5125 5128 5127
f 5125 5126 5129 5128
f 179 651 5121 2630
f 651 652 5122 5121
f 652 653 5123 5122
f 653 435 3350 5123
f 5123 3350 3349 5126
f 5126 3349 3348 5129
f 5129 3348 216 2537
f 5128 5129 2537 2536
f 5127 5128 2536 2535
f 2628 5127 2535 48
f 2629 5124 5127 2628
f 2630 5121 5124 2629
f 5130 5131 5134 5133
f 5131 5132 5135 5134
f 5133 5134 5137 5136
f 5134 5135 5138 5137
f 39 1383 5130 1398
f 1383 1384 5131 5130
f 1384 1385 5132 5131
f 1385 177 2637 5132
f 5132 2637 2638 5135
f 5135 2638 2639 5138
f 5138 2639 436 1829
f 5137 5138 1829 1828
f 5136 5137 1828 1827
f 1400 5136 1827 176
f 1399 5133 5136 1400
f 1398 5130 5133 1399
f 5139 5140 5143 5142
f 5140 5141 5144 5143
f 5142 5143 5146 5145
f 5143 5144 5147 5146
f 177 638 5139 2637
f 638 637 5140 5139
f 637 636 5141 5140
f 636 38 654 5141
f 5141 654 655 5144
f 5144 655 656 5147
f 5147 656 170 3000
f 5146 5147 3000 3001
f 5145 5146 3001 3002
f 2639 5145 3002 436
f 2638 5142 5145 2639
f 2637 5139 5142 2638
f 5148 5149 5152 5151
f 5149 5150 5153 5152
f 5151 5152 5155 5154
f 5152 5153 5156 5155
f 436 3002 5148 1100
f 3002 3001 5149 5148
f 3001 3000 5150 5149
f 3000 170 3353 5150
f 5150 3353 3352 5153
f 5153 3352 3351 5156
f 5156 3351 45 3261
f 5155 5156 3261 3262
f 5154 5155 3262 3263
f 1098 5154 3263 217
f 1099 5151 5154 1098
f 1100 5148 5151 1099
f 5157 5158 5161 5160
f 5158 5159 5162 5161
f 5160 5161 5164 5163
f 5161 5162 5165 5164
f 176 1827 5157 1823
f 1827 1828 5158 5157
f 1828 1829 5159 5158
f 1829 436 1100 5159
f 5159 1100 1099 5162
f 5162 1099 1098 5165
f 5165 1098 217 1736
f 5164 5165 1736 1735
f 5163 5164 1735 1734
f 1821 5163 1734 47
f 1822 5160 5163 1821
f 1823 5157 5160 1822
f 5166 5167 5170 5169
f 5167 5168 5171 5170
f 5169 5170 5173 5172
f 5170 5171 5174 5173
f 37 3336 5166 3354
f 3336 3337 5167 5166
f 3337 3338 5168 5167
f 3338 174 3003 5168
f 5168 3003 3004 5171
f 5171 3004 3005 5174
f 5174 3005 437 2204
f 5173 5174 2204 2203
f 5172 5173 2203 2202
f 3356 5172 2202 211
f 3355 5169 5172 3356
f 3354 5166 5169 3355
f 5175 5176 5179 5178
f 5176 5177 5180 5179
f 5178 5179 5182 5181
f 5179 5180 5183 5182
f 174 632 5175 3003
f 632 631 5176 5175
f 631 630 5177 5176
f 630 34 657 5177
f 5177 657 658 5180
f 5180 658 659 5183
f 5183 659 162 3006
f 5182 5183 3006 3007
f 5181 5182 3007 3008
f 3005 5181 3008 437
f 3004 5178 5181 3005
f 3003 5175 5178 3004
f 5184 5185 5188 5187
f 5185 5186 5189 5188
f 5187 5188 5191 5190
f 5188 5189 5192 5191
f 437 3008 5184 1832
f 3008 3007 5185 5184
f 3007 3006 5186 5185
f 3006 162 3011 5186
f 5186 3011 3010 5189
f 5189 3010 3009 5192
f 5192 3009 41 2892
f 5191 5192 2892 2893
f 5190 5191 2893 2894
f 1830 5190 2894 218
f 1831 5187 5190 1830
f 1832 5184 5187 1831
f 5193 5194 5197 5196
f 5194 5195 5198 5197
f 5196 5197 5200 5199
f 5197 5198 5201 5200
f 211 2202 5193 1103
f 2202 2203 5194 5193
f 2203 2204 5195 5194
f 2204 437 1832 5195
f 5195 1832 1831 5198
f 5198 1831 1830 5201
f 5201 1830 218 1001
f 5200 5201 1001 1000
f 5199 5200 1000 999
f 1101 5199 999 46
f 1102 5196 5199 1101
f 1103 5193 5196 1102
f 5202 5203 5206 5205
f 5203 5204 5207 5206
f 5205 5206 5209 5208
f 5206 5207 5210 5209
f 38 627 5202 654
f 627 628 5203 5202
f 628 629 5204 5203
f 629 171 1104 5204
f 5204 1104 1105 5207
f 5207 1105 1106 5210
f 5210 1106 438 3014
f 5209 5210 3014 3013
f 5208 5209 3013 3012
f 656 5208 3012 170
f 655 5205 5208 656
f 654 5202 5205 655
f 5211 5212 5215 5214
f 5212 5213 5216 5215
f 5214 5215 5218 5217
f 5215 5216 5219 5218
f 171 3335 5211 1104
f 3335 3334 5212 5211
f 3334 3333 5213 5212
f 3333 37 3354 5213
f 5213 3354 3355 5216
f 5216 3355 3356 5219
f 5219 3356 211 2205
f 5218 5219 2205 2206
f 5217 5218 2206 2207
f 1106 5217 2207 438
f 1105 5214 5217 1106
f 1104 5211 5214 1105
f 5220 5221 5224 5223
f 5221 5222 5225 5224
f 5223 5224 5227 5226
f 5224 5225 5228 5227
f 438 2207 5220 2642
f 2207 2206 5221 5220
f 2206 2205 5222 5221
f 2205 211 1103 5222
f 5222 1103 1102 5225
f 5225 1102 1101 5228
f 5228 1101 46 987
f 5227 5228 987 988
f 5226 5227 988 989
f 2640 5226 989 219
f 2641 5223 5226 2640
f 2642 5220 5223 2641
f 5229 5230 5233 5232
f 5230 5231 5234 5233
f 5232 5233 5236 5235
f 5233 5234 5237 5236
f 170 3012 5229 3353
f 3012 3013 5230 5229
f 3013 3014 5231 5230
f 3014 438 2642 5231
f 5231 2642 2641 5234
f 5234 2641 2640 5237
f 5237 2640 219 3257
f 5236 5237 3257 3256
f 5235 5236 3256 3255
f 3351 5235 3255 45
f 3352 5232 5235 3351
f 3353 5229 5232 3352
f 5238 5239 5242 5241
f 5239 5240 5243 5242
f 5241 5242 5245 5244
f 5242 5243 5246 5245
f 36 2607 5238 2634
f 2607 2608 5239 5238
f 2608 2609 5240 5239
f 2609 167 1107 5240
f 5240 1107 1108 5243
f 5243 1108 1109 5246
f 5246 1109 439 3359
f 5245 5246 3359 3358
f 5244 5245 3358 3357
f 2636 5244 3357 166
f 2635 5241 5244 2636
f 2634 5238 5241 2635
f 5247 5248 5251 5250
f 5248 5249 5252 5251
f 5250 5251 5254 5253
f 5251 5252 5255 5254
f 167 1787 5247 1107
f 1787 1786 5248 5247
f 1786 1785 5249 5248
f 1785 35 1815 5249
f 5249 1815 1816 5252
f 5252 1816 1817 5255
f 5255 1817 209 660
f 5254 5255 660 661
f 5253 5254 661 662
f 1109 5253 662 439
f 1108 5250 5253 1109
f 1107 5247 5250 1108
f 5256 5257 5260 5259
f 5257 5258 5261 5260
f 5259 5260 5263 5262
f 5260 5261 5264 5263
f 439 662 5256 3362
f 662 661 5257 5256
f 661 660 5258 5257
f 660 209 2633 5258
f 5258 2633 2632 5261
f 5261 2632 2631 5264
f 5264 2631 44 2517
f 5263 5264 2517 2518
f 5262 5263 2518 2519
f 3360 5262 2519 220
f 3361 5259 5262 3360
f 3362 5256 5259 3361
f 5265 5266 5269 5268
f 5266 5267 5270 5269
f 5268 5269 5272 5271
f 5269 5270 5273 5272
f 166 3357 5265 1826
f 3357 3358 5266 5265
f 3358 3359 5267 5266
f 3359 439 3362 5267
f 5267 3362 3361 5270
f 5270 3361 3360 5273
f 5273 3360 220 1706
f 5272 5273 1706 1705
f 5271 5272 1705 1704
f 1824 5271 1704 43
f 1825 5268 5271 1824
f 1826 5265 5268 1825
f 5274 5275 5278 5277
f 5275 5276 5279 5278
f 5277 5278 5281 5280
f 5278 5279 5282 5281
f 34 618 5274 657
f 618 619 5275 5274
f 619 620 5276 5275
f 620 163 663 5276
f 5276 663 664 5279
f 5279 664 665 5282
f 5282 665 440 3017
f 5281 5282 3017 3016
f 5280 5281 3016 3015
f 659 5280 3015 162
f 658 5277 5280 659
f 657 5274 5277 658
f 5283 5284 5287 5286
f 5284 5285 5288 5287
f 5286 5287 5290 5289
f 5287 5288 5291 5290
f 163 2966 5283 663
f 2966 2965 5284 5283
f 2965 2964 5285 5284
f 2964 33 2994 5285
f 5285 2994 2995 5288
f 5288 2995 2996 5291
f 5291 2996 207 2643
f 5290 5291 2643 2644
f 5289 5290 2644 2645
f 665 5289 2645 440
f 664 5286 5289 665
f 663 5283 5286 664
f 5292 5293 5296 5295
f 5293 5294 5297 5296
f 5295 5296 5299 5298
f 5296 5297 5300 5299
f 440 2645 5292 668
f 2645 2644 5293 5292
f 2644 2643 5294 5293
f 2643 207 1097 5294
f 5294 1097 1096 5297
f 5297 1096 1095 5300
f 5300 1095 42 981
f 5299 5300 981 982
f 5298 5299 982 983
f 666 5298 983 221
f 667 5295 5298 666
f 668 5292 5295 667
f 5301 5302 5305 5304
f 5302 5303 5306 5305
f 5304 5305 5308 5307
f 5305 5306 5309 5308
f 162 3015 5301 3011
f 3015 3016 5302 5301
f 3016 3017 5303 5302
f 3017 440 668 5303
f 5303 668 667 5306
f 5306 667 666 5309
f 5309 666 221 2882
f 5308 5309 2882 2881
f 5307 5308 2881 2880
f 3009 5307 2880 41
f 3010 5304 5307 3009
f 3011 5301 5304 3010
f 5310 5311 5314 5313
f 5311 5312 5315 5314
f 5313 5314 5317 5316
f 5314 5315 5318 5317
f 19 1728 5310 1764
f 1728 1729 5311 5310
f 1729 1730 5312 5311
f 1730 175 669 5312
f 5312 669 670 5315
f 5315 670 671 5318
f 5318 671 441 3365
f 5317 5318 3365 3364
f 5316 5317 3364 3363
f 1766 5316 3363 356
f 1765 5313 5316 1766
f 1764 5310 5313 1765
f 5319 5320 5323 5322
f 5320 5321 5324 5323
f 5322 5323 5326 5325
f 5323 5324 5327 5326
f 175 2531 5319 669
f 2531 2530 5320 5319
f 2530 2529 5321 5320
f 2529 24 2559 5321
f 5321 2559 2560 5324
f 5324 2560 2561 5327
f 5327 2561 354 1833
f 5326 5327 1833 1834
f 5325 5326 1834 1835
f 671 5325 1835 441
f 670 5322 5325 671
f 669 5319 5322 670
f 5328 5329 5332 5331
f 5329 5330 5333 5332
f 5331 5332 5335 5334
f 5332 5333 5336 5335
f 441 1835 5328 2648
f 1835 1834 5329 5328
f 1834 1833 5330 5329
f 1833 354 3281 5330
f 5330 3281 3280 5333
f 5333 3280 3279 5336
f 5336 3279 81 3366
f 5335 5336 3366 3367
f 5334 5335 3367 3368
f 2646 5334 3368 287
f 2647 5331 5334 2646
f 2648 5328 5331 2647
f 5337 5338 5341 5340
f 5338 5339 5342 5341
f 5340 5341 5344 5343
f 5341 5342 5345 5344
f 356 3363 5337 587
f 3363 3364 5338 5337
f 3364 3365 5339 5338
f 3365 441 2648 5339
f 5339 2648 2647 5342
f 5342 2647 2646 5345
f 5345 2646 287 674
f 5344 5345 674 673
f 5343 5344 673 672
f 585 5343 672 106
f 586 5340 5343 585
f 587 5337 5340 586
f 5346 5347 5350 5349
f 5347 5348 5351 5350
f 5349 5350 5353 5352
f 5350 5351 5354 5353
f 20 2544 5346 2562
f 2544 2545 5347 5346
f 2545 2546 5348 5347
f 2546 185 2208 5348
f 5348 2208 2209 5351
f 5351 2209 2210 5354
f 5354 2210 442 1406
f 5353 5354 1406 1405
f 5352 5353 1405 1404
f 2564 5352 1404 350
f 2563 5349 5352 2564
f 2562 5346 5349 2563
f 5355 5356 5359 5358
f 5356 5357 5360 5359
f 5358 5359 5362 5361
f 5359 5360 5363 5362
f 185 1340 5355 2208
f 1340 1339 5356 5355
f 1339 1338 5357 5356
f 1338 23 1353 5357
f 5357 1353 1354 5360
f 5360 1354 1355 5363
f 5363 1355 351 2211
f 5362 5363 2211 2212
f 5361 5362 2212 2213
f 2210 5361 2213 442
f 2209 5358 5361 2210
f 2208 5355 5358 2209
f 5364 5365 5368 5367
f 5365 5366 5369 5368
f 5367 5368 5371 5370
f 5368 5369 5372 5371
f 442 2213 5364 677
f 2213 2212 5365 5364
f 2212 2211 5366 5365
f 2211 351 1058 5366
f 5366 1058 1057 5369
f 5369 1057 1056 5372
f 5372 1056 74 1110
f 5371 5372 1110 1111
f 5370 5371 1111 1112
f 675 5370 1112 333
f 676 5367 5370 675
f 677 5364 5367 676
f 5373 5374 5377 5376
f 5374 5375 5378 5377
f 5376 5377 5380 5379
f 5377 5378 5381 5380
f 350 1404 5373 2924
f 1404 1405 5374 5373
f 1405 1406 5375 5374
f 1406 442 677 5375
f 5375 677 676 5378
f 5378 676 675 5381
f 5381 675 333 3020
f 5380 5381 3020 3019
f 5379 5380 3019 3018
f 2922 5379 3018 65
f 2923 5376 5379 2922
f 2924 5373 5376 2923
f 5382 5383 5386 5385
f 5383 5384 5387 5386
f 5385 5386 5389 5388
f 5386 5387 5390 5389
f 105 3372 5382 3369
f 3372 3373 5383 5382
f 3373 3374 5384 5383
f 3374 267 2649 5384
f 5384 2649 2650 5387
f 5387 2650 2651 5390
f 5390 2651 443 680
f 5389 5390 680 679
f 5388 5389 679 678
f 3371 5388 678 357
f 3370 5385 5388 3371
f 3369 5382 5385 3370
f 5391 5392 5395 5394
f 5392 5393 5396 5395
f 5394 5395 5398 5397
f 5395 5396 5399 5398
f 267 1115 5391 2649
f 1115 1114 5392 5391
f 1114 1113 5393 5392
f 1113 82 1116 5393
f 5393 1116 1117 5396
f 5396 1117 1118 5399
f 5399 1118 352 3375
f 5398 5399 3375 3376
f 5397 5398 3376 3377
f 2651 5397 3377 443
f 2650 5394 5397 2651
f 2649 5391 5394 2650
f 5400 5401 5404 5403
f 5401 5402 5405 5404
f 5403 5404 5407 5406
f 5404 5405 5408 5407
f 443 3377 5400 683
f 3377 3376 5401 5400
f 3376 3375 5402 5401
f 3375 352 3023 5402
f 5402 3023 3022 5405
f 5405 3022 3021 5408
f 5408 3021 117 3024
f 5407 5408 3024 3025
f 5406 5407 3025 3026
f 681 5406 3026 191
f 682 5403 5406 681
f 683 5400 5403 682
f 5409 5410 5413 5412
f 5410 5411 5414 5413
f 5412 5413 5416 5415
f 5413 5414 5417 5416
f 357 678 5409 1838
f 678 679 5410 5409
f 679 680 5411 5410
f 680 443 683 5411
f 5411 683 682 5414
f 5414 682 681 5417
f 5417 681 191 1841
f 5416 5417 1841 1840
f 5415 5416 1840 1839
f 1836 5415 1839 119
f 1837 5412 5415 1836
f 1838 5409 5412 1837
f 5418 5419 5422 5421
f 5419 5420 5423 5422
f 5421 5422 5425 5424
f 5422 5423 5426 5425
f 98 1119 5418 1032
f 1119 1120 5419 5418
f 1120 1121 5420 5419
f 1121 288 3378 5420
f 5420 3378 3379 5423
f 5423 3379 3380 5426
f 5426 3380 444 3029
f 5425 5426 3029 3028
f 5424 5425 3028 3027
f 1034 5424 3027 348
f 1033 5421 5424 1034
f 1032 5418 5421 1033
f 5427 5428 5431 5430
f 5428 5429 5432 5431
f 5430 5431 5434 5433
f 5431 5432 5435 5434
f 288 3383 5427 3378
f 3383 3382 5428 5427
f 3382 3381 5429 5428
f 3381 105 3369 5429
f 5429 3369 3370 5432
f 5432 3370 3371 5435
f 5435 3371 357 684
f 5434 5435 684 685
f 5433 5434 685 686
f 3380 5433 686 444
f 3379 5430 5433 3380
f 3378 5427 5430 3379
f 5436 5437 5440 5439
f 5437 5438 5441 5440
f 5439 5440 5443 5442
f 5440 5441 5444 5443
f 444 686 5436 3032
f 686 685 5437 5436
f 685 684 5438 5437
f 684 357 1838 5438
f 5438 1838 1837 5441
f 5441 1837 1836 5444
f 5444 1836 119 1842
f 5443 5444 1842 1843
f 5442 5443 1843 1844
f 3030 5442 1844 190
f 3031 5439 5442 3030
f 3032 5436 5439 3031
f 5445 5446 5449 5448
f 5446 5447 5450 5449
f 5448 5449 5452 5451
f 5449 5450 5453 5452
f 348 3027 5445 2144
f 3027 3028 5446 5445
f 3028 3029 5447 5446
f 3029 444 3032 5447
f 5447 3032 3031 5450
f 5450 3031 3030 5453
f 5453 3030 190 2216
f 5452 5453 2216 2215
f 5451 5452 2215 2214
f 2142 5451 2214 120
f 2143 5448 5451 2142
f 2144 5445 5448 2143
f 5454 5455 5458 5457
f 5455 5456 5459 5458
f 5457 5458 5461 5460
f 5458 5459 5462 5461
f 50 690 5454 687
f 690 691 5455 5454
f 691 692 5456 5455
f 692 334 1845 5456
f 5456 1845 1846 5459
f 5459 1846 1847 5462
f 5462 1847 445 695
f 5461 5462 695 694
f 5460 5461 694 693
f 689 5460 693 345
f 688 5457 5460 689
f 687 5454 5457 688
f 5463 5464 5467 5466
f 5464 5465 5468 5467
f 5466 5467 5470 5469
f 5467 5468 5471 5470
f 334 3386 5463 1845
f 3386 3385 5464 5463
f 3385 3384 5465 5464
f 3384 57 3273 5465
f 5465 3273 3274 5468
f 5468 3274 3275 5471
f 5471 3275 347 2652
f 5470 5471 2652 2653
f 5469 5470 2653 2654
f 1847 5469 2654 445
f 1846 5466 5469 1847
f 1845 5463 5466 1846
f 5472 5473 5476 5475
f 5473 5474 5477 5476
f 5475 5476 5479 5478
f 5476 5477 5480 5479
f 445 2654 5472 3035
f 2654 2653 5473 5472
f 2653 2652 5474 5473
f 2652 347 2909 5474
f 5474 2909 2908 5477
f 5477 2908 2907 5480
f 5480 2907 113 3036
f 5479 5480 3036 3037
f 5478 5479 3037 3038
f 3033 5478 3038 186
f 3034 5475 5478 3033
f 3035 5472 5475 3034
f 5481 5482 5485 5484
f 5482 5483 5486 5485
f 5484 5485 5488 5487
f 5485 5486 5489 5488
f 345 693 5481 698
f 693 694 5482 5481
f 694 695 5483 5482
f 695 445 3035 5483
f 5483 3035 3034 5486
f 5486 3034 3033 5489
f 5489 3033 186 701
f 5488 5489 701 700
f 5487 5488 700 699
f 696 5487 699 114
f 697 5484 5487 696
f 698 5481 5484 697
f 5490 5491 5494 5493
f 5491 5492 5495 5494
f 5493 5494 5497 5496
f 5494 5495 5498 5497
f 66 1125 5490 1122
f 1125 1126 5491 5490
f 1126 1127 5492 5491
f 1127 326 1407 5492
f 5492 1407 1408 5495
f 5495 1408 1409 5498
f 5498 1409 446 704
f 5497 5498 704 703
f 5496 5497 703 702
f 1124 5496 702 353
f 1123 5493 5496 1124
f 1122 5490 5493 1123
f 5499 5500 5503 5502
f 5500 5501 5504 5503
f 5502 5503 5506 5505
f 5503 5504 5507 5506
f 326 3041 5499 1407
f 3041 3040 5500 5499
f 3040 3039 5501 5500
f 3039 73 2913 5501
f 5501 2913 2914 5504
f 5504 2914 2915 5507
f 5507 2915 355 2655
f 5506 5507 2655 2656
f 5505 5506 2656 2657
f 1409 5505 2657 446
f 1408 5502 5505 1409
f 1407 5499 5502 1408
f 5508 5509 5512 5511
f 5509 5510 5513 5512
f 5511 5512 5515 5514
f 5512 5513 5516 5515
f 446 2657 5508 707
f 2657 2656 5509 5508
f 2656 2655 5510 5509
f 2655 355 1754 5510
f 5510 1754 1753 5513
f 5513 1753 1752 5516
f 5516 1752 115 1848
f 5515 5516 1848 1849
f 5514 5515 1849 1850
f 705 5514 1850 187
f 706 5511 5514 705
f 707 5508 5511 706
f 5517 5518 5521 5520
f 5518 5519 5522 5521
f 5520 5521 5524 5523
f 5521 5522 5525 5524
f 353 702 5517 2219
f 702 703 5518 5517
f 703 704 5519 5518
f 704 446 707 5519
f 5519 707 706 5522
f 5522 706 705 5525
f 5525 705 187 2222
f 5524 5525 2222 2221
f 5523 5524 2221 2220
f 2217 5523 2220 116
f 2218 5520 5523 2217
f 2219 5517 5520 2218
f 5526 5527 5530 5529
f 5527 5528 5531 5530
f 5529 5530 5533 5532
f 5530 5531 5534 5533
f 82 1128 5526 1116
f 1128 1129 5527 5526
f 1129 1130 5528 5527
f 1130 312 3042 5528
f 5528 3042 3043 5531
f 5531 3043 3044 5534
f 5534 3044 447 3389
f 5533 5534 3389 3388
f 5532 5533 3388 3387
f 1118 5532 3387 352
f 1117 5529 5532 1118
f 1116 5526 5529 1117
f 5535 5536 5539 5538
f 5536 5537 5540 5539
f 5538 5539 5542 5541
f 5539 5540 5543 5542
f 312 1133 5535 3042
f 1133 1132 5536 5535
f 1132 1131 5537 5536
f 1131 66 1122 5537
f 5537 1122 1123 5540
f 5540 1123 1124 5543
f 5543 1124 353 708
f 5542 5543 708 709
f 5541 5542 709 710
f 3044 5541 710 447
f 3043 5538 5541 3044
f 3042 5535 5538 3043
f 5544 5545 5548 5547
f 5545 5546 5549 5548
f 5547 5548 5551 5550
f 5548 5549 5552 5551
f 447 710 5544 1853
f 710 709 5545 5544
f 709 708 5546 5545
f 708 353 2219 5546
f 5546 2219 2218 5549
f 5549 2218 2217 5552
f 5552 2217 116 2223
f 5551 5552 2223 2224
f 5550 5551 2224 2225
f 1851 5550 2225 188
f 1852 5547 5550 1851
f 1853 5544 5547 1852
f 5553 5554 5557 5556
f 5554 5555 5558 5557
f 5556 5557 5560 5559
f 5557 5558 5561 5560
f 352 3387 5553 3023
f 3387 3388 5554 5553
f 3388 3389 5555 5554
f 3389 447 1853 5555
f 5555 1853 1852 5558
f 5558 1852 1851 5561
f 5561 1851 188 3047
f 5560 5561 3047 3046
f 5559 5560 3046 3045
f 3021 5559 3045 117
f 3022 5556 5559 3021
f 3023 5553 5556 3022
f 5562 5563 5566 5565
f 5563 5564 5567 5566
f 5565 5566 5569 5568
f 5566 5567 5570 5569
f 90 711 5562 579
f 711 712 5563 5562
f 712 713 5564 5563
f 713 297 714 5564
f 5564 714 715 5567
f 5567 715 716 5570
f 5570 716 448 3050
f 5569 5570 3050 3049
f 5568 5569 3049 3048
f 581 5568 3048 344
f 580 5565 5568 581
f 579 5562 5565 580
f 5571 5572 5575 5574
f 5572 5573 5576 5575
f 5574 5575 5578 5577
f 5575 5576 5579 5578
f 297 719 5571 714
f 719 718 5572 5571
f 718 717 5573 5572
f 717 50 687 5573
f 5573 687 688 5576
f 5576 688 689 5579
f 5579 689 345 720
f 5578 5579 720 721
f 5577 5578 721 722
f 716 5577 722 448
f 715 5574 5577 716
f 714 5571 5574 715
f 5580 5581 5584 5583
f 5581 5582 5585 5584
f 5583 5584 5587 5586
f 5584 5585 5588 5587
f 448 722 5580 2660
f 722 721 5581 5580
f 721 720 5582 5581
f 720 345 698 5582
f 5582 698 697 5585
f 5585 697 696 5588
f 5588 696 114 723
f 5587 5588 723 724
f 5586 5587 724 725
f 2658 5586 725 189
f 2659 5583 5586 2658
f 2660 5580 5583 2659
f 5589 5590 5593 5592
f 5590 5591 5594 5593
f 5592 5593 5596 5595
f 5593 5594 5597 5596
f 344 3048 5589 1037
f 3048 3049 5590 5589
f 3049 3050 5591 5590
f 3050 448 2660 5591
f 5591 2660 2659 5594
f 5594 2659 2658 5597
f 5597 2658 189 1136
f 5596 5597 1136 1135
f 5595 5596 1135 1134
f 1035 5595 1134 118
f 1036 5592 5595 1035
f 1037 5589 5592 1036
f 5598 5599 5602 5601
f 5599 5600 5603 5602
f 5601 5602 5605 5604
f 5602 5603 5606 5605
f 90 576 5598 726
f 576 577 5599 5598
f 577 578 5600 5599
f 578 223 2661 5600
f 5600 2661 2662 5603
f 5603 2662 2663 5606
f 5606 2663 449 1412
f 5605 5606 1412 1411
f 5604 5605 1411 1410
f 728 5604 1410 222
f 727 5601 5604 728
f 726 5598 5601 727
f 5607 5608 5611 5610
f 5608 5609 5612 5611
f 5610 5611 5614 5613
f 5611 5612 5615 5614
f 223 2918 5607 2661
f 2918 2917 5608 5607
f 2917 2916 5609 5608
f 2916 73 3051 5609
f 5609 3051 3052 5612
f 5612 3052 3053 5615
f 5615 3053 224 3390
f 5614 5615 3390 3391
f 5613 5614 3391 3392
f 2663 5613 3392 449
f 2662 5610 5613 2663
f 2661 5607 5610 2662
f 5616 5617 5620 5619
f 5617 5618 5621 5620
f 5619 5620 5623 5622
f 5620 5621 5624 5623
f 449 3392 5616 731
f 3392 3391 5617 5616
f 3391 3390 5618 5617
f 3390 224 1856 5618
f 5618 1856 1855 5621
f 5621 1855 1854 5624
f 5624 1854 75 1857
f 5623 5624 1857 1858
f 5622 5623 1858 1859
f 729 5622 1859 225
f 730 5619 5622 729
f 731 5616 5619 730
f 5625 5626 5629 5628
f 5626 5627 5630 5629
f 5628 5629 5632 5631
f 5629 5630 5633 5632
f 222 1410 5625 2666
f 1410 1411 5626 5625
f 1411 1412 5627 5626
f 1412 449 731 5627
f 5627 731 730 5630
f 5630 730 729 5633
f 5633 729 225 2669
f 5632 5633 2669 2668
f 5631 5632 2668 2667
f 2664 5631 2667 96
f 2665 5628 5631 2664
f 2666 5625 5628 2665
f 5634 5635 5638 5637
f 5635 5636 5639 5638
f 5637 5638 5641 5640
f 5638 5639 5642 5641
f 96 2667 5634 2670
f 2667 2668 5635 5634
f 2668 2669 5636 5635
f 2669 225 732 5636
f 5636 732 733 5639
f 5639 733 734 5642
f 5642 734 450 1862
f 5641 5642 1862 1861
f 5640 5641 1861 1860
f 2672 5640 1860 226
f 2671 5637 5640 2672
f 2670 5634 5637 2671
f 5643 5644 5647 5646
f 5644 5645 5648 5647
f 5646 5647 5650 5649
f 5647 5648 5651 5650
f 225 1859 5643 732
f 1859 1858 5644 5643
f 1858 1857 5645 5644
f 1857 75 1863 5645
f 5645 1863 1864 5648
f 5648 1864 1865 5651
f 5651 1865 227 2673
f 5650 5651 2673 2674
f 5649 5650 2674 2675
f 734 5649 2675 450
f 733 5646 5649 734
f 732 5643 5646 733
f 5652 5653 5656 5655
f 5653 5654 5657 5656
f 5655 5656 5659 5658
f 5656 5657 5660 5659
f 450 2675 5652 3395
f 2675 2674 5653 5652
f 2674 2673 5654 5653
f 2673 227 2228 5654
f 5654 2228 2227 5657
f 5657 2227 2226 5660
f 5660 2226 76 2229
f 5659 5660 2229 2230
f 5658 5659 2230 2231
f 3393 5658 2231 228
f 3394 5655 5658 3393
f 3395 5652 5655 3394
f 5661 5662 5665 5664
f 5662 5663 5666 5665
f 5664 5665 5668 5667
f 5665 5666 5669 5668
f 226 1860 5661 1868
f 1860 1861 5662 5661
f 1861 1862 5663 5662
f 1862 450 3395 5663
f 5663 3395 3394 5666
f 5666 3394 3393 5669
f 5669 3393 228 1871
f 5668 5669 1871 1870
f 5667 5668 1870 1869
f 1866 5667 1869 95
f 1867 5664 5667 1866
f 1868 5661 5664 1867
f 5670 5671 5674 5673
f 5671 5672 5675 5674
f 5673 5674 5677 5676
f 5674 5675 5678 5677
f 95 1869 5670 1872
f 1869 1870 5671 5670
f 1870 1871 5672 5671
f 1871 228 3396 5672
f 5672 3396 3397 5675
f 5675 3397 3398 5678
f 5678 3398 451 1139
f 5677 5678 1139 1138
f 5676 5677 1138 1137
f 1874 5676 1137 229
f 1873 5673 5676 1874
f 1872 5670 5673 1873
f 5679 5680 5683 5682
f 5680 5681 5684 5683
f 5682 5683 5686 5685
f 5683 5684 5687 5686
f 228 2231 5679 3396
f 2231 2230 5680 5679
f 2230 2229 5681 5680
f 2229 76 2232 5681
f 5681 2232 2233 5684
f 5684 2233 2234 5687
f 5687 2234 230 1413
f 5686 5687 1413 1414
f 5685 5686 1414 1415
f 3398 5685 1415 451
f 3397 5682 5685 3398
f 3396 5679 5682 3397
f 5688 5689 5692 5691
f 5689 5690 5693 5692
f 5691 5692 5695 5694
f 5692 5693 5696 5695
f 451 1415 5688 2678
f 1415 1414 5689 5688
f 1414 1413 5690 5689
f 1413 230 3056 5690
f 5690 3056 3055 5693
f 5693 3055 3054 5696
f 5696 3054 77 3057
f 5695 5696 3057 3058
f 5694 5695 3058 3059
f 2676 5694 3059 231
f 2677 5691 5694 2676
f 2678 5688 5691 2677
f 5697 5698 5701 5700
f 5698 5699 5702 5701
f 5700 5701 5704 5703
f 5701 5702 5705 5704
f 229 1137 5697 737
f 1137 1138 5698 5697
f 1138 1139 5699 5698
f 1139 451 2678 5699
f 5699 2678 2677 5702
f 5702 2677 2676 5705
f 5705 2676 231 740
f 5704 5705 740 739
f 5703 5704 739 738
f 735 5703 738 94
f 736 5700 5703 735
f 737 5697 5700 736
f 5706 5707 5710 5709
f 5707 5708 5711 5710
f 5709 5710 5713 5712
f 5710 5711 5714 5713
f 94 738 5706 741
f 738 739 5707 5706
f 739 740 5708 5707
f 740 231 2679 5708
f 5708 2679 2680 5711
f 5711 2680 2681 5714
f 5714 2681 452 3062
f 5713 5714 3062 3061
f 5712 5713 3061 3060
f 743 5712 3060 232
f 742 5709 5712 743
f 741 5706 5709 742
f 5715 5716 5719 5718
f 5716 5717 5720 5719
f 5718 5719 5722 5721
f 5719 5720 5723 5722
f 231 3059 5715 2679
f 3059 3058 5716 5715
f 3058 3057 5717 5716
f 3057 77 3063 5717
f 5717 3063 3064 5720
f 5720 3064 3065 5723
f 5723 3065 233 1140
f 5722 5723 1140 1141
f 5721 5722 1141 1142
f 2681 5721 1142 452
f 2680 5718 5721 2681
f 2679 5715 5718 2680
f 5724 5725 5728 5727
f 5725 5726 5729 5728
f 5727 5728 5731 5730
f 5728 5729 5732 5731
f 452 1142 5724 1418
f 1142 1141 5725 5724
f 1141 1140 5726 5725
f 1140 233 746 5726
f 5726 746 745 5729
f 5729 745 744 5732
f 5732 744 78 747
f 5731 5732 747 748
f 5730 5731 748 749
f 1416 5730 749 234
f 1417 5727 5730 1416
f 1418 5724 5727 1417
f 5733 5734 5737 5736
f 5734 5735 5738 5737
f 5736 5737 5740 5739
f 5737 5738 5741 5740
f 232 3060 5733 3068
f 3060 3061 5734 5733
f 3061 3062 5735 5734
f 3062 452 1418 5735
f 5735 1418 1417 5738
f 5738 1417 1416 5741
f 5741 1416 234 3071
f 5740 5741 3071 3070
f 5739 5740 3070 3069
f 3066 5739 3069 93
f 3067 5736 5739 3066
f 3068 5733 5736 3067
f 5742 5743 5746 5745
f 5743 5744 5747 5746
f 5745 5746 5749 5748
f 5746 5747 5750 5749
f 93 3069 5742 3072
f 3069 3070 5743 5742
f 3070 3071 5744 5743
f 3071 234 1419 5744
f 5744 1419 1420 5747
f 5747 1420 1421 5750
f 5750 1421 453 2684
f 5749 5750 2684 2683
f 5748 5749 2683 2682
f 3074 5748 2682 235
f 3073 5745 5748 3074
f 3072 5742 5745 3073
f 5751 5752 5755 5754
f 5752 5753 5756 5755
f 5754 5755 5758 5757
f 5755 5756 5759 5758
f 234 749 5751 1419
f 749 748 5752 5751
f 748 747 5753 5752
f 747 78 750 5753
f 5753 750 751 5756
f 5756 751 752 5759
f 5759 752 236 3399
f 5758 5759 3399 3400
f 5757 5758 3400 3401
f 1421 5757 3401 453
f 1420 5754 5757 1421
f 1419 5751 5754 1420
f 5760 5761 5764 5763
f 5761 5762 5765 5764
f 5763 5764 5767 5766
f 5764 5765 5768 5767
f 453 3401 5760 1145
f 3401 3400 5761 5760
f 3400 3399 5762 5761
f 3399 236 1424 5762
f 5762 1424 1423 5765
f 5765 1423 1422 5768
f 5768 1422 79 1425
f 5767 5768 1425 1426
f 5766 5767 1426 1427
f 1143 5766 1427 237
f 1144 5763 5766 1143
f 1145 5760 5763 1144
f 5769 5770 5773 5772
f 5770 5771 5774 5773
f 5772 5773 5776 5775
f 5773 5774 5777 5776
f 235 2682 5769 2237
f 2682 2683 5770 5769
f 2683 2684 5771 5770
f 2684 453 1145 5771
f 5771 1145 1144 5774
f 5774 1144 1143 5777
f 5777 1143 237 2240
f 5776 5777 2240 2239
f 5775 5776 2239 2238
f 2235 5775 2238 92
f 2236 5772 5775 2235
f 2237 5769 5772 2236
f 5778 5779 5782 5781
f 5779 5780 5783 5782
f 5781 5782 5785 5784
f 5782 5783 5786 5785
f 92 2238 5778 2241
f 2238 2239 5779 5778
f 2239 2240 5780 5779
f 2240 237 1146 5780
f 5780 1146 1147 5783
f 5783 1147 1148 5786
f 5786 1148 454 1877
f 5785 5786 1877 1876
f 5784 5785 1876 1875
f 2243 5784 1875 238
f 2242 5781 5784 2243
f 2241 5778 5781 2242
f 5787 5788 5791 5790
f 5788 5789 5792 5791
f 5790 5791 5794 5793
f 5791 5792 5795 5794
f 237 1427 5787 1146
f 1427 1426 5788 5787
f 1426 1425 5789 5788
f 1425 79 1428 5789
f 5789 1428 1429 5792
f 5792 1429 1430 5795
f 5795 1430 239 2244
f 5794 5795 2244 2245
f 5793 5794 2245 2246
f 1148 5793 2246 454
f 1147 5790 5793 1148
f 1146 5787 5790 1147
f 5796 5797 5800 5799
f 5797 5798 5801 5800
f 5799 5800 5803 5802
f 5800 5801 5804 5803
f 454 2246 5796 3077
f 2246 2245 5797 5796
f 2245 2244 5798 5797
f 2244 239 2249 5798
f 5798 2249 2248 5801
f 5801 2248 2247 5804
f 5804 2247 80 2250
f 5803 5804 2250 2251
f 5802 5803 2251 2252
f 3075 5802 2252 240
f 3076 5799 5802 3075
f 3077 5796 5799 3076
f 5805 5806 5809 5808
f 5806 5807 5810 5809
f 5808 5809 5812 5811
f 5809 5810 5813 5812
f 238 1875 5805 1433
f 1875 1876 5806 5805
f 1876 1877 5807 5806
f 1877 454 3077 5807
f 5807 3077 3076 5810
f 5810 3076 3075 5813
f 5813 3075 240 1436
f 5812 5813 1436 1435
f 5811 5812 1435 1434
f 1431 5811 1434 91
f 1432 5808 5811 1431
f 1433 5805 5808 1432
f 5814 5815 5818 5817
f 5815 5816 5819 5818
f 5817 5818 5821 5820
f 5818 5819 5822 5821
f 91 1434 5814 1437
f 1434 1435 5815 5814
f 1435 1436 5816 5815
f 1436 240 3078 5816
f 5816 3078 3079 5819
f 5819 3079 3080 5822
f 5822 3080 455 1151
f 5821 5822 1151 1150
f 5820 5821 1150 1149
f 1439 5820 1149 241
f 1438 5817 5820 1439
f 1437 5814 5817 1438
f 5823 5824 5827 5826
f 5824 5825 5828 5827
f 5826 5827 5830 5829
f 5827 5828 5831 5830
f 240 2252 5823 3078
f 2252 2251 5824 5823
f 2251 2250 5825 5824
f 2250 80 2253 5825
f 5825 2253 2254 5828
f 5828 2254 2255 5831
f 5831 2255 242 1878
f 5830 5831 1878 1879
f 5829 5830 1879 1880
f 3080 5829 1880 455
f 3079 5826 5829 3080
f 3078 5823 5826 3079
f 5832 5833 5836 5835
f 5833 5834 5837 5836
f 5835 5836 5839 5838
f 5836 5837 5840 5839
f 455 1880 5832 2258
f 1880 1879 5833 5832
f 1879 1878 5834 5833
f 1878 242 1154 5834
f 5834 1154 1153 5837
f 5837 1153 1152 5840
f 5840 1152 74 1059
f 5839 5840 1059 1060
f 5838 5839 1060 1061
f 2256 5838 1061 243
f 2257 5835 5838 2256
f 2258 5832 5835 2257
f 5841 5842 5845 5844
f 5842 5843 5846 5845
f 5844 5845 5848 5847
f 5845 5846 5849 5848
f 241 1149 5841 3083
f 1149 1150 5842 5841
f 1150 1151 5843 5842
f 1151 455 2258 5843
f 5843 2258 2257 5846
f 5846 2257 2256 5849
f 5849 2256 243 2948
f 5848 5849 2948 2947
f 5847 5848 2947 2946
f 3081 5847 2946 89
f 3082 5844 5847 3081
f 3083 5841 5844 3082
f 5850 5851 5854 5853
f 5851 5852 5855 5854
f 5853 5854 5857 5856
f 5854 5855 5858 5857
f 98 1029 5850 1155
f 1029 1030 5851 5850
f 1030 1031 5852 5851
f 1031 245 753 5852
f 5852 753 754 5855
f 5855 754 755 5858
f 5858 755 456 3404
f 5857 5858 3404 3403
f 5856 5857 3403 3402
f 1157 5856 3402 244
f 1156 5853 5856 1157
f 1155 5850 5853 1156
f 5859 5860 5863 5862
f 5860 5861 5864 5863
f 5862 5863 5866 5865
f 5863 5864 5867 5866
f 245 3278 5859 753
f 3278 3277 5860 5859
f 3277 3276 5861 5860
f 3276 57 3405 5861
f 5861 3405 3406 5864
f 5864 3406 3407 5867
f 5867 3407 246 1440
f 5866 5867 1440 1441
f 5865 5866 1441 1442
f 755 5865 1442 456
f 754 5862 5865 755
f 753 5859 5862 754
f 5868 5869 5872 5871
f 5869 5870 5873 5872
f 5871 5872 5875 5874
f 5872 5873 5876 5875
f 456 1442 5868 2261
f 1442 1441 5869 5868
f 1441 1440 5870 5869
f 1440 246 1883 5870
f 5870 1883 1882 5873
f 5873 1882 1881 5876
f 5876 1881 59 1884
f 5875 5876 1884 1885
f 5874 5875 1885 1886
f 2259 5874 1886 247
f 2260 5871 5874 2259
f 2261 5868 5871 2260
f 5877 5878 5881 5880
f 5878 5879 5882 5881
f 5880 5881 5884 5883
f 5881 5882 5885 5884
f 244 3402 5877 2264
f 3402 3403 5878 5877
f 3403 3404 5879 5878
f 3404 456 2261 5879
f 5879 2261 2260 5882
f 5882 2260 2259 5885
f 5885 2259 247 2267
f 5884 5885 2267 2266
f 5883 5884 2266 2265
f 2262 5883 2265 104
f 2263 5880 5883 2262
f 2264 5877 5880 2263
f 5886 5887 5890 5889
f 5887 5888 5891 5890
f 5889 5890 5893 5892
f 5890 5891 5894 5893
f 104 2265 5886 2268
f 2265 2266 5887 5886
f 2266 2267 5888 5887
f 2267 247 2271 5888
f 5888 2271 2272 5891
f 5891 2272 2273 5894
f 5894 2273 457 3410
f 5893 5894 3410 3409
f 5892 5893 3409 3408
f 2270 5892 3408 248
f 2269 5889 5892 2270
f 2268 5886 5889 2269
f 5895 5896 5899 5898
f 5896 5897 5900 5899
f 5898 5899 5902 5901
f 5899 5900 5903 5902
f 247 1886 5895 2271
f 1886 1885 5896 5895
f 1885 1884 5897 5896
f 1884 59 1887 5897
f 5897 1887 1888 5900
f 5900 1888 1889 5903
f 5903 1889 249 756
f 5902 5903 756 757
f 5901 5902 757 758
f 2273 5901 758 457
f 2272 5898 5901 2273
f 2271 5895 5898 2272
f 5904 5905 5908 5907
f 5905 5906 5909 5908
f 5907 5908 5911 5910
f 5908 5909 5912 5911
f 457 758 5904 1445
f 758 757 5905 5904
f 757 756 5906 5905
f 756 249 2276 5906
f 5906 2276 2275 5909
f 5909 2275 2274 5912
f 5912 2274 60 2277
f 5911 5912 2277 2278
f 5910 5911 2278 2279
f 1443 5910 2279 250
f 1444 5907 5910 1443
f 1445 5904 5907 1444
f 5913 5914 5917 5916
f 5914 5915 5918 5917
f 5916 5917 5920 5919
f 5917 5918 5921 5920
f 248 3408 5913 1892
f 3408 3409 5914 5913
f 3409 3410 5915 5914
f 3410 457 1445 5915
f 5915 1445 1444 5918
f 5918 1444 1443 5921
f 5921 1443 250 1895
f 5920 5921 1895 1894
f 5919 5920 1894 1893
f 1890 5919 1893 103
f 1891 5916 5919 1890
f 1892 5913 5916 1891
f 5922 5923 5926 5925
f 5923 5924 5927 5926
f 5925 5926 5929 5928
f 5926 5927 5930 5929
f 103 1893 5922 1896
f 1893 1894 5923 5922
f 1894 1895 5924 5923
f 1895 250 1446 5924
f 5924 1446 1447 5927
f 5927 1447 1448 5930
f 5930 1448 458 2282
f 5929 5930 2282 2281
f 5928 5929 2281 2280
f 1898 5928 2280 251
f 1897 5925 5928 1898
f 1896 5922 5925 1897
f 5931 5932 5935 5934
f 5932 5933 5936 5935
f 5934 5935 5938 5937
f 5935 5936 5939 5938
f 250 2279 5931 1446
f 2279 2278 5932 5931
f 2278 2277 5933 5932
f 2277 60 2283 5933
f 5933 2283 2284 5936
f 5936 2284 2285 5939
f 5939 2285 252 3411
f 5938 5939 3411 3412
f 5937 5938 3412 3413
f 1448 5937 3413 458
f 1447 5934 5937 1448
f 1446 5931 5934 1447
f 5940 5941 5944 5943
f 5941 5942 5945 5944
f 5943 5944 5947 5946
f 5944 5945 5948 5947
f 458 3413 5940 761
f 3413 3412 5941 5940
f 3412 3411 5942 5941
f 3411 252 3416 5942
f 5942 3416 3415 5945
f 5945 3415 3414 5948
f 5948 3414 61 3417
f 5947 5948 3417 3418
f 5946 5947 3418 3419
f 759 5946 3419 253
f 760 5943 5946 759
f 761 5940 5943 760
f 5949 5950 5953 5952
f 5950 5951 5954 5953
f 5952 5953 5956 5955
f 5953 5954 5957 5956
f 251 2280 5949 764
f 2280 2281 5950 5949
f 2281 2282 5951 5950
f 2282 458 761 5951
f 5951 761 760 5954
f 5954 760 759 5957
f 5957 759 253 767
f 5956 5957 767 766
f 5955 5956 766 765
f 762 5955 765 102
f 763 5952 5955 762
f 764 5949 5952 763
f 5958 5959 5962 5961
f 5959 5960 5963 5962
f 5961 5962 5965 5964
f 5962 5963 5966 5965
f 102 765 5958 768
f 765 766 5959 5958
f 766 767 5960 5959
f 767 253 771 5960
f 5960 771 772 5963
f 5963 772 773 5966
f 5966 773 459 1451
f 5965 5966 1451 1450
f 5964 5965 1450 1449
f 770 5964 1449 254
f 769 5961 5964 770
f 768 5958 5961 769
f 5967 5968 5971 5970
f 5968 5969 5972 5971
f 5970 5971 5974 5973
f 5971 5972 5975 5974
f 253 3419 5967 771
f 3419 3418 5968 5967
f 3418 3417 5969 5968
f 3417 61 3420 5969
f 5969 3420 3421 5972
f 5972 3421 3422 5975
f 5975 3422 255 2685
f 5974 5975 2685 2686
f 5973 5974 2686 2687
f 773 5973 2687 459
f 772 5970 5973 773
f 771 5967 5970 772
f 5976 5977 5980 5979
f 5977 5978 5981 5980
f 5979 5980 5983 5982
f 5980 5981 5984 5983
f 459 2687 5976 3425
f 2687 2686 5977 5976
f 2686 2685 5978 5977
f 2685 255 1160 5978
f 5978 1160 1159 5981
f 5981 1159 1158 5984
f 5984 1158 62 1161
f 5983 5984 1161 1162
f 5982 5983 1162 1163
f 3423 5982 1163 256
f 3424 5979 5982 3423
f 3425 5976 5979 3424
f 5985 5986 5989 5988
f 5986 5987 5990 5989
f 5988 5989 5992 5991
f 5989 5990 5993 5992
f 254 1449 5985 3428
f 1449 1450 5986 5985
f 1450 1451 5987 5986
f 1451 459 3425 5987
f 5987 3425 3424 5990
f 5990 3424 3423 5993
f 5993 3423 256 3431
f 5992 5993 3431 3430
f 5991 5992 3430 3429
f 3426 5991 3429 101
f 3427 5988 5991 3426
f 3428 5985 5988 3427
f 5994 5995 5998 5997
f 5995 5996 5999 5998
f 5997 5998 6001 6000
f 5998 5999 6002 6001
f 101 3429 5994 3432
f 3429 3430 5995 5994
f 3430 3431 5996 5995
f 3431 256 3435 5996
f 5996 3435 3436 5999
f 5999 3436 3437 6002
f 6002 3437 460 1166
f 6001 6002 1166 1165
f 6000 6001 1165 1164
f 3434 6000 1164 257
f 3433 5997 6000 3434
f 3432 5994 5997 3433
f 6003 6004 6007 6006
f 6004 6005 6008 6007
f 6006 6007 6010 6009
f 6007 6008 6011 6010
f 256 1163 6003 3435
f 1163 1162 6004 6003
f 1162 1161 6005 6004
f 1161 62 1167 6005
f 6005 1167 1168 6008
f 6008 1168 1169 6011
f 6011 1169 258 1452
f 6010 6011 1452 1453
f 6009 6010 1453 1454
f 3437 6009 1454 460
f 3436 6006 6009 3437
f 3435 6003 6006 3436
f 6012 6013 6016 6015
f 6013 6014 6017 6016
f 6015 6016 6019 6018
f 6016 6017 6020 6019
f 460 1454 6012 2288
f 1454 1453 6013 6012
f 1453 1452 6014 6013
f 1452 258 1457 6014
f 6014 1457 1456 6017
f 6017 1456 1455 6020
f 6020 1455 63 1458
f 6019 6020 1458 1459
f 6018 6019 1459 1460
f 2286 6018 1460 259
f 2287 6015 6018 2286
f 2288 6012 6015 2287
f 6021 6022 6025 6024
f 6022 6023 6026 6025
f 6024 6025 6028 6027
f 6025 6026 6029 6028
f 257 1164 6021 2291
f 1164 1165 6022 6021
f 1165 1166 6023 6022
f 1166 460 2288 6023
f 6023 2288 2287 6026
f 6026 2287 2286 6029
f 6029 2286 259 2294
f 6028 6029 2294 2293
f 6027 6028 2293 2292
f 2289 6027 2292 100
f 2290 6024 6027 2289
f 2291 6021 6024 2290
f 6030 6031 6034 6033
f 6031 6032 6035 6034
f 6033 6034 6037 6036
f 6034 6035 6038 6037
f 100 2292 6030 2295
f 2292 2293 6031 6030
f 2293 2294 6032 6031
f 2294 259 2298 6032
f 6032 2298 2299 6035
f 6035 2299 2300 6038
f 6038 2300 461 3440
f 6037 6038 3440 3439
f 6036 6037 3439 3438
f 2297 6036 3438 260
f 2296 6033 6036 2297
f 2295 6030 6033 2296
f 6039 6040 6043 6042
f 6040 6041 6044 6043
f 6042 6043 6046 6045
f 6043 6044 6047 6046
f 259 1460 6039 2298
f 1460 1459 6040 6039
f 1459 1458 6041 6040
f 1458 63 1461 6041
f 6041 1461 1462 6044
f 6044 1462 1463 6047
f 6047 1463 261 774
f 6046 6047 774 775
f 6045 6046 775 776
f 2300 6045 776 461
f 2299 6042 6045 2300
f 2298 6039 6042 2299
f 6048 6049 6052 6051
f 6049 6050 6053 6052
f 6051 6052 6055 6054
f 6052 6053 6056 6055
f 461 776 6048 1901
f 776 775 6049 6048
f 775 774 6050 6049
f 774 261 2303 6050
f 6050 2303 2302 6053
f 6053 2302 2301 6056
f 6056 2301 64 2304
f 6055 6056 2304 2305
f 6054 6055 2305 2306
f 1899 6054 2306 262
f 1900 6051 6054 1899
f 1901 6048 6051 1900
f 6057 6058 6061 6060
f 6058 6059 6062 6061
f 6060 6061 6064 6063
f 6061 6062 6065 6064
f 260 3438 6057 1904
f 3438 3439 6058 6057
f 3439 3440 6059 6058
f 3440 461 1901 6059
f 6059 1901 1900 6062
f 6062 1900 1899 6065
f 6065 1899 262 1907
f 6064 6065 1907 1906
f 6063 6064 1906 1905
f 1902 6063 1905 99
f 1903 6060 6063 1902
f 1904 6057 6060 1903
f 6066 6067 6070 6069
f 6067 6068 6071 6070
f 6069 6070 6073 6072
f 6070 6071 6074 6073
f 99 1905 6066 1908
f 1905 1906 6067 6066
f 1906 1907 6068 6067
f 1907 262 1911 6068
f 6068 1911 1912 6071
f 6071 1912 1913 6074
f 6074 1913 462 2690
f 6073 6074 2690 2689
f 6072 6073 2689 2688
f 1910 6072 2688 263
f 1909 6069 6072 1910
f 1908 6066 6069 1909
f 6075 6076 6079 6078
f 6076 6077 6080 6079
f 6078 6079 6082 6081
f 6079 6080 6083 6082
f 262 2306 6075 1911
f 2306 2305 6076 6075
f 2305 2304 6077 6076
f 2304 64 2307 6077
f 6077 2307 2308 6080
f 6080 2308 2309 6083
f 6083 2309 264 3441
f 6082 6083 3441 3442
f 6081 6082 3442 3443
f 1913 6081 3443 462
f 1912 6078 6081 1913
f 1911 6075 6078 1912
f 6084 6085 6088 6087
f 6085 6086 6089 6088
f 6087 6088 6091 6090
f 6088 6089 6092 6091
f 462 3443 6084 1172
f 3443 3442 6085 6084
f 3442 3441 6086 6085
f 3441 264 779 6086
f 6086 779 778 6089
f 6089 778 777 6092
f 6092 777 58 594
f 6091 6092 594 595
f 6090 6091 595 596
f 1170 6090 596 265
f 1171 6087 6090 1170
f 1172 6084 6087 1171
f 6093 6094 6097 6096
f 6094 6095 6098 6097
f 6096 6097 6100 6099
f 6097 6098 6101 6100
f 263 2688 6093 3446
f 2688 2689 6094 6093
f 2689 2690 6095 6094
f 2690 462 1172 6095
f 6095 1172 1171 6098
f 6098 1171 1170 6101
f 6101 1170 265 3299
f 6100 6101 3299 3298
f 6099 6100 3298 3297
f 3444 6099 3297 97
f 3445 6096 6099 3444
f 3446 6093 6096 3445
f 6102 6103 6106 6105
f 6103 6104 6107 6106
f 6105 6106 6109 6108
f 6106 6107 6110 6109
f 82 1113 6102 1173
f 1113 1114 6103 6102
f 1114 1115 6104 6103
f 1115 267 2691 6104
f 6104 2691 2692 6107
f 6107 2692 2693 6110
f 6110 2693 463 1916
f 6109 6110 1916 1915
f 6108 6109 1915 1914
f 1175 6108 1914 266
f 1174 6105 6108 1175
f 1173 6102 6105 1174
f 6111 6112 6115 6114
f 6112 6113 6116 6115
f 6114 6115 6118 6117
f 6115 6116 6119 6118
f 267 3374 6111 2691
f 3374 3373 6112 6111
f 3373 3372 6113 6112
f 3372 105 3447 6113
f 6113 3447 3448 6116
f 6116 3448 3449 6119
f 6119 3449 268 3450
f 6118 6119 3450 3451
f 6117 6118 3451 3452
f 2693 6117 3452 463
f 2692 6114 6117 2693
f 2691 6111 6114 2692
f 6120 6121 6124 6123
f 6121 6122 6125 6124
f 6123 6124 6127 6126
f 6124 6125 6128 6127
f 463 3452 6120 1178
f 3452 3451 6121 6120
f 3451 3450 6122 6121
f 3450 268 1466 6122
f 6122 1466 1465 6125
f 6125 1465 1464 6128
f 6128 1464 107 1467
f 6127 6128 1467 1468
f 6126 6127 1468 1469
f 1176 6126 1469 269
f 1177 6123 6126 1176
f 1178 6120 6123 1177
f 6129 6130 6133 6132
f 6130 6131 6134 6133
f 6132 6133 6136 6135
f 6133 6134 6137 6136
f 266 1914 6129 2696
f 1914 1915 6130 6129
f 1915 1916 6131 6130
f 1916 463 1178 6131
f 6131 1178 1177 6134
f 6134 1177 1176 6137
f 6137 1176 269 2699
f 6136 6137 2699 2698
f 6135 6136 2698 2697
f 2694 6135 2697 88
f 2695 6132 6135 2694
f 2696 6129 6132 2695
f 6138 6139 6142 6141
f 6139 6140 6143 6142
f 6141 6142 6145 6144
f 6142 6143 6146 6145
f 88 2697 6138 2700
f 2697 2698 6139 6138
f 2698 2699 6140 6139
f 2699 269 1179 6140
f 6140 1179 1180 6143
f 6143 1180 1181 6146
f 6146 1181 464 1472
f 6145 6146 1472 1471
f 6144 6145 1471 1470
f 2702 6144 1470 270
f 2701 6141 6144 2702
f 2700 6138 6141 2701
f 6147 6148 6151 6150
f 6148 6149 6152 6151
f 6150 6151 6154 6153
f 6151 6152 6155 6154
f 269 1469 6147 1179
f 1469 1468 6148 6147
f 1468 1467 6149 6148
f 1467 107 1473 6149
f 6149 1473 1474 6152
f 6152 1474 1475 6155
f 6155 1475 271 2703
f 6154 6155 2703 2704
f 6153 6154 2704 2705
f 1181 6153 2705 464
f 1180 6150 6153 1181
f 1179 6147 6150 1180
f 6156 6157 6160 6159
f 6157 6158 6161 6160
f 6159 6160 6163 6162
f 6160 6161 6164 6163
f 464 2705 6156 3455
f 2705 2704 6157 6156
f 2704 2703 6158 6157
f 2703 271 2708 6158
f 6158 2708 2707 6161
f 6161 2707 2706 6164
f 6164 2706 108 2709
f 6163 6164 2709 2710
f 6162 6163 2710 2711
f 3453 6162 2711 272
f 3454 6159 6162 3453
f 3455 6156 6159 3454
f 6165 6166 6169 6168
f 6166 6167 6170 6169
f 6168 6169 6172 6171
f 6169 6170 6173 6172
f 270 1470 6165 1919
f 1470 1471 6166 6165
f 1471 1472 6167 6166
f 1472 464 3455 6167
f 6167 3455 3454 6170
f 6170 3454 3453 6173
f 6173 3453 272 1922
f 6172 6173 1922 1921
f 6171 6172 1921 1920
f 1917 6171 1920 87
f 1918 6168 6171 1917
f 1919 6165 6168 1918
f 6174 6175 6178 6177
f 6175 6176 6179 6178
f 6177 6178 6181 6180
f 6178 6179 6182 6181
f 87 1920 6174 1923
f 1920 1921 6175 6174
f 1921 1922 6176 6175
f 1922 272 3456 6176
f 6176 3456 3457 6179
f 6179 3457 3458 6182
f 6182 3458 465 782
f 6181 6182 782 781
f 6180 6181 781 780
f 1925 6180 780 273
f 1924 6177 6180 1925
f 1923 6174 6177 1924
f 6183 6184 6187 6186
f 6184 6185 6188 6187
f 6186 6187 6190 6189
f 6187 6188 6191 6190
f 272 2711 6183 3456
f 2711 2710 6184 6183
f 2710 2709 6185 6184
f 2709 108 2712 6185
f 6185 2712 2713 6188
f 6188 2713 2714 6191
f 6191 2714 274 1476
f 6190 6191 1476 1477
f 6189 6190 1477 1478
f 3458 6189 1478 465
f 3457 6186 6189 3458
f 3456 6183 6186 3457
f 6192 6193 6196 6195
f 6193 6194 6197 6196
f 6195 6196 6199 6198
f 6196 6197 6200 6199
f 465 1478 6192 2312
f 1478 1477 6193 6192
f 1477 1476 6194 6193
f 1476 274 3461 6194
f 6194 3461 3460 6197
f 6197 3460 3459 6200
f 6200 3459 109 3462
f 6199 6200 3462 3463
f 6198 6199 3463 3464
f 2310 6198 3464 275
f 2311 6195 6198 2310
f 2312 6192 6195 2311
f 6201 6202 6205 6204
f 6202 6203 6206 6205
f 6204 6205 6208 6207
f 6205 6206 6209 6208
f 273 780 6201 785
f 780 781 6202 6201
f 781 782 6203 6202
f 782 465 2312 6203
f 6203 2312 2311 6206
f 6206 2311 2310 6209
f 6209 2310 275 788
f 6208 6209 788 787
f 6207 6208 787 786
f 783 6207 786 86
f 784 6204 6207 783
f 785 6201 6204 784
f 6210 6211 6214 6213
f 6211 6212 6215 6214
f 6213 6214 6217 6216
f 6214 6215 6218 6217
f 86 786 6210 789
f 786 787 6211 6210
f 787 788 6212 6211
f 788 275 2313 6212
f 6212 2313 2314 6215
f 6215 2314 2315 6218
f 6218 2315 466 3467
f 6217 6218 3467 3466
f 6216 6217 3466 3465
f 791 6216 3465 276
f 790 6213 6216 791
f 789 6210 6213 790
f 6219 6220 6223 6222
f 6220 6221 6224 6223
f 6222 6223 6226 6225
f 6223 6224 6227 6226
f 275 3464 6219 2313
f 3464 3463 6220 6219
f 3463 3462 6221 6220
f 3462 109 3468 6221
f 6221 3468 3469 6224
f 6224 3469 3470 6227
f 6227 3470 277 1182
f 6226 6227 1182 1183
f 6225 6226 1183 1184
f 2315 6225 1184 466
f 2314 6222 6225 2315
f 2313 6219 6222 2314
f 6228 6229 6232 6231
f 6229 6230 6233 6232
f 6231 6232 6235 6234
f 6232 6233 6236 6235
f 466 1184 6228 1481
f 1184 1183 6229 6228
f 1183 1182 6230 6229
f 1182 277 794 6230
f 6230 794 793 6233
f 6233 793 792 6236
f 6236 792 110 795
f 6235 6236 795 796
f 6234 6235 796 797
f 1479 6234 797 278
f 1480 6231 6234 1479
f 1481 6228 6231 1480
f 6237 6238 6241 6240
f 6238 6239 6242 6241
f 6240 6241 6244 6243
f 6241 6242 6245 6244
f 276 3465 6237 3473
f 3465 3466 6238 6237
f 3466 3467 6239 6238
f 3467 466 1481 6239
f 6239 1481 1480 6242
f 6242 1480 1479 6245
f 6245 1479 278 3476
f 6244 6245 3476 3475
f 6243 6244 3475 3474
f 3471 6243 3474 85
f 3472 6240 6243 3471
f 3473 6237 6240 3472
f 6246 6247 6250 6249
f 6247 6248 6251 6250
f 6249 6250 6253 6252
f 6250 6251 6254 6253
f 85 3474 6246 3477
f 3474 3475 6247 6246
f 3475 3476 6248 6247
f 3476 278 1482 6248
f 6248 1482 1483 6251
f 6251 1483 1484 6254
f 6254 1484 467 2318
f 6253 6254 2318 2317
f 6252 6253 2317 2316
f 3479 6252 2316 279
f 3478 6249 6252 3479
f 3477 6246 6249 3478
f 6255 6256 6259 6258
f 6256 6257 6260 6259
f 6258 6259 6262 6261
f 6259 6260 6263 6262
f 278 797 6255 1482
f 797 796 6256 6255
f 796 795 6257 6256
f 795 110 798 6257
f 6257 798 799 6260
f 6260 799 800 6263
f 6263 800 280 3084
f 6262 6263 3084 3085
f 6261 6262 3085 3086
f 1484 6261 3086 467
f 1483 6258 6261 1484
f 1482 6255 6258 1483
f 6264 6265 6268 6267
f 6265 6266 6269 6268
f 6267 6268 6271 6270
f 6268 6269 6272 6271
f 467 3086 6264 803
f 3086 3085 6265 6264
f 3085 3084 6266 6265
f 3084 280 1487 6266
f 6266 1487 1486 6269
f 6269 1486 1485 6272
f 6272 1485 111 1488
f 6271 6272 1488 1489
f 6270 6271 1489 1490
f 801 6270 1490 281
f 802 6267 6270 801
f 803 6264 6267 802
f 6273 6274 6277 6276
f 6274 6275 6278 6277
f 6276 6277 6280 6279
f 6277 6278 6281 6280
f 279 2316 6273 2321
f 2316 2317 6274 6273
f 2317 2318 6275 6274
f 2318 467 803 6275
f 6275 803 802 6278
f 6278 802 801 6281
f 6281 801 281 2324
f 6280 6281 2324 2323
f 6279 6280 2323 2322
f 2319 6279 2322 84
f 2320 6276 6279 2319
f 2321 6273 6276 2320
f 6282 6283 6286 6285
f 6283 6284 6287 6286
f 6285 6286 6289 6288
f 6286 6287 6290 6289
f 84 2322 6282 2325
f 2322 2323 6283 6282
f 2323 2324 6284 6283
f 2324 281 804 6284
f 6284 804 805 6287
f 6287 805 806 6290
f 6290 806 468 1493
f 6289 6290 1493 1492
f 6288 6289 1492 1491
f 2327 6288 1491 282
f 2326 6285 6288 2327
f 2325 6282 6285 2326
f 6291 6292 6295 6294
f 6292 6293 6296 6295
f 6294 6295 6298 6297
f 6295 6296 6299 6298
f 281 1490 6291 804
f 1490 1489 6292 6291
f 1489 1488 6293 6292
f 1488 111 1494 6293
f 6293 1494 1495 6296
f 6296 1495 1496 6299
f 6299 1496 283 2715
f 6298 6299 2715 2716
f 6297 6298 2716 2717
f 806 6297 2717 468
f 805 6294 6297 806
f 804 6291 6294 805
f 6300 6301 6304 6303
f 6301 6302 6305 6304
f 6303 6304 6307 6306
f 6304 6305 6308 6307
f 468 2717 6300 3089
f 2717 2716 6301 6300
f 2716 2715 6302 6301
f 2715 283 2330 6302
f 6302 2330 2329 6305
f 6305 2329 2328 6308
f 6308 2328 112 2331
f 6307 6308 2331 2332
f 6306 6307 2332 2333
f 3087 6306 2333 284
f 3088 6303 6306 3087
f 3089 6300 6303 3088
f 6309 6310 6313 6312
f 6310 6311 6314 6313
f 6312 6313 6316 6315
f 6313 6314 6317 6316
f 282 1491 6309 1499
f 1491 1492 6310 6309
f 1492 1493 6311 6310
f 1493 468 3089 6311
f 6311 3089 3088 6314
f 6314 3088 3087 6317
f 6317 3087 284 1502
f 6316 6317 1502 1501
f 6315 6316 1501 1500
f 1497 6315 1500 83
f 1498 6312 6315 1497
f 1499 6309 6312 1498
f 6318 6319 6322 6321
f 6319 6320 6323 6322
f 6321 6322 6325 6324
f 6322 6323 6326 6325
f 83 1500 6318 1503
f 1500 1501 6319 6318
f 1501 1502 6320 6319
f 1502 284 3090 6320
f 6320 3090 3091 6323
f 6323 3091 3092 6326
f 6326 3092 469 809
f 6325 6326 809 808
f 6324 6325 808 807
f 1505 6324 807 285
f 1504 6321 6324 1505
f 1503 6318 6321 1504
f 6327 6328 6331 6330
f 6328 6329 6332 6331
f 6330 6331 6334 6333
f 6331 6332 6335 6334
f 284 2333 6327 3090
f 2333 2332 6328 6327
f 2332 2331 6329 6328
f 2331 112 2334 6329
f 6329 2334 2335 6332
f 6332 2335 2336 6335
f 6335 2336 286 1926
f 6334 6335 1926 1927
f 6333 6334 1927 1928
f 3092 6333 1928 469
f 3091 6330 6333 3092
f 3090 6327 6330 3091
f 6336 6337 6340 6339
f 6337 6338 6341 6340
f 6339 6340 6343 6342
f 6340 6341 6344 6343
f 469 1928 6336 2720
f 1928 1927 6337 6336
f 1927 1926 6338 6337
f 1926 286 812 6338
f 6338 812 811 6341
f 6341 811 810 6344
f 6344 810 106 672
f 6343 6344 672 673
f 6342 6343 673 674
f 2718 6342 674 287
f 2719 6339 6342 2718
f 2720 6336 6339 2719
f 6345 6346 6349 6348
f 6346 6347 6350 6349
f 6348 6349 6352 6351
f 6349 6350 6353 6352
f 285 807 6345 3482
f 807 808 6346 6345
f 808 809 6347 6346
f 809 469 2720 6347
f 6347 2720 2719 6350
f 6350 2719 2718 6353
f 6353 2718 287 3368
f 6352 6353 3368 3367
f 6351 6352 3367 3366
f 3480 6351 3366 81
f 3481 6348 6351 3480
f 3482 6345 6348 3481
f 6354 6355 6358 6357
f 6355 6356 6359 6358
f 6357 6358 6361 6360
f 6358 6359 6362 6361
f 105 3381 6354 3447
f 3381 3382 6355 6354
f 3382 3383 6356 6355
f 3383 288 3483 6356
f 6356 3483 3484 6359
f 6359 3484 3485 6362
f 6362 3485 470 3488
f 6361 6362 3488 3487
f 6360 6361 3487 3486
f 3449 6360 3486 268
f 3448 6357 6360 3449
f 3447 6354 6357 3448
f 6363 6364 6367 6366
f 6364 6365 6368 6367
f 6366 6367 6370 6369
f 6367 6368 6371 6370
f 288 1121 6363 3483
f 1121 1120 6364 6363
f 1120 1119 6365 6364
f 1119 98 1155 6365
f 6365 1155 1156 6368
f 6368 1156 1157 6371
f 6371 1157 244 3489
f 6370 6371 3489 3490
f 6369 6370 3490 3491
f 3485 6369 3491 470
f 3484 6366 6369 3485
f 3483 6363 6366 3484
f 6372 6373 6376 6375
f 6373 6374 6377 6376
f 6375 6376 6379 6378
f 6376 6377 6380 6379
f 470 3491 6372 1187
f 3491 3490 6373 6372
f 3490 3489 6374 6373
f 3489 244 2264 6374
f 6374 2264 2263 6377
f 6377 2263 2262 6380
f 6380 2262 104 2337
f 6379 6380 2337 2338
f 6378 6379 2338 2339
f 1185 6378 2339 289
f 1186 6375 6378 1185
f 1187 6372 6375 1186
f 6381 6382 6385 6384
f 6382 6383 6386 6385
f 6384 6385 6388 6387
f 6385 6386 6389 6388
f 268 3486 6381 1466
f 3486 3487 6382 6381
f 3487 3488 6383 6382
f 3488 470 1187 6383
f 6383 1187 1186 6386
f 6386 1186 1185 6389
f 6389 1185 289 1508
f 6388 6389 1508 1507
f 6387 6388 1507 1506
f 1464 6387 1506 107
f 1465 6384 6387 1464
f 1466 6381 6384 1465
f 6390 6391 6394 6393
f 6391 6392 6395 6394
f 6393 6394 6397 6396
f 6394 6395 6398 6397
f 107 1506 6390 1473
f 1506 1507 6391 6390
f 1507 1508 6392 6391
f 1508 289 1188 6392
f 6392 1188 1189 6395
f 6395 1189 1190 6398
f 6398 1190 471 2723
f 6397 6398 2723 2722
f 6396 6397 2722 2721
f 1475 6396 2721 271
f 1474 6393 6396 1475
f 1473 6390 6393 1474
f 6399 6400 6403 6402
f 6400 6401 6404 6403
f 6402 6403 6406 6405
f 6403 6404 6407 6406
f 289 2339 6399 1188
f 2339 2338 6400 6399
f 2338 2337 6401 6400
f 2337 104 2268 6401
f 6401 2268 2269 6404
f 6404 2269 2270 6407
f 6407 2270 248 3492
f 6406 6407 3492 3493
f 6405 6406 3493 3494
f 1190 6405 3494 471
f 1189 6402 6405 1190
f 1188 6399 6402 1189
f 6408 6409 6412 6411
f 6409 6410 6413 6412
f 6411 6412 6415 6414
f 6412 6413 6416 6415
f 471 3494 6408 1931
f 3494 3493 6409 6408
f 3493 3492 6410 6409
f 3492 248 1892 6410
f 6410 1892 1891 6413
f 6413 1891 1890 6416
f 6416 1890 103 1932
f 6415 6416 1932 1933
f 6414 6415 1933 1934
f 1929 6414 1934 290
f 1930 6411 6414 1929
f 1931 6408 6411 1930
f 6417 6418 6421 6420
f 6418 6419 6422 6421
f 6420 6421 6424 6423
f 6421 6422 6425 6424
f 271 2721 6417 2708
f 2721 2722 6418 6417
f 2722 2723 6419 6418
f 2723 471 1931 6419
f 6419 1931 1930 6422
f 6422 1930 1929 6425
f 6425 1929 290 2726
f 6424 6425 2726 2725
f 6423 6424 2725 2724
f 2706 6423 2724 108
f 2707 6420 6423 2706
f 2708 6417 6420 2707
f 6426 6427 6430 6429
f 6427 6428 6431 6430
f 6429 6430 6433 6432
f 6430 6431 6434 6433
f 108 2724 6426 2712
f 2724 2725 6427 6426
f 2725 2726 6428 6427
f 2726 290 1935 6428
f 6428 1935 1936 6431
f 6431 1936 1937 6434
f 6434 1937 472 1511
f 6433 6434 1511 1510
f 6432 6433 1510 1509
f 2714 6432 1509 274
f 2713 6429 6432 2714
f 2712 6426 6429 2713
f 6435 6436 6439 6438
f 6436 6437 6440 6439
f 6438 6439 6442 6441
f 6439 6440 6443 6442
f 290 1934 6435 1935
f 1934 1933 6436 6435
f 1933 1932 6437 6436
f 1932 103 1896 6437
f 6437 1896 1897 6440
f 6440 1897 1898 6443
f 6443 1898 251 2340
f 6442 6443 2340 2341
f 6441 6442 2341 2342
f 1937 6441 2342 472
f 1936 6438 6441 1937
f 1935 6435 6438 1936
f 6444 6445 6448 6447
f 6445 6446 6449 6448
f 6447 6448 6451 6450
f 6448 6449 6452 6451
f 472 2342 6444 2729
f 2342 2341 6445 6444
f 2341 2340 6446 6445
f 2340 251 764 6446
f 6446 764 763 6449
f 6449 763 762 6452
f 6452 762 102 813
f 6451 6452 813 814
f 6450 6451 814 815
f 2727 6450 815 291
f 2728 6447 6450 2727
f 2729 6444 6447 2728
f 6453 6454 6457 6456
f 6454 6455 6458 6457
f 6456 6457 6460 6459
f 6457 6458 6461 6460
f 274 1509 6453 3461
f 1509 1510 6454 6453
f 1510 1511 6455 6454
f 1511 472 2729 6455
f 6455 2729 2728 6458
f 6458 2728 2727 6461
f 6461 2727 291 3497
f 6460 6461 3497 3496
f 6459 6460 3496 3495
f 3459 6459 3495 109
f 3460 6456 6459 3459
f 3461 6453 6456 3460
f 6462 6463 6466 6465
f 6463 6464 6467 6466
f 6465 6466 6469 6468
f 6466 6467 6470 6469
f 109 3495 6462 3468
f 3495 3496 6463 6462
f 3496 3497 6464 6463
f 3497 291 2730 6464
f 6464 2730 2731 6467
f 6467 2731 2732 6470
f 6470 2732 473 1193
f 6469 6470 1193 1192
f 6468 6469 1192 1191
f 3470 6468 1191 277
f 3469 6465 6468 3470
f 3468 6462 6465 3469
f 6471 6472 6475 6474
f 6472 6473 6476 6475
f 6474 6475 6478 6477
f 6475 6476 6479 6478
f 291 815 6471 2730
f 815 814 6472 6471
f 814 813 6473 6472
f 813 102 768 6473
f 6473 768 769 6476
f 6476 769 770 6479
f 6479 770 254 1512
f 6478 6479 1512 1513
f 6477 6478 1513 1514
f 2732 6477 1514 473
f 2731 6474 6477 2732
f 2730 6471 6474 2731
f 6480 6481 6484 6483
f 6481 6482 6485 6484
f 6483 6484 6487 6486
f 6484 6485 6488 6487
f 473 1514 6480 3500
f 1514 1513 6481 6480
f 1513 1512 6482 6481
f 1512 254 3428 6482
f 6482 3428 3427 6485
f 6485 3427 3426 6488
f 6488 3426 101 3501
f 6487 6488 3501 3502
f 6486 6487 3502 3503
f 3498 6486 3503 292
f 3499 6483 6486 3498
f 3500 6480 6483 3499
f 6489 6490 6493 6492
f 6490 6491 6494 6493
f 6492 6493 6496 6495
f 6493 6494 6497 6496
f 277 1191 6489 794
f 1191 1192 6490 6489
f 1192 1193 6491 6490
f 1193 473 3500 6491
f 6491 3500 3499 6494
f 6494 3499 3498 6497
f 6497 3498 292 818
f 6496 6497 818 817
f 6495 6496 817 816
f 792 6495 816 110
f 793 6492 6495 792
f 794 6489 6492 793
f 6498 6499 6502 6501
f 6499 6500 6503 6502
f 6501 6502 6505 6504
f 6502 6503 6506 6505
f 110 816 6498 798
f 816 817 6499 6498
f 817 818 6500 6499
f 818 292 3504 6500
f 6500 3504 3505 6503
f 6503 3505 3506 6506
f 6506 3506 474 3095
f 6505 6506 3095 3094
f 6504 6505 3094 3093
f 800 6504 3093 280
f 799 6501 6504 800
f 798 6498 6501 799
f 6507 6508 6511 6510
f 6508 6509 6512 6511
f 6510 6511 6514 6513
f 6511 6512 6515 6514
f 292 3503 6507 3504
f 3503 3502 6508 6507
f 3502 3501 6509 6508
f 3501 101 3432 6509
f 6509 3432 3433 6512
f 6512 3433 3434 6515
f 6515 3434 257 1194
f 6514 6515 1194 1195
f 6513 6514 1195 1196
f 3506 6513 1196 474
f 3505 6510 6513 3506
f 3504 6507 6510 3505
f 6516 6517 6520 6519
f 6517 6518 6521 6520
f 6519 6520 6523 6522
f 6520 6521 6524 6523
f 474 1196 6516 821
f 1196 1195 6517 6516
f 1195 1194 6518 6517
f 1194 257 2291 6518
f 6518 2291 2290 6521
f 6521 2290 2289 6524
f 6524 2289 100 2343
f 6523 6524 2343 2344
f 6522 6523 2344 2345
f 819 6522 2345 293
f 820 6519 6522 819
f 821 6516 6519 820
f 6525 6526 6529 6528
f 6526 6527 6530 6529
f 6528 6529 6532 6531
f 6529 6530 6533 6532
f 280 3093 6525 1487
f 3093 3094 6526 6525
f 3094 3095 6527 6526
f 3095 474 821 6527
f 6527 821 820 6530
f 6530 820 819 6533
f 6533 819 293 1517
f 6532 6533 1517 1516
f 6531 6532 1516 1515
f 1485 6531 1515 111
f 1486 6528 6531 1485
f 1487 6525 6528 1486
f 6534 6535 6538 6537
f 6535 6536 6539 6538
f 6537 6538 6541 6540
f 6538 6539 6542 6541
f 111 1515 6534 1494
f 1515 1516 6535 6534
f 1516 1517 6536 6535
f 1517 293 822 6536
f 6536 822 823 6539
f 6539 823 824 6542
f 6542 824 475 2735
f 6541 6542 2735 2734
f 6540 6541 2734 2733
f 1496 6540 2733 283
f 1495 6537 6540 1496
f 1494 6534 6537 1495
f 6543 6544 6547 6546
f 6544 6545 6548 6547
f 6546 6547 6550 6549
f 6547 6548 6551 6550
f 293 2345 6543 822
f 2345 2344 6544 6543
f 2344 2343 6545 6544
f 2343 100 2295 6545
f 6545 2295 2296 6548
f 6548 2296 2297 6551
f 6551 2297 260 3507
f 6550 6551 3507 3508
f 6549 6550 3508 3509
f 824 6549 3509 475
f 823 6546 6549 824
f 822 6543 6546 823
f 6552 6553 6556 6555
f 6553 6554 6557 6556
f 6555 6556 6559 6558
f 6556 6557 6560 6559
f 475 3509 6552 1940
f 3509 3508 6553 6552
f 3508 3507 6554 6553
f 3507 260 1904 6554
f 6554 1904 1903 6557
f 6557 1903 1902 6560
f 6560 1902 99 1941
f 6559 6560 1941 1942
f 6558 6559 1942 1943
f 1938 6558 1943 294
f 1939 6555 6558 1938
f 1940 6552 6555 1939
f 6561 6562 6565 6564
f 6562 6563 6566 6565
f 6564 6565 6568 6567
f 6565 6566 6569 6568
f 283 2733 6561 2330
f 2733 2734 6562 6561
f 2734 2735 6563 6562
f 2735 475 1940 6563
f 6563 1940 1939 6566
f 6566 1939 1938 6569
f 6569 1938 294 2348
f 6568 6569 2348 2347
f 6567 6568 2347 2346
f 2328 6567 2346 112
f 2329 6564 6567 2328
f 2330 6561 6564 2329
f 6570 6571 6574 6573
f 6571 6572 6575 6574
f 6573 6574 6577 6576
f 6574 6575 6578 6577
f 112 2346 6570 2334
f 2346 2347 6571 6570
f 2347 2348 6572 6571
f 2348 294 1944 6572
f 6572 1944 1945 6575
f 6575 1945 1946 6578
f 6578 1946 476 1949
f 6577 6578 1949 1948
f 6576 6577 1948 1947
f 2336 6576 1947 286
f 2335 6573 6576 2336
f 2334 6570 6573 2335
f 6579 6580 6583 6582
f 6580 6581 6584 6583
f 6582 6583 6586 6585
f 6583 6584 6587 6586
f 294 1943 6579 1944
f 1943 1942 6580 6579
f 1942 1941 6581 6580
f 1941 99 1908 6581
f 6581 1908 1909 6584
f 6584 1909 1910 6587
f 6587 1910 263 2736
f 6586 6587 2736 2737
f 6585 6586 2737 2738
f 1946 6585 2738 476
f 1945 6582 6585 1946
f 1944 6579 6582 1945
f 6588 6589 6592 6591
f 6589 6590 6593 6592
f 6591 6592 6595 6594
f 6592 6593 6596 6595
f 476 2738 6588 2741
f 2738 2737 6589 6588
f 2737 2736 6590 6589
f 2736 263 3446 6590
f 6590 3446 3445 6593
f 6593 3445 3444 6596
f 6596 3444 97 3294
f 6595 6596 3294 3295
f 6594 6595 3295 3296
f 2739 6594 3296 295
f 2740 6591 6594 2739
f 2741 6588 6591 2740
f 6597 6598 6601 6600
f 6598 6599 6602 6601
f 6600 6601 6604 6603
f 6601 6602 6605 6604
f 286 1947 6597 812
f 1947 1948 6598 6597
f 1948 1949 6599 6598
f 1949 476 2741 6599
f 6599 2741 2740 6602
f 6602 2740 2739 6605
f 6605 2739 295 590
f 6604 6605 590 589
f 6603 6604 589 588
f 810 6603 588 106
f 811 6600 6603 810
f 812 6597 6600 811
f 6606 6607 6610 6609
f 6607 6608 6611 6610
f 6609 6610 6613 6612
f 6610 6611 6614 6613
f 50 717 6606 825
f 717 718 6607 6606
f 718 719 6608 6607
f 719 297 828 6608
f 6608 828 829 6611
f 6611 829 830 6614
f 6614 830 477 3098
f 6613 6614 3098 3097
f 6612 6613 3097 3096
f 827 6612 3096 296
f 826 6609 6612 827
f 825 6606 6609 826
f 6615 6616 6619 6618
f 6616 6617 6620 6619
f 6618 6619 6622 6621
f 6619 6620 6623 6622
f 297 713 6615 828
f 713 712 6616 6615
f 712 711 6617 6616
f 711 90 726 6617
f 6617 726 727 6620
f 6620 727 728 6623
f 6623 728 222 1518
f 6622 6623 1518 1519
f 6621 6622 1519 1520
f 830 6621 1520 477
f 829 6618 6621 830
f 828 6615 6618 829
f 6624 6625 6628 6627
f 6625 6626 6629 6628
f 6627 6628 6631 6630
f 6628 6629 6632 6631
f 477 1520 6624 1952
f 1520 1519 6625 6624
f 1519 1518 6626 6625
f 1518 222 2666 6626
f 6626 2666 2665 6629
f 6629 2665 2664 6632
f 6632 2664 96 2742
f 6631 6632 2742 2743
f 6630 6631 2743 2744
f 1950 6630 2744 298
f 1951 6627 6630 1950
f 1952 6624 6627 1951
f 6633 6634 6637 6636
f 6634 6635 6638 6637
f 6636 6637 6640 6639
f 6637 6638 6641 6640
f 296 3096 6633 2351
f 3096 3097 6634 6633
f 3097 3098 6635 6634
f 3098 477 1952 6635
f 6635 1952 1951 6638
f 6638 1951 1950 6641
f 6641 1950 298 2354
f 6640 6641 2354 2353
f 6639 6640 2353 2352
f 2349 6639 2352 56
f 2350 6636 6639 2349
f 2351 6633 6636 2350
f 6642 6643 6646 6645
f 6643 6644 6647 6646
f 6645 6646 6649 6648
f 6646 6647 6650 6649
f 56 2352 6642 2355
f 2352 2353 6643 6642
f 2353 2354 6644 6643
f 2354 298 1953 6644
f 6644 1953 1954 6647
f 6647 1954 1955 6650
f 6650 1955 478 2360
f 6649 6650 2360 2359
f 6648 6649 2359 2358
f 2357 6648 2358 299
f 2356 6645 6648 2357
f 2355 6642 6645 2356
f 6651 6652 6655 6654
f 6652 6653 6656 6655
f 6654 6655 6658 6657
f 6655 6656 6659 6658
f 298 2744 6651 1953
f 2744 2743 6652 6651
f 2743 2742 6653 6652
f 2742 96 2670 6653
f 6653 2670 2671 6656
f 6656 2671 2672 6659
f 6659 2672 226 1956
f 6658 6659 1956 1957
f 6657 6658 1957 1958
f 1955 6657 1958 478
f 1954 6654 6657 1955
f 1953 6651 6654 1954
f 6660 6661 6664 6663
f 6661 6662 6665 6664
f 6663 6664 6667 6666
f 6664 6665 6668 6667
f 478 1958 6660 3512
f 1958 1957 6661 6660
f 1957 1956 6662 6661
f 1956 226 1868 6662
f 6662 1868 1867 6665
f 6665 1867 1866 6668
f 6668 1866 95 1959
f 6667 6668 1959 1960
f 6666 6667 1960 1961
f 3510 6666 1961 300
f 3511 6663 6666 3510
f 3512 6660 6663 3511
f 6669 6670 6673 6672
f 6670 6671 6674 6673
f 6672 6673 6676 6675
f 6673 6674 6677 6676
f 299 2358 6669 1964
f 2358 2359 6670 6669
f 2359 2360 6671 6670
f 2360 478 3512 6671
f 6671 3512 3511 6674
f 6674 3511 3510 6677
f 6677 3510 300 1967
f 6676 6677 1967 1966
f 6675 6676 1966 1965
f 1962 6675 1965 55
f 1963 6672 6675 1962
f 1964 6669 6672 1963
f 6678 6679 6682 6681
f 6679 6680 6683 6682
f 6681 6682 6685 6684
f 6682 6683 6686 6685
f 55 1965 6678 1968
f 1965 1966 6679 6678
f 1966 1967 6680 6679
f 1967 300 3513 6680
f 6680 3513 3514 6683
f 6683 3514 3515 6686
f 6686 3515 479 1199
f 6685 6686 1199 1198
f 6684 6685 1198 1197
f 1970 6684 1197 301
f 1969 6681 6684 1970
f 1968 6678 6681 1969
f 6687 6688 6691 6690
f 6688 6689 6692 6691
f 6690 6691 6694 6693
f 6691 6692 6695 6694
f 300 1961 6687 3513
f 1961 1960 6688 6687
f 1960 1959 6689 6688
f 1959 95 1872 6689
f 6689 1872 1873 6692
f 6692 1873 1874 6695
f 6695 1874 229 1200
f 6694 6695 1200 1201
f 6693 6694 1201 1202
f 3515 6693 1202 479
f 3514 6690 6693 3515
f 3513 6687 6690 3514
f 6696 6697 6700 6699
f 6697 6698 6701 6700
f 6699 6700 6703 6702
f 6700 6701 6704 6703
f 479 1202 6696 1523
f 1202 1201 6697 6696
f 1201 1200 6698 6697
f 1200 229 737 6698
f 6698 737 736 6701
f 6701 736 735 6704
f 6704 735 94 831
f 6703 6704 831 832
f 6702 6703 832 833
f 1521 6702 833 302
f 1522 6699 6702 1521
f 1523 6696 6699 1522
f 6705 6706 6709 6708
f 6706 6707 6710 6709
f 6708 6709 6712 6711
f 6709 6710 6713 6712
f 301 1197 6705 836
f 1197 1198 6706 6705
f 1198 1199 6707 6706
f 1199 479 1523 6707
f 6707 1523 1522 6710
f 6710 1522 1521 6713
f 6713 1521 302 839
f 6712 6713 839 838
f 6711 6712 838 837
f 834 6711 837 54
f 835 6708 6711 834
f 836 6705 6708 835
f 6714 6715 6718 6717
f 6715 6716 6719 6718
f 6717 6718 6721 6720
f 6718 6719 6722 6721
f 54 837 6714 840
f 837 838 6715 6714
f 838 839 6716 6715
f 839 302 1524 6716
f 6716 1524 1525 6719
f 6719 1525 1526 6722
f 6722 1526 480 2363
f 6721 6722 2363 2362
f 6720 6721 2362 2361
f 842 6720 2361 303
f 841 6717 6720 842
f 840 6714 6717 841
f 6723 6724 6727 6726
f 6724 6725 6728 6727
f 6726 6727 6730 6729
f 6727 6728 6731 6730
f 302 833 6723 1524
f 833 832 6724 6723
f 832 831 6725 6724
f 831 94 741 6725
f 6725 741 742 6728
f 6728 742 743 6731
f 6731 743 232 3099
f 6730 6731 3099 3100
f 6729 6730 3100 3101
f 1526 6729 3101 480
f 1525 6726 6729 1526
f 1524 6723 6726 1525
f 6732 6733 6736 6735
f 6733 6734 6737 6736
f 6735 6736 6739 6738
f 6736 6737 6740 6739
f 480 3101 6732 3518
f 3101 3100 6733 6732
f 3100 3099 6734 6733
f 3099 232 3068 6734
f 6734 3068 3067 6737
f 6737 3067 3066 6740
f 6740 3066 93 3102
f 6739 6740 3102 3103
f 6738 6739 3103 3104
f 3516 6738 3104 304
f 3517 6735 6738 3516
f 3518 6732 6735 3517
f 6741 6742 6745 6744
f 6742 6743 6746 6745
f 6744 6745 6748 6747
f 6745 6746 6749 6748
f 303 2361 6741 3521
f 2361 2362 6742 6741
f 2362 2363 6743 6742
f 2363 480 3518 6743
f 6743 3518 3517 6746
f 6746 3517 3516 6749
f 6749 3516 304 3524
f 6748 6749 3524 3523
f 6747 6748 3523 3522
f 3519 6747 3522 53
f 3520 6744 6747 3519
f 3521 6741 6744 3520
f 6750 6751 6754 6753
f 6751 6752 6755 6754
f 6753 6754 6757 6756
f 6754 6755 6758 6757
f 53 3522 6750 3525
f 3522 3523 6751 6750
f 3523 3524 6752 6751
f 3524 304 3528 6752
f 6752 3528 3529 6755
f 6755 3529 3530 6758
f 6758 3530 481 1205
f 6757 6758 1205 1204
f 6756 6757 1204 1203
f 3527 6756 1203 305
f 3526 6753 6756 3527
f 3525 6750 6753 3526
f 6759 6760 6763 6762
f 6760 6761 6764 6763
f 6762 6763 6766 6765
f 6763 6764 6767 6766
f 304 3104 6759 3528
f 3104 3103 6760 6759
f 3103 3102 6761 6760
f 3102 93 3072 6761
f 6761 3072 3073 6764
f 6764 3073 3074 6767
f 6767 3074 235 2745
f 6766 6767 2745 2746
f 6765 6766 2746 2747
f 3530 6765 2747 481
f 3529 6762 6765 3530
f 3528 6759 6762 3529
f 6768 6769 6772 6771
f 6769 6770 6773 6772
f 6771 6772 6775 6774
f 6772 6773 6776 6775
f 481 2747 6768 1529
f 2747 2746 6769 6768
f 2746 2745 6770 6769
f 2745 235 2237 6770
f 6770 2237 2236 6773
f 6773 2236 2235 6776
f 6776 2235 92 2364
f 6775 6776 2364 2365
f 6774 6775 2365 2366
f 1527 6774 2366 306
f 1528 6771 6774 1527
f 1529 6768 6771 1528
f 6777 6778 6781 6780
f 6778 6779 6782 6781
f 6780 6781 6784 6783
f 6781 6782 6785 6784
f 305 1203 6777 2369
f 1203 1204 6778 6777
f 1204 1205 6779 6778
f 1205 481 1529 6779
f 6779 1529 1528 6782
f 6782 1528 1527 6785
f 6785 1527 306 2372
f 6784 6785 2372 2371
f 6783 6784 2371 2370
f 2367 6783 2370 52
f 2368 6780 6783 2367
f 2369 6777 6780 2368
f 6786 6787 6790 6789
f 6787 6788 6791 6790
f 6789 6790 6793 6792
f 6790 6791 6794 6793
f 52 2370 6786 2373
f 2370 2371 6787 6786
f 2371 2372 6788 6787
f 2372 306 1530 6788
f 6788 1530 1531 6791
f 6791 1531 1532 6794
f 6794 1532 482 2378
f 6793 6794 2378 2377
f 6792 6793 2377 2376
f 2375 6792 2376 307
f 2374 6789 6792 2375
f 2373 6786 6789 2374
f 6795 6796 6799 6798
f 6796 6797 6800 6799
f 6798 6799 6802 6801
f 6799 6800 6803 6802
f 306 2366 6795 1530
f 2366 2365 6796 6795
f 2365 2364 6797 6796
f 2364 92 2241 6797
f 6797 2241 2242 6800
f 6800 2242 2243 6803
f 6803 2243 238 1971
f 6802 6803 1971 1972
f 6801 6802 1972 1973
f 1532 6801 1973 482
f 1531 6798 6801 1532
f 1530 6795 6798 1531
f 6804 6805 6808 6807
f 6805 6806 6809 6808
f 6807 6808 6811 6810
f 6808 6809 6812 6811
f 482 1973 6804 3107
f 1973 1972 6805 6804
f 1972 1971 6806 6805
f 1971 238 1433 6806
f 6806 1433 1432 6809
f 6809 1432 1431 6812
f 6812 1431 91 1533
f 6811 6812 1533 1534
f 6810 6811 1534 1535
f 3105 6810 1535 308
f 3106 6807 6810 3105
f 3107 6804 6807 3106
f 6813 6814 6817 6816
f 6814 6815 6818 6817
f 6816 6817 6820 6819
f 6817 6818 6821 6820
f 307 2376 6813 1976
f 2376 2377 6814 6813
f 2377 2378 6815 6814
f 2378 482 3107 6815
f 6815 3107 3106 6818
f 6818 3106 3105 6821
f 6821 3105 308 1979
f 6820 6821 1979 1978
f 6819 6820 1978 1977
f 1974 6819 1977 51
f 1975 6816 6819 1974
f 1976 6813 6816 1975
f 6822 6823 6826 6825
f 6823 6824 6827 6826
f 6825 6826 6829 6828
f 6826 6827 6830 6829
f 51 1977 6822 1980
f 1977 1978 6823 6822
f 1978 1979 6824 6823
f 1979 308 3108 6824
f 6824 3108 3109 6827
f 6827 3109 3110 6830
f 6830 3110 483 845
f 6829 6830 845 844
f 6828 6829 844 843
f 1982 6828 843 309
f 1981 6825 6828 1982
f 1980 6822 6825 1981
f 6831 6832 6835 6834
f 6832 6833 6836 6835
f 6834 6835 6838 6837
f 6835 6836 6839 6838
f 308 1535 6831 3108
f 1535 1534 6832 6831
f 1534 1533 6833 6832
f 1533 91 1437 6833
f 6833 1437 1438 6836
f 6836 1438 1439 6839
f 6839 1439 241 1206
f 6838 6839 1206 1207
f 6837 6838 1207 1208
f 3110 6837 1208 483
f 3109 6834 6837 3110
f 3108 6831 6834 3109
f 6840 6841 6844 6843
f 6841 6842 6845 6844
f 6843 6844 6847 6846
f 6844 6845 6848 6847
f 483 1208 6840 1538
f 1208 1207 6841 6840
f 1207 1206 6842 6841
f 1206 241 3083 6842
f 6842 3083 3082 6845
f 6845 3082 3081 6848
f 6848 3081 89 2940
f 6847 6848 2940 2941
f 6846 6847 2941 2942
f 1536 6846 2942 310
f 1537 6843 6846 1536
f 1538 6840 6843 1537
f 6849 6850 6853 6852
f 6850 6851 6854 6853
f 6852 6853 6856 6855
f 6853 6854 6857 6856
f 309 843 6849 3113
f 843 844 6850 6849
f 844 845 6851 6850
f 845 483 1538 6851
f 6851 1538 1537 6854
f 6854 1537 1536 6857
f 6857 1536 310 2936
f 6856 6857 2936 2935
f 6855 6856 2935 2934
f 3111 6855 2934 49
f 3112 6852 6855 3111
f 3113 6849 6852 3112
f 6858 6859 6862 6861
f 6859 6860 6863 6862
f 6861 6862 6865 6864
f 6862 6863 6866 6865
f 66 1131 6858 1209
f 1131 1132 6859 6858
f 1132 1133 6860 6859
f 1133 312 3114 6860
f 6860 3114 3115 6863
f 6863 3115 3116 6866
f 6866 3116 484 2381
f 6865 6866 2381 2380
f 6864 6865 2380 2379
f 1211 6864 2379 311
f 1210 6861 6864 1211
f 1209 6858 6861 1210
f 6867 6868 6871 6870
f 6868 6869 6872 6871
f 6870 6871 6874 6873
f 6871 6872 6875 6874
f 312 1130 6867 3114
f 1130 1129 6868 6867
f 1129 1128 6869 6868
f 1128 82 1173 6869
f 6869 1173 1174 6872
f 6872 1174 1175 6875
f 6875 1175 266 1983
f 6874 6875 1983 1984
f 6873 6874 1984 1985
f 3116 6873 1985 484
f 3115 6870 6873 3116
f 3114 6867 6870 3115
f 6876 6877 6880 6879
f 6877 6878 6881 6880
f 6879 6880 6883 6882
f 6880 6881 6884 6883
f 484 1985 6876 1214
f 1985 1984 6877 6876
f 1984 1983 6878 6877
f 1983 266 2696 6878
f 6878 2696 2695 6881
f 6881 2695 2694 6884
f 6884 2694 88 2748
f 6883 6884 2748 2749
f 6882 6883 2749 2750
f 1212 6882 2750 313
f 1213 6879 6882 1212
f 1214 6876 6879 1213
f 6885 6886 6889 6888
f 6886 6887 6890 6889
f 6888 6889 6892 6891
f 6889 6890 6893 6892
f 311 2379 6885 2384
f 2379 2380 6886 6885
f 2380 2381 6887 6886
f 2381 484 1214 6887
f 6887 1214 1213 6890
f 6890 1213 1212 6893
f 6893 1212 313 2387
f 6892 6893 2387 2386
f 6891 6892 2386 2385
f 2382 6891 2385 72
f 2383 6888 6891 2382
f 2384 6885 6888 2383
f 6894 6895 6898 6897
f 6895 6896 6899 6898
f 6897 6898 6901 6900
f 6898 6899 6902 6901
f 72 2385 6894 2388
f 2385 2386 6895 6894
f 2386 2387 6896 6895
f 2387 313 1215 6896
f 6896 1215 1216 6899
f 6899 1216 1217 6902
f 6902 1217 485 1541
f 6901 6902 1541 1540
f 6900 6901 1540 1539
f 2390 6900 1539 314
f 2389 6897 6900 2390
f 2388 6894 6897 2389
f 6903 6904 6907 6906
f 6904 6905 6908 6907
f 6906 6907 6910 6909
f 6907 6908 6911 6910
f 313 2750 6903 1215
f 2750 2749 6904 6903
f 2749 2748 6905 6904
f 2748 88 2700 6905
f 6905 2700 2701 6908
f 6908 2701 2702 6911
f 6911 2702 270 1542
f 6910 6911 1542 1543
f 6909 6910 1543 1544
f 1217 6909 1544 485
f 1216 6906 6909 1217
f 1215 6903 6906 1216
f 6912 6913 6916 6915
f 6913 6914 6917 6916
f 6915 6916 6919 6918
f 6916 6917 6920 6919
f 485 1544 6912 2393
f 1544 1543 6913 6912
f 1543 1542 6914 6913
f 1542 270 1919 6914
f 6914 1919 1918 6917
f 6917 1918 1917 6920
f 6920 1917 87 1986
f 6919 6920 1986 1987
f 6918 6919 1987 1988
f 2391 6918 1988 315
f 2392 6915 6918 2391
f 2393 6912 6915 2392
f 6921 6922 6925 6924
f 6922 6923 6926 6925
f 6924 6925 6928 6927
f 6925 6926 6929 6928
f 314 1539 6921 1547
f 1539 1540 6922 6921
f 1540 1541 6923 6922
f 1541 485 2393 6923
f 6923 2393 2392 6926
f 6926 2392 2391 6929
f 6929 2391 315 1550
f 6928 6929 1550 1549
f 6927 6928 1549 1548
f 1545 6927 1548 71
f 1546 6924 6927 1545
f 1547 6921 6924 1546
f 6930 6931 6934 6933
f 6931 6932 6935 6934
f 6933 6934 6937 6936
f 6934 6935 6938 6937
f 71 1548 6930 1551
f 1548 1549 6931 6930
f 1549 1550 6932 6931
f 1550 315 2394 6932
f 6932 2394 2395 6935
f 6935 2395 2396 6938
f 6938 2396 486 3119
f 6937 6938 3119 3118
f 6936 6937 3118 3117
f 1553 6936 3117 316
f 1552 6933 6936 1553
f 1551 6930 6933 1552
f 6939 6940 6943 6942
f 6940 6941 6944 6943
f 6942 6943 6946 6945
f 6943 6944 6947 6946
f 315 1988 6939 2394
f 1988 1987 6940 6939
f 1987 1986 6941 6940
f 1986 87 1923 6941
f 6941 1923 1924 6944
f 6944 1924 1925 6947
f 6947 1925 273 846
f 6946 6947 846 847
f 6945 6946 847 848
f 2396 6945 848 486
f 2395 6942 6945 2396
f 2394 6939 6942 2395
f 6948 6949 6952 6951
f 6949 6950 6953 6952
f 6951 6952 6955 6954
f 6952 6953 6956 6955
f 486 848 6948 1220
f 848 847 6949 6948
f 847 846 6950 6949
f 846 273 785 6950
f 6950 785 784 6953
f 6953 784 783 6956
f 6956 783 86 849
f 6955 6956 849 850
f 6954 6955 850 851
f 1218 6954 851 317
f 1219 6951 6954 1218
f 1220 6948 6951 1219
f 6957 6958 6961 6960
f 6958 6959 6962 6961
f 6960 6961 6964 6963
f 6961 6962 6965 6964
f 316 3117 6957 1223
f 3117 3118 6958 6957
f 3118 3119 6959 6958
f 3119 486 1220 6959
f 6959 1220 1219 6962
f 6962 1219 1218 6965
f 6965 1218 317 1226
f 6964 6965 1226 1225
f 6963 6964 1225 1224
f 1221 6963 1224 70
f 1222 6960 6963 1221
f 1223 6957 6960 1222
f 6966 6967 6970 6969
f 6967 6968 6971 6970
f 6969 6970 6973 6972
f 6970 6971 6974 6973
f 70 1224 6966 1227
f 1224 1225 6967 6966
f 1225 1226 6968 6967
f 1226 317 1230 6968
f 6968 1230 1231 6971
f 6971 1231 1232 6974
f 6974 1232 487 1556
f 6973 6974 1556 1555
f 6972 6973 1555 1554
f 1229 6972 1554 318
f 1228 6969 6972 1229
f 1227 6966 6969 1228
f 6975 6976 6979 6978
f 6976 6977 6980 6979
f 6978 6979 6982 6981
f 6979 6980 6983 6982
f 317 851 6975 1230
f 851 850 6976 6975
f 850 849 6977 6976
f 849 86 789 6977
f 6977 789 790 6980
f 6980 790 791 6983
f 6983 791 276 3531
f 6982 6983 3531 3532
f 6981 6982 3532 3533
f 1232 6981 3533 487
f 1231 6978 6981 1232
f 1230 6975 6978 1231
f 6984 6985 6988 6987
f 6985 6986 6989 6988
f 6987 6988 6991 6990
f 6988 6989 6992 6991
f 487 3533 6984 2753
f 3533 3532 6985 6984
f 3532 3531 6986 6985
f 3531 276 3473 6986
f 6986 3473 3472 6989
f 6989 3472 3471 6992
f 6992 3471 85 3534
f 6991 6992 3534 3535
f 6990 6991 3535 3536
f 2751 6990 3536 319
f 2752 6987 6990 2751
f 2753 6984 6987 2752
f 6993 6994 6997 6996
f 6994 6995 6998 6997
f 6996 6997 7000 6999
f 6997 6998 7001 7000
f 318 1554 6993 3122
f 1554 1555 6994 6993
f 1555 1556 6995 6994
f 1556 487 2753 6995
f 6995 2753 2752 6998
f 6998 2752 2751 7001
f 7001 2751 319 3125
f 7000 7001 3125 3124
f 6999 7000 3124 3123
f 3120 6999 3123 69
f 3121 6996 6999 3120
f 3122 6993 6996 3121
f 7002 7003 7006 7005
f 7003 7004 7007 7006
f 7005 7006 7009 7008
f 7006 7007 7010 7009
f 69 3123 7002 3126
f 3123 3124 7003 7002
f 3124 3125 7004 7003
f 3125 319 2754 7004
f 7004 2754 2755 7007
f 7007 2755 2756 7010
f 7010 2756 488 3539
f 7009 7010 3539 3538
f 7008 7009 3538 3537
f 3128 7008 3537 320
f 3127 7005 7008 3128
f 3126 7002 7005 3127
f 7011 7012 7015 7014
f 7012 7013 7016 7015
f 7014 7015 7018 7017
f 7015 7016 7019 7018
f 319 3536 7011 2754
f 3536 3535 7012 7011
f 3535 3534 7013 7012
f 3534 85 3477 7013
f 7013 3477 3478 7016
f 7016 3478 3479 7019
f 7019 3479 279 2397
f 7018 7019 2397 2398
f 7017 7018 2398 2399
f 2756 7017 2399 488
f 2755 7014 7017 2756
f 2754 7011 7014 2755
f 7020 7021 7024 7023
f 7021 7022 7025 7024
f 7023 7024 7027 7026
f 7024 7025 7028 7027
f 488 2399 7020 1235
f 2399 2398 7021 7020
f 2398 2397 7022 7021
f 2397 279 2321 7022
f 7022 2321 2320 7025
f 7025 2320 2319 7028
f 7028 2319 84 2400
f 7027 7028 2400 2401
f 7026 7027 2401 2402
f 1233 7026 2402 321
f 1234 7023 7026 1233
f 1235 7020 7023 1234
f 7029 7030 7033 7032
f 7030 7031 7034 7033
f 7032 7033 7036 7035
f 7033 7034 7037 7036
f 320 3537 7029 2405
f 3537 3538 7030 7029
f 3538 3539 7031 7030
f 3539 488 1235 7031
f 7031 1235 1234 7034
f 7034 1234 1233 7037
f 7037 1233 321 2408
f 7036 7037 2408 2407
f 7035 7036 2407 2406
f 2403 7035 2406 68
f 2404 7032 7035 2403
f 2405 7029 7032 2404
f 7038 7039 7042 7041
f 7039 7040 7043 7042
f 7041 7042 7045 7044
f 7042 7043 7046 7045
f 68 2406 7038 2409
f 2406 2407 7039 7038
f 2407 2408 7040 7039
f 2408 321 1236 7040
f 7040 1236 1237 7043
f 7043 1237 1238 7046
f 7046 1238 489 1991
f 7045 7046 1991 1990
f 7044 7045 1990 1989
f 2411 7044 1989 322
f 2410 7041 7044 2411
f 2409 7038 7041 2410
f 7047 7048 7051 7050
f 7048 7049 7052 7051
f 7050 7051 7054 7053
f 7051 7052 7055 7054
f 321 2402 7047 1236
f 2402 2401 7048 7047
f 2401 2400 7049 7048
f 2400 84 2325 7049
f 7049 2325 2326 7052
f 7052 2326 2327 7055
f 7055 2327 282 1557
f 7054 7055 1557 1558
f 7053 7054 1558 1559
f 1238 7053 1559 489
f 1237 7050 7053 1238
f 1236 7047 7050 1237
f 7056 7057 7060 7059
f 7057 7058 7061 7060
f 7059 7060 7063 7062
f 7060 7061 7064 7063
f 489 1559 7056 2759
f 1559 1558 7057 7056
f 1558 1557 7058 7057
f 1557 282 1499 7058
f 7058 1499 1498 7061
f 7061 1498 1497 7064
f 7064 1497 83 1560
f 7063 7064 1560 1561
f 7062 7063 1561 1562
f 2757 7062 1562 323
f 2758 7059 7062 2757
f 2759 7056 7059 2758
f 7065 7066 7069 7068
f 7066 7067 7070 7069
f 7068 7069 7072 7071
f 7069 7070 7073 7072
f 322 1989 7065 1994
f 1989 1990 7066 7065
f 1990 1991 7067 7066
f 1991 489 2759 7067
f 7067 2759 2758 7070
f 7070 2758 2757 7073
f 7073 2757 323 1997
f 7072 7073 1997 1996
f 7071 7072 1996 1995
f 1992 7071 1995 67
f 1993 7068 7071 1992
f 1994 7065 7068 1993
f 7074 7075 7078 7077
f 7075 7076 7079 7078
f 7077 7078 7081 7080
f 7078 7079 7082 7081
f 67 1995 7074 1998
f 1995 1996 7075 7074
f 1996 1997 7076 7075
f 1997 323 2760 7076
f 7076 2760 2761 7079
f 7079 2761 2762 7082
f 7082 2762 490 3131
f 7081 7082 3131 3130
f 7080 7081 3130 3129
f 2000 7080 3129 324
f 1999 7077 7080 2000
f 1998 7074 7077 1999
f 7083 7084 7087 7086
f 7084 7085 7088 7087
f 7086 7087 7090 7089
f 7087 7088 7091 7090
f 323 1562 7083 2760
f 1562 1561 7084 7083
f 1561 1560 7085 7084
f 1560 83 1503 7085
f 7085 1503 1504 7088
f 7088 1504 1505 7091
f 7091 1505 285 852
f 7090 7091 852 853
f 7089 7090 853 854
f 2762 7089 854 490
f 2761 7086 7089 2762
f 2760 7083 7086 2761
f 7092 7093 7096 7095
f 7093 7094 7097 7096
f 7095 7096 7099 7098
f 7096 7097 7100 7099
f 490 854 7092 857
f 854 853 7093 7092
f 853 852 7094 7093
f 852 285 3482 7094
f 7094 3482 3481 7097
f 7097 3481 3480 7100
f 7100 3480 81 3282
f 7099 7100 3282 3283
f 7098 7099 3283 3284
f 855 7098 3284 325
f 856 7095 7098 855
f 857 7092 7095 856
f 7101 7102 7105 7104
f 7102 7103 7106 7105
f 7104 7105 7108 7107
f 7105 7106 7109 7108
f 324 3129 7101 3134
f 3129 3130 7102 7101
f 3130 3131 7103 7102
f 3131 490 857 7103
f 7103 857 856 7106
f 7106 856 855 7109
f 7109 855 325 2927
f 7108 7109 2927 2926
f 7107 7108 2926 2925
f 3132 7107 2925 65
f 3133 7104 7107 3132
f 3134 7101 7104 3133
f 7110 7111 7114 7113
f 7111 7112 7115 7114
f 7113 7114 7117 7116
f 7114 7115 7118 7117
f 73 3039 7110 3051
f 3039 3040 7111 7110
f 3040 3041 7112 7111
f 3041 326 1563 7112
f 7112 1563 1564 7115
f 7115 1564 1565 7118
f 7118 1565 491 3542
f 7117 7118 3542 3541
f 7116 7117 3541 3540
f 3053 7116 3540 224
f 3052 7113 7116 3053
f 3051 7110 7113 3052
f 7119 7120 7123 7122
f 7120 7121 7124 7123
f 7122 7123 7126 7125
f 7123 7124 7127 7126
f 326 1127 7119 1563
f 1127 1126 7120 7119
f 1126 1125 7121 7120
f 1125 66 1209 7121
f 7121 1209 1210 7124
f 7124 1210 1211 7127
f 7127 1211 311 2412
f 7126 7127 2412 2413
f 7125 7126 2413 2414
f 1565 7125 2414 491
f 1564 7122 7125 1565
f 1563 7119 7122 1564
f 7128 7129 7132 7131
f 7129 7130 7133 7132
f 7131 7132 7135 7134
f 7132 7133 7136 7135
f 491 2414 7128 2765
f 2414 2413 7129 7128
f 2413 2412 7130 7129
f 2412 311 2384 7130
f 7130 2384 2383 7133
f 7133 2383 2382 7136
f 7136 2382 72 2415
f 7135 7136 2415 2416
f 7134 7135 2416 2417
f 2763 7134 2417 327
f 2764 7131 7134 2763
f 2765 7128 7131 2764
f 7137 7138 7141 7140
f 7138 7139 7142 7141
f 7140 7141 7144 7143
f 7141 7142 7145 7144
f 224 3540 7137 1856
f 3540 3541 7138 7137
f 3541 3542 7139 7138
f 3542 491 2765 7139
f 7139 2765 2764 7142
f 7142 2764 2763 7145
f 7145 2763 327 2003
f 7144 7145 2003 2002
f 7143 7144 2002 2001
f 1854 7143 2001 75
f 1855 7140 7143 1854
f 1856 7137 7140 1855
f 7146 7147 7150 7149
f 7147 7148 7151 7150
f 7149 7150 7153 7152
f 7150 7151 7154 7153
f 75 2001 7146 1863
f 2001 2002 7147 7146
f 2002 2003 7148 7147
f 2003 327 2766 7148
f 7148 2766 2767 7151
f 7151 2767 2768 7154
f 7154 2768 492 2771
f 7153 7154 2771 2770
f 7152 7153 2770 2769
f 1865 7152 2769 227
f 1864 7149 7152 1865
f 1863 7146 7149 1864
f 7155 7156 7159 7158
f 7156 7157 7160 7159
f 7158 7159 7162 7161
f 7159 7160 7163 7162
f 327 2417 7155 2766
f 2417 2416 7156 7155
f 2416 2415 7157 7156
f 2415 72 2388 7157
f 7157 2388 2389 7160
f 7160 2389 2390 7163
f 7163 2390 314 1566
f 7162 7163 1566 1567
f 7161 7162 1567 1568
f 2768 7161 1568 492
f 2767 7158 7161 2768
f 2766 7155 7158 2767
f 7164 7165 7168 7167
f 7165 7166 7169 7168
f 7167 7168 7171 7170
f 7168 7169 7172 7171
f 492 1568 7164 3545
f 1568 1567 7165 7164
f 1567 1566 7166 7165
f 1566 314 1547 7166
f 7166 1547 1546 7169
f 7169 1546 1545 7172
f 7172 1545 71 1569
f 7171 7172 1569 1570
f 7170 7171 1570 1571
f 3543 7170 1571 328
f 3544 7167 7170 3543
f 3545 7164 7167 3544
f 7173 7174 7177 7176
f 7174 7175 7178 7177
f 7176 7177 7180 7179
f 7177 7178 7181 7180
f 227 2769 7173 2228
f 2769 2770 7174 7173
f 2770 2771 7175 7174
f 2771 492 3545 7175
f 7175 3545 3544 7178
f 7178 3544 3543 7181
f 7181 3543 328 2420
f 7180 7181 2420 2419
f 7179 7180 2419 2418
f 2226 7179 2418 76
f 2227 7176 7179 2226
f 2228 7173 7176 2227
f 7182 7183 7186 7185
f 7183 7184 7187 7186
f 7185 7186 7189 7188
f 7186 7187 7190 7189
f 76 2418 7182 2232
f 2418 2419 7183 7182
f 2419 2420 7184 7183
f 2420 328 3546 7184
f 7184 3546 3547 7187
f 7187 3547 3548 7190
f 7190 3548 493 1574
f 7189 7190 1574 1573
f 7188 7189 1573 1572
f 2234 7188 1572 230
f 2233 7185 7188 2234
f 2232 7182 7185 2233
f 7191 7192 7195 7194
f 7192 7193 7196 7195
f 7194 7195 7198 7197
f 7195 7196 7199 7198
f 328 1571 7191 3546
f 1571 1570 7192 7191
f 1570 1569 7193 7192
f 1569 71 1551 7193
f 7193 1551 1552 7196
f 7196 1552 1553 7199
f 7199 1553 316 3135
f 7198 7199 3135 3136
f 7197 7198 3136 3137
f 3548 7197 3137 493
f 3547 7194 7197 3548
f 3546 7191 7194 3547
f 7200 7201 7204 7203
f 7201 7202 7205 7204
f 7203 7204 7207 7206
f 7204 7205 7208 7207
f 493 3137 7200 1241
f 3137 3136 7201 7200
f 3136 3135 7202 7201
f 3135 316 1223 7202
f 7202 1223 1222 7205
f 7205 1222 1221 7208
f 7208 1221 70 1242
f 7207 7208 1242 1243
f 7206 7207 1243 1244
f 1239 7206 1244 329
f 1240 7203 7206 1239
f 1241 7200 7203 1240
f 7209 7210 7213 7212
f 7210 7211 7214 7213
f 7212 7213 7216 7215
f 7213 7214 7217 7216
f 230 1572 7209 3056
f 1572 1573 7210 7209
f 1573 1574 7211 7210
f 1574 493 1241 7211
f 7211 1241 1240 7214
f 7214 1240 1239 7217
f 7217 1239 329 3140
f 7216 7217 3140 3139
f 7215 7216 3139 3138
f 3054 7215 3138 77
f 3055 7212 7215 3054
f 3056 7209 7212 3055
f 7218 7219 7222 7221
f 7219 7220 7223 7222
f 7221 7222 7225 7224
f 7222 7223 7226 7225
f 77 3138 7218 3063
f 3138 3139 7219 7218
f 3139 3140 7220 7219
f 3140 329 1245 7220
f 7220 1245 1246 7223
f 7223 1246 1247 7226
f 7226 1247 494 1250
f 7225 7226 1250 1249
f 7224 7225 1249 1248
f 3065 7224 1248 233
f 3064 7221 7224 3065
f 3063 7218 7221 3064
f 7227 7228 7231 7230
f 7228 7229 7232 7231
f 7230 7231 7234 7233
f 7231 7232 7235 7234
f 329 1244 7227 1245
f 1244 1243 7228 7227
f 1243 1242 7229 7228
f 1242 70 1227 7229
f 7229 1227 1228 7232
f 7232 1228 1229 7235
f 7235 1229 318 1575
f 7234 7235 1575 1576
f 7233 7234 1576 1577
f 1247 7233 1577 494
f 1246 7230 7233 1247
f 1245 7227 7230 1246
f 7236 7237 7240 7239
f 7237 7238 7241 7240
f 7239 7240 7243 7242
f 7240 7241 7244 7243
f 494 1577 7236 2006
f 1577 1576 7237 7236
f 1576 1575 7238 7237
f 1575 318 3122 7238
f 7238 3122 3121 7241
f 7241 3121 3120 7244
f 7244 3120 69 3141
f 7243 7244 3141 3142
f 7242 7243 3142 3143
f 2004 7242 3143 330
f 2005 7239 7242 2004
f 2006 7236 7239 2005
f 7245 7246 7249 7248
f 7246 7247 7250 7249
f 7248 7249 7252 7251
f 7249 7250 7253 7252
f 233 1248 7245 746
f 1248 1249 7246 7245
f 1249 1250 7247 7246
f 1250 494 2006 7247
f 7247 2006 2005 7250
f 7250 2005 2004 7253
f 7253 2004 330 860
f 7252 7253 860 859
f 7251 7252 859 858
f 744 7251 858 78
f 745 7248 7251 744
f 746 7245 7248 745
f 7254 7255 7258 7257
f 7255 7256 7259 7258
f 7257 7258 7261 7260
f 7258 7259 7262 7261
f 78 858 7254 750
f 858 859 7255 7254
f 859 860 7256 7255
f 860 330 2007 7256
f 7256 2007 2008 7259
f 7259 2008 2009 7262
f 7262 2009 495 3551
f 7261 7262 3551 3550
f 7260 7261 3550 3549
f 752 7260 3549 236
f 751 7257 7260 752
f 750 7254 7257 751
f 7263 7264 7267 7266
f 7264 7265 7268 7267
f 7266 7267 7270 7269
f 7267 7268 7271 7270
f 330 3143 7263 2007
f 3143 3142 7264 7263
f 3142 3141 7265 7264
f 3141 69 3126 7265
f 7265 3126 3127 7268
f 7268 3127 3128 7271
f 7271 3128 320 3552
f 7270 7271 3552 3553
f 7269 7270 3553 3554
f 2009 7269 3554 495
f 2008 7266 7269 2009
f 2007 7263 7266 2008
f 7272 7273 7276 7275
f 7273 7274 7277 7276
f 7275 7276 7279 7278
f 7276 7277 7280 7279
f 495 3554 7272 2774
f 3554 3553 7273 7272
f 3553 3552 7274 7273
f 3552 320 2405 7274
f 7274 2405 2404 7277
f 7277 2404 2403 7280
f 7280 2403 68 2421
f 7279 7280 2421 2422
f 7278 7279 2422 2423
f 2772 7278 2423 331
f 2773 7275 7278 2772
f 2774 7272 7275 2773
f 7281 7282 7285 7284
f 7282 7283 7286 7285
f 7284 7285 7288 7287
f 7285 7286 7289 7288
f 236 3549 7281 1424
f 3549 3550 7282 7281
f 3550 3551 7283 7282
f 3551 495 2774 7283
f 7283 2774 2773 7286
f 7286 2773 2772 7289
f 7289 2772 331 1580
f 7288 7289 1580 1579
f 7287 7288 1579 1578
f 1422 7287 1578 79
f 1423 7284 7287 1422
f 1424 7281 7284 1423
f 7290 7291 7294 7293
f 7291 7292 7295 7294
f 7293 7294 7297 7296
f 7294 7295 7298 7297
f 79 1578 7290 1428
f 1578 1579 7291 7290
f 1579 1580 7292 7291
f 1580 331 2775 7292
f 7292 2775 2776 7295
f 7295 2776 2777 7298
f 7298 2777 496 2426
f 7297 7298 2426 2425
f 7296 7297 2425 2424
f 1430 7296 2424 239
f 1429 7293 7296 1430
f 1428 7290 7293 1429
f 7299 7300 7303 7302
f 7300 7301 7304 7303
f 7302 7303 7306 7305
f 7303 7304 7307 7306
f 331 2423 7299 2775
f 2423 2422 7300 7299
f 2422 2421 7301 7300
f 2421 68 2409 7301
f 7301 2409 2410 7304
f 7304 2410 2411 7307
f 7307 2411 322 2010
f 7306 7307 2010 2011
f 7305 7306 2011 2012
f 2777 7305 2012 496
f 2776 7302 7305 2777
f 2775 7299 7302 2776
f 7308 7309 7312 7311
f 7309 7310 7313 7312
f 7311 7312 7315 7314
f 7312 7313 7316 7315
f 496 2012 7308 3557
f 2012 2011 7309 7308
f 2011 2010 7310 7309
f 2010 322 1994 7310
f 7310 1994 1993 7313
f 7313 1993 1992 7316
f 7316 1992 67 2013
f 7315 7316 2013 2014
f 7314 7315 2014 2015
f 3555 7314 2015 332
f 3556 7311 7314 3555
f 3557 7308 7311 3556
f 7317 7318 7321 7320
f 7318 7319 7322 7321
f 7320 7321 7324 7323
f 7321 7322 7325 7324
f 239 2424 7317 2249
f 2424 2425 7318 7317
f 2425 2426 7319 7318
f 2426 496 3557 7319
f 7319 3557 3556 7322
f 7322 3556 3555 7325
f 7325 3555 332 2429
f 7324 7325 2429 2428
f 7323 7324 2428 2427
f 2247 7323 2427 80
f 2248 7320 7323 2247
f 2249 7317 7320 2248
f 7326 7327 7330 7329
f 7327 7328 7331 7330
f 7329 7330 7333 7332
f 7330 7331 7334 7333
f 80 2427 7326 2253
f 2427 2428 7327 7326
f 2428 2429 7328 7327
f 2429 332 3558 7328
f 7328 3558 3559 7331
f 7331 3559 3560 7334
f 7334 3560 497 2018
f 7333 7334 2018 2017
f 7332 7333 2017 2016
f 2255 7332 2016 242
f 2254 7329 7332 2255
f 2253 7326 7329 2254
f 7335 7336 7339 7338
f 7336 7337 7340 7339
f 7338 7339 7342 7341
f 7339 7340 7343 7342
f 332 2015 7335 3558
f 2015 2014 7336 7335
f 2014 2013 7337 7336
f 2013 67 1998 7337
f 7337 1998 1999 7340
f 7340 1999 2000 7343
f 7343 2000 324 3144
f 7342 7343 3144 3145
f 7341 7342 3145 3146
f 3560 7341 3146 497
f 3559 7338 7341 3560
f 3558 7335 7338 3559
f 7344 7345 7348 7347
f 7345 7346 7349 7348
f 7347 7348 7351 7350
f 7348 7349 7352 7351
f 497 3146 7344 863
f 3146 3145 7345 7344
f 3145 3144 7346 7345
f 3144 324 3134 7346
f 7346 3134 3133 7349
f 7349 3133 3132 7352
f 7352 3132 65 3018
f 7351 7352 3018 3019
f 7350 7351 3019 3020
f 861 7350 3020 333
f 862 7347 7350 861
f 863 7344 7347 862
f 7353 7354 7357 7356
f 7354 7355 7358 7357
f 7356 7357 7360 7359
f 7357 7358 7361 7360
f 242 2016 7353 1154
f 2016 2017 7354 7353
f 2017 2018 7355 7354
f 2018 497 863 7355
f 7355 863 862 7358
f 7358 862 861 7361
f 7361 861 333 1112
f 7360 7361 1112 1111
f 7359 7360 1111 1110
f 1152 7359 1110 74
f 1153 7356 7359 1152
f 1154 7353 7356 1153
f 7362 7363 7366 7365
f 7363 7364 7367 7366
f 7365 7366 7369 7368
f 7366 7367 7370 7369
f 57 3384 7362 3405
f 3384 3385 7363 7362
f 3385 3386 7364 7363
f 3386 334 2019 7364
f 7364 2019 2020 7367
f 7367 2020 2021 7370
f 7370 2021 498 1583
f 7369 7370 1583 1582
f 7368 7369 1582 1581
f 3407 7368 1581 246
f 3406 7365 7368 3407
f 3405 7362 7365 3406
f 7371 7372 7375 7374
f 7372 7373 7376 7375
f 7374 7375 7378 7377
f 7375 7376 7379 7378
f 334 692 7371 2019
f 692 691 7372 7371
f 691 690 7373 7372
f 690 50 825 7373
f 7373 825 826 7376
f 7376 826 827 7379
f 7379 827 296 3147
f 7378 7379 3147 3148
f 7377 7378 3148 3149
f 2021 7377 3149 498
f 2020 7374 7377 2021
f 2019 7371 7374 2020
f 7380 7381 7384 7383
f 7381 7382 7385 7384
f 7383 7384 7387 7386
f 7384 7385 7388 7387
f 498 3149 7380 2780
f 3149 3148 7381 7380
f 3148 3147 7382 7381
f 3147 296 2351 7382
f 7382 2351 2350 7385
f 7385 2350 2349 7388
f 7388 2349 56 2430
f 7387 7388 2430 2431
f 7386 7387 2431 2432
f 2778 7386 2432 335
f 2779 7383 7386 2778
f 2780 7380 7383 2779
f 7389 7390 7393 7392
f 7390 7391 7394 7393
f 7392 7393 7396 7395
f 7393 7394 7397 7396
f 246 1581 7389 1883
f 1581 1582 7390 7389
f 1582 1583 7391 7390
f 1583 498 2780 7391
f 7391 2780 2779 7394
f 7394 2779 2778 7397
f 7397 2778 335 2024
f 7396 7397 2024 2023
f 7395 7396 2023 2022
f 1881 7395 2022 59
f 1882 7392 7395 1881
f 1883 7389 7392 1882
f 7398 7399 7402 7401
f 7399 7400 7403 7402
f 7401 7402 7405 7404
f 7402 7403 7406 7405
f 59 2022 7398 1887
f 2022 2023 7399 7398
f 2023 2024 7400 7399
f 2024 335 2781 7400
f 7400 2781 2782 7403
f 7403 2782 2783 7406
f 7406 2783 499 866
f 7405 7406 866 865
f 7404 7405 865 864
f 1889 7404 864 249
f 1888 7401 7404 1889
f 1887 7398 7401 1888
f 7407 7408 7411 7410
f 7408 7409 7412 7411
f 7410 7411 7414 7413
f 7411 7412 7415 7414
f 335 2432 7407 2781
f 2432 2431 7408 7407
f 2431 2430 7409 7408
f 2430 56 2355 7409
f 7409 2355 2356 7412
f 7412 2356 2357 7415
f 7415 2357 299 2433
f 7414 7415 2433 2434
f 7413 7414 2434 2435
f 2783 7413 2435 499
f 2782 7410 7413 2783
f 2781 7407 7410 2782
f 7416 7417 7420 7419
f 7417 7418 7421 7420
f 7419 7420 7423 7422
f 7420 7421 7424 7423
f 499 2435 7416 3563
f 2435 2434 7417 7416
f 2434 2433 7418 7417
f 2433 299 1964 7418
f 7418 1964 1963 7421
f 7421 1963 1962 7424
f 7424 1962 55 2025
f 7423 7424 2025 2026
f 7422 7423 2026 2027
f 3561 7422 2027 336
f 3562 7419 7422 3561
f 3563 7416 7419 3562
f 7425 7426 7429 7428
f 7426 7427 7430 7429
f 7428 7429 7432 7431
f 7429 7430 7433 7432
f 249 864 7425 2276
f 864 865 7426 7425
f 865 866 7427 7426
f 866 499 3563 7427
f 7427 3563 3562 7430
f 7430 3562 3561 7433
f 7433 3561 336 2438
f 7432 7433 2438 2437
f 7431 7432 2437 2436
f 2274 7431 2436 60
f 2275 7428 7431 2274
f 2276 7425 7428 2275
f 7434 7435 7438 7437
f 7435 7436 7439 7438
f 7437 7438 7441 7440
f 7438 7439 7442 7441
f 60 2436 7434 2283
f 2436 2437 7435 7434
f 2437 2438 7436 7435
f 2438 336 3564 7436
f 7436 3564 3565 7439
f 7439 3565 3566 7442
f 7442 3566 500 3569
f 7441 7442 3569 3568
f 7440 7441 3568 3567
f 2285 7440 3567 252
f 2284 7437 7440 2285
f 2283 7434 7437 2284
f 7443 7444 7447 7446
f 7444 7445 7448 7447
f 7446 7447 7450 7449
f 7447 7448 7451 7450
f 336 2027 7443 3564
f 2027 2026 7444 7443
f 2026 2025 7445 7444
f 2025 55 1968 7445
f 7445 1968 1969 7448
f 7448 1969 1970 7451
f 7451 1970 301 1251
f 7450 7451 1251 1252
f 7449 7450 1252 1253
f 3566 7449 1253 500
f 3565 7446 7449 3566
f 3564 7443 7446 3565
f 7452 7453 7456 7455
f 7453 7454 7457 7456
f 7455 7456 7459 7458
f 7456 7457 7460 7459
f 500 1253 7452 869
f 1253 1252 7453 7452
f 1252 1251 7454 7453
f 1251 301 836 7454
f 7454 836 835 7457
f 7457 835 834 7460
f 7460 834 54 870
f 7459 7460 870 871
f 7458 7459 871 872
f 867 7458 872 337
f 868 7455 7458 867
f 869 7452 7455 868
f 7461 7462 7465 7464
f 7462 7463 7466 7465
f 7464 7465 7468 7467
f 7465 7466 7469 7468
f 252 3567 7461 3416
f 3567 3568 7462 7461
f 3568 3569 7463 7462
f 3569 500 869 7463
f 7463 869 868 7466
f 7466 868 867 7469
f 7469 867 337 3572
f 7468 7469 3572 3571
f 7467 7468 3571 3570
f 3414 7467 3570 61
f 3415 7464 7467 3414
f 3416 7461 7464 3415
f 7470 7471 7474 7473
f 7471 7472 7475 7474
f 7473 7474 7477 7476
f 7474 7475 7478 7477
f 61 3570 7470 3420
f 3570 3571 7471 7470
f 3571 3572 7472 7471
f 3572 337 873 7472
f 7472 873 874 7475
f 7475 874 875 7478
f 7478 875 501 2786
f 7477 7478 2786 2785
f 7476 7477 2785 2784
f 3422 7476 2784 255
f 3421 7473 7476 3422
f 3420 7470 7473 3421
f 7479 7480 7483 7482
f 7480 7481 7484 7483
f 7482 7483 7486 7485
f 7483 7484 7487 7486
f 337 872 7479 873
f 872 871 7480 7479
f 871 870 7481 7480
f 870 54 840 7481
f 7481 840 841 7484
f 7484 841 842 7487
f 7487 842 303 2439
f 7486 7487 2439 2440
f 7485 7486 2440 2441
f 875 7485 2441 501
f 874 7482 7485 875
f 873 7479 7482 874
f 7488 7489 7492 7491
f 7489 7490 7493 7492
f 7491 7492 7495 7494
f 7492 7493 7496 7495
f 501 2441 7488 1586
f 2441 2440 7489 7488
f 2440 2439 7490 7489
f 2439 303 3521 7490
f 7490 3521 3520 7493
f 7493 3520 3519 7496
f 7496 3519 53 3573
f 7495 7496 3573 3574
f 7494 7495 3574 3575
f 1584 7494 3575 338
f 1585 7491 7494 1584
f 1586 7488 7491 1585
f 7497 7498 7501 7500
f 7498 7499 7502 7501
f 7500 7501 7504 7503
f 7501 7502 7505 7504
f 255 2784 7497 1160
f 2784 2785 7498 7497
f 2785 2786 7499 7498
f 2786 501 1586 7499
f 7499 1586 1585 7502
f 7502 1585 1584 7505
f 7505 1584 338 1256
f 7504 7505 1256 1255
f 7503 7504 1255 1254
f 1158 7503 1254 62
f 1159 7500 7503 1158
f 1160 7497 7500 1159
f 7506 7507 7510 7509
f 7507 7508 7511 7510
f 7509 7510 7513 7512
f 7510 7511 7514 7513
f 62 1254 7506 1167
f 1254 1255 7507 7506
f 1255 1256 7508 7507
f 1256 338 1587 7508
f 7508 1587 1588 7511
f 7511 1588 1589 7514
f 7514 1589 502 1592
f 7513 7514 1592 1591
f 7512 7513 1591 1590
f 1169 7512 1590 258
f 1168 7509 7512 1169
f 1167 7506 7509 1168
f 7515 7516 7519 7518
f 7516 7517 7520 7519
f 7518 7519 7522 7521
f 7519 7520 7523 7522
f 338 3575 7515 1587
f 3575 3574 7516 7515
f 3574 3573 7517 7516
f 3573 53 3525 7517
f 7517 3525 3526 7520
f 7520 3526 3527 7523
f 7523 3527 305 1257
f 7522 7523 1257 1258
f 7521 7522 1258 1259
f 1589 7521 1259 502
f 1588 7518 7521 1589
f 1587 7515 7518 1588
f 7524 7525 7528 7527
f 7525 7526 7529 7528
f 7527 7528 7531 7530
f 7528 7529 7532 7531
f 502 1259 7524 2789
f 1259 1258 7525 7524
f 1258 1257 7526 7525
f 1257 305 2369 7526
f 7526 2369 2368 7529
f 7529 2368 2367 7532
f 7532 2367 52 2442
f 7531 7532 2442 2443
f 7530 7531 2443 2444
f 2787 7530 2444 339
f 2788 7527 7530 2787
f 2789 7524 7527 2788
f 7533 7534 7537 7536
f 7534 7535 7538 7537
f 7536 7537 7540 7539
f 7537 7538 7541 7540
f 258 1590 7533 1457
f 1590 1591 7534 7533
f 1591 1592 7535 7534
f 1592 502 2789 7535
f 7535 2789 2788 7538
f 7538 2788 2787 7541
f 7541 2787 339 1595
f 7540 7541 1595 1594
f 7539 7540 1594 1593
f 1455 7539 1593 63
f 1456 7536 7539 1455
f 1457 7533 7536 1456
f 7542 7543 7546 7545
f 7543 7544 7547 7546
f 7545 7546 7549 7548
f 7546 7547 7550 7549
f 63 1593 7542 1461
f 1593 1594 7543 7542
f 1594 1595 7544 7543
f 1595 339 2790 7544
f 7544 2790 2791 7547
f 7547 2791 2792 7550
f 7550 2792 503 878
f 7549 7550 878 877
f 7548 7549 877 876
f 1463 7548 876 261
f 1462 7545 7548 1463
f 1461 7542 7545 1462
f 7551 7552 7555 7554
f 7552 7553 7556 7555
f 7554 7555 7558 7557
f 7555 7556 7559 7558
f 339 2444 7551 2790
f 2444 2443 7552 7551
f 2443 2442 7553 7552
f 2442 52 2373 7553
f 7553 2373 2374 7556
f 7556 2374 2375 7559
f 7559 2375 307 2445
f 7558 7559 2445 2446
f 7557 7558 2446 2447
f 2792 7557 2447 503
f 2791 7554 7557 2792
f 2790 7551 7554 2791
f 7560 7561 7564 7563
f 7561 7562 7565 7564
f 7563 7564 7567 7566
f 7564 7565 7568 7567
f 503 2447 7560 3152
f 2447 2446 7561 7560
f 2446 2445 7562 7561
f 2445 307 1976 7562
f 7562 1976 1975 7565
f 7565 1975 1974 7568
f 7568 1974 51 2028
f 7567 7568 2028 2029
f 7566 7567 2029 2030
f 3150 7566 2030 340
f 3151 7563 7566 3150
f 3152 7560 7563 3151
f 7569 7570 7573 7572
f 7570 7571 7574 7573
f 7572 7573 7576 7575
f 7573 7574 7577 7576
f 261 876 7569 2303
f 876 877 7570 7569
f 877 878 7571 7570
f 878 503 3152 7571
f 7571 3152 3151 7574
f 7574 3151 3150 7577
f 7577 3150 340 2450
f 7576 7577 2450 2449
f 7575 7576 2449 2448
f 2301 7575 2448 64
f 2302 7572 7575 2301
f 2303 7569 7572 2302
f 7578 7579 7582 7581
f 7579 7580 7583 7582
f 7581 7582 7585 7584
f 7582 7583 7586 7585
f 64 2448 7578 2307
f 2448 2449 7579 7578
f 2449 2450 7580 7579
f 2450 340 3153 7580
f 7580 3153 3154 7583
f 7583 3154 3155 7586
f 7586 3155 504 3578
f 7585 7586 3578 3577
f 7584 7585 3577 3576
f 2309 7584 3576 264
f 2308 7581 7584 2309
f 2307 7578 7581 2308
f 7587 7588 7591 7590
f 7588 7589 7592 7591
f 7590 7591 7594 7593
f 7591 7592 7595 7594
f 340 2030 7587 3153
f 2030 2029 7588 7587
f 2029 2028 7589 7588
f 2028 51 1980 7589
f 7589 1980 1981 7592
f 7592 1981 1982 7595
f 7595 1982 309 879
f 7594 7595 879 880
f 7593 7594 880 881
f 3155 7593 881 504
f 3154 7590 7593 3155
f 3153 7587 7590 3154
f 7596 7597 7600 7599
f 7597 7598 7601 7600
f 7599 7600 7603 7602
f 7600 7601 7604 7603
f 504 881 7596 884
f 881 880 7597 7596
f 880 879 7598 7597
f 879 309 3113 7598
f 7598 3113 3112 7601
f 7601 3112 3111 7604
f 7604 3111 49 3156
f 7603 7604 3156 3157
f 7602 7603 3157 3158
f 882 7602 3158 341
f 883 7599 7602 882
f 884 7596 7599 883
f 7605 7606 7609 7608
f 7606 7607 7610 7609
f 7608 7609 7612 7611
f 7609 7610 7613 7612
f 264 3576 7605 779
f 3576 3577 7606 7605
f 3577 3578 7607 7606
f 3578 504 884 7607
f 7607 884 883 7610
f 7610 883 882 7613
f 7613 882 341 887
f 7612 7613 887 886
f 7611 7612 886 885
f 777 7611 885 58
f 778 7608 7611 777
f 779 7605 7608 778
f 7614 7615 7618 7617
f 7615 7616 7619 7618
f 7617 7618 7621 7620
f 7618 7619 7622 7621
f 21 3270 7614 3285
f 3270 3271 7615 7614
f 3271 3272 7616 7615
f 3272 183 1260 7616
f 7616 1260 1261 7619
f 7619 1261 1262 7622
f 7622 1262 505 2033
f 7621 7622 2033 2032
f 7620 7621 2032 2031
f 3287 7620 2031 342
f 3286 7617 7620 3287
f 3285 7614 7617 3286
f 7623 7624 7627 7626
f 7624 7625 7628 7627
f 7626 7627 7630 7629
f 7627 7628 7631 7630
f 183 1022 7623 1260
f 1022 1021 7624 7623
f 1021 1020 7625 7624
f 1020 18 1047 7625
f 7625 1047 1048 7628
f 7628 1048 1049 7631
f 7631 1049 343 2451
f 7630 7631 2451 2452
f 7629 7630 2452 2453
f 1262 7629 2453 505
f 1261 7626 7629 1262
f 1260 7623 7626 1261
f 7632 7633 7636 7635
f 7633 7634 7637 7636
f 7635 7636 7639 7638
f 7636 7637 7640 7639
f 505 2453 7632 890
f 2453 2452 7633 7632
f 2452 2451 7634 7633
f 2451 343 593 7634
f 7634 593 592 7637
f 7637 592 591 7640
f 7640 591 58 885
f 7639 7640 885 886
f 7638 7639 886 887
f 888 7638 887 341
f 889 7635 7638 888
f 890 7632 7635 889
f 7641 7642 7645 7644
f 7642 7643 7646 7645
f 7644 7645 7648 7647
f 7645 7646 7649 7648
f 342 2031 7641 2933
f 2031 2032 7642 7641
f 2032 2033 7643 7642
f 2033 505 890 7643
f 7643 890 889 7646
f 7646 889 888 7649
f 7649 888 341 3158
f 7648 7649 3158 3157
f 7647 7648 3157 3156
f 2931 7647 3156 49
f 2932 7644 7647 2931
f 2933 7641 7644 2932
f 7650 7651 7654 7653
f 7651 7652 7655 7654
f 7653 7654 7657 7656
f 7654 7655 7658 7657
f 26 894 7650 891
f 894 895 7651 7650
f 895 896 7652 7651
f 896 358 2034 7652
f 7652 2034 2035 7655
f 7655 2035 2036 7658
f 7658 2036 506 2039
f 7657 7658 2039 2038
f 7656 7657 2038 2037
f 893 7656 2037 366
f 892 7653 7656 893
f 891 7650 7653 892
f 7659 7660 7663 7662
f 7660 7661 7664 7663
f 7662 7663 7666 7665
f 7663 7664 7667 7666
f 358 3581 7659 2034
f 3581 3580 7660 7659
f 3580 3579 7661 7660
f 3579 29 3582 7661
f 7661 3582 3583 7664
f 7664 3583 3584 7667
f 7667 3584 367 2454
f 7666 7667 2454 2455
f 7665 7666 2455 2456
f 2036 7665 2456 506
f 2035 7662 7665 2036
f 2034 7659 7662 2035
f 7668 7669 7672 7671
f 7669 7670 7673 7672
f 7671 7672 7675 7674
f 7672 7673 7676 7675
f 506 2456 7668 3161
f 2456 2455 7669 7668
f 2455 2454 7670 7669
f 2454 367 899 7670
f 7670 899 898 7673
f 7673 898 897 7676
f 7676 897 114 699
f 7675 7676 699 700
f 7674 7675 700 701
f 3159 7674 701 186
f 3160 7671 7674 3159
f 3161 7668 7671 3160
f 7677 7678 7681 7680
f 7678 7679 7682 7681
f 7680 7681 7684 7683
f 7681 7682 7685 7684
f 366 2037 7677 3164
f 2037 2038 7678 7677
f 2038 2039 7679 7678
f 2039 506 3161 7679
f 7679 3161 3160 7682
f 7682 3160 3159 7685
f 7685 3159 186 3038
f 7684 7685 3038 3037
f 7683 7684 3037 3036
f 3162 7683 3036 113
f 3163 7680 7683 3162
f 3164 7677 7680 3163
f 7686 7687 7690 7689
f 7687 7688 7691 7690
f 7689 7690 7693 7692
f 7690 7691 7694 7693
f 31 1767 7686 2040
f 1767 1768 7687 7686
f 1768 1769 7688 7687
f 1769 359 2793 7688
f 7688 2793 2794 7691
f 7691 2794 2795 7694
f 7694 2795 507 3587
f 7693 7694 3587 3586
f 7692 7693 3586 3585
f 2042 7692 3585 368
f 2041 7689 7692 2042
f 2040 7686 7689 2041
f 7695 7696 7699 7698
f 7696 7697 7700 7699
f 7698 7699 7702 7701
f 7699 7700 7703 7702
f 359 2582 7695 2793
f 2582 2581 7696 7695
f 2581 2580 7697 7696
f 2580 28 2796 7697
f 7697 2796 2797 7700
f 7700 2797 2798 7703
f 7703 2798 369 900
f 7702 7703 900 901
f 7701 7702 901 902
f 2795 7701 902 507
f 2794 7698 7701 2795
f 2793 7695 7698 2794
f 7704 7705 7708 7707
f 7705 7706 7709 7708
f 7707 7708 7711 7710
f 7708 7709 7712 7711
f 507 902 7704 905
f 902 901 7705 7704
f 901 900 7706 7705
f 900 369 2459 7706
f 7706 2459 2458 7709
f 7709 2458 2457 7712
f 7712 2457 116 2220
f 7711 7712 2220 2221
f 7710 7711 2221 2222
f 903 7710 2222 187
f 904 7707 7710 903
f 905 7704 7707 904
f 7713 7714 7717 7716
f 7714 7715 7718 7717
f 7716 7717 7720 7719
f 7717 7718 7721 7720
f 368 3585 7713 2045
f 3585 3586 7714 7713
f 3586 3587 7715 7714
f 3587 507 905 7715
f 7715 905 904 7718
f 7718 904 903 7721
f 7721 903 187 1850
f 7720 7721 1850 1849
f 7719 7720 1849 1848
f 2043 7719 1848 115
f 2044 7716 7719 2043
f 2045 7713 7716 2044
f 7722 7723 7726 7725
f 7723 7724 7727 7726
f 7725 7726 7729 7728
f 7726 7727 7730 7729
f 28 2799 7722 2796
f 2799 2800 7723 7722
f 2800 2801 7724 7723
f 2801 360 3165 7724
f 7724 3165 3166 7727
f 7727 3166 3167 7730
f 7730 3167 508 908
f 7729 7730 908 907
f 7728 7729 907 906
f 2798 7728 906 369
f 2797 7725 7728 2798
f 2796 7722 7725 2797
f 7731 7732 7735 7734
f 7732 7733 7736 7735
f 7734 7735 7738 7737
f 7735 7736 7739 7738
f 360 2804 7731 3165
f 2804 2803 7732 7731
f 2803 2802 7733 7732
f 2802 32 2805 7733
f 7733 2805 2806 7736
f 7736 2806 2807 7739
f 7739 2807 370 1596
f 7738 7739 1596 1597
f 7737 7738 1597 1598
f 3167 7737 1598 508
f 3166 7734 7737 3167
f 3165 7731 7734 3166
f 7740 7741 7744 7743
f 7741 7742 7745 7744
f 7743 7744 7747 7746
f 7744 7745 7748 7747
f 508 1598 7740 2048
f 1598 1597 7741 7740
f 1597 1596 7742 7741
f 1596 370 3170 7742
f 7742 3170 3169 7745
f 7745 3169 3168 7748
f 7748 3168 117 3045
f 7747 7748 3045 3046
f 7746 7747 3046 3047
f 2046 7746 3047 188
f 2047 7743 7746 2046
f 2048 7740 7743 2047
f 7749 7750 7753 7752
f 7750 7751 7754 7753
f 7752 7753 7756 7755
f 7753 7754 7757 7756
f 369 906 7749 2459
f 906 907 7750 7749
f 907 908 7751 7750
f 908 508 2048 7751
f 7751 2048 2047 7754
f 7754 2047 2046 7757
f 7757 2046 188 2225
f 7756 7757 2225 2224
f 7755 7756 2224 2223
f 2457 7755 2223 116
f 2458 7752 7755 2457
f 2459 7749 7752 2458
f 7758 7759 7762 7761
f 7759 7760 7763 7762
f 7761 7762 7765 7764
f 7762 7763 7766 7765
f 29 3309 7758 3582
f 3309 3310 7759 7758
f 3310 3311 7760 7759
f 3311 361 909 7760
f 7760 909 910 7763
f 7763 910 911 7766
f 7766 911 509 2462
f 7765 7766 2462 2461
f 7764 7765 2461 2460
f 3584 7764 2460 367
f 3583 7761 7764 3584
f 3582 7758 7761 3583
f 7767 7768 7771 7770
f 7768 7769 7772 7771
f 7770 7771 7774 7773
f 7771 7772 7775 7774
f 361 2960 7767 909
f 2960 2959 7768 7767
f 2959 2958 7769 7768
f 2958 25 3171 7769
f 7769 3171 3172 7772
f 7772 3172 3173 7775
f 7775 3173 371 2808
f 7774 7775 2808 2809
f 7773 7774 2809 2810
f 911 7773 2810 509
f 910 7770 7773 911
f 909 7767 7770 910
f 7776 7777 7780 7779
f 7777 7778 7781 7780
f 7779 7780 7783 7782
f 7780 7781 7784 7783
f 509 2810 7776 2813
f 2810 2809 7777 7776
f 2809 2808 7778 7777
f 2808 371 1265 7778
f 7778 1265 1264 7781
f 7781 1264 1263 7784
f 7784 1263 118 1134
f 7783 7784 1134 1135
f 7782 7783 1135 1136
f 2811 7782 1136 189
f 2812 7779 7782 2811
f 2813 7776 7779 2812
f 7785 7786 7789 7788
f 7786 7787 7790 7789
f 7788 7789 7792 7791
f 7789 7790 7793 7792
f 367 2460 7785 899
f 2460 2461 7786 7785
f 2461 2462 7787 7786
f 2462 509 2813 7787
f 7787 2813 2812 7790
f 7790 2812 2811 7793
f 7793 2811 189 725
f 7792 7793 725 724
f 7791 7792 724 723
f 897 7791 723 114
f 898 7788 7791 897
f 899 7785 7788 898
f 7794 7795 7798 7797
f 7795 7796 7799 7798
f 7797 7798 7801 7800
f 7798 7799 7802 7801
f 27 1602 7794 1599
f 1602 1603 7795 7794
f 1603 1604 7796 7795
f 1604 362 1605 7796
f 7796 1605 1606 7799
f 7799 1606 1607 7802
f 7802 1607 510 3590
f 7801 7802 3590 3589
f 7800 7801 3589 3588
f 1601 7800 3588 372
f 1600 7797 7800 1601
f 1599 7794 7797 1600
f 7803 7804 7807 7806
f 7804 7805 7808 7807
f 7806 7807 7810 7809
f 7807 7808 7811 7810
f 362 1268 7803 1605
f 1268 1267 7804 7803
f 1267 1266 7805 7804
f 1266 30 1269 7805
f 7805 1269 1270 7808
f 7808 1270 1271 7811
f 7811 1271 373 1272
f 7810 7811 1272 1273
f 7809 7810 1273 1274
f 1607 7809 1274 510
f 1606 7806 7809 1607
f 1605 7803 7806 1606
f 7812 7813 7816 7815
f 7813 7814 7817 7816
f 7815 7816 7819 7818
f 7816 7817 7820 7819
f 510 1274 7812 3176
f 1274 1273 7813 7812
f 1273 1272 7814 7813
f 1272 373 2465 7814
f 7814 2465 2464 7817
f 7817 2464 2463 7820
f 7820 2463 120 2214
f 7819 7820 2214 2215
f 7818 7819 2215 2216
f 3174 7818 2216 190
f 3175 7815 7818 3174
f 3176 7812 7815 3175
f 7821 7822 7825 7824
f 7822 7823 7826 7825
f 7824 7825 7828 7827
f 7825 7826 7829 7828
f 372 3588 7821 2051
f 3588 3589 7822 7821
f 3589 3590 7823 7822
f 3590 510 3176 7823
f 7823 3176 3175 7826
f 7826 3175 3174 7829
f 7829 3174 190 1844
f 7828 7829 1844 1843
f 7827 7828 1843 1842
f 2049 7827 1842 119
f 2050 7824 7827 2049
f 2051 7821 7824 2050
f 7830 7831 7834 7833
f 7831 7832 7835 7834
f 7833 7834 7837 7836
f 7834 7835 7838 7837
f 32 2592 7830 2805
f 2592 2593 7831 7830
f 2593 2594 7832 7831
f 2594 363 2814 7832
f 7832 2814 2815 7835
f 7835 2815 2816 7838
f 7838 2816 511 1610
f 7837 7838 1610 1609
f 7836 7837 1609 1608
f 2807 7836 1608 370
f 2806 7833 7836 2807
f 2805 7830 7833 2806
f 7839 7840 7843 7842
f 7840 7841 7844 7843
f 7842 7843 7846 7845
f 7843 7844 7847 7846
f 363 1376 7839 2814
f 1376 1375 7840 7839
f 1375 1374 7841 7840
f 1374 27 1599 7841
f 7841 1599 1600 7844
f 7844 1600 1601 7847
f 7847 1601 372 3591
f 7846 7847 3591 3592
f 7845 7846 3592 3593
f 2816 7845 3593 511
f 2815 7842 7845 2816
f 2814 7839 7842 2815
f 7848 7849 7852 7851
f 7849 7850 7853 7852
f 7851 7852 7855 7854
f 7852 7853 7856 7855
f 511 3593 7848 914
f 3593 3592 7849 7848
f 3592 3591 7850 7849
f 3591 372 2051 7850
f 7850 2051 2050 7853
f 7853 2050 2049 7856
f 7856 2049 119 1839
f 7855 7856 1839 1840
f 7854 7855 1840 1841
f 912 7854 1841 191
f 913 7851 7854 912
f 914 7848 7851 913
f 7857 7858 7861 7860
f 7858 7859 7862 7861
f 7860 7861 7864 7863
f 7861 7862 7865 7864
f 370 1608 7857 3170
f 1608 1609 7858 7857
f 1609 1610 7859 7858
f 1610 511 914 7859
f 7859 914 913 7862
f 7862 913 912 7865
f 7865 912 191 3026
f 7864 7865 3026 3025
f 7863 7864 3025 3024
f 3168 7863 3024 117
f 3169 7860 7863 3168
f 3170 7857 7860 3169
f 7866 7867 7870 7869
f 7867 7868 7871 7870
f 7869 7870 7873 7872
f 7870 7871 7874 7873
f 30 1062 7866 1269
f 1062 1063 7867 7866
f 1063 1064 7868 7867
f 1064 364 3177 7868
f 7868 3177 3178 7871
f 7871 3178 3179 7874
f 7874 3179 512 1277
f 7873 7874 1277 1276
f 7872 7873 1276 1275
f 1271 7872 1275 373
f 1270 7869 7872 1271
f 1269 7866 7869 1270
f 7875 7876 7879 7878
f 7876 7877 7880 7879
f 7878 7879 7882 7881
f 7879 7880 7883 7882
f 364 602 7875 3177
f 602 601 7876 7875
f 601 600 7877 7876
f 600 26 891 7877
f 7877 891 892 7880
f 7880 892 893 7883
f 7883 893 366 2052
f 7882 7883 2052 2053
f 7881 7882 2053 2054
f 3179 7881 2054 512
f 3178 7878 7881 3179
f 3177 7875 7878 3178
f 7884 7885 7888 7887
f 7885 7886 7889 7888
f 7887 7888 7891 7890
f 7888 7889 7892 7891
f 512 2054 7884 1613
f 2054 2053 7885 7884
f 2053 2052 7886 7885
f 2052 366 3164 7886
f 7886 3164 3163 7889
f 7889 3163 3162 7892
f 7892 3162 113 2910
f 7891 7892 2910 2911
f 7890 7891 2911 2912
f 1611 7890 2912 192
f 1612 7887 7890 1611
f 1613 7884 7887 1612
f 7893 7894 7897 7896
f 7894 7895 7898 7897
f 7896 7897 7900 7899
f 7897 7898 7901 7900
f 373 1275 7893 2465
f 1275 1276 7894 7893
f 1276 1277 7895 7894
f 1277 512 1613 7895
f 7895 1613 1612 7898
f 7898 1612 1611 7901
f 7901 1611 192 2147
f 7900 7901 2147 2146
f 7899 7900 2146 2145
f 2463 7899 2145 120
f 2464 7896 7899 2463
f 2465 7893 7896 2464
f 7902 7903 7906 7905
f 7903 7904 7907 7906
f 7905 7906 7909 7908
f 7906 7907 7910 7909
f 25 3180 7902 3171
f 3180 3181 7903 7902
f 3181 3182 7904 7903
f 3182 365 915 7904
f 7904 915 916 7907
f 7907 916 917 7910
f 7910 917 513 2819
f 7909 7910 2819 2818
f 7908 7909 2818 2817
f 3173 7908 2817 371
f 3172 7905 7908 3173
f 3171 7902 7905 3172
f 7911 7912 7915 7914
f 7912 7913 7916 7915
f 7914 7915 7918 7917
f 7915 7916 7919 7918
f 365 2057 7911 915
f 2057 2056 7912 7911
f 2056 2055 7913 7912
f 2055 31 2040 7913
f 7913 2040 2041 7916
f 7916 2041 2042 7919
f 7919 2042 368 3594
f 7918 7919 3594 3595
f 7917 7918 3595 3596
f 917 7917 3596 513
f 916 7914 7917 917
f 915 7911 7914 916
f 7920 7921 7924 7923
f 7921 7922 7925 7924
f 7923 7924 7927 7926
f 7924 7925 7928 7927
f 513 3596 7920 2822
f 3596 3595 7921 7920
f 3595 3594 7922 7921
f 3594 368 2045 7922
f 7922 2045 2044 7925
f 7925 2044 2043 7928
f 7928 2043 115 1755
f 7927 7928 1755 1756
f 7926 7927 1756 1757
f 2820 7926 1757 193
f 2821 7923 7926 2820
f 2822 7920 7923 2821
f 7929 7930 7933 7932
f 7930 7931 7934 7933
f 7932 7933 7936 7935
f 7933 7934 7937 7936
f 371 2817 7929 1265
f 2817 2818 7930 7929
f 2818 2819 7931 7930
f 2819 513 2822 7931
f 7931 2822 2821 7934
f 7934 2821 2820 7937
f 7937 2820 193 1040
f 7936 7937 1040 1039
f 7935 7936 1039 1038
f 1263 7935 1038 118
f 1264 7932 7935 1263
f 1265 7929 7932 1264
f 7938 7939 7942 7941
f 7939 7940 7943 7942
f 7941 7942 7945 7944
f 7942 7943 7946 7945
f 127 2058 7938 1776
f 2058 2059 7939 7938
f 2059 2060 7940 7939
f 2060 385 918 7940
f 7940 918 919 7943
f 7943 919 920 7946
f 7946 920 514 2468
f 7945 7946 2468 2467
f 7944 7945 2467 2466
f 1778 7944 2466 379
f 1777 7941 7944 1778
f 1776 7938 7941 1777
f 7947 7948 7951 7950
f 7948 7949 7952 7951
f 7950 7951 7954 7953
f 7951 7952 7955 7954
f 385 3599 7947 918
f 3599 3598 7948 7947
f 3598 3597 7949 7948
f 3597 121 3600 7949
f 7949 3600 3601 7952
f 7952 3601 3602 7955
f 7955 3602 374 1614
f 7954 7955 1614 1615
f 7953 7954 1615 1616
f 920 7953 1616 514
f 919 7950 7953 920
f 918 7947 7950 919
f 7956 7957 7960 7959
f 7957 7958 7961 7960
f 7959 7960 7963 7962
f 7960 7961 7964 7963
f 514 1616 7956 2471
f 1616 1615 7957 7956
f 1615 1614 7958 7957
f 1614 374 923 7958
f 7958 923 922 7961
f 7961 922 921 7964
f 7964 921 122 924
f 7963 7964 924 925
f 7962 7963 925 926
f 2469 7962 926 375
f 2470 7959 7962 2469
f 2471 7956 7959 2470
f 7965 7966 7969 7968
f 7966 7967 7970 7969
f 7968 7969 7972 7971
f 7969 7970 7973 7972
f 379 2466 7965 1367
f 2466 2467 7966 7965
f 2467 2468 7967 7966
f 2468 514 2471 7967
f 7967 2471 2470 7970
f 7970 2470 2469 7973
f 7973 2469 375 1619
f 7972 7973 1619 1618
f 7971 7972 1618 1617
f 1365 7971 1617 123
f 1366 7968 7971 1365
f 1367 7965 7968 1366
f 7974 7975 7978 7977
f 7975 7976 7979 7978
f 7977 7978 7981 7980
f 7978 7979 7982 7981
f 126 1278 7974 1074
f 1278 1279 7975 7974
f 1279 1280 7976 7975
f 1280 378 1620 7976
f 7976 1620 1621 7979
f 7979 1621 1622 7982
f 7982 1622 515 1283
f 7981 7982 1283 1282
f 7980 7981 1282 1281
f 1076 7980 1281 381
f 1075 7977 7980 1076
f 1074 7974 7977 1075
f 7983 7984 7987 7986
f 7984 7985 7988 7987
f 7986 7987 7990 7989
f 7987 7988 7991 7990
f 378 2825 7983 1620
f 2825 2824 7984 7983
f 2824 2823 7985 7984
f 2823 124 2826 7985
f 7985 2826 2827 7988
f 7988 2827 2828 7991
f 7991 2828 376 3183
f 7990 7991 3183 3184
f 7989 7990 3184 3185
f 1622 7989 3185 515
f 1621 7986 7989 1622
f 1620 7983 7986 1621
f 7992 7993 7996 7995
f 7993 7994 7997 7996
f 7995 7996 7999 7998
f 7996 7997 8000 7999
f 515 3185 7992 1625
f 3185 3184 7993 7992
f 3184 3183 7994 7993
f 3183 376 929 7994
f 7994 929 928 7997
f 7997 928 927 8000
f 8000 927 122 921
f 7999 8000 921 922
f 7998 7999 922 923
f 1623 7998 923 374
f 1624 7995 7998 1623
f 1625 7992 7995 1624
f 8001 8002 8005 8004
f 8002 8003 8006 8005
f 8004 8005 8008 8007
f 8005 8006 8009 8008
f 381 1281 8001 3320
f 1281 1282 8002 8001
f 1282 1283 8003 8002
f 1283 515 1625 8003
f 8003 1625 1624 8006
f 8006 1624 1623 8009
f 8009 1623 374 3602
f 8008 8009 3602 3601
f 8007 8008 3601 3600
f 3318 8007 3600 121
f 3319 8004 8007 3318
f 3320 8001 8004 3319
f 8010 8011 8014 8013
f 8011 8012 8015 8014
f 8013 8014 8017 8016
f 8014 8015 8018 8017
f 128 2472 8010 2175
f 2472 2473 8011 8010
f 2473 2474 8012 8011
f 2474 380 3186 8012
f 8012 3186 3187 8015
f 8015 3187 3188 8018
f 8018 3188 516 2831
f 8017 8018 2831 2830
f 8016 8017 2830 2829
f 2177 8016 2829 383
f 2176 8013 8016 2177
f 2175 8010 8013 2176
f 8019 8020 8023 8022
f 8020 8021 8024 8023
f 8022 8023 8026 8025
f 8023 8024 8027 8026
f 380 1628 8019 3186
f 1628 1627 8020 8019
f 1627 1626 8021 8020
f 1626 123 1617 8021
f 8021 1617 1618 8024
f 8024 1618 1619 8027
f 8027 1619 375 2475
f 8026 8027 2475 2476
f 8025 8026 2476 2477
f 3188 8025 2477 516
f 3187 8022 8025 3188
f 3186 8019 8022 3187
f 8028 8029 8032 8031
f 8029 8030 8033 8032
f 8031 8032 8035 8034
f 8032 8033 8036 8035
f 516 2477 8028 1286
f 2477 2476 8029 8028
f 2476 2475 8030 8029
f 2475 375 926 8030
f 8030 926 925 8033
f 8033 925 924 8036
f 8036 924 122 930
f 8035 8036 930 931
f 8034 8035 931 932
f 1284 8034 932 377
f 1285 8031 8034 1284
f 1286 8028 8031 1285
f 8037 8038 8041 8040
f 8038 8039 8042 8041
f 8040 8041 8044 8043
f 8041 8042 8045 8044
f 383 2829 8037 3329
f 2829 2830 8038 8037
f 2830 2831 8039 8038
f 2831 516 1286 8039
f 8039 1286 1285 8042
f 8042 1285 1284 8045
f 8045 1284 377 3605
f 8044 8045 3605 3604
f 8043 8044 3604 3603
f 3327 8043 3603 125
f 3328 8040 8043 3327
f 3329 8037 8040 3328
f 8046 8047 8050 8049
f 8047 8048 8051 8050
f 8049 8050 8053 8052
f 8050 8051 8054 8053
f 129 3606 8046 3306
f 3606 3607 8047 8046
f 3607 3608 8048 8047
f 3608 382 1629 8048
f 8048 1629 1630 8051
f 8051 1630 1631 8054
f 8054 1631 517 3611
f 8053 8054 3611 3610
f 8052 8053 3610 3609
f 3308 8052 3609 384
f 3307 8049 8052 3308
f 3306 8046 8049 3307
f 8055 8056 8059 8058
f 8056 8057 8060 8059
f 8058 8059 8062 8061
f 8059 8060 8063 8062
f 382 3614 8055 1629
f 3614 3613 8056 8055
f 3613 3612 8057 8056
f 3612 125 3603 8057
f 8057 3603 3604 8060
f 8060 3604 3605 8063
f 8063 3605 377 1287
f 8062 8063 1287 1288
f 8061 8062 1288 1289
f 1631 8061 1289 517
f 1630 8058 8061 1631
f 1629 8055 8058 1630
f 8064 8065 8068 8067
f 8065 8066 8069 8068
f 8067 8068 8071 8070
f 8068 8069 8072 8071
f 517 1289 8064 3191
f 1289 1288 8065 8064
f 1288 1287 8066 8065
f 1287 377 932 8066
f 8066 932 931 8069
f 8069 931 930 8072
f 8072 930 122 927
f 8071 8072 927 928
f 8070 8071 928 929
f 3189 8070 929 376
f 3190 8067 8070 3189
f 3191 8064 8067 3190
f 8073 8074 8077 8076
f 8074 8075 8078 8077
f 8076 8077 8080 8079
f 8077 8078 8081 8080
f 384 3609 8073 2576
f 3609 3610 8074 8073
f 3610 3611 8075 8074
f 3611 517 3191 8075
f 8075 3191 3190 8078
f 8078 3190 3189 8081
f 8081 3189 376 2828
f 8080 8081 2828 2827
f 8079 8080 2827 2826
f 2574 8079 2826 124
f 2575 8076 8079 2574
f 2576 8073 8076 2575
f 8082 8083 8086 8085
f 8083 8084 8087 8086
f 8085 8086 8089 8088
f 8086 8087 8090 8089
f 30 1266 8082 1065
f 1266 1267 8083 8082
f 1267 1268 8084 8083
f 1268 362 1632 8084
f 8084 1632 1633 8087
f 8087 1633 1634 8090
f 8090 1634 518 3194
f 8089 8090 3194 3193
f 8088 8089 3193 3192
f 1067 8088 3192 388
f 1066 8085 8088 1067
f 1065 8082 8085 1066
f 8091 8092 8095 8094
f 8092 8093 8096 8095
f 8094 8095 8098 8097
f 8095 8096 8099 8098
f 362 1604 8091 1632
f 1604 1603 8092 8091
f 1603 1602 8093 8092
f 1602 27 1371 8093
f 8093 1371 1372 8096
f 8096 1372 1373 8099
f 8099 1373 196 3615
f 8098 8099 3615 3616
f 8097 8098 3616 3617
f 1634 8097 3617 518
f 1633 8094 8097 1634
f 1632 8091 8094 1633
f 8100 8101 8104 8103
f 8101 8102 8105 8104
f 8103 8104 8107 8106
f 8104 8105 8108 8107
f 518 3617 8100 1637
f 3617 3616 8101 8100
f 3616 3615 8102 8101
f 3615 196 3326 8102
f 8102 3326 3325 8105
f 8105 3325 3324 8108
f 8108 3324 125 3612
f 8107 8108 3612 3613
f 8106 8107 3613 3614
f 1635 8106 3614 382
f 1636 8103 8106 1635
f 1637 8100 8103 1636
f 8109 8110 8113 8112
f 8110 8111 8114 8113
f 8112 8113 8116 8115
f 8113 8114 8117 8116
f 388 3192 8109 3305
f 3192 3193 8110 8109
f 3193 3194 8111 8110
f 3194 518 1637 8111
f 8111 1637 1636 8114
f 8114 1636 1635 8117
f 8117 1635 382 3608
f 8116 8117 3608 3607
f 8115 8116 3607 3606
f 3303 8115 3606 129
f 3304 8112 8115 3303
f 3305 8109 8112 3304
f 8118 8119 8122 8121
f 8119 8120 8123 8122
f 8121 8122 8125 8124
f 8122 8123 8126 8125
f 32 2802 8118 2595
f 2802 2803 8119 8118
f 2803 2804 8120 8119
f 2804 360 3195 8120
f 8120 3195 3196 8123
f 8123 3196 3197 8126
f 8126 3197 519 1292
f 8125 8126 1292 1291
f 8124 8125 1291 1290
f 2597 8124 1290 197
f 2596 8121 8124 2597
f 2595 8118 8121 2596
f 8127 8128 8131 8130
f 8128 8129 8132 8131
f 8130 8131 8134 8133
f 8131 8132 8135 8134
f 360 2801 8127 3195
f 2801 2800 8128 8127
f 2800 2799 8129 8128
f 2799 28 2577 8129
f 8129 2577 2578 8132
f 8132 2578 2579 8135
f 8135 2579 387 2478
f 8134 8135 2478 2479
f 8133 8134 2479 2480
f 3197 8133 2480 519
f 3196 8130 8133 3197
f 3195 8127 8130 3196
f 8136 8137 8140 8139
f 8137 8138 8141 8140
f 8139 8140 8143 8142
f 8140 8141 8144 8143
f 519 2480 8136 3200
f 2480 2479 8137 8136
f 2479 2478 8138 8137
f 2478 387 1364 8138
f 8138 1364 1363 8141
f 8141 1363 1362 8144
f 8144 1362 123 1626
f 8143 8144 1626 1627
f 8142 8143 1627 1628
f 3198 8142 1628 380
f 3199 8139 8142 3198
f 3200 8136 8139 3199
f 8145 8146 8149 8148
f 8146 8147 8150 8149
f 8148 8149 8152 8151
f 8149 8150 8153 8152
f 197 1290 8145 2174
f 1290 1291 8146 8145
f 1291 1292 8147 8146
f 1292 519 3200 8147
f 8147 3200 3199 8150
f 8150 3199 3198 8153
f 8153 3198 380 2474
f 8152 8153 2474 2473
f 8151 8152 2473 2472
f 2172 8151 2472 128
f 2173 8148 8151 2172
f 2174 8145 8148 2173
f 8154 8155 8158 8157
f 8155 8156 8159 8158
f 8157 8158 8161 8160
f 8158 8159 8162 8161
f 29 3579 8154 3312
f 3579 3580 8155 8154
f 3580 3581 8156 8155
f 3581 358 2061 8156
f 8156 2061 2062 8159
f 8159 2062 2063 8162
f 8162 2063 520 2834
f 8161 8162 2834 2833
f 8160 8161 2833 2832
f 3314 8160 2832 195
f 3313 8157 8160 3314
f 3312 8154 8157 3313
f 8163 8164 8167 8166
f 8164 8165 8168 8167
f 8166 8167 8170 8169
f 8167 8168 8171 8170
f 358 896 8163 2061
f 896 895 8164 8163
f 895 894 8165 8164
f 894 26 597 8165
f 8165 597 598 8168
f 8168 598 599 8171
f 8171 599 389 933
f 8170 8171 933 934
f 8169 8170 934 935
f 2063 8169 935 520
f 2062 8166 8169 2063
f 2061 8163 8166 2062
f 8172 8173 8176 8175
f 8173 8174 8177 8176
f 8175 8176 8179 8178
f 8176 8177 8180 8179
f 520 935 8172 1640
f 935 934 8173 8172
f 934 933 8174 8173
f 933 389 2573 8174
f 8174 2573 2572 8177
f 8177 2572 2571 8180
f 8180 2571 124 2823
f 8179 8180 2823 2824
f 8178 8179 2824 2825
f 1638 8178 2825 378
f 1639 8175 8178 1638
f 1640 8172 8175 1639
f 8181 8182 8185 8184
f 8182 8183 8186 8185
f 8184 8185 8188 8187
f 8185 8186 8189 8188
f 195 2832 8181 1073
f 2832 2833 8182 8181
f 2833 2834 8183 8182
f 2834 520 1640 8183
f 8183 1640 1639 8186
f 8186 1639 1638 8189
f 8189 1638 378 1280
f 8188 8189 1280 1279
f 8187 8188 1279 1278
f 1071 8187 1278 126
f 1072 8184 8187 1071
f 1073 8181 8184 1072
f 8190 8191 8194 8193
f 8191 8192 8195 8194
f 8193 8194 8197 8196
f 8194 8195 8198 8197
f 31 2055 8190 1770
f 2055 2056 8191 8190
f 2056 2057 8192 8191
f 2057 365 936 8192
f 8192 936 937 8195
f 8195 937 938 8198
f 8198 938 521 1643
f 8197 8198 1643 1642
f 8196 8197 1642 1641
f 1772 8196 1641 386
f 1771 8193 8196 1772
f 1770 8190 8193 1771
f 8199 8200 8203 8202
f 8200 8201 8204 8203
f 8202 8203 8206 8205
f 8203 8204 8207 8206
f 365 3182 8199 936
f 3182 3181 8200 8199
f 3181 3180 8201 8200
f 3180 25 2955 8201
f 8201 2955 2956 8204
f 8204 2956 2957 8207
f 8207 2957 194 1644
f 8206 8207 1644 1645
f 8205 8206 1645 1646
f 938 8205 1646 521
f 937 8202 8205 938
f 936 8199 8202 937
f 8208 8209 8212 8211
f 8209 8210 8213 8212
f 8211 8212 8215 8214
f 8212 8213 8216 8215
f 521 1646 8208 941
f 1646 1645 8209 8208
f 1645 1644 8210 8209
f 1644 194 3317 8210
f 8210 3317 3316 8213
f 8213 3316 3315 8216
f 8216 3315 121 3597
f 8215 8216 3597 3598
f 8214 8215 3598 3599
f 939 8214 3599 385
f 940 8211 8214 939
f 941 8208 8211 940
f 8217 8218 8221 8220
f 8218 8219 8222 8221
f 8220 8221 8224 8223
f 8221 8222 8225 8224
f 386 1641 8217 1775
f 1641 1642 8218 8217
f 1642 1643 8219 8218
f 1643 521 941 8219
f 8219 941 940 8222
f 8222 940 939 8225
f 8225 939 385 2060
f 8224 8225 2060 2059
f 8223 8224 2059 2058
f 1773 8223 2058 127
f 1774 8220 8223 1773
f 1775 8217 8220 1774
