# phallus, cut by scripts/blender/cut_male.py from man_genital.obj (sha256 8e9441b050350d588cb1e5415861f3939138354cc83ef13d5932eee59b9b8f13)
# CC0: the source's page states CC0; see packs/adult-anatomy/source/PROVENANCE.md
v -0.117639 0.291561 1.149867
v -0.095244 0.158572 1.120147
v -0.109664 0.150881 1.215992
v -0.079247 0.061847 1.162078
v -0.107147 0.049308 1.266936
v -0.070000 -0.009456 1.195242
v -0.099572 -0.156500 1.370039
v -0.068567 -0.190367 1.308528
v -0.047897 -0.259878 1.389472
v -0.042663 -0.259675 1.348642
v -0.068647 -0.124236 1.270075
v -0.107639 -0.076589 1.341861
v -0.035750 -0.133708 1.252455
v -0.094414 -0.106844 1.300439
v -0.053064 0.005739 1.425011
v -0.095156 -0.028733 1.390328
v -0.088292 -0.129725 1.414958
v -0.090975 -0.177297 1.333758
v -0.035894 -0.196683 1.295714
v -0.050297 -0.107928 1.455003
v -0.061897 -0.219228 1.323059
v -0.086428 -0.198233 1.380125
v 0.024053 -0.266881 1.367233
v -0.070675 -0.164158 1.295072
v -0.023286 -0.249833 1.432083
v -0.024339 -0.260211 1.346939
v -0.040839 -0.255006 1.413825
v -0.108611 -0.117089 1.358095
v -0.047083 -0.261694 1.365364
v -0.068150 -0.064486 1.224925
v -0.109322 -0.020661 1.301789
v -0.086064 0.109678 1.143453
v -0.109414 0.217967 1.185439
v -0.108700 0.095233 1.243056
v -0.050364 0.106761 1.351950
v -0.097672 0.015283 1.224445
v -0.035194 -0.022403 1.180270
v -0.053283 0.114744 1.112222
v -0.088594 0.083161 1.312756
v -0.053858 0.403778 1.200686
v -0.116319 0.221117 1.132711
v -0.097250 0.358797 1.173472
v -0.073606 0.022753 1.178831
v -0.092653 0.196589 1.249431
v -0.104078 0.102675 1.185581
v -0.041319 0.036064 1.147631
v -0.052297 0.229597 1.277511
v -0.054136 0.496058 1.156475
v -0.091806 0.271481 1.213067
v -0.052672 0.310372 1.239133
v -0.046414 0.075103 1.131283
v -0.107175 0.160894 1.161858
v -0.100342 0.054417 1.205686
v -0.092475 0.134786 1.284194
v -0.052250 0.162658 1.317770
v -0.037394 0.005028 1.164097
v -0.055875 -0.028319 1.443128
v -0.036547 -0.173267 1.280589
v -0.097128 -0.146831 1.320820
v -0.096694 -0.071414 1.403242
v -0.075175 -0.183044 1.422053
v -0.042208 -0.171761 1.458008
v -0.033008 -0.221972 1.312109
v -0.080078 -0.211111 1.346453
v 0.000000 -0.266989 1.366944
v -0.023967 -0.266656 1.367278
v -0.048217 0.032989 1.390025
v -0.034719 -0.074136 1.208022
v -0.095678 -0.045756 1.257572
v -0.087697 0.010219 1.350181
v -0.052903 -0.246106 1.336514
v -0.070283 -0.235178 1.386189
v -0.058750 -0.225175 1.420636
v -0.032436 -0.217539 1.448044
v -0.028494 -0.245550 1.328667
v -0.067242 -0.242919 1.356542
v -0.069461 -0.142461 1.283409
v -0.109386 -0.090503 1.351078
v -0.055497 0.000589 1.434283
v -0.036047 -0.152308 1.267139
v -0.095700 -0.123761 1.311620
v -0.098553 -0.037647 1.398475
v -0.068225 -0.038336 1.210786
v -0.107967 0.010406 1.286683
v -0.048597 0.062736 1.374528
v -0.034556 -0.049147 1.194706
v -0.095775 -0.017483 1.242403
v -0.087267 0.041178 1.334147
v -0.068433 -0.106050 1.254956
v -0.107683 -0.061658 1.327653
v -0.051044 0.009467 1.412639
v -0.035558 -0.115622 1.236778
v -0.094761 -0.088808 1.286100
v -0.090814 -0.022525 1.375664
v -0.068381 -0.086850 1.239161
v -0.108836 -0.042900 1.313781
v -0.048806 0.016825 1.400983
v -0.035150 -0.096286 1.221645
v -0.095581 -0.068847 1.271081
v -0.088136 -0.010058 1.362056
v 0.000200 0.416886 1.210736
v 0.119417 0.291858 1.150011
v 0.002978 0.100142 1.109528
v 0.098694 0.160736 1.121020
v 0.001394 0.240828 1.288106
v 0.111903 0.150344 1.215861
v 0.002311 0.027947 1.143236
v 0.082683 0.063233 1.163500
v 0.000933 0.114658 1.369075
v 0.109767 0.048658 1.266308
v 0.001444 -0.026208 1.176053
v 0.072531 -0.008789 1.196336
v 0.000000 -0.102417 1.467456
v 0.100339 -0.156322 1.369528
v -0.000083 -0.198369 1.292611
v 0.067197 -0.190028 1.309628
v -0.000000 -0.247878 1.437172
v 0.048081 -0.259892 1.389364
v -0.000014 -0.259544 1.346131
v 0.042946 -0.259725 1.348400
v 0.000000 -0.267681 1.404553
v 0.000003 0.016233 1.437275
v 0.000486 -0.136300 1.247614
v 0.068950 -0.123603 1.270989
v 0.107856 -0.076497 1.341822
v 0.036408 -0.133033 1.253605
v 0.094692 -0.106636 1.300675
v 0.053075 0.005725 1.424995
v 0.095200 -0.028767 1.390289
v 0.088458 -0.129633 1.414681
v 0.091050 -0.177119 1.333642
v 0.035225 -0.196364 1.296631
v 0.050294 -0.107914 1.454958
v -0.000000 -0.168761 1.468672
v 0.061208 -0.218869 1.323631
v 0.086936 -0.198036 1.379831
v -0.000000 -0.260692 1.418700
v 0.021314 -0.267442 1.407497
v -0.000228 -0.222167 1.309911
v 0.069744 -0.163781 1.296533
v 0.023303 -0.249828 1.432089
v 0.000131 -0.175894 1.276603
v 0.024394 -0.260169 1.346881
v 0.040931 -0.254972 1.413825
v 0.108003 -0.116914 1.358353
v 0.047431 -0.261944 1.365175
v 0.000000 -0.016233 1.458272
v 0.069397 -0.063794 1.225761
v 0.000219 0.040950 1.409486
v 0.110131 -0.020972 1.301339
v 0.000794 -0.076394 1.203856
v 0.000764 0.323642 1.249508
v 0.089678 0.111814 1.144689
v 0.111675 0.217922 1.185533
v 0.001408 0.171944 1.330394
v 0.110028 0.094789 1.242647
v 0.001836 -0.000286 1.159831
v 0.002786 0.063931 1.127380
v 0.052681 0.106425 1.350847
v 0.100214 0.015144 1.224681
v 0.037889 -0.020928 1.181856
v 0.058306 0.116919 1.112978
v 0.091097 0.082483 1.311447
v 0.054481 0.403625 1.200508
v 0.118886 0.222231 1.133281
v 0.098600 0.358683 1.173400
v 0.076525 0.023800 1.180239
v 0.095100 0.195247 1.248233
v 0.106894 0.102986 1.186350
v 0.045489 0.037600 1.148880
v 0.054733 0.228261 1.275861
v 0.000019 0.508014 1.165967
v 0.054222 0.496044 1.156453
v 0.093922 0.270819 1.212614
v 0.054317 0.309700 1.238445
v 0.051292 0.077217 1.132342
v 0.109994 0.161828 1.162606
v 0.102728 0.054572 1.206286
v 0.094167 0.133656 1.282508
v 0.054594 0.161703 1.316006
v 0.040747 0.006631 1.165622
v 0.055872 -0.028317 1.443117
v 0.036378 -0.172864 1.281619
v 0.096647 -0.146656 1.321372
v 0.096539 -0.071364 1.403253
v 0.075431 -0.182942 1.421967
v 0.042244 -0.171744 1.458003
v 0.032300 -0.221558 1.312989
v 0.080153 -0.210872 1.346359
v 0.015658 -0.262346 1.419650
v -0.021297 -0.267456 1.407492
v 0.048994 0.032942 1.389867
v 0.036197 -0.073136 1.209372
v 0.096708 -0.045611 1.257697
v 0.088508 0.009881 1.349509
v 0.000000 -0.215494 1.456178
v 0.052861 -0.245764 1.336619
v 0.070458 -0.234964 1.386092
v -0.000106 -0.244514 1.327181
v 0.058914 -0.225078 1.420700
v 0.032469 -0.217525 1.448067
v 0.028300 -0.245192 1.329042
v 0.067344 -0.242686 1.356447
v 0.069403 -0.141989 1.284522
v 0.000331 -0.155097 1.262617
v 0.109119 -0.090458 1.351281
v -0.000000 0.012361 1.448456
v 0.055497 0.000586 1.434283
v 0.036406 -0.151767 1.268319
v 0.095603 -0.123611 1.312092
v 0.098486 -0.037650 1.398511
v 0.070039 -0.037544 1.211889
v 0.000475 0.069928 1.394620
v 0.109719 0.010042 1.286292
v 0.001072 -0.052064 1.190461
v 0.050208 0.062650 1.374150
v 0.036544 -0.047867 1.196314
v 0.097425 -0.017278 1.242828
v 0.089186 0.040831 1.333428
v 0.068775 -0.105189 1.256167
v 0.000025 0.020294 1.426097
v 0.107717 -0.061267 1.327667
v 0.000528 -0.118044 1.231914
v 0.051142 0.009458 1.412556
v 0.036311 -0.114736 1.238119
v 0.094989 -0.088300 1.286533
v 0.090825 -0.022553 1.375458
v 0.069156 -0.086039 1.240231
v 0.000092 0.027294 1.418175
v 0.109081 -0.042889 1.313581
v 0.000606 -0.098386 1.217328
v 0.049142 0.016833 1.400875
v 0.036219 -0.095275 1.223047
v 0.096108 -0.068472 1.271403
v 0.088286 -0.010350 1.361472
v -0.015654 -0.262363 1.419650
v 0.023911 -0.269047 1.388659
v -0.000000 -0.269750 1.387439
v -0.023869 -0.268886 1.388642
v -0.120370 0.235550 1.124522
v -0.125269 0.249536 1.116000
v -0.098632 0.169593 1.113440
v -0.102696 0.179799 1.106383
v -0.102481 0.172911 1.122869
v -0.108364 0.188230 1.125876
v -0.112957 0.204356 1.129159
v -0.048434 -0.126666 1.456970
v -0.046482 -0.143274 1.458164
v -0.044415 -0.158167 1.458529
v -0.080994 -0.123198 1.426437
v -0.071992 -0.117200 1.437308
v -0.061642 -0.112016 1.447015
v -0.085393 -0.144186 1.417536
v -0.082233 -0.157871 1.419589
v -0.078824 -0.170813 1.421100
v -0.068663 -0.179592 1.432526
v -0.060798 -0.176494 1.442320
v -0.051880 -0.173851 1.450970
v -0.055393 0.123346 1.106774
v -0.057720 0.131050 1.101041
v 0.002984 0.107791 1.104494
v 0.002978 0.114528 1.099221
v 0.002966 0.120209 1.093731
v -0.040050 0.108130 1.111007
v -0.026082 0.103480 1.110131
v -0.011649 0.100811 1.109628
v -0.099487 0.382201 1.162172
v -0.101899 0.405601 1.150454
v -0.121557 0.310459 1.139863
v -0.126207 0.329298 1.129427
v -0.114750 0.309347 1.155049
v -0.110449 0.326726 1.160674
v -0.104645 0.343332 1.166796
v -0.092215 0.214047 1.240416
v -0.091814 0.232365 1.231368
v -0.091620 0.251517 1.222261
v -0.106989 0.232066 1.192059
v -0.103290 0.245800 1.198907
v -0.098251 0.258995 1.205928
v -0.109420 0.166699 1.208719
v -0.109141 0.183231 1.201216
v -0.109061 0.200359 1.193463
v -0.107652 0.162936 1.224310
v -0.104183 0.174677 1.232740
v -0.099202 0.185947 1.241157
v -0.084388 0.143200 1.293834
v -0.074859 0.150731 1.302802
v -0.064082 0.157257 1.310860
v -0.089537 0.095193 1.306327
v -0.090615 0.107806 1.299419
v -0.091653 0.121003 1.292039
v -0.061424 0.102217 1.343511
v -0.071507 0.096709 1.334001
v -0.080577 0.090328 1.323666
v -0.050930 0.119710 1.344446
v -0.051470 0.133359 1.336165
v -0.051929 0.147683 1.327232
v -0.042479 0.045178 1.143611
v -0.043704 0.054827 1.139589
v -0.045011 0.064855 1.135501
v -0.034589 0.069991 1.129475
v -0.022341 0.066417 1.128214
v -0.009830 0.064393 1.127513
v 0.002441 0.036303 1.139267
v 0.002568 0.045197 1.135346
v 0.002686 0.054462 1.131406
v -0.030681 0.032343 1.145572
v -0.019801 0.029745 1.144152
v -0.008772 0.028278 1.143373
v -0.104769 0.116501 1.180078
v -0.105413 0.130927 1.174311
v -0.106163 0.145782 1.168249
v -0.093198 0.121319 1.147529
v -0.099067 0.133865 1.151964
v -0.103712 0.147122 1.156744
v -0.080861 0.073143 1.157708
v -0.082533 0.084978 1.153185
v -0.084266 0.097205 1.148453
v -0.086962 0.070870 1.167170
v -0.093741 0.080772 1.172807
v -0.099480 0.091418 1.178956
v -0.098253 0.024365 1.219799
v -0.098864 0.033888 1.215135
v -0.099547 0.043891 1.210436
v -0.081515 0.029422 1.184394
v -0.088712 0.036977 1.190740
v -0.095040 0.045337 1.197845
v -0.070719 -0.001819 1.191182
v -0.071551 0.006050 1.187084
v -0.072509 0.014218 1.182962
v -0.077928 -0.004403 1.201111
v -0.085303 0.001428 1.207930
v -0.091944 0.008003 1.215705
v -0.107065 0.105674 1.253363
v -0.103822 0.115859 1.263775
v -0.098961 0.125619 1.274112
v -0.107367 0.060069 1.261312
v -0.107743 0.071274 1.255443
v -0.108210 0.082977 1.249350
v -0.105012 0.058215 1.278465
v -0.101043 0.066940 1.290024
v -0.095487 0.075313 1.301494
v -0.053982 0.427817 1.189705
v -0.054031 0.451498 1.178358
v -0.054062 0.474389 1.167122
v -0.066263 0.395467 1.194787
v -0.077814 0.385072 1.187939
v -0.088235 0.372784 1.180661
v -0.035576 -0.015643 1.176356
v -0.036067 -0.008847 1.172333
v -0.036672 -0.001971 1.168236
v -0.027701 0.002551 1.162074
v -0.017901 0.000818 1.160679
v -0.008040 -0.000139 1.159925
v 0.001540 -0.019728 1.172144
v 0.001635 -0.013262 1.168117
v 0.001733 -0.006788 1.164002
v -0.026095 -0.024196 1.178259
v -0.016938 -0.025458 1.176872
v -0.007749 -0.026143 1.176129
v -0.049822 0.094540 1.358598
v -0.049333 0.083093 1.364485
v -0.048917 0.072475 1.369748
v -0.087924 0.071715 1.318709
v -0.087514 0.060880 1.324226
v -0.087312 0.050690 1.329355
v -0.059433 0.058623 1.365563
v -0.069502 0.053620 1.355766
v -0.078785 0.047786 1.345254
v -0.036249 -0.190610 1.291750
v -0.036461 -0.184681 1.287894
v -0.036553 -0.178900 1.284167
v -0.027477 -0.174486 1.278677
v -0.018315 -0.175320 1.277405
v -0.009099 -0.175785 1.276728
v -0.000029 -0.192600 1.288409
v 0.000025 -0.186933 1.284321
v 0.000078 -0.181366 1.280376
v -0.027028 -0.197476 1.294176
v -0.018078 -0.198013 1.293185
v -0.009084 -0.198306 1.292682
v -0.093191 -0.169195 1.330315
v -0.095019 -0.161360 1.326928
v -0.096364 -0.153876 1.323722
v -0.078268 -0.160706 1.300427
v -0.085288 -0.156705 1.306493
v -0.091614 -0.152099 1.313285
v -0.069554 -0.183470 1.304965
v -0.070218 -0.176778 1.301519
v -0.070583 -0.170329 1.298213
v -0.075321 -0.187793 1.313681
v -0.081324 -0.184764 1.319636
v -0.086551 -0.181269 1.326344
v -0.090913 -0.114579 1.411926
v -0.093217 -0.099336 1.408731
v -0.095159 -0.084710 1.405721
v -0.108214 -0.106866 1.368981
v -0.106213 -0.095650 1.380267
v -0.102432 -0.083735 1.391753
v -0.102433 -0.146020 1.366904
v -0.104979 -0.135811 1.363729
v -0.107082 -0.126094 1.360723
v -0.099038 -0.150089 1.380726
v -0.097133 -0.143366 1.391894
v -0.093627 -0.136515 1.403364
v -0.045443 -0.249042 1.415685
v -0.049955 -0.241991 1.417520
v -0.054387 -0.233990 1.419211
v -0.068892 -0.232731 1.394686
v -0.066529 -0.230194 1.403391
v -0.063160 -0.227648 1.412106
v -0.053859 -0.255203 1.389028
v -0.059666 -0.249469 1.388289
v -0.065186 -0.242765 1.387321
v -0.047036 -0.258875 1.395752
v -0.045623 -0.257698 1.401956
v -0.043583 -0.256393 1.408006
v -0.053653 0.004997 1.427643
v -0.054283 0.004060 1.430031
v -0.054911 0.002675 1.432227
v -0.065395 -0.000636 1.418292
v -0.076815 -0.008562 1.410224
v -0.086882 -0.017956 1.400878
v -0.096259 -0.029892 1.393101
v -0.097251 -0.031441 1.395357
v -0.098045 -0.033865 1.397135
v -0.068302 -0.006507 1.427060
v -0.080075 -0.015307 1.418632
v -0.090323 -0.025719 1.409078
v -0.025074 -0.257457 1.342168
v -0.026079 -0.254120 1.337532
v -0.027253 -0.250163 1.333031
v -0.021562 -0.245207 1.327906
v -0.014488 -0.244889 1.327431
v -0.007319 -0.244643 1.327202
v -0.000027 -0.256582 1.341183
v -0.000046 -0.253095 1.336376
v -0.000072 -0.249075 1.331710
v -0.018470 -0.259980 1.346608
v -0.012419 -0.259769 1.346353
v -0.006247 -0.259613 1.346188
v -0.052629 -0.258486 1.363665
v -0.057934 -0.254283 1.361501
v -0.062854 -0.249092 1.359063
v -0.057532 -0.245741 1.340361
v -0.061449 -0.245097 1.345038
v -0.064678 -0.244161 1.350461
v -0.044643 -0.258005 1.346422
v -0.047324 -0.255102 1.343338
v -0.050153 -0.251110 1.339960
v -0.043660 -0.260442 1.351351
v -0.044906 -0.261164 1.355350
v -0.046085 -0.261574 1.360084
v 0.017902 -0.269618 1.388227
v 0.011920 -0.269818 1.387837
v 0.005956 -0.269809 1.387553
v 0.022336 -0.268228 1.403230
v 0.023078 -0.268749 1.398632
v 0.023588 -0.269017 1.393758
v 0.005411 -0.267836 1.404775
v 0.010789 -0.268078 1.405388
v 0.016101 -0.268061 1.406319
v -0.000000 -0.268714 1.400717
v 0.000000 -0.269391 1.396568
v -0.000000 -0.269730 1.392132
v -0.035710 -0.129213 1.248572
v -0.035670 -0.124716 1.244648
v -0.035621 -0.120194 1.240708
v -0.026698 -0.116842 1.234399
v -0.017691 -0.117627 1.232837
v -0.008597 -0.118015 1.232029
v 0.000504 -0.131767 1.243677
v 0.000514 -0.127237 1.239722
v 0.000521 -0.122674 1.235788
v -0.026853 -0.134957 1.250122
v -0.017808 -0.135789 1.248571
v -0.008675 -0.136228 1.247752
v -0.094387 -0.102570 1.297085
v -0.094447 -0.098119 1.293549
v -0.094578 -0.093521 1.289873
v -0.075742 -0.102480 1.261627
v -0.082593 -0.098426 1.269082
v -0.088946 -0.093874 1.277260
v -0.068560 -0.119754 1.266435
v -0.068498 -0.115223 1.262698
v -0.068457 -0.110653 1.258869
v -0.075888 -0.120699 1.276546
v -0.082626 -0.116648 1.283796
v -0.088817 -0.112043 1.291776
v -0.094021 -0.027546 1.387034
v -0.092896 -0.026176 1.383368
v -0.091816 -0.024532 1.379516
v -0.106350 -0.052510 1.339585
v -0.102943 -0.042654 1.351808
v -0.097689 -0.032517 1.363957
v -0.107452 -0.073272 1.338631
v -0.107415 -0.069675 1.335102
v -0.107501 -0.065802 1.331400
v -0.107395 -0.065402 1.353999
v -0.105324 -0.053178 1.366442
v -0.101290 -0.040695 1.378712
v -0.083919 0.283076 1.220228
v -0.074685 0.293569 1.227156
v -0.064227 0.302741 1.233557
v -0.084521 0.206443 1.257419
v -0.074956 0.215342 1.264912
v -0.064151 0.223117 1.271684
v -0.052283 0.248412 1.267615
v -0.052334 0.268140 1.257937
v -0.052460 0.288791 1.248451
v -0.025497 -0.243422 1.436116
v -0.027747 -0.235784 1.440222
v -0.030053 -0.227097 1.444249
v -0.053303 -0.222853 1.428771
v -0.046973 -0.220758 1.436241
v -0.039954 -0.218962 1.442761
v -0.028461 -0.250930 1.428631
v -0.033184 -0.252205 1.424314
v -0.037347 -0.253587 1.419317
v -0.119196 0.273696 1.145076
v -0.119470 0.255916 1.140641
v -0.118498 0.238348 1.136530
v 0.000123 0.440445 1.199544
v 0.000071 0.463644 1.187988
v 0.000039 0.486246 1.176613
v -0.040373 0.501671 1.161075
v -0.026802 0.505365 1.163993
v -0.013360 0.507395 1.165525
v -0.040854 0.409883 1.205217
v -0.027414 0.413946 1.208353
v -0.013681 0.416202 1.210168
v -0.071304 -0.194593 1.422443
v -0.067247 -0.205465 1.422305
v -0.063048 -0.215659 1.421687
v -0.039851 -0.184411 1.456580
v -0.037393 -0.196225 1.454350
v -0.034900 -0.207252 1.451459
v -0.086621 0.145390 1.117717
v -0.076685 0.133558 1.115584
v -0.065538 0.123277 1.113751
v -0.052358 0.211678 1.287618
v -0.052412 0.194594 1.297804
v -0.052397 0.178278 1.307908
v -0.092972 0.179997 1.258415
v -0.093091 0.164216 1.267278
v -0.092947 0.149170 1.275909
v -0.095292 0.335925 1.184101
v -0.093688 0.313722 1.194136
v -0.092504 0.292228 1.203738
v -0.114485 0.272796 1.159385
v -0.112082 0.254241 1.168451
v -0.110400 0.235948 1.177118
v 0.001275 0.260219 1.278067
v 0.001120 0.280515 1.268327
v 0.000944 0.301670 1.258827
v -0.040164 0.316283 1.243626
v -0.026926 0.320452 1.246912
v -0.013202 0.322898 1.248902
v -0.039592 0.234640 1.282187
v -0.026257 0.238203 1.285583
v -0.012519 0.240271 1.287592
v 0.000306 0.393201 1.221151
v 0.000439 0.369616 1.230912
v 0.000593 0.346355 1.240278
v -0.053619 0.379775 1.210946
v -0.053304 0.356063 1.220609
v -0.052969 0.332856 1.229923
v -0.077659 0.099120 1.139751
v -0.068128 0.089766 1.136461
v -0.057653 0.081725 1.133624
v -0.070704 0.053818 1.157562
v -0.061452 0.046826 1.153639
v -0.051616 0.040900 1.150324
v -0.092417 0.146882 1.126494
v -0.090026 0.134706 1.132488
v -0.087950 0.122240 1.138137
v -0.051349 0.105425 1.117375
v -0.049568 0.095581 1.122251
v -0.047928 0.085408 1.126878
v 0.002958 0.091736 1.114311
v 0.002920 0.082765 1.118864
v 0.002864 0.073430 1.123211
v -0.110623 0.203666 1.179095
v -0.110642 0.189301 1.173043
v -0.109487 0.175001 1.167295
v -0.110272 0.138668 1.207902
v -0.109518 0.126457 1.200103
v -0.107440 0.114406 1.192645
v -0.113067 0.206325 1.140541
v -0.110524 0.191283 1.148009
v -0.108593 0.176102 1.155114
v -0.108751 0.084707 1.233019
v -0.107305 0.074275 1.223374
v -0.104468 0.064118 1.214227
v -0.107283 0.040392 1.255573
v -0.105584 0.031636 1.244566
v -0.102298 0.023210 1.234122
v -0.109686 0.135863 1.223053
v -0.109495 0.121621 1.229912
v -0.109148 0.108096 1.236577
v -0.103225 0.089583 1.190853
v -0.102259 0.077211 1.195934
v -0.101268 0.065507 1.200864
v -0.077693 0.051203 1.166347
v -0.076219 0.041181 1.170545
v -0.074848 0.031719 1.174698
v 0.001068 0.127903 1.360411
v 0.001199 0.141882 1.350934
v 0.001316 0.156570 1.340857
v -0.039561 0.166834 1.323312
v -0.026236 0.169769 1.327346
v -0.012504 0.171470 1.329747
v -0.038396 0.110271 1.359055
v -0.025710 0.112746 1.364504
v -0.012527 0.114203 1.367956
v 0.001465 0.222365 1.298471
v 0.001488 0.204778 1.309063
v 0.001467 0.187995 1.319748
v -0.065133 0.017029 1.174061
v -0.056206 0.012210 1.170047
v -0.046927 0.008231 1.166742
v -0.061679 -0.013711 1.190300
v -0.053056 -0.017232 1.186214
v -0.044203 -0.020102 1.182899
v -0.040217 0.027595 1.151698
v -0.039183 0.019686 1.155810
v -0.038236 0.012208 1.159949
v 0.002184 0.020241 1.147302
v 0.002062 0.013076 1.151446
v 0.001946 0.006289 1.155634
v -0.000000 -0.079884 1.465537
v -0.000000 -0.056494 1.463266
v -0.000000 -0.034519 1.460794
v -0.042675 -0.022359 1.449692
v -0.028816 -0.018657 1.454432
v -0.014518 -0.016764 1.457305
v -0.052073 -0.087034 1.452359
v -0.053672 -0.065518 1.449298
v -0.054977 -0.045306 1.446120
v -0.038282 -0.105128 1.460854
v -0.025787 -0.103449 1.464701
v -0.012973 -0.102632 1.466812
v -0.000000 -0.003319 1.455817
v 0.000000 0.004903 1.453403
v 0.000000 0.009707 1.450970
v -0.042094 0.005923 1.440208
v -0.028287 0.009581 1.444667
v -0.014211 0.011687 1.447478
v -0.056289 -0.015989 1.440547
v -0.056290 -0.007760 1.438308
v -0.055990 -0.002584 1.436268
v -0.048222 0.039054 1.386692
v -0.048270 0.046028 1.382994
v -0.048387 0.053920 1.378937
v -0.087590 0.016891 1.346676
v -0.087452 0.024275 1.342822
v -0.087329 0.032371 1.338639
v -0.059122 0.028567 1.381309
v -0.069358 0.023251 1.371713
v -0.078894 0.017111 1.361313
v -0.062622 -0.167115 1.290416
v -0.054197 -0.169603 1.286451
v -0.045478 -0.171646 1.283177
v -0.061109 -0.192502 1.304204
v -0.053076 -0.194238 1.300668
v -0.044621 -0.195617 1.297858
v -0.070530 -0.158295 1.292102
v -0.070223 -0.152734 1.289229
v -0.069839 -0.147460 1.286362
v -0.061615 -0.145667 1.278197
v -0.053382 -0.148359 1.273750
v -0.044836 -0.150564 1.270064
v -0.036466 -0.167785 1.277166
v -0.036337 -0.162459 1.273835
v -0.036188 -0.157298 1.270519
v -0.027085 -0.153617 1.264966
v -0.018002 -0.154507 1.263513
v -0.008847 -0.154995 1.262743
v 0.000182 -0.170518 1.273013
v 0.000233 -0.165249 1.269540
v 0.000282 -0.160103 1.266102
v -0.107572 -0.126099 1.347779
v -0.105230 -0.133965 1.338102
v -0.101707 -0.140828 1.329102
v -0.098939 -0.162442 1.359981
v -0.097243 -0.167887 1.350581
v -0.094562 -0.172838 1.341840
v -0.109485 -0.108984 1.355982
v -0.109806 -0.101836 1.354247
v -0.109723 -0.095668 1.352681
v -0.107706 -0.101032 1.340082
v -0.104730 -0.109870 1.329869
v -0.100660 -0.117340 1.320395
v -0.097266 -0.140294 1.318294
v -0.096935 -0.134274 1.316030
v -0.096343 -0.128765 1.313860
v -0.076852 -0.138713 1.289381
v -0.083726 -0.134378 1.296091
v -0.090028 -0.129410 1.303513
v -0.097788 -0.060033 1.401530
v -0.098450 -0.050645 1.400377
v -0.098698 -0.043200 1.399465
v -0.109559 -0.078159 1.362815
v -0.107980 -0.064663 1.374925
v -0.104396 -0.050872 1.386962
v -0.068182 -0.036795 1.434840
v -0.079296 -0.047273 1.425165
v -0.088905 -0.059048 1.414500
v -0.096508 -0.167054 1.372959
v -0.093281 -0.177579 1.375621
v -0.089914 -0.187998 1.378013
v -0.085590 -0.194458 1.390141
v -0.083532 -0.190591 1.400616
v -0.080108 -0.186748 1.411328
v 0.000000 -0.241669 1.442127
v 0.000000 -0.234047 1.447006
v -0.000000 -0.225244 1.451720
v -0.024594 -0.216537 1.451886
v -0.016523 -0.215910 1.454397
v -0.008300 -0.215587 1.455764
v -0.017764 -0.248975 1.434543
v -0.011986 -0.248364 1.436107
v -0.006036 -0.247999 1.436932
v -0.000000 -0.122291 1.468872
v -0.000000 -0.139597 1.469641
v 0.000000 -0.154899 1.469622
v -0.032053 -0.170292 1.463093
v -0.021557 -0.169372 1.466379
v -0.010835 -0.168896 1.468146
v -0.047564 -0.246212 1.333546
v -0.041625 -0.246113 1.331348
v -0.035223 -0.245872 1.329771
v -0.039570 -0.260132 1.348247
v -0.035102 -0.260420 1.347772
v -0.029943 -0.260405 1.347330
v -0.067245 -0.197432 1.312176
v -0.065645 -0.204624 1.315855
v -0.063839 -0.211903 1.319502
v -0.035381 -0.202894 1.299762
v -0.034719 -0.209207 1.303865
v -0.033923 -0.215580 1.307991
v -0.055483 -0.220345 1.319208
v -0.048426 -0.221131 1.316159
v -0.040882 -0.221652 1.313822
v -0.000136 -0.204241 1.296898
v -0.000183 -0.210186 1.301234
v -0.000215 -0.216172 1.305584
v -0.024945 -0.222151 1.310933
v -0.016761 -0.222224 1.310221
v -0.008505 -0.222219 1.309904
v -0.070744 -0.237461 1.378068
v -0.070341 -0.239537 1.370392
v -0.069149 -0.241369 1.363202
v -0.048278 -0.260667 1.383198
v -0.048235 -0.261234 1.377024
v -0.047819 -0.261577 1.371046
v -0.088467 -0.185587 1.337149
v -0.085757 -0.194014 1.340426
v -0.082931 -0.202536 1.343544
v -0.086182 -0.201818 1.370752
v -0.084969 -0.205174 1.362035
v -0.082898 -0.208279 1.353945
v -0.067543 -0.217730 1.327772
v -0.072428 -0.215861 1.333295
v -0.076593 -0.213647 1.339549
v 0.000000 -0.268073 1.372219
v 0.000000 -0.268905 1.377429
v -0.000000 -0.269469 1.382521
v 0.018061 -0.267047 1.367177
v 0.012050 -0.267077 1.367078
v 0.006028 -0.267036 1.366986
v 0.024137 -0.267767 1.372610
v 0.024158 -0.268422 1.378018
v 0.024091 -0.268849 1.383390
v 0.042055 -0.263522 1.389498
v 0.036005 -0.266155 1.389372
v 0.029950 -0.267945 1.389066
v 0.030016 -0.266488 1.367188
v 0.035923 -0.265678 1.366920
v 0.041739 -0.264236 1.366294
v 0.048504 -0.260745 1.383070
v 0.048508 -0.261386 1.376880
v 0.048135 -0.261793 1.370884
v 0.047188 -0.258851 1.395670
v 0.045751 -0.257658 1.401905
v 0.043692 -0.256352 1.407984
v 0.026401 -0.265921 1.408859
v 0.031362 -0.263383 1.410378
v 0.036203 -0.259757 1.412039
v 0.023945 -0.265749 1.361949
v 0.023900 -0.264306 1.356783
v 0.024016 -0.262473 1.351754
v 0.039824 -0.260174 1.348020
v 0.035298 -0.260438 1.347588
v 0.030066 -0.260391 1.347209
v 0.043980 -0.260560 1.351093
v 0.045256 -0.261354 1.355095
v 0.046444 -0.261814 1.359858
v -0.023941 -0.262427 1.351842
v -0.023813 -0.264183 1.356871
v -0.023855 -0.265564 1.362019
v -0.041421 -0.263935 1.366462
v -0.035675 -0.265375 1.367049
v -0.029854 -0.266215 1.367272
v 0.000005 0.016981 1.434315
v 0.000010 0.017916 1.431403
v 0.000016 0.019025 1.428632
v -0.038903 0.014298 1.418465
v -0.026227 0.017670 1.422680
v -0.013193 0.019647 1.425238
v -0.052541 0.006503 1.422109
v -0.052057 0.007357 1.419013
v -0.051572 0.008334 1.415822
v -0.040209 0.010512 1.430315
v -0.027001 0.013772 1.434155
v -0.013558 0.015638 1.436489
v 0.000267 0.046595 1.406526
v 0.000324 0.053322 1.403101
v 0.000393 0.061108 1.399152
v -0.037035 0.065913 1.382461
v -0.024890 0.068158 1.388850
v -0.012331 0.069490 1.393100
v -0.036693 0.036454 1.397708
v -0.024681 0.038942 1.403883
v -0.012327 0.040444 1.407994
v -0.048241 0.027813 1.393008
v -0.048322 0.023452 1.395745
v -0.048497 0.019818 1.398361
v -0.087748 0.004250 1.353343
v -0.087792 -0.001074 1.356280
v -0.087898 -0.005820 1.359136
v -0.059769 0.011325 1.392751
v -0.070011 0.004908 1.383436
v -0.079483 -0.002271 1.373163
v -0.060708 -0.109149 1.249122
v -0.052618 -0.111778 1.244142
v -0.044217 -0.113936 1.240024
v -0.060952 -0.127294 1.264425
v -0.052862 -0.129887 1.259604
v -0.044441 -0.132022 1.255614
v -0.068085 -0.058270 1.221467
v -0.068053 -0.051822 1.217976
v -0.068089 -0.045167 1.214426
v -0.060201 -0.041953 1.205407
v -0.051866 -0.044910 1.200999
v -0.043293 -0.047283 1.197465
v -0.034638 -0.068127 1.204726
v -0.034578 -0.061948 1.201422
v -0.034548 -0.055616 1.198089
v -0.060217 -0.067765 1.219248
v -0.051946 -0.070428 1.214594
v -0.043420 -0.072532 1.210878
v -0.025718 -0.050564 1.192639
v -0.016817 -0.051533 1.191246
v -0.007877 -0.052038 1.190521
v 0.000855 -0.070516 1.200542
v 0.000921 -0.064495 1.197215
v 0.000993 -0.058341 1.193859
v -0.025917 -0.075292 1.205948
v -0.017047 -0.076035 1.204597
v -0.008135 -0.076393 1.203918
v -0.106826 -0.069768 1.316314
v -0.104099 -0.076896 1.305619
v -0.099934 -0.083192 1.295552
v -0.106212 -0.086138 1.330423
v -0.103357 -0.094167 1.319731
v -0.099336 -0.100970 1.309749
v -0.109111 -0.013788 1.298439
v -0.108780 -0.006282 1.294809
v -0.108381 0.001801 1.290893
v -0.107708 0.002883 1.274895
v -0.105249 -0.004278 1.263473
v -0.101101 -0.011070 1.252587
v -0.095614 -0.039165 1.254049
v -0.095575 -0.032230 1.250360
v -0.095612 -0.024989 1.246484
v -0.108818 -0.027666 1.289958
v -0.105950 -0.034121 1.278589
v -0.101357 -0.040119 1.267766
v -0.075865 -0.034010 1.217211
v -0.083050 -0.029034 1.224655
v -0.089710 -0.023496 1.233069
v -0.075677 -0.060560 1.231675
v -0.082778 -0.056061 1.239431
v -0.089448 -0.051093 1.248096
v -0.105677 0.018237 1.298672
v -0.101148 0.026154 1.310692
v -0.094853 0.033890 1.322573
v -0.107022 -0.013081 1.313968
v -0.102277 -0.005186 1.326265
v -0.095649 0.002691 1.338422
v -0.082823 -0.208197 1.381957
v -0.079008 -0.217764 1.383546
v -0.074866 -0.226802 1.384940
v -0.031991 -0.228320 1.316198
v -0.030888 -0.234478 1.320291
v -0.029717 -0.240277 1.324432
v -0.000216 -0.228120 1.314194
v -0.000185 -0.233916 1.318468
v -0.000146 -0.239425 1.322780
v -0.077240 -0.219663 1.349130
v -0.074277 -0.227979 1.351643
v -0.071006 -0.235813 1.354083
v -0.059872 -0.226524 1.326483
v -0.057731 -0.233592 1.329822
v -0.055425 -0.240197 1.333143
v 0.000000 -0.181659 1.466704
v -0.000000 -0.193719 1.463844
v 0.000000 -0.204985 1.460275
v 0.000001 0.015638 1.440200
v 0.000000 0.014974 1.443054
v 0.000000 0.013972 1.445814
v -0.062478 0.003161 1.405271
v -0.073032 -0.004432 1.396526
v -0.082535 -0.013074 1.386593
v -0.068767 -0.128678 1.273610
v -0.068932 -0.133143 1.277023
v -0.069159 -0.137712 1.280295
v -0.035796 -0.138228 1.256273
v -0.035856 -0.142808 1.260006
v -0.035937 -0.147489 1.263634
v 0.000458 -0.140870 1.251497
v 0.000421 -0.145506 1.255304
v 0.000378 -0.150239 1.259017
v -0.107987 -0.079676 1.344693
v -0.108441 -0.082805 1.347142
v -0.108931 -0.086305 1.349256
v -0.094546 -0.110945 1.303577
v -0.094795 -0.115013 1.306489
v -0.095176 -0.119226 1.309171
v 0.000804 0.102180 1.376763
v 0.000682 0.090523 1.383518
v 0.000572 0.079752 1.389438
v -0.069385 -0.016915 1.199248
v -0.068878 -0.024211 1.203185
v -0.068489 -0.031350 1.207036
v -0.034915 -0.029157 1.184049
v -0.034725 -0.035888 1.187703
v -0.034610 -0.042561 1.191250
v 0.001348 -0.032713 1.179822
v 0.001252 -0.039215 1.183464
v 0.001159 -0.045678 1.187003
v -0.107133 0.038950 1.272295
v -0.107295 0.029002 1.277378
v -0.107589 0.019481 1.282176
v -0.097096 0.006601 1.229076
v -0.096556 -0.001725 1.233650
v -0.096100 -0.009739 1.238111
v -0.035475 -0.110976 1.232883
v -0.035376 -0.106226 1.229047
v -0.035266 -0.101340 1.225293
v -0.026325 -0.097401 1.219471
v -0.017399 -0.098090 1.218078
v -0.008410 -0.098403 1.217388
v 0.000538 -0.113316 1.228131
v 0.000554 -0.108473 1.224443
v 0.000576 -0.103500 1.220843
v -0.094979 -0.084002 1.282274
v -0.095205 -0.079088 1.278454
v -0.095415 -0.074044 1.274702
v -0.075846 -0.083127 1.245890
v -0.082883 -0.078862 1.253512
v -0.089468 -0.074091 1.261937
v -0.068422 -0.101413 1.250972
v -0.068414 -0.096700 1.246971
v -0.068403 -0.091863 1.243014
v -0.089921 -0.020080 1.371969
v -0.089163 -0.017185 1.368465
v -0.088560 -0.013844 1.365159
v -0.106691 -0.034975 1.325819
v -0.102197 -0.026676 1.338086
v -0.095847 -0.018279 1.350269
v -0.107934 -0.057256 1.323973
v -0.108227 -0.052632 1.320411
v -0.108537 -0.047832 1.317001
v 0.000037 0.021721 1.423861
v 0.000052 0.023336 1.421859
v 0.000070 0.025180 1.419996
v -0.037188 0.021264 1.407972
v -0.025058 0.024546 1.413401
v -0.012578 0.026585 1.416920
v -0.050451 0.010796 1.409548
v -0.049838 0.012405 1.406572
v -0.049268 0.014384 1.403715
v -0.060515 -0.090008 1.233391
v -0.052310 -0.092617 1.228570
v -0.043833 -0.094701 1.224664
v -0.108319 -0.050230 1.302237
v -0.105546 -0.056962 1.291258
v -0.101104 -0.063150 1.280865
v -0.034815 -0.079961 1.211334
v -0.034921 -0.085597 1.214690
v -0.035034 -0.091039 1.218117
v 0.000738 -0.082122 1.207172
v 0.000688 -0.087698 1.210510
v 0.000643 -0.093119 1.213889
v -0.095721 -0.051976 1.260958
v -0.095726 -0.057863 1.264282
v -0.095683 -0.063469 1.267627
v -0.068220 -0.070446 1.228383
v -0.068285 -0.076155 1.231880
v -0.068340 -0.081619 1.235458
v -0.109375 -0.026879 1.304886
v -0.109289 -0.032558 1.307834
v -0.109098 -0.037848 1.310757
v 0.000179 0.036374 1.412046
v 0.000145 0.032706 1.414289
v 0.000116 0.029745 1.416303
v 0.025518 -0.243416 1.436127
v 0.027772 -0.235775 1.440238
v 0.030082 -0.227085 1.444269
v 0.028493 -0.250919 1.428641
v 0.033235 -0.252188 1.424327
v 0.037418 -0.253562 1.419328
v 0.045552 -0.248993 1.415702
v 0.050081 -0.241925 1.417560
v 0.054530 -0.233907 1.419268
v 0.053438 -0.222785 1.428843
v 0.047073 -0.220713 1.436302
v 0.040017 -0.218935 1.442802
v -0.024059 -0.267528 1.372631
v -0.024092 -0.268193 1.378021
v -0.024038 -0.268647 1.383381
v -0.006027 -0.266978 1.366987
v -0.012040 -0.266962 1.367084
v -0.018024 -0.266876 1.367195
v -0.005955 -0.269751 1.387537
v -0.011915 -0.269711 1.387810
v -0.017885 -0.269474 1.388198
v -0.005411 -0.267840 1.404771
v -0.010787 -0.268086 1.405381
v -0.016094 -0.268072 1.406312
v -0.022315 -0.268210 1.403219
v -0.023052 -0.268686 1.398617
v -0.023555 -0.268905 1.393739
v 0.122779 0.236687 1.125040
v 0.127487 0.250694 1.116470
v 0.105654 0.174844 1.123693
v 0.111316 0.189896 1.126631
v 0.115715 0.205742 1.129829
v 0.101966 0.171715 1.114226
v 0.105892 0.181876 1.107091
v 0.081059 -0.123131 1.426232
v 0.072007 -0.117156 1.437167
v 0.061639 -0.111989 1.446929
v 0.048440 -0.126650 1.456929
v 0.046499 -0.143257 1.458133
v 0.044443 -0.158150 1.458510
v 0.068842 -0.179516 1.432478
v 0.060916 -0.176442 1.442296
v 0.051950 -0.173819 1.450958
v 0.085616 -0.144090 1.417264
v 0.082486 -0.157772 1.419362
v 0.079086 -0.170712 1.420941
v 0.060339 0.125484 1.107448
v 0.062560 0.133149 1.101639
v 0.017532 0.101474 1.109850
v 0.031767 0.104758 1.110563
v 0.045439 0.109928 1.111621
v 0.100568 0.382161 1.162136
v 0.102694 0.405614 1.150437
v 0.116409 0.309504 1.155120
v 0.112015 0.326768 1.160689
v 0.106117 0.343283 1.166766
v 0.123108 0.310826 1.139995
v 0.127500 0.329730 1.129535
v 0.109202 0.231830 1.192004
v 0.105481 0.245393 1.198712
v 0.100419 0.258445 1.205601
v 0.094715 0.212815 1.239414
v 0.094247 0.231302 1.230562
v 0.093910 0.250655 1.221642
v 0.109899 0.162183 1.223919
v 0.106494 0.173705 1.232081
v 0.101593 0.184773 1.240225
v 0.111804 0.166238 1.208653
v 0.111547 0.182896 1.201212
v 0.111411 0.200173 1.193514
v 0.053289 0.119245 1.343141
v 0.053828 0.132741 1.334676
v 0.054272 0.146898 1.325585
v 0.063828 0.101785 1.342257
v 0.073960 0.096182 1.332662
v 0.083056 0.089716 1.322310
v 0.091854 0.094405 1.304864
v 0.092664 0.106905 1.297832
v 0.093459 0.119987 1.290373
v 0.086250 0.142013 1.291959
v 0.076883 0.149557 1.300839
v 0.066264 0.156163 1.308929
v 0.015349 0.065031 1.127822
v 0.027716 0.067650 1.128815
v 0.039744 0.071730 1.130332
v 0.046855 0.046824 1.144807
v 0.048273 0.056633 1.140740
v 0.049749 0.066830 1.136610
v 0.013358 0.028751 1.143740
v 0.024288 0.030656 1.144865
v 0.035024 0.033619 1.146586
v 0.096569 0.123202 1.148685
v 0.102234 0.135443 1.153006
v 0.106700 0.148373 1.157647
v 0.107642 0.116943 1.180855
v 0.108292 0.131539 1.175088
v 0.109019 0.146569 1.169017
v 0.090241 0.072015 1.168480
v 0.096872 0.081640 1.173963
v 0.102461 0.091999 1.179927
v 0.084382 0.074710 1.159098
v 0.086108 0.086756 1.154536
v 0.087870 0.099186 1.149753
v 0.084347 0.030215 1.185625
v 0.091444 0.037534 1.191772
v 0.097632 0.045679 1.198664
v 0.100812 0.024253 1.220078
v 0.101361 0.033858 1.215508
v 0.101966 0.043963 1.210927
v 0.080446 -0.003990 1.201980
v 0.087818 0.001632 1.208584
v 0.094467 0.008027 1.216149
v 0.073366 -0.001094 1.192333
v 0.074288 0.006876 1.188322
v 0.075331 0.015161 1.184294
v 0.108353 0.105042 1.252622
v 0.105187 0.115031 1.262688
v 0.100475 0.124615 1.272699
v 0.107615 0.057508 1.277624
v 0.103614 0.066211 1.288988
v 0.098023 0.074595 1.300297
v 0.109723 0.059446 1.260694
v 0.109693 0.070718 1.254876
v 0.109765 0.082493 1.248858
v 0.054416 0.427725 1.189586
v 0.054313 0.451446 1.178283
v 0.054229 0.474361 1.167079
v 0.067051 0.395298 1.194613
v 0.078798 0.384901 1.187789
v 0.089415 0.372631 1.180547
v 0.011685 0.000390 1.160398
v 0.021473 0.001824 1.161588
v 0.031170 0.003933 1.163347
v 0.038436 -0.014117 1.177933
v 0.039086 -0.007275 1.173904
v 0.039852 -0.000369 1.169792
v 0.010619 -0.025632 1.176650
v 0.019760 -0.024492 1.177864
v 0.028855 -0.022890 1.179623
v 0.052029 0.094303 1.357702
v 0.051374 0.082928 1.363787
v 0.050753 0.072358 1.369228
v 0.061197 0.058481 1.365075
v 0.071362 0.053410 1.355172
v 0.080694 0.047504 1.344578
v 0.090452 0.071142 1.317570
v 0.089923 0.060402 1.323253
v 0.089503 0.050289 1.328529
v 0.009334 -0.175661 1.276998
v 0.018470 -0.175082 1.277940
v 0.027498 -0.174152 1.279468
v 0.035679 -0.190287 1.292676
v 0.036013 -0.184341 1.288844
v 0.036241 -0.178531 1.285153
v 0.008886 -0.198212 1.292931
v 0.017786 -0.197829 1.293674
v 0.026579 -0.197216 1.294891
v 0.077386 -0.160383 1.301725
v 0.084543 -0.156442 1.307545
v 0.091026 -0.151889 1.314068
v 0.093130 -0.169020 1.330341
v 0.094787 -0.161184 1.327146
v 0.095975 -0.153700 1.324131
v 0.074164 -0.187494 1.314542
v 0.080537 -0.184512 1.320171
v 0.086203 -0.181061 1.326532
v 0.068186 -0.183125 1.306200
v 0.068936 -0.176426 1.302870
v 0.069454 -0.169966 1.299646
v 0.107667 -0.106711 1.369184
v 0.105786 -0.095528 1.380401
v 0.102148 -0.083651 1.391819
v 0.090996 -0.114495 1.411694
v 0.093206 -0.099262 1.408579
v 0.095062 -0.084648 1.405658
v 0.099710 -0.149922 1.380247
v 0.097643 -0.143219 1.391470
v 0.093954 -0.136396 1.403010
v 0.102909 -0.145837 1.366542
v 0.105055 -0.135623 1.363585
v 0.106760 -0.125907 1.360806
v 0.069076 -0.232538 1.394629
v 0.066715 -0.230030 1.403380
v 0.063340 -0.227518 1.412140
v 0.054044 -0.255150 1.388914
v 0.059842 -0.249351 1.388182
v 0.065354 -0.242590 1.387223
v 0.053658 0.004985 1.427636
v 0.054284 0.004051 1.430028
v 0.054911 0.002670 1.432227
v 0.068301 -0.006512 1.427060
v 0.080067 -0.015314 1.418637
v 0.090295 -0.025725 1.409093
v 0.096292 -0.029928 1.393082
v 0.097261 -0.031471 1.395356
v 0.098021 -0.033882 1.397152
v 0.065406 -0.000662 1.418271
v 0.076828 -0.008599 1.410198
v 0.086905 -0.017997 1.400847
v 0.007107 -0.244532 1.327337
v 0.014274 -0.244676 1.327684
v 0.021353 -0.244908 1.328245
v 0.025098 -0.257325 1.342177
v 0.026056 -0.253901 1.337640
v 0.027159 -0.249867 1.333264
v 0.006221 -0.259589 1.346191
v 0.012404 -0.259727 1.346351
v 0.018479 -0.259930 1.346589
v 0.057533 -0.245431 1.340393
v 0.061488 -0.244819 1.345015
v 0.064751 -0.243909 1.350396
v 0.052950 -0.258631 1.363481
v 0.058191 -0.254291 1.361340
v 0.063029 -0.248964 1.358935
v 0.044896 -0.257980 1.346214
v 0.047509 -0.254966 1.343206
v 0.050235 -0.250859 1.339940
v -0.000000 -0.265655 1.361659
v -0.000002 -0.264017 1.356403
v -0.000006 -0.262003 1.351215
v 0.009628 -0.117744 1.232445
v 0.018655 -0.117104 1.233635
v 0.027564 -0.116107 1.235517
v 0.036395 -0.128490 1.249753
v 0.036371 -0.123940 1.245878
v 0.036342 -0.119362 1.241996
v 0.009620 -0.136022 1.248118
v 0.018681 -0.135392 1.249271
v 0.027624 -0.134398 1.251094
v 0.076039 -0.101714 1.262651
v 0.082864 -0.097761 1.269900
v 0.089199 -0.093300 1.277875
v 0.094666 -0.102288 1.297349
v 0.094704 -0.097748 1.293870
v 0.094810 -0.093069 1.290258
v 0.076162 -0.120170 1.277283
v 0.082893 -0.116236 1.284352
v 0.089088 -0.111744 1.292160
v 0.068869 -0.119057 1.267407
v 0.068803 -0.114461 1.263757
v 0.068767 -0.109833 1.260017
v 0.106355 -0.052213 1.339523
v 0.102936 -0.042477 1.351678
v 0.097685 -0.032458 1.363776
v 0.094063 -0.027567 1.386972
v 0.092928 -0.026184 1.383275
v 0.091836 -0.024538 1.379377
v 0.107570 -0.065340 1.353947
v 0.105451 -0.053152 1.366389
v 0.101370 -0.040704 1.378664
v 0.107652 -0.073092 1.338595
v 0.107559 -0.069395 1.335086
v 0.107580 -0.065442 1.331407
v 0.086973 0.204987 1.255975
v 0.077385 0.213839 1.263281
v 0.066563 0.221648 1.269969
v 0.085937 0.282343 1.219658
v 0.076574 0.292809 1.226495
v 0.065983 0.302000 1.232849
v 0.054607 0.247170 1.266171
v 0.054475 0.267064 1.256744
v 0.054368 0.287916 1.247522
v 0.039891 -0.184394 1.456586
v 0.037433 -0.196209 1.454365
v 0.034937 -0.207236 1.451479
v 0.071542 -0.194488 1.422418
v 0.067462 -0.205359 1.422327
v 0.063237 -0.215555 1.421739
v 0.121140 0.274157 1.145314
v 0.121613 0.256567 1.140987
v 0.120855 0.239216 1.136989
v 0.013400 0.507391 1.165516
v 0.026849 0.505357 1.163978
v 0.040434 0.501660 1.161055
v 0.014090 0.416156 1.210107
v 0.027854 0.413858 1.208237
v 0.041361 0.409758 1.205060
v 0.090419 0.147726 1.118614
v 0.080881 0.135976 1.116475
v 0.070153 0.125652 1.114597
v 0.054823 0.210342 1.285836
v 0.054847 0.193339 1.295965
v 0.054780 0.177158 1.306078
v 0.095227 0.178629 1.257037
v 0.095090 0.162888 1.265749
v 0.094724 0.147929 1.274272
v 0.096870 0.335714 1.183972
v 0.095459 0.313388 1.193927
v 0.094449 0.291744 1.203422
v 0.116434 0.273025 1.159534
v 0.114155 0.254398 1.168593
v 0.112572 0.236017 1.177243
v 0.014731 0.322697 1.248676
v 0.028466 0.320062 1.246482
v 0.041738 0.315731 1.243035
v 0.015263 0.239867 1.287059
v 0.028897 0.237424 1.284565
v 0.042115 0.233540 1.280780
v 0.054468 0.379536 1.210691
v 0.054406 0.355709 1.220250
v 0.054340 0.332359 1.229423
v 0.081565 0.101430 1.141025
v 0.072359 0.092148 1.137723
v 0.062215 0.084049 1.134817
v 0.074313 0.055384 1.159043
v 0.065247 0.048492 1.155116
v 0.055600 0.042561 1.151727
v 0.095949 0.149088 1.127461
v 0.093609 0.136938 1.133551
v 0.091558 0.124456 1.139293
v 0.056401 0.107631 1.118214
v 0.054606 0.097798 1.123171
v 0.052907 0.087600 1.127873
v 0.112980 0.203830 1.179348
v 0.113134 0.189694 1.173461
v 0.112138 0.175648 1.167879
v 0.112587 0.138335 1.208015
v 0.111975 0.126323 1.200445
v 0.110074 0.114482 1.193206
v 0.115742 0.207423 1.141163
v 0.113266 0.192357 1.148680
v 0.111378 0.177128 1.155828
v 0.110261 0.084423 1.232904
v 0.109094 0.074133 1.223517
v 0.106570 0.064116 1.214604
v 0.109898 0.039835 1.255163
v 0.108179 0.031200 1.244374
v 0.104866 0.022917 1.234145
v 0.111641 0.135322 1.222858
v 0.111123 0.121117 1.229651
v 0.110525 0.107637 1.236246
v 0.105927 0.089826 1.191608
v 0.104822 0.077426 1.196661
v 0.103711 0.065703 1.201543
v 0.081012 0.052467 1.167794
v 0.079401 0.042367 1.172005
v 0.077892 0.032841 1.176148
v 0.015278 0.171198 1.329212
v 0.028900 0.169237 1.326313
v 0.042073 0.166070 1.321857
v 0.014443 0.114123 1.367638
v 0.027745 0.112585 1.363884
v 0.040579 0.110026 1.358169
v 0.068148 0.018333 1.175615
v 0.059328 0.013729 1.171689
v 0.050162 0.009868 1.168384
v 0.064234 -0.012749 1.191627
v 0.055646 -0.015990 1.187737
v 0.046840 -0.018665 1.184526
v 0.044174 0.029097 1.153018
v 0.042930 0.021210 1.157207
v 0.041779 0.013776 1.161418
v 0.014518 -0.016764 1.457305
v 0.028815 -0.018656 1.454430
v 0.042673 -0.022358 1.449687
v 0.012973 -0.102631 1.466811
v 0.025787 -0.103448 1.464696
v 0.038280 -0.105123 1.460836
v 0.052067 -0.087023 1.452318
v 0.053665 -0.065510 1.449266
v 0.054972 -0.045300 1.446099
v 0.014211 0.011687 1.447478
v 0.028287 0.009581 1.444667
v 0.042094 0.005922 1.440208
v 0.056287 -0.015988 1.440542
v 0.056290 -0.007760 1.438306
v 0.055990 -0.002585 1.436267
v 0.049178 0.038999 1.386512
v 0.049432 0.045968 1.382777
v 0.049770 0.053851 1.378658
v 0.059951 0.028456 1.381019
v 0.070200 0.023059 1.371272
v 0.079725 0.016839 1.360733
v 0.088654 0.016565 1.346019
v 0.088793 0.023958 1.342173
v 0.088959 0.032049 1.337975
v 0.061780 -0.166695 1.291909
v 0.053547 -0.169162 1.287863
v 0.045070 -0.171209 1.284424
v 0.059741 -0.192139 1.305409
v 0.051878 -0.193868 1.301857
v 0.043681 -0.195261 1.298941
v 0.061625 -0.145129 1.279429
v 0.053495 -0.147782 1.275043
v 0.045069 -0.149983 1.271346
v 0.069824 -0.157899 1.293527
v 0.069750 -0.152315 1.290570
v 0.069587 -0.147016 1.287591
v 0.036439 -0.167346 1.278245
v 0.036448 -0.161985 1.274961
v 0.036429 -0.156789 1.271681
v 0.009484 -0.154826 1.263105
v 0.018573 -0.154183 1.264211
v 0.027560 -0.153164 1.265945
v 0.106985 -0.125922 1.348073
v 0.104706 -0.133796 1.338434
v 0.101237 -0.140664 1.329510
v 0.099696 -0.162266 1.359473
v 0.097880 -0.167718 1.350128
v 0.094971 -0.172671 1.341511
v 0.107461 -0.100975 1.340328
v 0.104534 -0.109796 1.330165
v 0.100521 -0.117237 1.320763
v 0.108784 -0.108835 1.356321
v 0.109172 -0.101722 1.354585
v 0.109254 -0.095590 1.352965
v 0.096793 -0.140122 1.318911
v 0.096550 -0.134108 1.316639
v 0.096095 -0.128607 1.314414
v 0.076765 -0.138322 1.290339
v 0.083638 -0.134075 1.296877
v 0.089943 -0.129190 1.304130
v 0.109314 -0.078128 1.362972
v 0.107788 -0.064645 1.375037
v 0.104269 -0.050867 1.387031
v 0.097617 -0.059996 1.401581
v 0.098297 -0.050620 1.400440
v 0.098585 -0.043189 1.399519
v 0.068174 -0.036789 1.434820
v 0.079270 -0.047260 1.425140
v 0.088834 -0.059021 1.414483
v 0.086078 -0.194278 1.389881
v 0.083958 -0.190435 1.400412
v 0.080451 -0.186618 1.411187
v 0.097376 -0.166878 1.372409
v 0.094097 -0.177401 1.375120
v 0.090588 -0.187813 1.377610
v 0.008300 -0.215586 1.455764
v 0.016527 -0.215909 1.454399
v 0.024608 -0.216532 1.451896
v 0.006036 -0.247999 1.436932
v 0.011988 -0.248363 1.436108
v 0.017771 -0.248972 1.434545
v 0.010836 -0.168896 1.468145
v 0.021562 -0.169369 1.466378
v 0.032068 -0.170285 1.463091
v 0.047477 -0.245842 1.333742
v 0.041495 -0.245726 1.331633
v 0.035056 -0.245486 1.330123
v 0.065971 -0.197096 1.313139
v 0.064538 -0.204287 1.316682
v 0.062938 -0.211559 1.320199
v 0.054712 -0.219947 1.319939
v 0.047632 -0.220703 1.317009
v 0.040113 -0.221215 1.314729
v 0.034643 -0.202560 1.300685
v 0.033947 -0.208847 1.304796
v 0.033159 -0.215190 1.308914
v 0.008023 -0.222088 1.310191
v 0.016215 -0.221972 1.310769
v 0.024318 -0.221801 1.311687
v 0.070907 -0.237238 1.377949
v 0.070488 -0.239313 1.370268
v 0.069276 -0.241143 1.363087
v 0.086656 -0.201609 1.370454
v 0.085355 -0.204957 1.361768
v 0.083149 -0.208054 1.353745
v 0.088606 -0.185402 1.336970
v 0.085900 -0.193818 1.340250
v 0.083045 -0.202322 1.343405
v 0.067003 -0.217409 1.328167
v 0.072083 -0.215574 1.333511
v 0.076461 -0.213387 1.339597
v -0.000000 -0.252547 1.432237
v -0.000000 -0.255971 1.427434
v -0.000000 -0.258552 1.422882
v 0.004613 -0.260968 1.418840
v 0.009003 -0.261544 1.419148
v 0.012906 -0.262071 1.419460
v 0.021120 -0.254873 1.428270
v 0.019017 -0.258581 1.424779
v 0.017082 -0.261041 1.421753
v 0.019994 -0.266384 1.411380
v 0.018471 -0.265074 1.414810
v 0.016896 -0.263589 1.417690
v 0.000000 -0.266288 1.408085
v 0.000000 -0.264603 1.411482
v -0.000000 -0.262709 1.414951
v -0.019982 -0.266412 1.411378
v -0.018462 -0.265103 1.414809
v -0.016890 -0.263613 1.417690
v -0.004613 -0.260972 1.418841
v -0.009002 -0.261553 1.419148
v -0.012904 -0.262084 1.419460
v -0.021108 -0.254879 1.428267
v -0.019008 -0.258590 1.424778
v -0.017076 -0.261055 1.421753
v 0.013251 0.019655 1.425225
v 0.026302 0.017682 1.422650
v 0.038994 0.014306 1.418413
v 0.013565 0.015638 1.436485
v 0.027010 0.013770 1.434146
v 0.040219 0.010506 1.430302
v 0.052563 0.006487 1.422077
v 0.052096 0.007342 1.418963
v 0.051635 0.008321 1.415754
v 0.013350 0.069481 1.393012
v 0.026079 0.068135 1.388671
v 0.038440 0.065865 1.382187
v 0.012805 0.040451 1.407987
v 0.025252 0.038949 1.403857
v 0.037376 0.036445 1.397636
v 0.048873 0.027779 1.392867
v 0.048836 0.023434 1.395618
v 0.048915 0.019816 1.398245
v 0.060084 0.011255 1.392513
v 0.070272 0.004742 1.383050
v 0.079682 -0.002521 1.372648
v 0.088339 0.003902 1.352664
v 0.088199 -0.001421 1.355610
v 0.088158 -0.006151 1.358496
v 0.061126 -0.108213 1.250480
v 0.053136 -0.110803 1.245586
v 0.044850 -0.112973 1.241470
v 0.061313 -0.126586 1.265493
v 0.053307 -0.129142 1.260781
v 0.044987 -0.131286 1.256826
v 0.062060 -0.040965 1.206728
v 0.053767 -0.043739 1.202519
v 0.045236 -0.045996 1.199102
v 0.069454 -0.057555 1.222348
v 0.069555 -0.051067 1.218938
v 0.069737 -0.044381 1.215471
v 0.061522 -0.066926 1.220304
v 0.053312 -0.069466 1.215842
v 0.044844 -0.071506 1.212242
v 0.036227 -0.067077 1.206128
v 0.036286 -0.060825 1.202898
v 0.036388 -0.054412 1.199641
v 0.010007 -0.051608 1.191054
v 0.018908 -0.050716 1.192259
v 0.027760 -0.049449 1.194029
v 0.009716 -0.076065 1.204368
v 0.018605 -0.075410 1.205454
v 0.027440 -0.074433 1.207119
v 0.106905 -0.069327 1.316407
v 0.104232 -0.076433 1.305800
v 0.100120 -0.082715 1.295843
v 0.106460 -0.086029 1.330414
v 0.103625 -0.094042 1.319775
v 0.099614 -0.100817 1.309873
v 0.109413 0.002626 1.274693
v 0.106918 -0.004392 1.263484
v 0.102750 -0.011023 1.252813
v 0.110102 -0.014111 1.297998
v 0.109981 -0.006604 1.294398
v 0.109832 0.001473 1.290506
v 0.109668 -0.027892 1.289639
v 0.106855 -0.034235 1.278411
v 0.102324 -0.040107 1.267736
v 0.096767 -0.039002 1.254239
v 0.096860 -0.032030 1.250647
v 0.097057 -0.024765 1.246863
v 0.077629 -0.033386 1.218126
v 0.084764 -0.028553 1.225409
v 0.091384 -0.023149 1.233665
v 0.076870 -0.060012 1.232309
v 0.083919 -0.055651 1.239882
v 0.090536 -0.050816 1.248379
v 0.107484 0.017819 1.298128
v 0.103007 0.025728 1.310040
v 0.096753 0.033491 1.321862
v 0.107809 -0.013446 1.313402
v 0.103061 -0.005574 1.325612
v 0.096442 0.002313 1.337728
v 0.083195 -0.207983 1.381748
v 0.079281 -0.217538 1.383397
v 0.075074 -0.226573 1.384828
v 0.031387 -0.227895 1.316991
v 0.030419 -0.234056 1.320960
v 0.029391 -0.239877 1.324957
v 0.077288 -0.219394 1.349062
v 0.074318 -0.227689 1.351582
v 0.071064 -0.235529 1.354012
v 0.059374 -0.226145 1.326937
v 0.057402 -0.233198 1.330163
v 0.055247 -0.239810 1.333369
v 0.062565 0.003125 1.405145
v 0.073096 -0.004493 1.396358
v 0.082571 -0.013138 1.386395
v 0.069035 -0.128097 1.274515
v 0.069132 -0.132605 1.277964
v 0.069250 -0.137209 1.281309
v 0.036408 -0.137592 1.257420
v 0.036402 -0.142206 1.261166
v 0.036398 -0.146917 1.264810
v 0.108158 -0.079638 1.344683
v 0.108509 -0.082788 1.347188
v 0.108850 -0.086283 1.349375
v 0.094781 -0.110781 1.303830
v 0.094949 -0.114868 1.306796
v 0.095217 -0.119083 1.309556
v 0.071760 -0.016248 1.200332
v 0.071071 -0.023504 1.204285
v 0.070489 -0.030592 1.208151
v 0.037433 -0.027727 1.185654
v 0.037060 -0.034499 1.189327
v 0.036766 -0.041221 1.192879
v 0.109757 0.038337 1.271708
v 0.109717 0.028469 1.276863
v 0.109690 0.019041 1.281736
v 0.099498 0.006514 1.229340
v 0.098730 -0.001710 1.233983
v 0.098006 -0.009613 1.238511
v 0.009611 -0.098078 1.217840
v 0.018572 -0.097470 1.218941
v 0.027453 -0.096542 1.220665
v 0.036284 -0.110041 1.234264
v 0.036260 -0.105251 1.230452
v 0.036239 -0.100338 1.226705
v 0.076556 -0.082434 1.246761
v 0.083533 -0.078283 1.254186
v 0.090059 -0.073618 1.262426
v 0.095238 -0.083480 1.282723
v 0.095531 -0.078590 1.278886
v 0.095832 -0.073598 1.275090
v 0.068836 -0.100535 1.252201
v 0.068935 -0.095828 1.248175
v 0.069049 -0.091015 1.244161
v 0.106879 -0.035072 1.325477
v 0.102346 -0.026874 1.337613
v 0.095981 -0.018548 1.349706
v 0.089935 -0.020161 1.371673
v 0.089195 -0.017338 1.368067
v 0.088636 -0.014072 1.364660
v 0.107966 -0.056901 1.323965
v 0.108300 -0.052369 1.320356
v 0.108683 -0.047692 1.316880
v 0.012785 0.026616 1.416930
v 0.025317 0.024597 1.413406
v 0.037499 0.021312 1.407942
v 0.050593 0.010795 1.409455
v 0.050035 0.012411 1.406473
v 0.049531 0.014395 1.403612
v 0.061363 -0.089079 1.234650
v 0.053234 -0.091595 1.229972
v 0.044833 -0.093642 1.226128
v 0.108630 -0.050121 1.302167
v 0.105930 -0.056764 1.291311
v 0.101562 -0.062865 1.281045
v 0.036187 -0.078978 1.212670
v 0.036190 -0.084608 1.216040
v 0.036202 -0.090036 1.219495
v 0.096626 -0.051810 1.261080
v 0.096502 -0.057642 1.264450
v 0.096332 -0.063174 1.267870
v 0.069350 -0.069750 1.229229
v 0.069300 -0.075429 1.232780
v 0.069238 -0.080852 1.236440
v 0.110018 -0.027149 1.304464
v 0.109783 -0.032758 1.307471
v 0.109459 -0.037953 1.310473
v -0.036131 -0.259781 1.412046
v -0.031311 -0.263401 1.410383
v -0.026369 -0.265937 1.408859
v -0.041895 -0.263448 1.389582
v -0.035883 -0.266033 1.389421
v -0.029871 -0.267792 1.389077
v -0.121660 0.230779 1.113249
v -0.116739 0.212788 1.110705
v -0.110439 0.195737 1.108404
v -0.116892 0.217846 1.121369
v -0.112150 0.200838 1.118459
v -0.106083 0.184698 1.115810
v -0.059429 -0.129896 1.449166
v -0.069492 -0.134019 1.439624
v -0.078265 -0.138845 1.428897
v -0.057077 -0.145946 1.450567
v -0.066798 -0.149360 1.441249
v -0.075299 -0.153381 1.430745
v -0.054567 -0.160490 1.451181
v -0.063903 -0.163446 1.442157
v -0.072097 -0.166924 1.431961
v -0.045411 0.129860 1.094473
v -0.029689 0.124314 1.094036
v -0.013460 0.121082 1.093775
v -0.043465 0.123633 1.100235
v -0.028393 0.118382 1.099638
v -0.012810 0.115336 1.099288
v -0.041689 0.116332 1.105754
v -0.027197 0.111384 1.105010
v -0.012209 0.108528 1.104579
v -0.110533 0.388474 1.144084
v -0.117436 0.369647 1.138546
v -0.122648 0.349722 1.133705
v -0.107433 0.365884 1.155656
v -0.113710 0.348169 1.149831
v -0.118393 0.329533 1.144598
v -0.098055 0.239584 1.214930
v -0.103067 0.226973 1.207638
v -0.106716 0.213845 1.200457
v -0.098283 0.220909 1.223785
v -0.103290 0.208798 1.216171
v -0.106891 0.196187 1.208618
v -0.098733 0.203015 1.232518
v -0.103737 0.191343 1.224530
v -0.107280 0.179186 1.216561
v -0.083615 0.129071 1.302081
v -0.082615 0.115544 1.309818
v -0.081549 0.102626 1.317021
v -0.074210 0.136282 1.311460
v -0.073347 0.122451 1.319580
v -0.072403 0.109255 1.327111
v -0.063595 0.142523 1.319926
v -0.062927 0.128424 1.328448
v -0.062173 0.114982 1.336339
v -0.033494 0.060097 1.133597
v -0.021613 0.056772 1.132275
v -0.009507 0.054890 1.131542
v -0.032490 0.050418 1.137611
v -0.020959 0.047338 1.136242
v -0.009233 0.045595 1.135486
v -0.031559 0.041113 1.141582
v -0.020361 0.038276 1.140180
v -0.008992 0.036670 1.139408
v -0.102467 0.132664 1.162744
v -0.097592 0.120072 1.157598
v -0.091529 0.108191 1.152828
v -0.101422 0.118449 1.168421
v -0.096259 0.106518 1.162920
v -0.089953 0.095305 1.157833
v -0.100464 0.104643 1.173812
v -0.094998 0.093364 1.167975
v -0.088440 0.082813 1.162597
v -0.094128 0.035302 1.202343
v -0.087703 0.027448 1.195057
v -0.080441 0.020398 1.188593
v -0.093336 0.025764 1.206808
v -0.086822 0.018382 1.199356
v -0.079501 0.011793 1.192781
v -0.092622 0.016680 1.211257
v -0.086034 0.009726 1.203645
v -0.078671 0.003546 1.196955
v -0.098183 0.112199 1.281569
v -0.103147 0.102816 1.270851
v -0.106503 0.093020 1.260056
v -0.097233 0.099352 1.288620
v -0.102364 0.090337 1.277591
v -0.105902 0.080923 1.266482
v -0.096279 0.087063 1.295264
v -0.101615 0.078389 1.283986
v -0.105369 0.069336 1.272624
v -0.067653 0.466541 1.160915
v -0.080870 0.456327 1.153606
v -0.093260 0.443639 1.145938
v -0.067228 0.443480 1.172279
v -0.079876 0.433156 1.165155
v -0.091569 0.420530 1.157656
v -0.066771 0.419616 1.183720
v -0.078848 0.409207 1.176740
v -0.089868 0.396699 1.169360
v -0.027161 -0.004224 1.166226
v -0.017564 -0.005805 1.164837
v -0.007920 -0.006672 1.164090
v -0.026715 -0.010917 1.170330
v -0.017293 -0.012372 1.168945
v -0.007832 -0.013168 1.168200
v -0.026361 -0.017563 1.174352
v -0.017085 -0.018914 1.172967
v -0.007775 -0.019651 1.172224
v -0.060758 0.090154 1.349914
v -0.070766 0.084834 1.340223
v -0.079828 0.078661 1.329747
v -0.060199 0.078836 1.355639
v -0.070193 0.073667 1.345855
v -0.079301 0.067658 1.335321
v -0.059755 0.068310 1.360813
v -0.069775 0.063249 1.351002
v -0.078964 0.057354 1.340465
v -0.027487 -0.180042 1.282343
v -0.018335 -0.180825 1.281134
v -0.009134 -0.181261 1.280494
v -0.027426 -0.185724 1.286164
v -0.018309 -0.186439 1.285025
v -0.009146 -0.186837 1.284428
v -0.027278 -0.191535 1.290117
v -0.018226 -0.192166 1.289051
v -0.009131 -0.192517 1.288500
v -0.091061 -0.158880 1.316238
v -0.084924 -0.163257 1.309496
v -0.078061 -0.167056 1.303490
v -0.089990 -0.166049 1.319463
v -0.084123 -0.170155 1.312734
v -0.077503 -0.173718 1.306749
v -0.088465 -0.173535 1.322864
v -0.082913 -0.177343 1.316137
v -0.076590 -0.180646 1.310161
v -0.100823 -0.095880 1.394186
v -0.104576 -0.106646 1.382728
v -0.106602 -0.116790 1.371518
v -0.098783 -0.109062 1.397145
v -0.102465 -0.118509 1.385676
v -0.104464 -0.127489 1.374484
v -0.096366 -0.122775 1.400311
v -0.099958 -0.130871 1.388825
v -0.101908 -0.138681 1.377634
v -0.058475 -0.236193 1.411379
v -0.061613 -0.238441 1.403342
v -0.063838 -0.240657 1.395267
v -0.053638 -0.243917 1.410400
v -0.056452 -0.245851 1.403064
v -0.058445 -0.247725 1.395649
v -0.048668 -0.250693 1.409248
v -0.051103 -0.252310 1.402591
v -0.052812 -0.253833 1.395817
v -0.066180 -0.001396 1.420917
v -0.077780 -0.009363 1.412888
v -0.087968 -0.018872 1.403601
v -0.066961 -0.002424 1.423215
v -0.078689 -0.010502 1.415141
v -0.088956 -0.020175 1.405844
v -0.067687 -0.004026 1.425243
v -0.079477 -0.012358 1.417038
v -0.089767 -0.022309 1.407654
v -0.020642 -0.249787 1.332380
v -0.013873 -0.249452 1.331959
v -0.006999 -0.249200 1.331744
v -0.019775 -0.253758 1.336990
v -0.013297 -0.253440 1.336624
v -0.006701 -0.253206 1.336423
v -0.019029 -0.257146 1.341734
v -0.012799 -0.256873 1.341422
v -0.006444 -0.256673 1.341237
v -0.060647 -0.249995 1.353218
v -0.057825 -0.250615 1.348019
v -0.054344 -0.250975 1.343567
v -0.056131 -0.254840 1.355884
v -0.053811 -0.255130 1.350899
v -0.050921 -0.255183 1.346671
v -0.051242 -0.258698 1.358247
v -0.049499 -0.258635 1.353438
v -0.047381 -0.258322 1.349412
v 0.017676 -0.269647 1.393158
v 0.017323 -0.269408 1.397848
v 0.016809 -0.268886 1.402250
v 0.011777 -0.269841 1.392640
v 0.011556 -0.269571 1.397191
v 0.011234 -0.268990 1.401453
v 0.005887 -0.269802 1.392275
v 0.005780 -0.269484 1.396740
v 0.005625 -0.268835 1.400916
v -0.026752 -0.121427 1.238315
v -0.017731 -0.122228 1.236737
v -0.008620 -0.122632 1.235914
v -0.026791 -0.125954 1.242262
v -0.017760 -0.126767 1.240684
v -0.008638 -0.127184 1.239856
v -0.026822 -0.130455 1.246209
v -0.017784 -0.131276 1.244641
v -0.008655 -0.131704 1.243815
v -0.088837 -0.098572 1.281071
v -0.082542 -0.103095 1.272931
v -0.075735 -0.107114 1.265512
v -0.088772 -0.103184 1.284778
v -0.082526 -0.107703 1.276677
v -0.075753 -0.111706 1.269299
v -0.088761 -0.107683 1.288355
v -0.082551 -0.112228 1.280304
v -0.075802 -0.116239 1.272980
v -0.098473 -0.035043 1.367831
v -0.103395 -0.045763 1.355655
v -0.106448 -0.056185 1.343380
v -0.099354 -0.037198 1.371706
v -0.103949 -0.048520 1.359492
v -0.106648 -0.059544 1.347149
v -0.100302 -0.039057 1.375395
v -0.104596 -0.050975 1.363145
v -0.106960 -0.062610 1.350739
v -0.083732 0.262604 1.229524
v -0.083858 0.243004 1.238805
v -0.084165 0.224281 1.248094
v -0.074491 0.272648 1.236487
v -0.074529 0.252640 1.245874
v -0.074714 0.233540 1.255342
v -0.064024 0.281445 1.242884
v -0.063973 0.261083 1.252333
v -0.064030 0.241644 1.261926
v -0.037007 -0.228389 1.439426
v -0.043496 -0.230016 1.433478
v -0.049347 -0.231907 1.426656
v -0.034126 -0.236969 1.435852
v -0.040059 -0.238446 1.430462
v -0.045387 -0.240144 1.424277
v -0.031286 -0.244537 1.432200
v -0.036632 -0.245894 1.427354
v -0.041396 -0.247419 1.421782
v -0.128164 0.308898 1.125589
v -0.128599 0.288722 1.122114
v -0.127604 0.268894 1.118940
v -0.123276 0.291366 1.135537
v -0.123611 0.272436 1.131567
v -0.122623 0.253790 1.127910
v -0.013440 0.485652 1.176149
v -0.026936 0.483671 1.174576
v -0.040470 0.480013 1.171649
v -0.013545 0.463038 1.187491
v -0.027124 0.461008 1.185846
v -0.040630 0.457259 1.182865
v -0.013638 0.439804 1.199011
v -0.027303 0.437668 1.197280
v -0.040782 0.433764 1.194222
v -0.065010 -0.191489 1.432432
v -0.061190 -0.202651 1.431731
v -0.057266 -0.213099 1.430490
v -0.057488 -0.188696 1.441733
v -0.054033 -0.200118 1.440464
v -0.050504 -0.210793 1.438604
v -0.049012 -0.186306 1.449923
v -0.046020 -0.197948 1.448128
v -0.042977 -0.208818 1.445703
v -0.093473 0.165154 1.104665
v -0.082838 0.152007 1.103226
v -0.070888 0.140569 1.102030
v -0.089761 0.155701 1.111363
v -0.079537 0.143224 1.109568
v -0.068050 0.132369 1.108043
v -0.064287 0.205480 1.281600
v -0.075171 0.198029 1.274578
v -0.084803 0.189482 1.266775
v -0.064370 0.188672 1.291542
v -0.075279 0.181538 1.284217
v -0.084925 0.173338 1.276054
v -0.064326 0.172621 1.301349
v -0.075201 0.165796 1.293676
v -0.084812 0.157935 1.285119
v -0.102277 0.321290 1.177302
v -0.107744 0.305702 1.170929
v -0.111782 0.289443 1.164963
v -0.100390 0.299872 1.187237
v -0.105632 0.285191 1.180650
v -0.109501 0.269905 1.174385
v -0.099032 0.279100 1.196735
v -0.104139 0.265216 1.189941
v -0.107904 0.250768 1.183390
v -0.013001 0.300962 1.258242
v -0.026714 0.298573 1.256248
v -0.039948 0.294514 1.252950
v -0.012807 0.279855 1.267770
v -0.026518 0.277560 1.265778
v -0.039774 0.273648 1.262463
v -0.012639 0.259614 1.277537
v -0.026359 0.257430 1.275543
v -0.039652 0.253690 1.272199
v -0.013647 0.392480 1.220556
v -0.027408 0.390122 1.218671
v -0.040794 0.385948 1.215475
v -0.013543 0.368869 1.230301
v -0.027304 0.366443 1.228364
v -0.040629 0.362214 1.225125
v -0.013389 0.345600 1.239663
v -0.027133 0.343141 1.237691
v -0.040404 0.338915 1.234424
v -0.075824 0.087283 1.144493
v -0.066350 0.078527 1.140988
v -0.056020 0.071022 1.137977
v -0.074049 0.075690 1.149002
v -0.064642 0.067525 1.145318
v -0.054473 0.060548 1.142169
v -0.072340 0.064486 1.153338
v -0.063008 0.056908 1.149514
v -0.053007 0.050456 1.146263
v -0.083944 0.134380 1.123721
v -0.074192 0.123182 1.121264
v -0.063286 0.113470 1.119142
v -0.081626 0.122864 1.129384
v -0.071984 0.112291 1.126623
v -0.061248 0.103144 1.124235
v -0.079565 0.111044 1.134722
v -0.069986 0.101085 1.131682
v -0.059384 0.092496 1.129054
v -0.038523 0.099200 1.115982
v -0.025034 0.094835 1.114989
v -0.011126 0.092343 1.114423
v -0.037103 0.089736 1.120699
v -0.024057 0.085644 1.119603
v -0.010644 0.083317 1.118984
v -0.035791 0.079934 1.125187
v -0.023157 0.076105 1.124002
v -0.010210 0.073933 1.123338
v -0.110155 0.186673 1.186720
v -0.110024 0.172925 1.180256
v -0.108687 0.159250 1.174093
v -0.110092 0.170084 1.194049
v -0.109772 0.156889 1.187155
v -0.108204 0.143790 1.180566
v -0.110206 0.154036 1.201102
v -0.109674 0.141348 1.193763
v -0.107851 0.128786 1.186741
v -0.115933 0.256017 1.154175
v -0.116162 0.239261 1.149312
v -0.115198 0.222655 1.144775
v -0.113449 0.238410 1.162855
v -0.113633 0.222555 1.157590
v -0.112652 0.206803 1.152645
v -0.111695 0.220938 1.171150
v -0.111815 0.205875 1.165495
v -0.110776 0.190887 1.160149
v -0.109779 0.190408 1.136596
v -0.105285 0.175076 1.132937
v -0.099519 0.160507 1.129568
v -0.107255 0.176131 1.143672
v -0.102793 0.161525 1.139638
v -0.097072 0.147654 1.135908
v -0.105271 0.161657 1.150389
v -0.100762 0.147736 1.145980
v -0.095008 0.134532 1.141894
v -0.108257 0.072859 1.238897
v -0.106743 0.062847 1.228838
v -0.103797 0.053128 1.219306
v -0.107828 0.061559 1.244626
v -0.106270 0.051963 1.234194
v -0.103230 0.042676 1.224309
v -0.107494 0.050755 1.250190
v -0.105885 0.041576 1.239438
v -0.102739 0.032718 1.229245
v -0.110111 0.124086 1.214468
v -0.109142 0.112336 1.206200
v -0.106830 0.100780 1.198308
v -0.109752 0.110267 1.220827
v -0.108588 0.098967 1.212087
v -0.106068 0.087892 1.203765
v -0.109272 0.097159 1.227002
v -0.107945 0.086298 1.217800
v -0.105250 0.075688 1.209059
v -0.098390 0.078904 1.183890
v -0.092439 0.068867 1.177462
v -0.085498 0.059594 1.171602
v -0.097236 0.067087 1.188657
v -0.091129 0.057635 1.181977
v -0.084077 0.048964 1.175928
v -0.096095 0.055915 1.193295
v -0.089868 0.047022 1.186391
v -0.082736 0.038925 1.180181
v -0.099515 0.169733 1.249707
v -0.104444 0.158848 1.240813
v -0.107816 0.147505 1.231879
v -0.099605 0.154320 1.258105
v -0.104476 0.143812 1.248709
v -0.107755 0.132858 1.239256
v -0.099434 0.139639 1.266267
v -0.104271 0.129504 1.256380
v -0.107496 0.118934 1.246424
v -0.012532 0.156102 1.340114
v -0.026174 0.154472 1.337490
v -0.039383 0.151669 1.333144
v -0.012547 0.141418 1.350075
v -0.026061 0.139852 1.347189
v -0.039111 0.137170 1.342484
v -0.012547 0.127443 1.359424
v -0.025903 0.125935 1.356256
v -0.038773 0.123362 1.351174
v -0.012460 0.221844 1.297958
v -0.026222 0.219882 1.295909
v -0.039596 0.216490 1.292428
v -0.012451 0.204280 1.308529
v -0.026230 0.202415 1.306408
v -0.039625 0.199185 1.302799
v -0.012472 0.187512 1.319170
v -0.026246 0.185733 1.316934
v -0.039629 0.182655 1.313146
v -0.064064 0.008954 1.178164
v -0.055213 0.004551 1.174151
v -0.046051 0.000935 1.170862
v -0.063137 0.001182 1.182254
v -0.054360 -0.002868 1.178233
v -0.045308 -0.006184 1.174949
v -0.062344 -0.006351 1.186307
v -0.053642 -0.010109 1.182263
v -0.044694 -0.013179 1.178972
v -0.069149 0.043793 1.161726
v -0.059979 0.037387 1.157745
v -0.050298 0.031987 1.154402
v -0.067690 0.034372 1.165853
v -0.058603 0.028535 1.161845
v -0.049065 0.023648 1.158503
v -0.066346 0.025476 1.169960
v -0.057340 0.020175 1.165945
v -0.047936 0.015767 1.162619
v -0.029844 0.024214 1.149632
v -0.019266 0.021855 1.148208
v -0.008563 0.020527 1.147430
v -0.029057 0.016636 1.153752
v -0.018763 0.014506 1.152334
v -0.008367 0.013313 1.151563
v -0.028338 0.009462 1.157908
v -0.018304 0.007544 1.156501
v -0.008191 0.006477 1.155739
v -0.014284 -0.034970 1.459898
v -0.028352 -0.036619 1.457181
v -0.041989 -0.039915 1.452602
v -0.013920 -0.056857 1.462457
v -0.027639 -0.058215 1.459946
v -0.040957 -0.060968 1.455602
v -0.013469 -0.080165 1.464818
v -0.026758 -0.081230 1.462521
v -0.039686 -0.083409 1.458437
v -0.014395 0.009039 1.449960
v -0.028630 0.006901 1.447053
v -0.042548 0.003094 1.442428
v -0.014536 0.004262 1.452382
v -0.028887 0.002138 1.449423
v -0.042867 -0.001769 1.444679
v -0.014592 -0.003915 1.454809
v -0.028976 -0.005963 1.451856
v -0.042944 -0.009857 1.447066
v -0.059237 0.049812 1.369992
v -0.069358 0.044814 1.360230
v -0.078729 0.038982 1.349747
v -0.059140 0.041874 1.374104
v -0.069311 0.036826 1.364392
v -0.078757 0.030940 1.353938
v -0.059112 0.034797 1.377883
v -0.069323 0.029643 1.368228
v -0.078825 0.023653 1.357801
v -0.062596 -0.173122 1.293656
v -0.054198 -0.175464 1.289806
v -0.045486 -0.177382 1.286648
v -0.062359 -0.179373 1.297045
v -0.054036 -0.181535 1.293303
v -0.045366 -0.183294 1.290263
v -0.061875 -0.185842 1.300565
v -0.053675 -0.187798 1.296928
v -0.045088 -0.189375 1.294005
v -0.061914 -0.150660 1.281294
v -0.053616 -0.153349 1.276964
v -0.045017 -0.155553 1.273372
v -0.062222 -0.155892 1.284308
v -0.053861 -0.158549 1.280100
v -0.045209 -0.160730 1.276608
v -0.062479 -0.161373 1.287321
v -0.054069 -0.163965 1.283237
v -0.045374 -0.166095 1.279851
v -0.027194 -0.158609 1.268399
v -0.018087 -0.159503 1.266982
v -0.008913 -0.159996 1.266229
v -0.027310 -0.163759 1.271776
v -0.018177 -0.164647 1.270400
v -0.008982 -0.165138 1.269668
v -0.027411 -0.169055 1.275176
v -0.018258 -0.169924 1.273848
v -0.009046 -0.170406 1.273141
v -0.106185 -0.134390 1.350492
v -0.104031 -0.141723 1.340887
v -0.100722 -0.148186 1.331950
v -0.104192 -0.143328 1.353551
v -0.102209 -0.150054 1.344004
v -0.099122 -0.156046 1.335118
v -0.101730 -0.152737 1.356774
v -0.099901 -0.158822 1.347288
v -0.097028 -0.164300 1.338463
v -0.108150 -0.106066 1.341872
v -0.105272 -0.114856 1.331814
v -0.101274 -0.122326 1.322484
v -0.108398 -0.111922 1.343626
v -0.105673 -0.120528 1.333715
v -0.101796 -0.127897 1.324516
v -0.108267 -0.118600 1.345533
v -0.105728 -0.126895 1.335752
v -0.102012 -0.134062 1.326664
v -0.090648 -0.134423 1.305927
v -0.084281 -0.139391 1.298690
v -0.077319 -0.143720 1.292164
v -0.091242 -0.139871 1.308259
v -0.084828 -0.144777 1.301203
v -0.077790 -0.149046 1.294860
v -0.091627 -0.145761 1.310662
v -0.085215 -0.150545 1.303761
v -0.078145 -0.154703 1.297578
v -0.104520 -0.056569 1.387978
v -0.108141 -0.070264 1.376090
v -0.109796 -0.083544 1.364195
v -0.104256 -0.063984 1.388908
v -0.107943 -0.077352 1.377182
v -0.109722 -0.090164 1.365521
v -0.103571 -0.073059 1.390063
v -0.107322 -0.085842 1.378481
v -0.109230 -0.097958 1.367036
v -0.067086 -0.053049 1.437779
v -0.078025 -0.062652 1.427956
v -0.087485 -0.073433 1.417116
v -0.065563 -0.072105 1.441011
v -0.076331 -0.080318 1.431147
v -0.085655 -0.089585 1.420216
v -0.063714 -0.092311 1.444201
v -0.074294 -0.098943 1.434382
v -0.083473 -0.106507 1.423443
v -0.090614 -0.149856 1.406035
v -0.094057 -0.155676 1.394643
v -0.095947 -0.161467 1.383554
v -0.087347 -0.162692 1.408261
v -0.090756 -0.167690 1.397020
v -0.092665 -0.172705 1.386072
v -0.083841 -0.174998 1.410029
v -0.087242 -0.179348 1.399014
v -0.089207 -0.183727 1.388270
v -0.007694 -0.225327 1.451336
v -0.015316 -0.225620 1.450073
v -0.022793 -0.226188 1.447766
v -0.007118 -0.234128 1.446656
v -0.014163 -0.234408 1.445508
v -0.021063 -0.234942 1.443412
v -0.006566 -0.241761 1.441823
v -0.013055 -0.242060 1.440814
v -0.019391 -0.242603 1.438960
v -0.012468 -0.122464 1.468278
v -0.024792 -0.123118 1.466297
v -0.036829 -0.124451 1.462628
v -0.011950 -0.139749 1.469078
v -0.023769 -0.140307 1.467182
v -0.035323 -0.141430 1.463647
v -0.011410 -0.155041 1.469078
v -0.022697 -0.155549 1.467246
v -0.033740 -0.156549 1.463829
v -0.045228 -0.251056 1.337254
v -0.039678 -0.250850 1.335313
v -0.033640 -0.250535 1.333962
v -0.042915 -0.254979 1.340974
v -0.037799 -0.254784 1.339374
v -0.032134 -0.254483 1.338284
v -0.040869 -0.257966 1.344621
v -0.036185 -0.257946 1.343512
v -0.030851 -0.257757 1.342737
v -0.060038 -0.199323 1.307939
v -0.052218 -0.200831 1.304505
v -0.043946 -0.202004 1.301802
v -0.058706 -0.206266 1.311721
v -0.051129 -0.207540 1.308396
v -0.043079 -0.208502 1.305803
v -0.057168 -0.213287 1.315496
v -0.049851 -0.214321 1.312297
v -0.042049 -0.215065 1.309822
v -0.026665 -0.203544 1.298315
v -0.017858 -0.203975 1.297397
v -0.009001 -0.204202 1.296946
v -0.026193 -0.209706 1.302508
v -0.017564 -0.210023 1.301661
v -0.008879 -0.210176 1.301259
v -0.025617 -0.215921 1.306723
v -0.017198 -0.216118 1.305945
v -0.008715 -0.216194 1.305589
v -0.065699 -0.244698 1.379654
v -0.065437 -0.246417 1.372347
v -0.064467 -0.247892 1.365462
v -0.060167 -0.251023 1.381108
v -0.060005 -0.252357 1.374196
v -0.059241 -0.253450 1.367634
v -0.054307 -0.256368 1.382325
v -0.054214 -0.257310 1.375802
v -0.053636 -0.258020 1.369551
v -0.095943 -0.172286 1.363015
v -0.094358 -0.177125 1.353742
v -0.091838 -0.181562 1.345125
v -0.092793 -0.182178 1.365833
v -0.091313 -0.186461 1.356722
v -0.088936 -0.190412 1.348262
v -0.089527 -0.192046 1.368418
v -0.088165 -0.195831 1.359496
v -0.085932 -0.199334 1.351214
v -0.084316 -0.189189 1.329812
v -0.079396 -0.192366 1.323163
v -0.073706 -0.195115 1.317264
v -0.081849 -0.197251 1.333206
v -0.077210 -0.200108 1.326656
v -0.071816 -0.202571 1.320848
v -0.079243 -0.205416 1.336470
v -0.074857 -0.207952 1.330054
v -0.069734 -0.210122 1.324372
v 0.006026 -0.268120 1.372270
v 0.012056 -0.268139 1.372386
v 0.018091 -0.268049 1.372516
v 0.006018 -0.268953 1.377497
v 0.012045 -0.268957 1.377653
v 0.018089 -0.268814 1.377845
v 0.005997 -0.269520 1.382610
v 0.012004 -0.269520 1.382824
v 0.018032 -0.269339 1.383103
v 0.030187 -0.267913 1.383621
v 0.030256 -0.267664 1.378109
v 0.030189 -0.267191 1.372606
v 0.036302 -0.266367 1.383708
v 0.036364 -0.266365 1.378021
v 0.036226 -0.266139 1.372398
v 0.042415 -0.264035 1.383556
v 0.042456 -0.264335 1.377648
v 0.042217 -0.264408 1.371863
v 0.041331 -0.262814 1.395386
v 0.040168 -0.261935 1.401151
v 0.038485 -0.260907 1.406724
v 0.035432 -0.265741 1.394933
v 0.034516 -0.265134 1.400327
v 0.033184 -0.264345 1.405496
v 0.029511 -0.267764 1.394370
v 0.028814 -0.267369 1.399474
v 0.027797 -0.266755 1.404322
v 0.029664 -0.262571 1.351922
v 0.034966 -0.262426 1.352001
v 0.039770 -0.261825 1.351864
v 0.029622 -0.264257 1.356828
v 0.035131 -0.263903 1.356684
v 0.040354 -0.263013 1.356192
v 0.029787 -0.265534 1.361920
v 0.035511 -0.264958 1.361666
v 0.041076 -0.263793 1.361033
v -0.029513 -0.262486 1.352071
v -0.029456 -0.264085 1.356970
v -0.029617 -0.265297 1.362037
v -0.034735 -0.262302 1.352211
v -0.034878 -0.263690 1.356884
v -0.035253 -0.264682 1.361833
v -0.039475 -0.261684 1.352113
v -0.040032 -0.262787 1.356434
v -0.040746 -0.263511 1.361242
v -0.013299 0.018405 1.427831
v -0.026445 0.016482 1.425423
v -0.039257 0.013158 1.421416
v -0.013382 0.017316 1.430632
v -0.026622 0.015436 1.428309
v -0.039563 0.012156 1.424435
v -0.013462 0.016390 1.433548
v -0.026796 0.014532 1.431250
v -0.039866 0.011279 1.427432
v -0.012306 0.060669 1.397603
v -0.024775 0.059336 1.393311
v -0.036855 0.057093 1.386885
v -0.012299 0.052874 1.401552
v -0.024708 0.051519 1.397281
v -0.036749 0.049242 1.390893
v -0.012308 0.046126 1.404999
v -0.024680 0.044717 1.400794
v -0.036702 0.042362 1.394496
v -0.059151 0.023165 1.384389
v -0.069395 0.017631 1.374852
v -0.078938 0.011298 1.364477
v -0.059236 0.018533 1.387233
v -0.069477 0.012736 1.377759
v -0.079007 0.006166 1.367411
v -0.059426 0.014608 1.389975
v -0.069662 0.008513 1.380573
v -0.079166 0.001662 1.370258
v -0.060754 -0.113730 1.253053
v -0.052677 -0.116346 1.248081
v -0.044282 -0.118502 1.243963
v -0.060807 -0.118280 1.256919
v -0.052734 -0.120882 1.251979
v -0.044337 -0.123027 1.247886
v -0.060871 -0.122802 1.260712
v -0.052794 -0.125392 1.255824
v -0.044387 -0.127528 1.251776
v -0.060108 -0.048682 1.208947
v -0.051807 -0.051546 1.204463
v -0.043262 -0.053833 1.200876
v -0.060098 -0.055243 1.212415
v -0.051814 -0.058026 1.207866
v -0.043281 -0.060238 1.204233
v -0.060143 -0.061613 1.215839
v -0.051867 -0.064328 1.211233
v -0.043338 -0.066478 1.207559
v -0.025734 -0.056955 1.196018
v -0.016855 -0.057858 1.194634
v -0.007937 -0.058321 1.193920
v -0.025775 -0.063215 1.199351
v -0.016907 -0.064057 1.197978
v -0.008000 -0.064481 1.197276
v -0.025838 -0.069332 1.202654
v -0.016972 -0.070119 1.201294
v -0.008066 -0.070508 1.200604
v -0.106509 -0.074223 1.320038
v -0.103769 -0.081524 1.309343
v -0.099664 -0.087893 1.299295
v -0.106279 -0.078451 1.323699
v -0.103513 -0.085965 1.312990
v -0.099457 -0.092445 1.302949
v -0.106168 -0.082430 1.327195
v -0.103365 -0.090189 1.316480
v -0.099339 -0.096815 1.306453
v -0.108024 -0.005497 1.279066
v -0.105401 -0.012373 1.267624
v -0.101076 -0.018860 1.256714
v -0.108349 -0.013420 1.282959
v -0.105605 -0.020081 1.271517
v -0.101146 -0.026330 1.260609
v -0.108632 -0.020830 1.286586
v -0.105805 -0.027348 1.275167
v -0.101257 -0.033432 1.264287
v -0.089484 -0.030771 1.237065
v -0.082824 -0.036127 1.228538
v -0.075677 -0.040959 1.220969
v -0.089397 -0.037818 1.240886
v -0.082733 -0.043017 1.232278
v -0.075610 -0.047720 1.224614
v -0.089401 -0.044604 1.244556
v -0.082733 -0.049673 1.235901
v -0.075623 -0.054264 1.228174
v -0.095054 0.025077 1.327017
v -0.101477 0.017355 1.315057
v -0.106088 0.009498 1.302952
v -0.095285 0.016929 1.331150
v -0.101808 0.009177 1.319113
v -0.106484 0.001335 1.306927
v -0.095500 0.009462 1.334956
v -0.102092 0.001653 1.322851
v -0.106813 -0.006207 1.310599
v -0.076162 -0.197916 1.412153
v -0.079630 -0.201357 1.401825
v -0.081814 -0.204818 1.391683
v -0.072015 -0.208474 1.412533
v -0.075515 -0.211587 1.402667
v -0.077822 -0.214714 1.392929
v -0.067677 -0.218394 1.412505
v -0.071158 -0.221220 1.403177
v -0.073539 -0.224051 1.393917
v -0.068747 -0.010258 1.428746
v -0.080418 -0.019753 1.420012
v -0.090552 -0.030817 1.410204
v -0.068936 -0.016011 1.430475
v -0.080443 -0.026205 1.421393
v -0.090413 -0.037897 1.411286
v -0.068779 -0.024585 1.432441
v -0.080090 -0.035199 1.423027
v -0.089875 -0.047220 1.412619
v -0.024186 -0.228336 1.315120
v -0.016256 -0.228285 1.314471
v -0.008249 -0.228201 1.314185
v -0.023357 -0.234343 1.319316
v -0.015697 -0.234177 1.318727
v -0.007958 -0.234022 1.318465
v -0.022476 -0.240017 1.323563
v -0.015102 -0.239759 1.323032
v -0.007643 -0.239547 1.322788
v -0.073948 -0.221869 1.342411
v -0.069979 -0.223762 1.336344
v -0.065299 -0.225321 1.331007
v -0.071189 -0.229865 1.345123
v -0.067418 -0.231437 1.339260
v -0.062941 -0.232683 1.334133
v -0.068153 -0.237380 1.347776
v -0.064618 -0.238633 1.342129
v -0.060381 -0.239572 1.337224
v -0.010221 -0.181785 1.466200
v -0.020338 -0.182226 1.464517
v -0.030249 -0.183071 1.461396
v -0.009580 -0.193835 1.463369
v -0.019068 -0.194237 1.461785
v -0.028370 -0.195006 1.458858
v -0.008934 -0.205088 1.459830
v -0.017784 -0.205450 1.458355
v -0.026467 -0.206146 1.455635
v -0.053695 -0.227367 1.322821
v -0.046888 -0.227901 1.319952
v -0.039603 -0.228196 1.317777
v -0.051793 -0.234164 1.326375
v -0.045243 -0.234456 1.323712
v -0.038226 -0.234537 1.321722
v -0.049757 -0.240518 1.329930
v -0.043489 -0.240593 1.327493
v -0.036762 -0.240490 1.325704
v -0.082764 -0.211405 1.372831
v -0.081742 -0.214404 1.364331
v -0.079865 -0.217166 1.356436
v -0.079151 -0.220654 1.374704
v -0.078346 -0.223342 1.366439
v -0.076689 -0.225795 1.358753
v -0.075195 -0.229396 1.376429
v -0.074604 -0.231787 1.368435
v -0.073179 -0.233938 1.360980
v -0.013688 0.015025 1.439374
v -0.027266 0.013115 1.436951
v -0.040625 0.009807 1.433013
v -0.013846 0.014335 1.442177
v -0.027581 0.012361 1.439630
v -0.041097 0.008964 1.435539
v -0.014023 0.013309 1.444883
v -0.027928 0.011264 1.442200
v -0.041596 0.007748 1.437927
v -0.063214 0.001964 1.408678
v -0.073959 -0.005784 1.400131
v -0.083572 -0.014690 1.390352
v -0.063930 0.000969 1.412066
v -0.074899 -0.006873 1.403714
v -0.084657 -0.015983 1.394101
v -0.064649 0.000121 1.415311
v -0.075851 -0.007774 1.407128
v -0.085768 -0.017042 1.397666
v -0.061055 -0.131770 1.268048
v -0.052945 -0.134382 1.263305
v -0.044503 -0.136531 1.259380
v -0.061192 -0.136281 1.271563
v -0.053052 -0.138924 1.266909
v -0.044584 -0.141094 1.263058
v -0.061374 -0.140892 1.274953
v -0.053195 -0.143566 1.270397
v -0.044692 -0.145757 1.266625
v -0.026888 -0.139490 1.253974
v -0.017839 -0.140336 1.252443
v -0.008704 -0.140789 1.251633
v -0.026935 -0.144088 1.257744
v -0.017879 -0.144951 1.256235
v -0.008742 -0.145417 1.255436
v -0.026999 -0.148785 1.261414
v -0.017933 -0.149664 1.259931
v -0.008790 -0.150143 1.259145
v -0.106429 -0.089604 1.333302
v -0.103509 -0.097912 1.322683
v -0.099468 -0.104918 1.312789
v -0.106784 -0.093056 1.335847
v -0.103807 -0.101618 1.325340
v -0.099735 -0.108826 1.315570
v -0.107226 -0.096772 1.338095
v -0.104222 -0.105525 1.327727
v -0.100134 -0.112897 1.318103
v -0.088951 -0.116264 1.295016
v -0.082761 -0.120965 1.287136
v -0.076018 -0.125089 1.279986
v -0.089184 -0.120467 1.298059
v -0.082974 -0.125277 1.290310
v -0.076209 -0.129489 1.283284
v -0.089536 -0.124799 1.300896
v -0.083288 -0.129708 1.293301
v -0.076480 -0.133997 1.286421
v -0.102279 -0.042256 1.381510
v -0.106110 -0.055244 1.369247
v -0.107948 -0.068003 1.356810
v -0.103188 -0.044152 1.383791
v -0.106876 -0.057552 1.371567
v -0.108549 -0.070738 1.359185
v -0.103924 -0.046864 1.385595
v -0.107529 -0.060544 1.373445
v -0.109114 -0.073994 1.361171
v -0.012485 0.101730 1.375516
v -0.025492 0.100318 1.371797
v -0.038007 0.097927 1.366020
v -0.012431 0.090079 1.382157
v -0.025268 0.088704 1.378206
v -0.037634 0.086382 1.372153
v -0.012375 0.079312 1.387983
v -0.025060 0.077965 1.383850
v -0.037301 0.075691 1.377589
v -0.065695 0.371493 1.205141
v -0.076810 0.361266 1.198432
v -0.086748 0.349332 1.191268
v -0.065122 0.347928 1.214899
v -0.075905 0.337995 1.208324
v -0.085484 0.326511 1.201274
v -0.064610 0.324951 1.224294
v -0.075172 0.315387 1.217829
v -0.084516 0.304400 1.210865
v -0.061135 -0.020953 1.194213
v -0.052594 -0.024285 1.190061
v -0.043831 -0.026992 1.186704
v -0.060710 -0.028079 1.198038
v -0.052249 -0.031261 1.193805
v -0.043564 -0.033837 1.190391
v -0.060400 -0.035082 1.201771
v -0.052010 -0.038142 1.197449
v -0.043390 -0.040609 1.193974
v -0.025909 -0.030841 1.182026
v -0.016846 -0.032022 1.180634
v -0.007752 -0.032660 1.179893
v -0.025794 -0.037474 1.185664
v -0.016803 -0.038580 1.184269
v -0.007779 -0.039172 1.183531
v -0.025734 -0.044060 1.189195
v -0.016796 -0.045096 1.187798
v -0.007823 -0.045644 1.187066
v -0.107216 0.030427 1.260757
v -0.105364 0.022101 1.249568
v -0.101888 0.014112 1.238938
v -0.107279 0.020852 1.265720
v -0.105231 0.012948 1.254412
v -0.101531 0.005389 1.243655
v -0.107451 0.011670 1.270441
v -0.105191 0.004160 1.259060
v -0.101258 -0.002994 1.248221
v -0.091274 -0.000310 1.220155
v -0.084607 -0.006561 1.212211
v -0.077257 -0.012110 1.205242
v -0.090646 -0.008302 1.224568
v -0.083974 -0.014279 1.216455
v -0.076674 -0.019600 1.209322
v -0.090108 -0.016016 1.228890
v -0.083442 -0.021758 1.220617
v -0.076201 -0.026894 1.213322
v -0.094989 0.064093 1.307314
v -0.100756 0.055967 1.295701
v -0.104909 0.047524 1.283988
v -0.094759 0.053429 1.312747
v -0.100722 0.045491 1.301027
v -0.105026 0.037279 1.289194
v -0.094735 0.043350 1.317824
v -0.100875 0.035543 1.306018
v -0.105303 0.027508 1.294087
v -0.026432 -0.102478 1.223065
v -0.017486 -0.103185 1.221630
v -0.008469 -0.103510 1.220914
v -0.026534 -0.107393 1.226759
v -0.017566 -0.108126 1.225276
v -0.008521 -0.108471 1.224528
v -0.026624 -0.112173 1.230541
v -0.017636 -0.112934 1.229013
v -0.008564 -0.113301 1.228232
v -0.089368 -0.079252 1.265654
v -0.082832 -0.083969 1.257303
v -0.075834 -0.088179 1.249729
v -0.089232 -0.084245 1.269490
v -0.082755 -0.088902 1.261206
v -0.075805 -0.093056 1.253675
v -0.089084 -0.089107 1.273381
v -0.082669 -0.093706 1.265154
v -0.075770 -0.097806 1.257662
v -0.096097 -0.022416 1.353387
v -0.102237 -0.031129 1.341222
v -0.106532 -0.039696 1.328986
v -0.096493 -0.026186 1.356713
v -0.102370 -0.035304 1.344564
v -0.106410 -0.044224 1.332353
v -0.097025 -0.029561 1.360238
v -0.102603 -0.039159 1.348098
v -0.106343 -0.048511 1.335894
v -0.012721 0.024462 1.418840
v -0.025320 0.022380 1.415560
v -0.037559 0.019000 1.410428
v -0.012886 0.022631 1.420811
v -0.025630 0.020558 1.417791
v -0.038006 0.017140 1.412983
v -0.013051 0.021043 1.422916
v -0.025946 0.019010 1.420146
v -0.038472 0.015601 1.415654
v -0.060572 -0.095007 1.237220
v -0.052396 -0.097624 1.232348
v -0.043940 -0.099729 1.228378
v -0.060620 -0.099832 1.241155
v -0.052477 -0.102457 1.236233
v -0.044043 -0.104586 1.232199
v -0.060665 -0.104529 1.245140
v -0.052551 -0.107161 1.240179
v -0.044136 -0.109309 1.236092
v -0.107973 -0.055308 1.305539
v -0.105228 -0.062127 1.294661
v -0.100857 -0.068352 1.284379
v -0.107589 -0.060279 1.309016
v -0.104860 -0.067181 1.298224
v -0.100560 -0.073423 1.288036
v -0.107196 -0.065110 1.312622
v -0.104474 -0.072109 1.301894
v -0.100243 -0.078368 1.291780
v -0.060297 0.008618 1.395670
v -0.070564 0.001868 1.386463
v -0.080006 -0.005682 1.376244
v -0.060965 0.006409 1.398741
v -0.071287 -0.000665 1.389665
v -0.080715 -0.008601 1.379516
v -0.061713 0.004617 1.401947
v -0.072127 -0.002746 1.393024
v -0.081570 -0.011056 1.382969
v -0.026009 -0.081085 1.209250
v -0.017130 -0.081795 1.207904
v -0.008205 -0.082128 1.207232
v -0.026110 -0.086703 1.212588
v -0.017218 -0.087393 1.211237
v -0.008276 -0.087710 1.210567
v -0.026216 -0.092143 1.215986
v -0.017309 -0.092826 1.214620
v -0.008345 -0.093136 1.213946
v -0.089494 -0.057260 1.251535
v -0.082831 -0.062160 1.242899
v -0.075738 -0.066585 1.235148
v -0.089521 -0.063128 1.254940
v -0.082873 -0.067980 1.246361
v -0.075791 -0.072346 1.238642
v -0.089517 -0.068727 1.258383
v -0.082894 -0.073540 1.249878
v -0.075830 -0.077855 1.242205
v -0.095704 -0.003387 1.341560
v -0.102333 -0.011334 1.329372
v -0.107077 -0.019271 1.317055
v -0.095710 -0.008847 1.344486
v -0.102299 -0.016885 1.332286
v -0.107008 -0.024889 1.319972
v -0.095736 -0.013780 1.347341
v -0.102234 -0.021959 1.335145
v -0.106864 -0.030076 1.322849
v -0.012356 0.035815 1.410595
v -0.024704 0.034178 1.406593
v -0.036715 0.031499 1.400558
v -0.012402 0.032086 1.412889
v -0.024763 0.030295 1.409015
v -0.036786 0.027396 1.403143
v -0.012473 0.029072 1.414966
v -0.024875 0.027137 1.411251
v -0.036935 0.024025 1.405576
v -0.060296 -0.073678 1.222672
v -0.052035 -0.076307 1.217975
v -0.043514 -0.078385 1.214219
v -0.060375 -0.079353 1.226146
v -0.052127 -0.081964 1.221409
v -0.043616 -0.084031 1.217610
v -0.060449 -0.084794 1.229707
v -0.052219 -0.087400 1.224930
v -0.043724 -0.089470 1.221081
v -0.108867 -0.033906 1.293104
v -0.105995 -0.040372 1.281812
v -0.101400 -0.046366 1.271074
v -0.108787 -0.039653 1.296122
v -0.105939 -0.046187 1.284926
v -0.101374 -0.052232 1.274296
v -0.108598 -0.045048 1.299128
v -0.105786 -0.051679 1.288040
v -0.101277 -0.057800 1.277528
v 0.031326 -0.244525 1.432219
v 0.036695 -0.245872 1.427381
v 0.041484 -0.247386 1.421810
v 0.034174 -0.236952 1.435882
v 0.040134 -0.238417 1.430505
v 0.045490 -0.240099 1.424326
v 0.037062 -0.228367 1.439464
v 0.043583 -0.229979 1.433534
v 0.049466 -0.231849 1.426721
v -0.018059 -0.267859 1.372517
v -0.012046 -0.268008 1.372380
v -0.006025 -0.268053 1.372265
v -0.018061 -0.268624 1.377832
v -0.012037 -0.268822 1.377637
v -0.006017 -0.268883 1.377487
v -0.018010 -0.269165 1.383079
v -0.011998 -0.269393 1.382800
v -0.005996 -0.269454 1.382596
v -0.005886 -0.269760 1.392260
v -0.005780 -0.269459 1.396728
v -0.005625 -0.268826 1.400909
v -0.011773 -0.269762 1.392615
v -0.011553 -0.269525 1.397172
v -0.011231 -0.268975 1.401440
v -0.017663 -0.269543 1.393130
v -0.017312 -0.269349 1.397826
v -0.016801 -0.268867 1.402235
v 0.124101 0.232173 1.113802
v 0.119507 0.219236 1.121977
v 0.119399 0.214424 1.111326
v 0.114969 0.202490 1.119143
v 0.113343 0.197607 1.109078
v 0.109133 0.186600 1.116554
v 0.059443 -0.129866 1.449087
v 0.057111 -0.145915 1.450506
v 0.054622 -0.160458 1.451144
v 0.069533 -0.133970 1.439493
v 0.066869 -0.149309 1.441146
v 0.064001 -0.163393 1.442092
v 0.078371 -0.138773 1.428701
v 0.075439 -0.153306 1.430587
v 0.072263 -0.166848 1.431857
v 0.050577 0.131567 1.094900
v 0.048725 0.125371 1.100719
v 0.047028 0.118102 1.106301
v 0.035243 0.125530 1.094335
v 0.034010 0.119620 1.099978
v 0.032861 0.112643 1.105395
v 0.019288 0.121714 1.093929
v 0.018674 0.115978 1.099463
v 0.018094 0.109181 1.104777
v 0.111441 0.388557 1.144084
v 0.108635 0.365910 1.155649
v 0.118452 0.369825 1.138569
v 0.115015 0.348285 1.149857
v 0.123785 0.350017 1.133761
v 0.119806 0.329764 1.144669
v 0.100376 0.238849 1.214472
v 0.100724 0.219990 1.223178
v 0.101213 0.201940 1.231751
v 0.105389 0.226399 1.207345
v 0.105709 0.208055 1.215764
v 0.106167 0.190458 1.224000
v 0.109038 0.213456 1.200334
v 0.109287 0.195643 1.208412
v 0.109668 0.178511 1.216265
v 0.064551 0.114408 1.334870
v 0.074771 0.108585 1.325564
v 0.083891 0.101882 1.315477
v 0.065228 0.127686 1.326785
v 0.075571 0.121619 1.317848
v 0.084752 0.114654 1.308113
v 0.065813 0.141608 1.318105
v 0.076296 0.135279 1.309584
v 0.085563 0.128032 1.300260
v 0.038483 0.061722 1.134493
v 0.037281 0.051906 1.138541
v 0.036131 0.042474 1.142548
v 0.026803 0.057924 1.132903
v 0.025931 0.048394 1.136894
v 0.025094 0.039243 1.140858
v 0.014830 0.055487 1.131866
v 0.014325 0.046142 1.135821
v 0.013834 0.037172 1.139757
v 0.105484 0.133766 1.163681
v 0.104456 0.119366 1.169379
v 0.103492 0.105375 1.174781
v 0.100780 0.121498 1.158687
v 0.099455 0.107751 1.164042
v 0.098179 0.094399 1.169119
v 0.094908 0.109920 1.154041
v 0.093326 0.096835 1.159090
v 0.091783 0.084136 1.163885
v 0.096707 0.035550 1.203053
v 0.095928 0.025905 1.207400
v 0.095210 0.016734 1.211750
v 0.090387 0.027900 1.195984
v 0.089475 0.018718 1.200166
v 0.088641 0.009969 1.204354
v 0.083198 0.021081 1.189729
v 0.082196 0.012356 1.193807
v 0.081295 0.004010 1.197883
v 0.099850 0.111270 1.280143
v 0.099205 0.098491 1.287233
v 0.098582 0.086269 1.293955
v 0.104705 0.102019 1.269724
v 0.104283 0.089555 1.276459
v 0.103920 0.077624 1.282884
v 0.108013 0.092379 1.259250
v 0.107809 0.080248 1.265633
v 0.107692 0.068631 1.271760
v 0.067348 0.419515 1.183606
v 0.079596 0.409108 1.176646
v 0.090792 0.396618 1.169293
v 0.067619 0.443423 1.172209
v 0.080400 0.433104 1.165099
v 0.092233 0.420499 1.157619
v 0.067891 0.466511 1.160875
v 0.081196 0.456305 1.153574
v 0.093686 0.443640 1.145916
v 0.030444 -0.002831 1.167536
v 0.029823 -0.009539 1.171662
v 0.029297 -0.016217 1.175700
v 0.020939 -0.004784 1.165778
v 0.020482 -0.011358 1.169907
v 0.020091 -0.017920 1.173944
v 0.011361 -0.006135 1.164580
v 0.011080 -0.012633 1.168703
v 0.010834 -0.019125 1.172736
v 0.061752 0.068131 1.360177
v 0.071878 0.062996 1.350268
v 0.081128 0.057024 1.339664
v 0.062396 0.078599 1.354816
v 0.072493 0.073348 1.344939
v 0.081668 0.067256 1.334353
v 0.063098 0.089834 1.348880
v 0.073193 0.084425 1.339100
v 0.082311 0.078165 1.328588
v 0.027385 -0.179738 1.283091
v 0.027202 -0.185446 1.286884
v 0.026936 -0.191272 1.290825
v 0.018378 -0.180609 1.281637
v 0.018239 -0.186242 1.285509
v 0.018044 -0.191982 1.289530
v 0.009262 -0.181150 1.280747
v 0.009166 -0.186736 1.284671
v 0.009042 -0.192422 1.288741
v 0.090476 -0.158672 1.316907
v 0.089463 -0.165842 1.319969
v 0.088026 -0.173328 1.323197
v 0.084096 -0.162999 1.310469
v 0.083264 -0.169901 1.313573
v 0.082070 -0.177090 1.316820
v 0.077026 -0.166743 1.304740
v 0.076364 -0.173412 1.307894
v 0.075407 -0.180344 1.311168
v 0.100658 -0.095782 1.394149
v 0.098789 -0.108954 1.396981
v 0.096551 -0.122660 1.400031
v 0.104339 -0.106510 1.382731
v 0.102495 -0.118366 1.385512
v 0.100261 -0.130726 1.388505
v 0.106306 -0.116622 1.371564
v 0.104519 -0.127317 1.374328
v 0.102317 -0.138511 1.377285
v 0.058632 -0.236079 1.411408
v 0.053779 -0.243826 1.410411
v 0.048795 -0.250627 1.409240
v 0.061777 -0.238297 1.403328
v 0.056604 -0.245738 1.403036
v 0.051245 -0.252232 1.402547
v 0.064004 -0.240490 1.395207
v 0.058607 -0.247600 1.395579
v 0.052972 -0.253756 1.395736
v 0.067687 -0.004036 1.425243
v 0.079474 -0.012373 1.417040
v 0.089757 -0.022327 1.407662
v 0.066963 -0.002440 1.423212
v 0.078692 -0.010526 1.415139
v 0.088961 -0.020204 1.405842
v 0.066184 -0.001417 1.420908
v 0.077787 -0.009394 1.412877
v 0.087984 -0.018909 1.403587
v 0.020521 -0.249538 1.332601
v 0.019717 -0.253569 1.337108
v 0.019012 -0.257025 1.341770
v 0.013738 -0.249273 1.332129
v 0.013218 -0.253303 1.336720
v 0.012758 -0.256782 1.341461
v 0.006857 -0.249107 1.331836
v 0.006612 -0.253134 1.336476
v 0.006393 -0.256624 1.341261
v 0.060812 -0.249852 1.353099
v 0.056389 -0.254838 1.355713
v 0.051573 -0.258834 1.358035
v 0.057971 -0.250442 1.347917
v 0.054059 -0.255093 1.350722
v 0.049821 -0.258730 1.353207
v 0.054463 -0.250764 1.343495
v 0.051144 -0.255097 1.346505
v 0.047674 -0.258356 1.349182
v -0.018143 -0.262297 1.351609
v -0.012186 -0.262158 1.351409
v -0.006122 -0.262048 1.351269
v -0.018004 -0.264166 1.356719
v -0.012071 -0.264104 1.356569
v -0.006057 -0.264040 1.356452
v -0.017986 -0.265666 1.361921
v -0.012036 -0.265680 1.361803
v -0.006032 -0.265660 1.361703
v 0.027591 -0.120739 1.239390
v 0.027613 -0.125314 1.243293
v 0.027625 -0.129858 1.247202
v 0.018674 -0.121739 1.237505
v 0.018686 -0.126312 1.241422
v 0.018690 -0.130852 1.245354
v 0.009635 -0.122379 1.236314
v 0.009638 -0.126948 1.240240
v 0.009634 -0.131485 1.244187
v 0.089083 -0.098050 1.281632
v 0.089032 -0.102736 1.285267
v 0.089036 -0.107316 1.288777
v 0.082796 -0.102477 1.273692
v 0.082786 -0.107152 1.277357
v 0.082822 -0.111750 1.280907
v 0.076005 -0.106391 1.266475
v 0.076024 -0.111044 1.270176
v 0.076081 -0.115646 1.273773
v 0.098492 -0.034969 1.367707
v 0.099402 -0.037142 1.371617
v 0.100375 -0.039035 1.375328
v 0.103422 -0.045586 1.355563
v 0.104023 -0.048383 1.359417
v 0.104709 -0.050896 1.363079
v 0.106496 -0.055904 1.343333
v 0.106755 -0.059326 1.347099
v 0.107118 -0.062474 1.350682
v 0.086632 0.222939 1.246867
v 0.086232 0.241842 1.237808
v 0.085944 0.261656 1.228752
v 0.077117 0.232150 1.253938
v 0.076814 0.251436 1.244725
v 0.076593 0.271665 1.235594
v 0.066374 0.240283 1.260435
v 0.066169 0.259903 1.251107
v 0.066016 0.280483 1.241929
v 0.043048 -0.208788 1.445740
v 0.050616 -0.210743 1.438658
v 0.057420 -0.213024 1.430552
v 0.046096 -0.197916 1.448156
v 0.054155 -0.200065 1.440501
v 0.061360 -0.202574 1.431770
v 0.049089 -0.186274 1.449933
v 0.057613 -0.188644 1.441744
v 0.065189 -0.191412 1.432433
v 0.129658 0.309482 1.125772
v 0.125011 0.291890 1.135751
v 0.130328 0.289476 1.122390
v 0.125565 0.273139 1.131880
v 0.129581 0.269839 1.119313
v 0.124807 0.254697 1.128327
v 0.013520 0.485644 1.176133
v 0.013692 0.463022 1.187464
v 0.013890 0.439776 1.198969
v 0.027029 0.483655 1.174546
v 0.027290 0.460978 1.185796
v 0.027582 0.437615 1.197201
v 0.040590 0.479990 1.171609
v 0.040839 0.457217 1.182797
v 0.041117 0.433689 1.194115
v 0.097027 0.167392 1.105388
v 0.093448 0.157990 1.112168
v 0.086800 0.154327 1.103939
v 0.083629 0.145594 1.110366
v 0.075287 0.142854 1.102703
v 0.072572 0.134701 1.108799
v 0.066675 0.204004 1.279727
v 0.066677 0.187273 1.289582
v 0.066548 0.171358 1.299371
v 0.077519 0.196508 1.272770
v 0.077488 0.180083 1.282292
v 0.077280 0.164465 1.291697
v 0.087117 0.188001 1.265146
v 0.087039 0.171908 1.274284
v 0.086748 0.156611 1.283262
v 0.103968 0.321149 1.177229
v 0.102256 0.299618 1.187102
v 0.101051 0.278710 1.196516
v 0.109514 0.305658 1.170918
v 0.107562 0.285047 1.180596
v 0.106203 0.264952 1.189826
v 0.113630 0.289522 1.165024
v 0.111490 0.269898 1.174421
v 0.110008 0.250658 1.183389
v 0.014881 0.300697 1.257938
v 0.015026 0.279530 1.267380
v 0.015156 0.259238 1.277066
v 0.028581 0.298063 1.255668
v 0.028695 0.276931 1.265035
v 0.028802 0.256705 1.274645
v 0.041818 0.293794 1.252152
v 0.041915 0.272762 1.261440
v 0.042018 0.252666 1.270962
v 0.014269 0.392408 1.220470
v 0.014431 0.368764 1.230182
v 0.014583 0.345451 1.239499
v 0.028066 0.389985 1.218509
v 0.028226 0.366239 1.228138
v 0.028353 0.342854 1.237379
v 0.041523 0.385753 1.215253
v 0.041619 0.361926 1.224816
v 0.041680 0.338508 1.233994
v 0.079693 0.089436 1.145834
v 0.077857 0.077639 1.150396
v 0.076063 0.066226 1.154777
v 0.070509 0.080751 1.142314
v 0.068704 0.069548 1.146697
v 0.066948 0.058731 1.150942
v 0.060475 0.073193 1.139228
v 0.058793 0.062530 1.143469
v 0.057168 0.052254 1.147611
v 0.087816 0.136762 1.124716
v 0.085538 0.125272 1.130480
v 0.083487 0.113436 1.135913
v 0.078453 0.125643 1.122253
v 0.076268 0.114775 1.127711
v 0.074260 0.103550 1.132863
v 0.067950 0.115883 1.120083
v 0.065918 0.105574 1.125268
v 0.064019 0.094903 1.130173
v 0.043919 0.101021 1.116664
v 0.042463 0.091564 1.121446
v 0.041070 0.081739 1.125993
v 0.030703 0.096129 1.115468
v 0.029670 0.086942 1.120128
v 0.028673 0.077385 1.124568
v 0.016976 0.093014 1.114670
v 0.016425 0.083989 1.119254
v 0.015882 0.074596 1.123630
v 0.112583 0.186699 1.186949
v 0.112563 0.169961 1.194244
v 0.112653 0.153783 1.201258
v 0.112573 0.173179 1.180667
v 0.112355 0.156988 1.187549
v 0.112237 0.141307 1.194133
v 0.111383 0.159755 1.174684
v 0.110929 0.144130 1.181154
v 0.110564 0.128972 1.187318
v 0.118029 0.256422 1.154430
v 0.115653 0.238754 1.163120
v 0.113980 0.221206 1.171415
v 0.118441 0.239867 1.149686
v 0.116003 0.223112 1.157988
v 0.114250 0.206366 1.165908
v 0.117676 0.223491 1.145274
v 0.115207 0.207604 1.153181
v 0.113383 0.191630 1.160714
v 0.112637 0.191795 1.137329
v 0.110175 0.177509 1.144469
v 0.108230 0.162997 1.151244
v 0.108330 0.176760 1.133768
v 0.105898 0.163215 1.140546
v 0.103904 0.149397 1.146960
v 0.102781 0.162472 1.130479
v 0.100390 0.149637 1.136907
v 0.098360 0.136495 1.142976
v 0.109968 0.072515 1.238686
v 0.109884 0.061124 1.244319
v 0.109898 0.050235 1.249809
v 0.108683 0.062634 1.228877
v 0.108473 0.051652 1.234125
v 0.108345 0.041177 1.239283
v 0.105990 0.053051 1.219575
v 0.105590 0.042498 1.224464
v 0.105253 0.032455 1.229308
v 0.112174 0.123740 1.214538
v 0.111525 0.109951 1.220848
v 0.110825 0.096875 1.226964
v 0.111394 0.112175 1.206512
v 0.110602 0.098820 1.212362
v 0.109777 0.086169 1.218021
v 0.109309 0.100809 1.198847
v 0.108365 0.087915 1.204272
v 0.107399 0.075713 1.209514
v 0.101278 0.079394 1.184855
v 0.100008 0.067526 1.189599
v 0.098757 0.056315 1.194191
v 0.095481 0.069625 1.178619
v 0.094059 0.058323 1.183119
v 0.092687 0.047652 1.187494
v 0.088679 0.060617 1.172924
v 0.087137 0.049906 1.177247
v 0.085673 0.039799 1.181472
v 0.101667 0.168536 1.248616
v 0.101456 0.153160 1.256871
v 0.101034 0.138552 1.264922
v 0.106482 0.157861 1.240024
v 0.106182 0.142864 1.247800
v 0.105712 0.128618 1.255369
v 0.109773 0.146744 1.231394
v 0.109370 0.132137 1.238679
v 0.108846 0.118267 1.245761
v 0.015140 0.155885 1.339620
v 0.014947 0.141253 1.349634
v 0.014711 0.127324 1.359043
v 0.028721 0.154045 1.336537
v 0.028460 0.139525 1.346335
v 0.028131 0.125699 1.355515
v 0.041838 0.151050 1.331795
v 0.041500 0.136691 1.341271
v 0.041076 0.123010 1.350117
v 0.015337 0.221443 1.297389
v 0.015370 0.203908 1.307951
v 0.015353 0.187185 1.318605
v 0.028972 0.219108 1.294822
v 0.029010 0.201694 1.305300
v 0.028992 0.185098 1.315847
v 0.042193 0.215395 1.290920
v 0.042228 0.198161 1.301255
v 0.042197 0.181750 1.311622
v 0.066961 0.010174 1.179669
v 0.065927 0.002302 1.183691
v 0.065026 -0.005325 1.187678
v 0.058196 0.006015 1.175775
v 0.057217 -0.001483 1.179820
v 0.056373 -0.008804 1.183811
v 0.049129 0.002547 1.172515
v 0.048242 -0.004625 1.176595
v 0.047484 -0.011684 1.180605
v 0.072618 0.045252 1.163248
v 0.071004 0.035771 1.167409
v 0.069503 0.026834 1.171529
v 0.063609 0.038968 1.159279
v 0.062058 0.030085 1.163433
v 0.060622 0.021714 1.167572
v 0.054092 0.033591 1.155873
v 0.052665 0.025250 1.160044
v 0.051347 0.017392 1.164221
v 0.033956 0.025474 1.150709
v 0.032945 0.017925 1.154899
v 0.032009 0.010802 1.159124
v 0.023509 0.022758 1.148967
v 0.022771 0.015435 1.153147
v 0.022087 0.008515 1.157365
v 0.012897 0.020998 1.147822
v 0.012459 0.013799 1.151983
v 0.012053 0.006986 1.156188
v 0.014284 -0.034969 1.459897
v 0.013920 -0.056857 1.462457
v 0.013469 -0.080165 1.464817
v 0.028352 -0.036619 1.457178
v 0.027639 -0.058214 1.459942
v 0.026757 -0.081228 1.462516
v 0.041986 -0.039913 1.452593
v 0.040954 -0.060965 1.455588
v 0.039683 -0.083404 1.458420
v 0.014395 0.009039 1.449960
v 0.014536 0.004262 1.452382
v 0.014592 -0.003915 1.454809
v 0.028630 0.006901 1.447053
v 0.028887 0.002138 1.449422
v 0.028976 -0.005963 1.451855
v 0.042548 0.003094 1.442428
v 0.042867 -0.001769 1.444678
v 0.042944 -0.009856 1.447064
v 0.060148 0.034683 1.377579
v 0.070397 0.029457 1.367784
v 0.079905 0.023392 1.357229
v 0.060410 0.041759 1.373771
v 0.070641 0.036643 1.363931
v 0.080108 0.030687 1.353364
v 0.060753 0.049689 1.369601
v 0.070955 0.044625 1.359725
v 0.080362 0.038724 1.349144
v 0.061544 -0.172723 1.295126
v 0.061134 -0.178992 1.298450
v 0.060538 -0.185473 1.301879
v 0.053351 -0.175051 1.291188
v 0.053019 -0.181144 1.294632
v 0.052534 -0.187423 1.298190
v 0.044907 -0.176977 1.287856
v 0.044632 -0.182917 1.291427
v 0.044229 -0.189015 1.295126
v 0.061740 -0.150156 1.282616
v 0.061835 -0.155418 1.285714
v 0.061864 -0.160928 1.288790
v 0.053565 -0.152808 1.278309
v 0.053620 -0.158043 1.281487
v 0.053626 -0.163493 1.284649
v 0.045111 -0.155007 1.274666
v 0.045145 -0.160221 1.277900
v 0.045141 -0.165622 1.281126
v 0.027565 -0.158184 1.269347
v 0.027569 -0.163363 1.272676
v 0.027553 -0.168690 1.276020
v 0.018560 -0.159199 1.267650
v 0.018548 -0.164364 1.271026
v 0.018522 -0.169663 1.274427
v 0.009453 -0.159838 1.266574
v 0.009422 -0.164991 1.269989
v 0.009385 -0.170271 1.273435
v 0.105879 -0.134204 1.350601
v 0.104276 -0.143142 1.353425
v 0.102205 -0.152556 1.356423
v 0.103748 -0.141547 1.341039
v 0.102264 -0.149879 1.343924
v 0.100294 -0.158650 1.346988
v 0.100427 -0.148018 1.332190
v 0.099081 -0.155879 1.335144
v 0.097246 -0.164133 1.338281
v 0.107703 -0.105978 1.342201
v 0.107787 -0.111800 1.344010
v 0.107588 -0.118446 1.345913
v 0.104891 -0.114756 1.332191
v 0.105141 -0.120401 1.334142
v 0.105130 -0.126743 1.336173
v 0.100971 -0.122205 1.322930
v 0.101355 -0.127759 1.325010
v 0.101501 -0.133908 1.327153
v 0.090407 -0.134206 1.306638
v 0.090849 -0.139656 1.309045
v 0.091108 -0.145548 1.311479
v 0.084022 -0.139100 1.299587
v 0.084388 -0.144497 1.302197
v 0.084605 -0.150274 1.304815
v 0.077047 -0.143350 1.293243
v 0.077309 -0.148694 1.296053
v 0.077454 -0.154368 1.298852
v 0.104306 -0.056543 1.388081
v 0.103968 -0.063937 1.389032
v 0.103251 -0.072992 1.390179
v 0.107813 -0.070220 1.376255
v 0.107503 -0.077279 1.377381
v 0.106835 -0.085742 1.378677
v 0.109374 -0.083482 1.364422
v 0.109154 -0.090067 1.365797
v 0.108602 -0.097828 1.367311
v 0.083495 -0.106449 1.423264
v 0.085637 -0.089538 1.420089
v 0.087433 -0.073396 1.417048
v 0.074288 -0.098906 1.434256
v 0.076313 -0.080289 1.431052
v 0.078000 -0.062631 1.427898
v 0.063703 -0.092289 1.444123
v 0.065550 -0.072088 1.440950
v 0.067075 -0.053038 1.437739
v 0.091014 -0.149734 1.405677
v 0.087761 -0.162568 1.407953
v 0.084229 -0.174872 1.409801
v 0.094657 -0.155529 1.394202
v 0.091346 -0.167542 1.396630
v 0.087762 -0.179197 1.398713
v 0.096719 -0.161302 1.383045
v 0.093403 -0.172538 1.385613
v 0.089832 -0.183556 1.387906
v 0.007695 -0.225327 1.451336
v 0.007118 -0.234128 1.446657
v 0.006566 -0.241761 1.441823
v 0.015320 -0.225618 1.450076
v 0.014166 -0.234407 1.445509
v 0.013058 -0.242060 1.440816
v 0.022806 -0.226183 1.447775
v 0.021074 -0.234938 1.443419
v 0.019400 -0.242600 1.438964
v 0.012468 -0.122464 1.468277
v 0.011951 -0.139748 1.469077
v 0.011410 -0.155041 1.469078
v 0.024793 -0.123116 1.466292
v 0.023771 -0.140305 1.467178
v 0.022701 -0.155546 1.467244
v 0.036831 -0.124445 1.462611
v 0.035330 -0.141423 1.463634
v 0.033752 -0.156542 1.463821
v 0.045267 -0.250770 1.337306
v 0.043051 -0.254801 1.340898
v 0.041074 -0.257900 1.344451
v 0.039668 -0.250541 1.335445
v 0.037881 -0.254577 1.339367
v 0.036334 -0.257851 1.343397
v 0.033584 -0.250221 1.334160
v 0.032160 -0.254260 1.338345
v 0.030935 -0.257637 1.342689
v 0.058737 -0.198960 1.309030
v 0.057545 -0.205896 1.312696
v 0.056194 -0.212906 1.316350
v 0.051040 -0.200455 1.305621
v 0.050038 -0.207150 1.309436
v 0.048894 -0.213913 1.313249
v 0.042977 -0.201638 1.302857
v 0.042133 -0.208113 1.306828
v 0.041172 -0.214651 1.310802
v 0.026122 -0.203269 1.299054
v 0.025581 -0.209405 1.303272
v 0.024973 -0.215593 1.307499
v 0.017462 -0.203780 1.297912
v 0.017081 -0.209808 1.302202
v 0.016661 -0.215882 1.306503
v 0.008697 -0.204101 1.297210
v 0.008483 -0.210065 1.301539
v 0.008255 -0.216071 1.305879
v 0.065870 -0.244531 1.379532
v 0.060364 -0.250934 1.380978
v 0.054527 -0.256365 1.382190
v 0.065613 -0.246268 1.372215
v 0.060225 -0.252308 1.374053
v 0.054474 -0.257369 1.375652
v 0.064645 -0.247759 1.365330
v 0.059483 -0.253440 1.367482
v 0.053932 -0.258134 1.369387
v 0.096792 -0.172110 1.362465
v 0.093582 -0.181997 1.365331
v 0.090170 -0.191854 1.368013
v 0.095073 -0.176953 1.353245
v 0.091975 -0.186280 1.356268
v 0.088698 -0.195635 1.359131
v 0.092313 -0.181390 1.344747
v 0.089379 -0.190228 1.347914
v 0.086285 -0.199133 1.350937
v 0.084043 -0.188976 1.329913
v 0.081633 -0.197029 1.333268
v 0.079073 -0.205179 1.336521
v 0.078700 -0.192113 1.323584
v 0.076626 -0.199851 1.326992
v 0.074394 -0.207684 1.330325
v 0.072651 -0.194818 1.317989
v 0.070915 -0.202273 1.321452
v 0.069014 -0.209817 1.324867
v 0.004767 -0.258812 1.422933
v 0.009338 -0.259414 1.422948
v 0.013514 -0.260142 1.422690
v 0.005093 -0.256193 1.427381
v 0.010048 -0.256765 1.427082
v 0.014730 -0.257570 1.426309
v 0.005532 -0.252716 1.432083
v 0.010963 -0.253191 1.431497
v 0.016192 -0.253922 1.430291
v 0.015194 -0.266925 1.410023
v 0.014195 -0.265503 1.413386
v 0.013289 -0.263846 1.416468
v 0.010224 -0.266829 1.408987
v 0.009634 -0.265283 1.412366
v 0.009155 -0.263498 1.415682
v 0.005141 -0.266486 1.408321
v 0.004869 -0.264841 1.411715
v 0.004666 -0.262977 1.415153
v -0.015188 -0.266950 1.410020
v -0.010223 -0.266847 1.408985
v -0.005141 -0.266496 1.408320
v -0.014191 -0.265529 1.413385
v -0.009633 -0.265303 1.412365
v -0.004869 -0.264851 1.411714
v -0.013286 -0.263867 1.416468
v -0.009155 -0.263512 1.415681
v -0.004666 -0.262984 1.415153
v 0.033266 -0.258515 1.417010
v 0.029725 -0.257240 1.421486
v 0.025655 -0.256002 1.425297
v 0.028999 -0.262265 1.414899
v 0.026136 -0.261039 1.418919
v 0.022815 -0.259773 1.422276
v 0.024588 -0.264869 1.413014
v 0.022421 -0.263629 1.416671
v 0.019957 -0.262275 1.419676
v -0.005532 -0.252717 1.432083
v -0.010961 -0.253192 1.431497
v -0.016187 -0.253925 1.430290
v -0.005093 -0.256194 1.427381
v -0.010046 -0.256767 1.427082
v -0.014726 -0.257575 1.426309
v -0.004767 -0.258814 1.422933
v -0.009338 -0.259418 1.422948
v -0.013511 -0.260150 1.422690
v 0.013336 0.018408 1.427818
v 0.013405 0.017316 1.430621
v 0.013474 0.016390 1.433541
v 0.026493 0.016486 1.425394
v 0.026651 0.015435 1.428286
v 0.026812 0.014530 1.431234
v 0.039316 0.013157 1.421370
v 0.039599 0.012151 1.424399
v 0.039886 0.011272 1.427408
v 0.013154 0.060664 1.397549
v 0.013003 0.052873 1.401520
v 0.012888 0.046128 1.404982
v 0.025777 0.059323 1.393196
v 0.025545 0.051511 1.397208
v 0.025373 0.044715 1.400749
v 0.038052 0.057059 1.386697
v 0.037754 0.049216 1.390761
v 0.037533 0.042343 1.394400
v 0.059832 0.014525 1.389720
v 0.070023 0.008330 1.380157
v 0.079470 0.001386 1.369700
v 0.059755 0.018437 1.386964
v 0.069965 0.012544 1.377326
v 0.079451 0.005882 1.366832
v 0.059809 0.023059 1.384110
v 0.070042 0.017436 1.374413
v 0.079557 0.011016 1.363893
v 0.061136 -0.112838 1.254347
v 0.061179 -0.117447 1.258127
v 0.061243 -0.122032 1.261837
v 0.053158 -0.115422 1.249462
v 0.053201 -0.120016 1.253280
v 0.053255 -0.124588 1.257051
v 0.044879 -0.117593 1.245348
v 0.044916 -0.122177 1.249202
v 0.044955 -0.126738 1.253029
v 0.061807 -0.047719 1.210208
v 0.061653 -0.054326 1.213594
v 0.061568 -0.060743 1.216940
v 0.053553 -0.050422 1.205922
v 0.053422 -0.056965 1.209241
v 0.053349 -0.063326 1.212530
v 0.045054 -0.052613 1.202453
v 0.044939 -0.059094 1.205727
v 0.044875 -0.065404 1.208974
v 0.027625 -0.055911 1.197361
v 0.027533 -0.062246 1.200630
v 0.027474 -0.068428 1.203871
v 0.018793 -0.057096 1.195614
v 0.018707 -0.063350 1.198913
v 0.018646 -0.069461 1.202183
v 0.009909 -0.057920 1.194435
v 0.009830 -0.064109 1.197767
v 0.009766 -0.070162 1.201072
v 0.106628 -0.073826 1.320107
v 0.106460 -0.078143 1.323731
v 0.106402 -0.082228 1.327195
v 0.103932 -0.081113 1.309489
v 0.103728 -0.085646 1.313088
v 0.103624 -0.089975 1.316537
v 0.099867 -0.087472 1.299543
v 0.099698 -0.092112 1.303141
v 0.099614 -0.096579 1.306597
v 0.109446 -0.005721 1.278855
v 0.109546 -0.013645 1.282707
v 0.109643 -0.021063 1.286288
v 0.106814 -0.012459 1.267611
v 0.106816 -0.020176 1.271443
v 0.106854 -0.027462 1.275027
v 0.102497 -0.018790 1.256904
v 0.102389 -0.026278 1.260719
v 0.102355 -0.033409 1.264312
v 0.090969 -0.030408 1.237609
v 0.090732 -0.037481 1.241336
v 0.090608 -0.044305 1.244906
v 0.084361 -0.035633 1.229236
v 0.084122 -0.042548 1.232883
v 0.083994 -0.049240 1.236412
v 0.077270 -0.040328 1.221828
v 0.077055 -0.047115 1.225386
v 0.076938 -0.053694 1.228859
v 0.096653 0.024707 1.326347
v 0.096596 0.016566 1.330484
v 0.096539 0.009092 1.334276
v 0.103027 0.016961 1.314434
v 0.103076 0.008792 1.318486
v 0.103104 0.001265 1.322208
v 0.107586 0.009115 1.302425
v 0.107713 0.000961 1.306388
v 0.107806 -0.006581 1.310040
v 0.076458 -0.197781 1.412084
v 0.072266 -0.208336 1.412518
v 0.067889 -0.218256 1.412525
v 0.079973 -0.201194 1.401701
v 0.075790 -0.211417 1.402602
v 0.071381 -0.221048 1.403150
v 0.082186 -0.204627 1.391509
v 0.078105 -0.214514 1.392816
v 0.073760 -0.223847 1.393842
v 0.068774 -0.024582 1.432433
v 0.080066 -0.035192 1.423023
v 0.089801 -0.047201 1.412631
v 0.068933 -0.016011 1.430473
v 0.080423 -0.026201 1.421397
v 0.090348 -0.037886 1.411309
v 0.068745 -0.010260 1.428747
v 0.080404 -0.019754 1.420018
v 0.090504 -0.030814 1.410226
v 0.023630 -0.227978 1.315808
v 0.022909 -0.233989 1.319902
v 0.022152 -0.239684 1.324028
v 0.015756 -0.228027 1.314974
v 0.015283 -0.233924 1.319158
v 0.014791 -0.239521 1.323376
v 0.007798 -0.228066 1.314450
v 0.007574 -0.233890 1.318692
v 0.007345 -0.239423 1.322971
v 0.073854 -0.221580 1.342448
v 0.071137 -0.229554 1.345138
v 0.068154 -0.237076 1.347757
v 0.069736 -0.223447 1.336507
v 0.067268 -0.231102 1.339367
v 0.064559 -0.238304 1.342176
v 0.064916 -0.224976 1.331312
v 0.062696 -0.232321 1.334350
v 0.060262 -0.239215 1.337353
v 0.010221 -0.181785 1.466200
v 0.009581 -0.193835 1.463369
v 0.008934 -0.205088 1.459831
v 0.020343 -0.182224 1.464518
v 0.019073 -0.194235 1.461787
v 0.017788 -0.205448 1.458357
v 0.030266 -0.183064 1.461399
v 0.028387 -0.194999 1.458864
v 0.026483 -0.206139 1.455644
v 0.053118 -0.226951 1.323425
v 0.051397 -0.233738 1.326848
v 0.049525 -0.240104 1.330267
v 0.046270 -0.227457 1.320680
v 0.044800 -0.234008 1.324302
v 0.043213 -0.240161 1.327934
v 0.038976 -0.227745 1.318577
v 0.037758 -0.234087 1.322386
v 0.036454 -0.240060 1.326215
v 0.083101 -0.211176 1.372615
v 0.079393 -0.220408 1.374542
v 0.075379 -0.229149 1.376298
v 0.082011 -0.214162 1.364135
v 0.078537 -0.223081 1.366289
v 0.074755 -0.231528 1.368307
v 0.080036 -0.216911 1.356290
v 0.076812 -0.225520 1.358636
v 0.073287 -0.233668 1.360872
v 0.013690 0.015025 1.439372
v 0.013846 0.014335 1.442176
v 0.014023 0.013309 1.444883
v 0.027270 0.013114 1.436947
v 0.027582 0.012359 1.439629
v 0.027928 0.011263 1.442200
v 0.040629 0.009802 1.433007
v 0.041098 0.008961 1.435538
v 0.041597 0.007746 1.437926
v 0.064669 0.000092 1.415271
v 0.075871 -0.007813 1.407080
v 0.085794 -0.017082 1.397611
v 0.063965 0.000939 1.412001
v 0.074929 -0.006915 1.403635
v 0.084684 -0.016021 1.394011
v 0.063271 0.001932 1.408584
v 0.074003 -0.005832 1.400012
v 0.083601 -0.014733 1.390217
v 0.061381 -0.131114 1.269106
v 0.061450 -0.135670 1.272652
v 0.061528 -0.140320 1.276103
v 0.053352 -0.133688 1.264473
v 0.053392 -0.138273 1.268101
v 0.053438 -0.142953 1.271635
v 0.045008 -0.135841 1.260587
v 0.045022 -0.140443 1.264283
v 0.045040 -0.145141 1.267880
v 0.027610 -0.138963 1.254944
v 0.027589 -0.143587 1.258723
v 0.027569 -0.148308 1.262400
v 0.018658 -0.139961 1.253142
v 0.018628 -0.144594 1.256940
v 0.018597 -0.149323 1.260638
v 0.009593 -0.140594 1.251998
v 0.009558 -0.145232 1.255804
v 0.009520 -0.149965 1.259514
v 0.106629 -0.089551 1.333322
v 0.106878 -0.093025 1.335926
v 0.107168 -0.096737 1.338253
v 0.103729 -0.097840 1.322752
v 0.103926 -0.101566 1.325469
v 0.104200 -0.105469 1.327937
v 0.099700 -0.104813 1.312935
v 0.099876 -0.108739 1.315774
v 0.100148 -0.112808 1.318385
v 0.089183 -0.116010 1.295409
v 0.089341 -0.120236 1.298504
v 0.089586 -0.124577 1.301419
v 0.082990 -0.120600 1.287695
v 0.083132 -0.124943 1.290915
v 0.083340 -0.129392 1.293985
v 0.076257 -0.124610 1.280719
v 0.076378 -0.129047 1.284058
v 0.076542 -0.133584 1.287274
v 0.102341 -0.042279 1.381485
v 0.103206 -0.044175 1.383794
v 0.103878 -0.046876 1.385629
v 0.106208 -0.055248 1.369219
v 0.106906 -0.057564 1.371578
v 0.107461 -0.060546 1.373503
v 0.108084 -0.067985 1.356785
v 0.108596 -0.070735 1.359209
v 0.109031 -0.073985 1.361257
v 0.014156 0.101679 1.375263
v 0.013866 0.090049 1.381966
v 0.013591 0.079295 1.387849
v 0.027318 0.100214 1.371302
v 0.026877 0.088639 1.377831
v 0.026454 0.077925 1.383583
v 0.040030 0.097762 1.365307
v 0.039464 0.086273 1.371607
v 0.038921 0.075621 1.377192
v 0.066714 0.371227 1.204886
v 0.066383 0.347536 1.214535
v 0.066119 0.324401 1.223782
v 0.078027 0.360995 1.198204
v 0.077350 0.337593 1.207991
v 0.076840 0.314822 1.217353
v 0.088161 0.349077 1.191086
v 0.087108 0.326127 1.200996
v 0.086339 0.303857 1.210459
v 0.063534 -0.020007 1.195532
v 0.062931 -0.027119 1.199369
v 0.062436 -0.034100 1.203110
v 0.055023 -0.023073 1.191585
v 0.054501 -0.030060 1.195342
v 0.054082 -0.036949 1.198991
v 0.046299 -0.025596 1.188342
v 0.045853 -0.032471 1.192046
v 0.045500 -0.039276 1.195634
v 0.028486 -0.029575 1.183410
v 0.028184 -0.036251 1.187066
v 0.027944 -0.042886 1.190602
v 0.019481 -0.031086 1.181643
v 0.019248 -0.037678 1.185291
v 0.019059 -0.044233 1.188825
v 0.010431 -0.032164 1.180423
v 0.010266 -0.038695 1.184069
v 0.010126 -0.045189 1.187606
v 0.109802 0.029905 1.260377
v 0.109645 0.020415 1.265407
v 0.109494 0.011333 1.270198
v 0.107889 0.021706 1.249404
v 0.107527 0.012646 1.254316
v 0.107175 0.003965 1.259034
v 0.104346 0.013867 1.238991
v 0.103757 0.005244 1.243778
v 0.103193 -0.003028 1.248415
v 0.093643 -0.000240 1.220620
v 0.092796 -0.008136 1.225091
v 0.092013 -0.015745 1.229470
v 0.086964 -0.006323 1.212872
v 0.086124 -0.013958 1.217158
v 0.085368 -0.021344 1.221364
v 0.079618 -0.011678 1.206106
v 0.078841 -0.019105 1.210214
v 0.078163 -0.026323 1.214241
v 0.097560 0.063463 1.306251
v 0.097198 0.052889 1.311824
v 0.096931 0.042892 1.317024
v 0.103365 0.055306 1.294762
v 0.103177 0.044915 1.300200
v 0.103056 0.035052 1.305294
v 0.107539 0.046865 1.283212
v 0.107477 0.036701 1.288505
v 0.107451 0.027018 1.293484
v 0.027477 -0.101632 1.224259
v 0.027505 -0.106575 1.227939
v 0.027535 -0.111393 1.231696
v 0.018588 -0.102576 1.222489
v 0.018609 -0.107540 1.226123
v 0.018632 -0.112377 1.229839
v 0.009608 -0.103192 1.221363
v 0.009611 -0.108165 1.224969
v 0.009619 -0.113011 1.228662
v 0.089843 -0.078719 1.266214
v 0.089607 -0.083671 1.270099
v 0.089382 -0.088517 1.274010
v 0.083360 -0.083338 1.258054
v 0.083172 -0.088236 1.262013
v 0.082997 -0.093026 1.265987
v 0.076417 -0.087442 1.250681
v 0.076267 -0.092288 1.254686
v 0.076132 -0.097027 1.258701
v 0.096154 -0.022599 1.352916
v 0.096502 -0.026272 1.356345
v 0.097017 -0.029560 1.359972
v 0.102301 -0.031219 1.340840
v 0.102380 -0.035280 1.344279
v 0.102589 -0.039039 1.347900
v 0.106628 -0.039670 1.328730
v 0.106441 -0.044075 1.332179
v 0.106343 -0.048263 1.335788
v 0.012881 0.024491 1.418845
v 0.013006 0.022654 1.420810
v 0.013136 0.021058 1.422908
v 0.025524 0.022428 1.415559
v 0.025784 0.020594 1.417778
v 0.026056 0.019033 1.420123
v 0.037804 0.019044 1.410395
v 0.038192 0.017174 1.412941
v 0.038606 0.015622 1.415605
v 0.061293 -0.094053 1.238544
v 0.061218 -0.098866 1.242522
v 0.061157 -0.103569 1.246522
v 0.053201 -0.096591 1.233797
v 0.053167 -0.101428 1.237708
v 0.053141 -0.106151 1.241655
v 0.044831 -0.098671 1.229869
v 0.044830 -0.103546 1.233697
v 0.044834 -0.108301 1.237576
v 0.108182 -0.055076 1.305541
v 0.107718 -0.059937 1.309072
v 0.107279 -0.064691 1.312710
v 0.105508 -0.061822 1.294781
v 0.105057 -0.066785 1.298390
v 0.104618 -0.071655 1.302081
v 0.101208 -0.067979 1.284623
v 0.100825 -0.072980 1.288323
v 0.100449 -0.077886 1.292084
v 0.061839 0.004575 1.401790
v 0.072218 -0.002829 1.392800
v 0.081620 -0.011160 1.382691
v 0.061141 0.006360 1.398554
v 0.071417 -0.000777 1.389380
v 0.080792 -0.008756 1.379151
v 0.060535 0.008559 1.395456
v 0.070750 0.001726 1.386122
v 0.080131 -0.005889 1.375796
v 0.027425 -0.080242 1.210407
v 0.027424 -0.085857 1.213751
v 0.027434 -0.091288 1.217166
v 0.018579 -0.081182 1.208748
v 0.018566 -0.086780 1.212084
v 0.018564 -0.092207 1.215476
v 0.009675 -0.081807 1.207676
v 0.009644 -0.087389 1.211012
v 0.009623 -0.092812 1.214395
v 0.090459 -0.056967 1.251816
v 0.090361 -0.062787 1.255269
v 0.090231 -0.068322 1.258788
v 0.083851 -0.061737 1.243352
v 0.083771 -0.067516 1.246866
v 0.083669 -0.073020 1.250463
v 0.076812 -0.066028 1.235789
v 0.076747 -0.071754 1.239338
v 0.076665 -0.077215 1.242984
v 0.096282 -0.003766 1.340867
v 0.096106 -0.009211 1.343812
v 0.095984 -0.014109 1.346711
v 0.102915 -0.011707 1.328731
v 0.102708 -0.017223 1.331681
v 0.102498 -0.022240 1.334596
v 0.107681 -0.019606 1.316512
v 0.107451 -0.025169 1.319479
v 0.107168 -0.030277 1.322425
v 0.012748 0.035829 1.410597
v 0.012722 0.032109 1.412897
v 0.012732 0.029100 1.414977
v 0.025174 0.034198 1.406582
v 0.025151 0.030329 1.409015
v 0.025194 0.027183 1.411256
v 0.037276 0.031505 1.400504
v 0.037250 0.027420 1.403103
v 0.037317 0.024064 1.405544
v 0.061488 -0.072841 1.223734
v 0.061455 -0.078493 1.227257
v 0.061416 -0.083900 1.230889
v 0.053290 -0.075354 1.219223
v 0.053274 -0.080994 1.222695
v 0.053257 -0.086403 1.226273
v 0.044831 -0.077372 1.215575
v 0.044828 -0.083008 1.218991
v 0.044830 -0.088427 1.222504
v 0.109567 -0.034088 1.292809
v 0.109346 -0.039760 1.295888
v 0.109026 -0.045056 1.298974
v 0.106761 -0.040448 1.281648
v 0.106569 -0.046191 1.284819
v 0.106289 -0.051588 1.288011
v 0.102236 -0.046324 1.271049
v 0.102079 -0.052127 1.274321
v 0.101854 -0.057609 1.277628
v -0.025631 -0.256014 1.425293
v -0.029687 -0.257259 1.421481
v -0.033211 -0.258538 1.417008
v -0.022798 -0.259789 1.422275
v -0.026109 -0.261061 1.418918
v -0.028961 -0.262289 1.414900
v -0.019946 -0.262296 1.419675
v -0.022404 -0.263656 1.416671
v -0.024564 -0.264896 1.413014
v 0.006112 -0.262048 1.351262
v 0.012186 -0.262164 1.351389
v 0.018169 -0.262316 1.351564
v 0.006055 -0.264063 1.356443
v 0.012079 -0.264154 1.356544
v 0.018038 -0.264248 1.356671
v 0.006033 -0.265703 1.361697
v 0.012047 -0.265768 1.361786
v 0.018024 -0.265800 1.361884
v -0.038397 -0.260926 1.406747
v -0.040062 -0.261938 1.401194
v -0.041202 -0.262789 1.395451
v -0.033120 -0.264347 1.405509
v -0.034438 -0.265107 1.400351
v -0.035336 -0.265672 1.394969
v -0.027757 -0.266744 1.404323
v -0.028764 -0.267318 1.399476
v -0.029449 -0.267664 1.394375
v -0.041930 -0.264135 1.372001
v -0.036002 -0.265850 1.372497
v -0.030042 -0.266916 1.372663
v -0.042210 -0.264121 1.377764
v -0.036173 -0.266120 1.378099
v -0.030131 -0.267415 1.378146
v -0.042214 -0.263893 1.383657
v -0.036147 -0.266182 1.383770
v -0.030086 -0.267708 1.383643
v -0.126473 0.252332 1.114167
v -0.104866 0.183932 1.103079
v -0.060119 0.137176 1.095500
v 0.002964 0.120894 1.092860
v -0.103726 0.422416 1.141739
v -0.127283 0.333040 1.127251
v -0.061730 0.491820 1.152990
v 0.000010 0.524781 1.158333
v -0.054176 0.500424 1.154385
v 0.128787 0.253823 1.114409
v 0.108181 0.186343 1.103470
v 0.064917 0.139423 1.095864
v 0.104321 0.422424 1.141740
v 0.128535 0.333520 1.127329
v 0.061785 0.491835 1.152992
v 0.054251 0.500384 1.154378
v -0.123063 0.233818 1.111166
v -0.118374 0.216126 1.108298
v -0.112336 0.199434 1.105592
v -0.045461 0.129977 1.094333
v -0.029823 0.124759 1.093487
v -0.013557 0.121704 1.092991
v -0.048831 0.131655 1.094604
v -0.112221 0.399781 1.138070
v -0.118903 0.377203 1.134410
v -0.123893 0.354884 1.130792
v -0.068001 0.484745 1.151843
v -0.081274 0.465823 1.148776
v -0.093342 0.444748 1.145359
v -0.095013 0.441231 1.144789
v -0.129138 0.311860 1.123817
v -0.129563 0.291359 1.120494
v -0.128651 0.271520 1.117278
v -0.040392 0.511974 1.156257
v -0.026788 0.519512 1.157479
v -0.013344 0.523576 1.158138
v -0.095895 0.169807 1.100789
v -0.085425 0.157211 1.098747
v -0.073483 0.146287 1.096977
v 0.125623 0.235580 1.111452
v 0.121168 0.218139 1.108624
v 0.115374 0.201668 1.105954
v 0.057475 0.135465 1.095222
v 0.019384 0.122369 1.093099
v 0.035391 0.126043 1.093695
v 0.050670 0.131792 1.094627
v 0.112981 0.399855 1.138082
v 0.119814 0.377374 1.134437
v 0.124960 0.355189 1.130841
v 0.095404 0.441307 1.144801
v 0.093756 0.444718 1.145355
v 0.081533 0.465773 1.148768
v 0.068143 0.484697 1.151835
v 0.130624 0.312557 1.123930
v 0.131320 0.292306 1.120647
v 0.130692 0.272736 1.117475
v 0.013366 0.523567 1.158136
v 0.026816 0.519494 1.157476
v 0.040435 0.511945 1.156252
v 0.099536 0.172339 1.101200
v 0.089430 0.159777 1.099163
v 0.077877 0.148769 1.097379
f 3837 3838 1668 1667
f 3838 3839 1669 1668
f 1667 1668 1671 1670
f 1668 1669 1672 1671
f 3839 3822 243 1669
f 1669 243 242 1672
f 1672 242 2 244
f 1671 1672 244 245
f 1670 1671 245 246
f 240 1670 246 41
f 241 1667 1670 240
f 3821 3837 1667 241
f 1673 1674 1677 1676
f 1674 1675 1678 1677
f 1676 1677 1680 1679
f 1677 1678 1681 1680
f 20 252 1673 247
f 252 251 1674 1673
f 251 250 1675 1674
f 250 17 253 1675
f 1675 253 254 1678
f 1678 254 255 1681
f 1681 255 61 256
f 1680 1681 256 257
f 1679 1680 257 258
f 249 1679 258 62
f 248 1676 1679 249
f 247 1673 1676 248
f 1682 1683 1686 1685
f 1683 1684 1687 1686
f 1685 1686 1689 1688
f 1686 1687 1690 1689
f 3843 3840 1682
f 3840 3841 1683 1682
f 3841 3842 1684 1683
f 3842 3824 263 1684
f 1684 263 262 1687
f 1687 262 261 1690
f 1690 261 103 266
f 1689 1690 266 265
f 1688 1689 265 264
f 259 1688 264 38
f 260 1685 1688 259
f 3843 1682 1685 260 3823
f 3844 3845 1692 1691
f 3845 3846 1693 1692
f 1691 1692 1695 1694
f 1692 1693 1696 1695
f 3846 3826 270 1693
f 1693 270 269 1696
f 1696 269 1 271
f 1695 1696 271 272
f 1694 1695 272 273
f 267 1694 273 42
f 268 1691 1694 267
f 3825 3844 1691 268
f 1697 1698 1701 1700
f 1698 1699 1702 1701
f 1700 1701 1704 1703
f 1701 1702 1705 1704
f 49 279 1697 276
f 279 278 1698 1697
f 278 277 1699 1698
f 277 33 282 1699
f 1699 282 281 1702
f 1702 281 280 1705
f 1705 280 3 283
f 1704 1705 283 284
f 1703 1704 284 285
f 274 1703 285 44
f 275 1700 1703 274
f 276 1697 1700 275
f 1706 1707 1710 1709
f 1707 1708 1711 1710
f 1709 1710 1713 1712
f 1710 1711 1714 1713
f 54 291 1706 286
f 291 290 1707 1706
f 290 289 1708 1707
f 289 39 294 1708
f 1708 294 293 1711
f 1711 293 292 1714
f 1714 292 35 295
f 1713 1714 295 296
f 1712 1713 296 297
f 288 1712 297 55
f 287 1709 1712 288
f 286 1706 1709 287
f 1715 1716 1719 1718
f 1716 1717 1720 1719
f 1718 1719 1722 1721
f 1719 1720 1723 1722
f 51 301 1715 300
f 301 302 1716 1715
f 302 303 1717 1716
f 303 158 306 1717
f 1717 306 305 1720
f 1720 305 304 1723
f 1723 304 107 309
f 1722 1723 309 308
f 1721 1722 308 307
f 298 1721 307 46
f 299 1718 1721 298
f 300 1715 1718 299
f 1724 1725 1728 1727
f 1725 1726 1729 1728
f 1727 1728 1731 1730
f 1728 1729 1732 1731
f 52 315 1724 312
f 315 314 1725 1724
f 314 313 1726 1725
f 313 32 318 1726
f 1726 318 317 1729
f 1729 317 316 1732
f 1732 316 4 319
f 1731 1732 319 320
f 1730 1731 320 321
f 310 1730 321 45
f 311 1727 1730 310
f 312 1724 1727 311
f 1733 1734 1737 1736
f 1734 1735 1738 1737
f 1736 1737 1740 1739
f 1737 1738 1741 1740
f 53 327 1733 324
f 327 326 1734 1733
f 326 325 1735 1734
f 325 43 330 1735
f 1735 330 329 1738
f 1738 329 328 1741
f 1741 328 6 331
f 1740 1741 331 332
f 1739 1740 332 333
f 322 1739 333 36
f 323 1736 1739 322
f 324 1733 1736 323
f 1742 1743 1746 1745
f 1743 1744 1747 1746
f 1745 1746 1749 1748
f 1746 1747 1750 1749
f 54 336 1742 291
f 336 335 1743 1742
f 335 334 1744 1743
f 334 34 339 1744
f 1744 339 338 1747
f 1747 338 337 1750
f 1750 337 5 340
f 1749 1750 340 341
f 1748 1749 341 342
f 289 1748 342 39
f 290 1745 1748 289
f 291 1742 1745 290
f 1751 1752 1755 1754
f 1752 1753 1756 1755
f 1754 1755 1758 1757
f 1755 1756 1759 1758
f 3847 3848 1752 1751
f 3848 3849 1753 1752
f 3849 3850 1753
f 1756 268 267 1759
f 1759 267 42 348
f 1758 1759 348 347
f 1757 1758 347 346
f 343 1757 346 40
f 344 1754 1757 343
f 345 1751 1754 344
f 1760 1761 1764 1763
f 1761 1762 1765 1764
f 1763 1764 1767 1766
f 1764 1765 1768 1767
f 56 352 1760 351
f 352 353 1761 1760
f 353 354 1762 1761
f 354 157 357 1762
f 1762 357 356 1765
f 1765 356 355 1768
f 1768 355 111 360
f 1767 1768 360 359
f 1766 1767 359 358
f 349 1766 358 37
f 350 1763 1766 349
f 351 1760 1763 350
f 1769 1770 1773 1772
f 1770 1771 1774 1773
f 1772 1773 1776 1775
f 1773 1774 1777 1776
f 35 292 1769 361
f 292 293 1770 1769
f 293 294 1771 1770
f 294 39 364 1771
f 1771 364 365 1774
f 1774 365 366 1777
f 1777 366 88 369
f 1776 1777 369 368
f 1775 1776 368 367
f 363 1775 367 85
f 362 1772 1775 363
f 361 1769 1772 362
f 1778 1779 1782 1781
f 1779 1780 1783 1782
f 1781 1782 1785 1784
f 1782 1783 1786 1785
f 58 373 1778 372
f 373 374 1779 1778
f 374 375 1780 1779
f 375 142 378 1780
f 1780 378 377 1783
f 1783 377 376 1786
f 1786 376 115 381
f 1785 1786 381 380
f 1784 1785 380 379
f 370 1784 379 19
f 371 1781 1784 370
f 372 1778 1781 371
f 1787 1788 1791 1790
f 1788 1789 1792 1791
f 1790 1791 1794 1793
f 1791 1792 1795 1794
f 59 387 1787 384
f 387 386 1788 1787
f 386 385 1789 1788
f 385 24 390 1789
f 1789 390 389 1792
f 1792 389 388 1795
f 1795 388 8 391
f 1794 1795 391 392
f 1793 1794 392 393
f 382 1793 393 18
f 383 1790 1793 382
f 384 1787 1790 383
f 1796 1797 1800 1799
f 1797 1798 1801 1800
f 1799 1800 1803 1802
f 1800 1801 1804 1803
f 60 399 1796 396
f 399 398 1797 1796
f 398 397 1798 1797
f 397 28 402 1798
f 1798 402 401 1801
f 1801 401 400 1804
f 1804 400 7 403
f 1803 1804 403 404
f 1802 1803 404 405
f 394 1802 405 17
f 395 1799 1802 394
f 396 1796 1799 395
f 1805 1806 1809 1808
f 1806 1807 1810 1809
f 1808 1809 1812 1811
f 1809 1810 1813 1812
f 73 411 1805 408
f 411 410 1806 1805
f 410 409 1807 1806
f 409 72 414 1807
f 1807 414 413 1810
f 1810 413 412 1813
f 1813 412 9 415
f 1812 1813 415 416
f 1811 1812 416 417
f 406 1811 417 27
f 407 1808 1811 406
f 408 1805 1808 407
f 1814 1815 1818 1817
f 1815 1816 1819 1818
f 1817 1818 1821 1820
f 1818 1819 1822 1821
f 15 421 1814 418
f 421 422 1815 1814
f 422 423 1816 1815
f 423 16 424 1816
f 1816 424 425 1819
f 1819 425 426 1822
f 1822 426 82 429
f 1821 1822 429 428
f 1820 1821 428 427
f 420 1820 427 79
f 419 1817 1820 420
f 418 1814 1817 419
f 1823 1824 1827 1826
f 1824 1825 1828 1827
f 1826 1827 1830 1829
f 1827 1828 1831 1830
f 75 433 1823 432
f 433 434 1824 1823
f 434 435 1825 1824
f 435 199 438 1825
f 1825 438 437 1828
f 1828 437 436 1831
f 1831 436 119 441
f 1830 1831 441 440
f 1829 1830 440 439
f 430 1829 439 26
f 431 1826 1829 430
f 432 1823 1826 431
f 1832 1833 1836 1835
f 1833 1834 1837 1836
f 1835 1836 1839 1838
f 1836 1837 1840 1839
f 76 447 1832 444
f 447 446 1833 1832
f 446 445 1834 1833
f 445 71 450 1834
f 1834 450 449 1837
f 1837 449 448 1840
f 1840 448 10 451
f 1839 1840 451 452
f 1838 1839 452 453
f 442 1838 453 29
f 443 1835 1838 442
f 444 1832 1835 443
f 1841 1842 1845 1844
f 1842 1843 1846 1845
f 1844 1845 1848 1847
f 1845 1846 1849 1848
f 237 459 1841 454
f 459 458 1842 1841
f 458 457 1843 1842
f 457 138 462 1843
f 1843 462 461 1846
f 1846 461 460 1849
f 1849 460 121 463
f 1848 1849 463 464
f 1847 1848 464 465
f 456 1847 465 238
f 455 1844 1847 456
f 454 1841 1844 455
f 1850 1851 1854 1853
f 1851 1852 1855 1854
f 1853 1854 1857 1856
f 1854 1855 1858 1857
f 92 469 1850 468
f 469 470 1851 1850
f 470 471 1852 1851
f 471 223 474 1852
f 1852 474 473 1855
f 1855 473 472 1858
f 1858 472 123 477
f 1857 1858 477 476
f 1856 1857 476 475
f 466 1856 475 13
f 467 1853 1856 466
f 468 1850 1853 467
f 1859 1860 1863 1862
f 1860 1861 1864 1863
f 1862 1863 1866 1865
f 1863 1864 1867 1866
f 93 483 1859 480
f 483 482 1860 1859
f 482 481 1861 1860
f 481 89 486 1861
f 1861 486 485 1864
f 1864 485 484 1867
f 1867 484 11 487
f 1866 1867 487 488
f 1865 1866 488 489
f 478 1865 489 14
f 479 1862 1865 478
f 480 1859 1862 479
f 1868 1869 1872 1871
f 1869 1870 1873 1872
f 1871 1872 1875 1874
f 1872 1873 1876 1875
f 94 495 1868 492
f 495 494 1869 1868
f 494 493 1870 1869
f 493 90 498 1870
f 1870 498 497 1873
f 1873 497 496 1876
f 1876 496 12 499
f 1875 1876 499 500
f 1874 1875 500 501
f 490 1874 501 16
f 491 1871 1874 490
f 492 1868 1871 491
f 1877 1878 1881 1880
f 1878 1879 1882 1881
f 1880 1881 1884 1883
f 1881 1882 1885 1884
f 49 276 1877 502
f 276 275 1878 1877
f 275 274 1879 1878
f 274 44 505 1879
f 1879 505 506 1882
f 1882 506 507 1885
f 1885 507 47 508
f 1884 1885 508 509
f 1883 1884 509 510
f 504 1883 510 50
f 503 1880 1883 504
f 502 1877 1880 503
f 1886 1887 1890 1889
f 1887 1888 1891 1890
f 1889 1890 1893 1892
f 1890 1891 1894 1893
f 74 516 1886 513
f 516 515 1887 1886
f 515 514 1888 1887
f 514 73 408 1888
f 1888 408 407 1891
f 1891 407 406 1894
f 1894 406 27 519
f 1893 1894 519 518
f 1892 1893 518 517
f 511 1892 517 25
f 512 1889 1892 511
f 513 1886 1889 512
f 3851 3852 1896 1895
f 3852 3853 1897 1896
f 1895 1896 1899 1898
f 1896 1897 1900 1899
f 3853 3821 241 1897
f 1897 241 240 1900
f 1900 240 41 522
f 1899 1900 522 521
f 1898 1899 521 520
f 269 1898 520 1
f 270 1895 1898 269
f 3826 3851 1895 270
f 1901 1902 1905 1904
f 1902 1903 1906 1905
f 1904 1905 1908 1907
f 1905 1906 1909 1908
f 172 528 1901 525
f 528 527 1902 1901
f 527 526 1903 1902
f 526 48 345 1903
f 1903 345 344 1906
f 1906 344 343 1909
f 1909 343 40 529
f 1908 1909 529 530
f 1907 1908 530 531
f 523 1907 531 101
f 524 1904 1907 523
f 525 1901 1904 524
f 3854 3829 48 526
f 3855 3854 526 527
f 3856 3855 527 528
f 3828 3856 528 172
f 1910 1911 1914 1913
f 1911 1912 1915 1914
f 1913 1914 1917 1916
f 1914 1915 1918 1917
f 61 532 1910 256
f 532 533 1911 1910
f 533 534 1912 1911
f 534 73 514 1912
f 1912 514 515 1915
f 1915 515 516 1918
f 1918 516 74 537
f 1917 1918 537 536
f 1916 1917 536 535
f 258 1916 535 62
f 257 1913 1916 258
f 256 1910 1913 257
f 3857 3858 1920 1919
f 3858 3859 1921 1920
f 1919 1920 1923 1922
f 1920 1921 1924 1923
f 3859 3823 260 1921
f 1921 260 259 1924
f 1924 259 38 540
f 1923 1924 540 539
f 1922 1923 539 538
f 242 1922 538 2
f 243 1919 1922 242
f 3822 3857 1919 243
f 1925 1926 1929 1928
f 1926 1927 1930 1929
f 1928 1929 1932 1931
f 1929 1930 1933 1932
f 47 507 1925 541
f 507 506 1926 1925
f 506 505 1927 1926
f 505 44 544 1927
f 1927 544 545 1930
f 1930 545 546 1933
f 1933 546 54 286
f 1932 1933 286 287
f 1931 1932 287 288
f 543 1931 288 55
f 542 1928 1931 543
f 541 1925 1928 542
f 1934 1935 1938 1937
f 1935 1936 1939 1938
f 1937 1938 1941 1940
f 1938 1939 1942 1941
f 42 273 1934 547
f 273 272 1935 1934
f 272 271 1936 1935
f 271 1 550 1936
f 1936 550 551 1939
f 1939 551 552 1942
f 1942 552 33 277
f 1941 1942 277 278
f 1940 1941 278 279
f 549 1940 279 49
f 548 1937 1940 549
f 547 1934 1937 548
f 1943 1944 1947 1946
f 1944 1945 1948 1947
f 1946 1947 1950 1949
f 1947 1948 1951 1950
f 152 558 1943 555
f 558 557 1944 1943
f 557 556 1945 1944
f 556 50 510 1945
f 1945 510 509 1948
f 1948 509 508 1951
f 1951 508 47 559
f 1950 1951 559 560
f 1949 1950 560 561
f 553 1949 561 105
f 554 1946 1949 553
f 555 1943 1946 554
f 1952 1953 1956 1955
f 1953 1954 1957 1956
f 1955 1956 1959 1958
f 1956 1957 1960 1959
f 101 531 1952 562
f 531 530 1953 1952
f 530 529 1954 1953
f 529 40 565 1954
f 1954 565 566 1957
f 1957 566 567 1960
f 1960 567 50 556
f 1959 1960 556 557
f 1958 1959 557 558
f 564 1958 558 152
f 563 1955 1958 564
f 562 1952 1955 563
f 1961 1962 1965 1964
f 1962 1963 1966 1965
f 1964 1965 1968 1967
f 1965 1966 1969 1968
f 32 568 1961 318
f 568 569 1962 1961
f 569 570 1963 1962
f 570 51 300 1963
f 1963 300 299 1966
f 1966 299 298 1969
f 1969 298 46 573
f 1968 1969 573 572
f 1967 1968 572 571
f 316 1967 571 4
f 317 1964 1967 316
f 318 1961 1964 317
f 1970 1971 1974 1973
f 1971 1972 1975 1974
f 1973 1974 1977 1976
f 1974 1975 1978 1977
f 2 538 1970 574
f 538 539 1971 1970
f 539 540 1972 1971
f 540 38 577 1972
f 1972 577 578 1975
f 1975 578 579 1978
f 1978 579 51 570
f 1977 1978 570 569
f 1976 1977 569 568
f 576 1976 568 32
f 575 1973 1976 576
f 574 1970 1973 575
f 1979 1980 1983 1982
f 1980 1981 1984 1983
f 1982 1983 1986 1985
f 1983 1984 1987 1986
f 38 264 1979 577
f 264 265 1980 1979
f 265 266 1981 1980
f 266 103 580 1981
f 1981 580 581 1984
f 1984 581 582 1987
f 1987 582 158 303
f 1986 1987 303 302
f 1985 1986 302 301
f 579 1985 301 51
f 578 1982 1985 579
f 577 1979 1982 578
f 1988 1989 1992 1991
f 1989 1990 1993 1992
f 1991 1992 1995 1994
f 1992 1993 1996 1995
f 33 583 1988 282
f 583 584 1989 1988
f 584 585 1990 1989
f 585 52 312 1990
f 1990 312 311 1993
f 1993 311 310 1996
f 1996 310 45 588
f 1995 1996 588 587
f 1994 1995 587 586
f 280 1994 586 3
f 281 1991 1994 280
f 282 1988 1991 281
f 1997 1998 2001 2000
f 1998 1999 2002 2001
f 2000 2001 2004 2003
f 2001 2002 2005 2004
f 1 520 1997 550
f 520 521 1998 1997
f 521 522 1999 1998
f 522 41 589 1999
f 1999 589 590 2002
f 2002 590 591 2005
f 2005 591 52 585
f 2004 2005 585 584
f 2003 2004 584 583
f 552 2003 583 33
f 551 2000 2003 552
f 550 1997 2000 551
f 2006 2007 2010 2009
f 2007 2008 2011 2010
f 2009 2010 2013 2012
f 2010 2011 2014 2013
f 41 246 2006 589
f 246 245 2007 2006
f 245 244 2008 2007
f 244 2 574 2008
f 2008 574 575 2011
f 2011 575 576 2014
f 2014 576 32 313
f 2013 2014 313 314
f 2012 2013 314 315
f 591 2012 315 52
f 590 2009 2012 591
f 589 2006 2009 590
f 2015 2016 2019 2018
f 2016 2017 2020 2019
f 2018 2019 2022 2021
f 2019 2020 2023 2022
f 34 592 2015 339
f 592 593 2016 2015
f 593 594 2017 2016
f 594 53 324 2017
f 2017 324 323 2020
f 2020 323 322 2023
f 2023 322 36 597
f 2022 2023 597 596
f 2021 2022 596 595
f 337 2021 595 5
f 338 2018 2021 337
f 339 2015 2018 338
f 2024 2025 2028 2027
f 2025 2026 2029 2028
f 2027 2028 2031 2030
f 2028 2029 2032 2031
f 3 586 2024 598
f 586 587 2025 2024
f 587 588 2026 2025
f 588 45 601 2026
f 2026 601 602 2029
f 2029 602 603 2032
f 2032 603 53 594
f 2031 2032 594 593
f 2030 2031 593 592
f 600 2030 592 34
f 599 2027 2030 600
f 598 2024 2027 599
f 2033 2034 2037 2036
f 2034 2035 2038 2037
f 2036 2037 2040 2039
f 2037 2038 2041 2040
f 45 321 2033 601
f 321 320 2034 2033
f 320 319 2035 2034
f 319 4 604 2035
f 2035 604 605 2038
f 2038 605 606 2041
f 2041 606 43 325
f 2040 2041 325 326
f 2039 2040 326 327
f 603 2039 327 53
f 602 2036 2039 603
f 601 2033 2036 602
f 3829 3827 48
f 2042 2043 2046 2045
f 2043 2044 2047 2046
f 2045 2046 2049 2048
f 2046 2047 2050 2049
f 44 285 2042 544
f 285 284 2043 2042
f 284 283 2044 2043
f 283 3 598 2044
f 2044 598 599 2047
f 2047 599 600 2050
f 2050 600 34 334
f 2049 2050 334 335
f 2048 2049 335 336
f 546 2048 336 54
f 545 2045 2048 546
f 544 2042 2045 545
f 2051 2052 2055 2054
f 2052 2053 2056 2055
f 2054 2055 2058 2057
f 2055 2056 2059 2058
f 155 612 2051 609
f 612 611 2052 2051
f 611 610 2053 2052
f 610 55 297 2053
f 2053 297 296 2056
f 2056 296 295 2059
f 2059 295 35 613
f 2058 2059 613 614
f 2057 2058 614 615
f 607 2057 615 109
f 608 2054 2057 607
f 609 2051 2054 608
f 2060 2061 2064 2063
f 2061 2062 2065 2064
f 2063 2064 2067 2066
f 2064 2065 2068 2067
f 105 561 2060 616
f 561 560 2061 2060
f 560 559 2062 2061
f 559 47 541 2062
f 2062 541 542 2065
f 2065 542 543 2068
f 2068 543 55 610
f 2067 2068 610 611
f 2066 2067 611 612
f 618 2066 612 155
f 617 2063 2066 618
f 616 2060 2063 617
f 2069 2070 2073 2072
f 2070 2071 2074 2073
f 2072 2073 2076 2075
f 2073 2074 2077 2076
f 43 619 2069 330
f 619 620 2070 2069
f 620 621 2071 2070
f 621 56 351 2071
f 2071 351 350 2074
f 2074 350 349 2077
f 2077 349 37 624
f 2076 2077 624 623
f 2075 2076 623 622
f 328 2075 622 6
f 329 2072 2075 328
f 330 2069 2072 329
f 2078 2079 2082 2081
f 2079 2080 2083 2082
f 2081 2082 2085 2084
f 2082 2083 2086 2085
f 4 571 2078 604
f 571 572 2079 2078
f 572 573 2080 2079
f 573 46 625 2080
f 2080 625 626 2083
f 2083 626 627 2086
f 2086 627 56 621
f 2085 2086 621 620
f 2084 2085 620 619
f 606 2084 619 43
f 605 2081 2084 606
f 604 2078 2081 605
f 2087 2088 2091 2090
f 2088 2089 2092 2091
f 2090 2091 2094 2093
f 2091 2092 2095 2094
f 46 307 2087 625
f 307 308 2088 2087
f 308 309 2089 2088
f 309 107 628 2089
f 2089 628 629 2092
f 2092 629 630 2095
f 2095 630 157 354
f 2094 2095 354 353
f 2093 2094 353 352
f 627 2093 352 56
f 626 2090 2093 627
f 625 2087 2090 626
f 2096 2097 2100 2099
f 2097 2098 2101 2100
f 2099 2100 2103 2102
f 2100 2101 2104 2103
f 147 636 2096 633
f 636 635 2097 2096
f 635 634 2098 2097
f 634 57 639 2098
f 2098 639 638 2101
f 2101 638 637 2104
f 2104 637 20 640
f 2103 2104 640 641
f 2102 2103 641 642
f 631 2102 642 113
f 632 2099 2102 631
f 633 2096 2099 632
f 2105 2106 2109 2108
f 2106 2107 2110 2109
f 2108 2109 2112 2111
f 2109 2110 2113 2112
f 207 648 2105 645
f 648 647 2106 2105
f 647 646 2107 2106
f 646 79 651 2107
f 2107 651 650 2110
f 2110 650 649 2113
f 2113 649 57 634
f 2112 2113 634 635
f 2111 2112 635 636
f 643 2111 636 147
f 644 2108 2111 643
f 645 2105 2108 644
f 2114 2115 2118 2117
f 2115 2116 2119 2118
f 2117 2118 2121 2120
f 2118 2119 2122 2121
f 85 367 2114 654
f 367 368 2115 2114
f 368 369 2116 2115
f 369 88 657 2116
f 2116 657 656 2119
f 2119 656 655 2122
f 2122 655 70 660
f 2121 2122 660 659
f 2120 2121 659 658
f 652 2120 658 67
f 653 2117 2120 652
f 654 2114 2117 653
f 2123 2124 2127 2126
f 2124 2125 2128 2127
f 2126 2127 2130 2129
f 2127 2128 2131 2130
f 24 661 2123 390
f 661 662 2124 2123
f 662 663 2125 2124
f 663 58 372 2125
f 2125 372 371 2128
f 2128 371 370 2131
f 2131 370 19 666
f 2130 2131 666 665
f 2129 2130 665 664
f 388 2129 664 8
f 389 2126 2129 388
f 390 2123 2126 389
f 2132 2133 2136 2135
f 2133 2134 2137 2136
f 2135 2136 2139 2138
f 2136 2137 2140 2139
f 77 670 2132 669
f 670 671 2133 2132
f 671 672 2134 2133
f 672 80 675 2134
f 2134 675 674 2137
f 2137 674 673 2140
f 2140 673 58 663
f 2139 2140 663 662
f 2138 2139 662 661
f 667 2138 661 24
f 668 2135 2138 667
f 669 2132 2135 668
f 2141 2142 2145 2144
f 2142 2143 2146 2145
f 2144 2145 2148 2147
f 2145 2146 2149 2148
f 80 676 2141 675
f 676 677 2142 2141
f 677 678 2143 2142
f 678 205 681 2143
f 2143 681 680 2146
f 2146 680 679 2149
f 2149 679 142 375
f 2148 2149 375 374
f 2147 2148 374 373
f 673 2147 373 58
f 674 2144 2147 673
f 675 2141 2144 674
f 2150 2151 2154 2153
f 2151 2152 2155 2154
f 2153 2154 2157 2156
f 2154 2155 2158 2157
f 28 682 2150 402
f 682 683 2151 2150
f 683 684 2152 2151
f 684 59 384 2152
f 2152 384 383 2155
f 2155 383 382 2158
f 2158 382 18 687
f 2157 2158 687 686
f 2156 2157 686 685
f 400 2156 685 7
f 401 2153 2156 400
f 402 2150 2153 401
f 2159 2160 2163 2162
f 2160 2161 2164 2163
f 2162 2163 2166 2165
f 2163 2164 2167 2166
f 78 691 2159 690
f 691 692 2160 2159
f 692 693 2161 2160
f 693 81 696 2161
f 2161 696 695 2164
f 2164 695 694 2167
f 2167 694 59 684
f 2166 2167 684 683
f 2165 2166 683 682
f 688 2165 682 28
f 689 2162 2165 688
f 690 2159 2162 689
f 2168 2169 2172 2171
f 2169 2170 2173 2172
f 2171 2172 2175 2174
f 2172 2173 2176 2175
f 81 699 2168 696
f 699 698 2169 2168
f 698 697 2170 2169
f 697 77 669 2170
f 2170 669 668 2173
f 2173 668 667 2176
f 2176 667 24 385
f 2175 2176 385 386
f 2174 2175 386 387
f 694 2174 387 59
f 695 2171 2174 694
f 696 2168 2171 695
f 2177 2178 2181 2180
f 2178 2179 2182 2181
f 2180 2181 2184 2183
f 2181 2182 2185 2184
f 82 705 2177 702
f 705 704 2178 2177
f 704 703 2179 2178
f 703 78 690 2179
f 2179 690 689 2182
f 2182 689 688 2185
f 2185 688 28 397
f 2184 2185 397 398
f 2183 2184 398 399
f 700 2183 399 60
f 701 2180 2183 700
f 702 2177 2180 701
f 2186 2187 2190 2189
f 2187 2188 2191 2190
f 2189 2190 2193 2192
f 2190 2191 2194 2193
f 57 706 2186 639
f 706 707 2187 2186
f 707 708 2188 2187
f 708 60 396 2188
f 2188 396 395 2191
f 2191 395 394 2194
f 2194 394 17 250
f 2193 2194 250 251
f 2192 2193 251 252
f 637 2192 252 20
f 638 2189 2192 637
f 639 2186 2189 638
f 2195 2196 2199 2198
f 2196 2197 2200 2199
f 2198 2199 2202 2201
f 2199 2200 2203 2202
f 17 405 2195 253
f 405 404 2196 2195
f 404 403 2197 2196
f 403 7 709 2197
f 2197 709 710 2200
f 2200 710 711 2203
f 2203 711 22 712
f 2202 2203 712 713
f 2201 2202 713 714
f 255 2201 714 61
f 254 2198 2201 255
f 253 2195 2198 254
f 2204 2205 2208 2207
f 2205 2206 2209 2208
f 2207 2208 2211 2210
f 2208 2209 2212 2211
f 196 720 2204 717
f 720 719 2205 2204
f 719 718 2206 2205
f 718 74 513 2206
f 2206 513 512 2209
f 2209 512 511 2212
f 2212 511 25 721
f 2211 2212 721 722
f 2210 2211 722 723
f 715 2210 723 117
f 716 2207 2210 715
f 717 2204 2207 716
f 2213 2214 2217 2216
f 2214 2215 2218 2217
f 2216 2217 2220 2219
f 2217 2218 2221 2220
f 113 642 2213 724
f 642 641 2214 2213
f 641 640 2215 2214
f 640 20 247 2215
f 2215 247 248 2218
f 2218 248 249 2221
f 2221 249 62 727
f 2220 2221 727 728
f 2219 2220 728 729
f 726 2219 729 134
f 725 2216 2219 726
f 724 2213 2216 725
f 2222 2223 2226 2225
f 2223 2224 2227 2226
f 2225 2226 2229 2228
f 2226 2227 2230 2229
f 71 730 2222 450
f 730 731 2223 2222
f 731 732 2224 2223
f 732 75 432 2224
f 2224 432 431 2227
f 2227 431 430 2230
f 2230 430 26 735
f 2229 2230 735 734
f 2228 2229 734 733
f 448 2228 733 10
f 449 2225 2228 448
f 450 2222 2225 449
f 2231 2232 2235 2234
f 2232 2233 2236 2235
f 2234 2235 2238 2237
f 2235 2236 2239 2238
f 8 664 2231 736
f 664 665 2232 2231
f 665 666 2233 2232
f 666 19 739 2233
f 2233 739 740 2236
f 2236 740 741 2239
f 2239 741 63 744
f 2238 2239 744 743
f 2237 2238 743 742
f 738 2237 742 21
f 737 2234 2237 738
f 736 2231 2234 737
f 2240 2241 2244 2243
f 2241 2242 2245 2244
f 2243 2244 2247 2246
f 2244 2245 2248 2247
f 19 379 2240 739
f 379 380 2241 2240
f 380 381 2242 2241
f 381 115 745 2242
f 2242 745 746 2245
f 2245 746 747 2248
f 2248 747 139 750
f 2247 2248 750 749
f 2246 2247 749 748
f 741 2246 748 63
f 740 2243 2246 741
f 739 2240 2243 740
f 2249 2250 2253 2252
f 2250 2251 2254 2253
f 2252 2253 2256 2255
f 2253 2254 2257 2256
f 72 751 2249 414
f 751 752 2250 2249
f 752 753 2251 2250
f 753 76 444 2251
f 2251 444 443 2254
f 2254 443 442 2257
f 2257 442 29 756
f 2256 2257 756 755
f 2255 2256 755 754
f 412 2255 754 9
f 413 2252 2255 412
f 414 2249 2252 413
f 2258 2259 2262 2261
f 2259 2260 2263 2262
f 2261 2262 2265 2264
f 2262 2263 2266 2265
f 7 685 2258 709
f 685 686 2259 2258
f 686 687 2260 2259
f 687 18 757 2260
f 2260 757 758 2263
f 2263 758 759 2266
f 2266 759 64 762
f 2265 2266 762 761
f 2264 2265 761 760
f 711 2264 760 22
f 710 2261 2264 711
f 709 2258 2261 710
f 2267 2268 2271 2270
f 2268 2269 2272 2271
f 2270 2271 2274 2273
f 2271 2272 2275 2274
f 18 393 2267 757
f 393 392 2268 2267
f 392 391 2269 2268
f 391 8 736 2269
f 2269 736 737 2272
f 2272 737 738 2275
f 2275 738 21 763
f 2274 2275 763 764
f 2273 2274 764 765
f 759 2273 765 64
f 758 2270 2273 759
f 757 2267 2270 758
f 2276 2277 2280 2279
f 2277 2278 2281 2280
f 2279 2280 2283 2282
f 2280 2281 2284 2283
f 65 771 2276 766
f 771 770 2277 2276
f 770 769 2278 2277
f 769 23 772 2278
f 2278 772 773 2281
f 2281 773 774 2284
f 2284 774 237 454
f 2283 2284 454 455
f 2282 2283 455 456
f 768 2282 456 238
f 767 2279 2282 768
f 766 2276 2279 767
f 2285 2286 2289 2288
f 2286 2287 2290 2289
f 2288 2289 2292 2291
f 2289 2290 2293 2292
f 237 774 2285 777
f 774 773 2286 2285
f 773 772 2287 2286
f 772 23 778 2287
f 2287 778 779 2290
f 2290 779 780 2293
f 2293 780 146 783
f 2292 2293 783 782
f 2291 2292 782 781
f 775 2291 781 118
f 776 2288 2291 775
f 777 2285 2288 776
f 2294 2295 2298 2297
f 2295 2296 2299 2298
f 2297 2298 2301 2300
f 2298 2299 2302 2301
f 118 784 2294 775
f 784 785 2295 2294
f 785 786 2296 2295
f 786 144 789 2296
f 2296 789 788 2299
f 2299 788 787 2302
f 2302 787 138 457
f 2301 2302 457 458
f 2300 2301 458 459
f 777 2300 459 237
f 776 2297 2300 777
f 775 2294 2297 776
f 2303 2304 2307 2306
f 2304 2305 2308 2307
f 2306 2307 2310 2309
f 2307 2308 2311 2310
f 143 795 2303 792
f 795 794 2304 2303
f 794 793 2305 2304
f 793 120 796 2305
f 2305 796 797 2308
f 2308 797 798 2311
f 2311 798 146 780
f 2310 2311 780 779
f 2309 2310 779 778
f 790 2309 778 23
f 791 2306 2309 790
f 792 2303 2306 791
f 2312 2313 2316 2315
f 2313 2314 2317 2316
f 2315 2316 2319 2318
f 2316 2317 2320 2319
f 26 799 2312 735
f 799 800 2313 2312
f 800 801 2314 2313
f 801 66 804 2314
f 2314 804 803 2317
f 2317 803 802 2320
f 2320 802 29 453
f 2319 2320 453 452
f 2318 2319 452 451
f 733 2318 451 10
f 734 2315 2318 733
f 735 2312 2315 734
f 2321 2322 2325 2324
f 2322 2323 2326 2325
f 2324 2325 2328 2327
f 2325 2326 2329 2328
f 221 810 2321 807
f 810 809 2322 2321
f 809 808 2323 2322
f 808 91 813 2323
f 2323 813 812 2326
f 2326 812 811 2329
f 2329 811 15 814
f 2328 2329 814 815
f 2327 2328 815 816
f 805 2327 816 122
f 806 2324 2327 805
f 807 2321 2324 806
f 2330 2331 2334 2333
f 2331 2332 2335 2334
f 2333 2334 2337 2336
f 2334 2335 2338 2337
f 213 822 2330 819
f 822 821 2331 2330
f 821 820 2332 2331
f 820 85 654 2332
f 2332 654 653 2335
f 2335 653 652 2338
f 2338 652 67 823
f 2337 2338 823 824
f 2336 2337 824 825
f 817 2336 825 149
f 818 2333 2336 817
f 819 2330 2333 818
f 2339 2340 2343 2342
f 2340 2341 2344 2343
f 2342 2343 2346 2345
f 2343 2344 2347 2346
f 67 658 2339 826
f 658 659 2340 2339
f 659 660 2341 2340
f 660 70 829 2341
f 2341 829 830 2344
f 2344 830 831 2347
f 2347 831 100 834
f 2346 2347 834 833
f 2345 2346 833 832
f 828 2345 832 97
f 827 2342 2345 828
f 826 2339 2342 827
f 2348 2349 2352 2351
f 2349 2350 2353 2352
f 2351 2352 2355 2354
f 2352 2353 2356 2355
f 89 835 2348 486
f 835 836 2349 2348
f 836 837 2350 2349
f 837 92 468 2350
f 2350 468 467 2353
f 2353 467 466 2356
f 2356 466 13 840
f 2355 2356 840 839
f 2354 2355 839 838
f 484 2354 838 11
f 485 2351 2354 484
f 486 2348 2351 485
f 2357 2358 2361 2360
f 2358 2359 2362 2361
f 2360 2361 2364 2363
f 2361 2362 2365 2364
f 83 844 2357 843
f 844 845 2358 2357
f 845 846 2359 2358
f 846 86 849 2359
f 2359 849 848 2362
f 2362 848 847 2365
f 2365 847 68 852
f 2364 2365 852 851
f 2363 2364 851 850
f 841 2363 850 30
f 842 2360 2363 841
f 843 2357 2360 842
f 2366 2367 2370 2369
f 2367 2368 2371 2370
f 2369 2370 2373 2372
f 2370 2371 2374 2373
f 86 853 2366 849
f 853 854 2367 2366
f 854 855 2368 2367
f 855 215 858 2368
f 2368 858 857 2371
f 2371 857 856 2374
f 2374 856 151 861
f 2373 2374 861 860
f 2372 2373 860 859
f 847 2372 859 68
f 848 2369 2372 847
f 849 2366 2369 848
f 2375 2376 2379 2378
f 2376 2377 2380 2379
f 2378 2379 2382 2381
f 2379 2380 2383 2382
f 90 862 2375 498
f 862 863 2376 2375
f 863 864 2377 2376
f 864 93 480 2377
f 2377 480 479 2380
f 2380 479 478 2383
f 2383 478 14 867
f 2382 2383 867 866
f 2381 2382 866 865
f 496 2381 865 12
f 497 2378 2381 496
f 498 2375 2378 497
f 2384 2385 2388 2387
f 2385 2386 2389 2388
f 2387 2388 2391 2390
f 2388 2389 2392 2391
f 84 871 2384 870
f 871 872 2385 2384
f 872 873 2386 2385
f 873 87 876 2386
f 2386 876 875 2389
f 2389 875 874 2392
f 2392 874 69 879
f 2391 2392 879 878
f 2390 2391 878 877
f 868 2390 877 31
f 869 2387 2390 868
f 870 2384 2387 869
f 2393 2394 2397 2396
f 2394 2395 2398 2397
f 2396 2397 2400 2399
f 2397 2398 2401 2400
f 87 882 2393 876
f 882 881 2394 2393
f 881 880 2395 2394
f 880 83 843 2395
f 2395 843 842 2398
f 2398 842 841 2401
f 2401 841 30 883
f 2400 2401 883 884
f 2399 2400 884 885
f 874 2399 885 69
f 875 2396 2399 874
f 876 2393 2396 875
f 2402 2403 2406 2405
f 2403 2404 2407 2406
f 2405 2406 2409 2408
f 2406 2407 2410 2409
f 88 888 2402 657
f 888 887 2403 2402
f 887 886 2404 2403
f 886 84 870 2404
f 2404 870 869 2407
f 2407 869 868 2410
f 2410 868 31 889
f 2409 2410 889 890
f 2408 2409 890 891
f 655 2408 891 70
f 656 2405 2408 655
f 657 2402 2405 656
f 2411 2412 2415 2414
f 2412 2413 2416 2415
f 2414 2415 2418 2417
f 2415 2416 2419 2418
f 61 714 2411 532
f 714 713 2412 2411
f 713 712 2413 2412
f 712 22 892 2413
f 2413 892 893 2416
f 2416 893 894 2419
f 2419 894 72 409
f 2418 2419 409 410
f 2417 2418 410 411
f 534 2417 411 73
f 533 2414 2417 534
f 532 2411 2414 533
f 2420 2421 2424 2423
f 2421 2422 2425 2424
f 2423 2424 2427 2426
f 2424 2425 2428 2427
f 79 427 2420 651
f 427 428 2421 2420
f 428 429 2422 2421
f 429 82 702 2422
f 2422 702 701 2425
f 2425 701 700 2428
f 2428 700 60 708
f 2427 2428 708 707
f 2426 2427 707 706
f 649 2426 706 57
f 650 2423 2426 649
f 651 2420 2423 650
f 2429 2430 2433 2432
f 2430 2431 2434 2433
f 2432 2433 2436 2435
f 2433 2434 2437 2436
f 63 748 2429 895
f 748 749 2430 2429
f 749 750 2431 2430
f 750 139 898 2431
f 2431 898 899 2434
f 2434 899 900 2437
f 2437 900 199 435
f 2436 2437 435 434
f 2435 2436 434 433
f 897 2435 433 75
f 896 2432 2435 897
f 895 2429 2432 896
f 2438 2439 2442 2441
f 2439 2440 2443 2442
f 2441 2442 2445 2444
f 2442 2443 2446 2445
f 64 765 2438 901
f 765 764 2439 2438
f 764 763 2440 2439
f 763 21 904 2440
f 2440 904 905 2443
f 2443 905 906 2446
f 2446 906 71 445
f 2445 2446 445 446
f 2444 2445 446 447
f 903 2444 447 76
f 902 2441 2444 903
f 901 2438 2441 902
f 2447 2448 2451 2450
f 2448 2449 2452 2451
f 2450 2451 2454 2453
f 2451 2452 2455 2454
f 134 729 2447 907
f 729 728 2448 2447
f 728 727 2449 2448
f 727 62 535 2449
f 2449 535 536 2452
f 2452 536 537 2455
f 2455 537 74 718
f 2454 2455 718 719
f 2453 2454 719 720
f 909 2453 720 196
f 908 2450 2453 909
f 907 2447 2450 908
f 2456 2457 2460 2459
f 2457 2458 2461 2460
f 2459 2460 2463 2462
f 2460 2461 2464 2463
f 21 742 2456 904
f 742 743 2457 2456
f 743 744 2458 2457
f 744 63 895 2458
f 2458 895 896 2461
f 2461 896 897 2464
f 2464 897 75 732
f 2463 2464 732 731
f 2462 2463 731 730
f 906 2462 730 71
f 905 2459 2462 906
f 904 2456 2459 905
f 2465 2466 2469 2468
f 2466 2467 2470 2469
f 2468 2469 2472 2471
f 2469 2470 2473 2472
f 22 760 2465 892
f 760 761 2466 2465
f 761 762 2467 2466
f 762 64 901 2467
f 2467 901 902 2470
f 2470 902 903 2473
f 2473 903 76 753
f 2472 2473 753 752
f 2471 2472 752 751
f 894 2471 751 72
f 893 2468 2471 894
f 892 2465 2468 893
f 2474 2475 2478 2477
f 2475 2476 2479 2478
f 2477 2478 2481 2480
f 2478 2479 2482 2481
f 122 816 2474 910
f 816 815 2475 2474
f 815 814 2476 2475
f 814 15 418 2476
f 2476 418 419 2479
f 2479 419 420 2482
f 2482 420 79 646
f 2481 2482 646 647
f 2480 2481 647 648
f 912 2480 648 207
f 911 2477 2480 912
f 910 2474 2477 911
f 2483 2484 2487 2486
f 2484 2485 2488 2487
f 2486 2487 2490 2489
f 2487 2488 2491 2490
f 91 913 2483 813
f 913 914 2484 2483
f 914 915 2485 2484
f 915 94 492 2485
f 2485 492 491 2488
f 2488 491 490 2491
f 2491 490 16 423
f 2490 2491 423 422
f 2489 2490 422 421
f 811 2489 421 15
f 812 2486 2489 811
f 813 2483 2486 812
f 2492 2493 2496 2495
f 2493 2494 2497 2496
f 2495 2496 2499 2498
f 2496 2497 2500 2499
f 11 838 2492 916
f 838 839 2493 2492
f 839 840 2494 2493
f 840 13 919 2494
f 2494 919 920 2497
f 2497 920 921 2500
f 2500 921 80 672
f 2499 2500 672 671
f 2498 2499 671 670
f 918 2498 670 77
f 917 2495 2498 918
f 916 2492 2495 917
f 2501 2502 2505 2504
f 2502 2503 2506 2505
f 2504 2505 2508 2507
f 2505 2506 2509 2508
f 13 475 2501 919
f 475 476 2502 2501
f 476 477 2503 2502
f 477 123 922 2503
f 2503 922 923 2506
f 2506 923 924 2509
f 2509 924 205 678
f 2508 2509 678 677
f 2507 2508 677 676
f 921 2507 676 80
f 920 2504 2507 921
f 919 2501 2504 920
f 2510 2511 2514 2513
f 2511 2512 2515 2514
f 2513 2514 2517 2516
f 2514 2515 2518 2517
f 12 865 2510 925
f 865 866 2511 2510
f 866 867 2512 2511
f 867 14 928 2512
f 2512 928 929 2515
f 2515 929 930 2518
f 2518 930 81 693
f 2517 2518 693 692
f 2516 2517 692 691
f 927 2516 691 78
f 926 2513 2516 927
f 925 2510 2513 926
f 2519 2520 2523 2522
f 2520 2521 2524 2523
f 2522 2523 2526 2525
f 2523 2524 2527 2526
f 14 489 2519 928
f 489 488 2520 2519
f 488 487 2521 2520
f 487 11 916 2521
f 2521 916 917 2524
f 2524 917 918 2527
f 2527 918 77 697
f 2526 2527 697 698
f 2525 2526 698 699
f 930 2525 699 81
f 929 2522 2525 930
f 928 2519 2522 929
f 2528 2529 2532 2531
f 2529 2530 2533 2532
f 2531 2532 2535 2534
f 2532 2533 2536 2535
f 16 501 2528 424
f 501 500 2529 2528
f 500 499 2530 2529
f 499 12 925 2530
f 2530 925 926 2533
f 2533 926 927 2536
f 2536 927 78 703
f 2535 2536 703 704
f 2534 2535 704 705
f 426 2534 705 82
f 425 2531 2534 426
f 424 2528 2531 425
f 2537 2538 2541 2540
f 2538 2539 2542 2541
f 2540 2541 2544 2543
f 2541 2542 2545 2544
f 109 615 2537 931
f 615 614 2538 2537
f 614 613 2539 2538
f 613 35 361 2539
f 2539 361 362 2542
f 2542 362 363 2545
f 2545 363 85 820
f 2544 2545 820 821
f 2543 2544 821 822
f 933 2543 822 213
f 932 2540 2543 933
f 931 2537 2540 932
f 2546 2547 2550 2549
f 2547 2548 2551 2550
f 2549 2550 2553 2552
f 2550 2551 2554 2553
f 40 346 2546 565
f 346 347 2547 2546
f 347 348 2548 2547
f 348 42 547 2548
f 2548 547 548 2551
f 2551 548 549 2554
f 2554 549 49 502
f 2553 2554 502 503
f 2552 2553 503 504
f 567 2552 504 50
f 566 2549 2552 567
f 565 2546 2549 566
f 2555 2556 2559 2558
f 2556 2557 2560 2559
f 2558 2559 2562 2561
f 2559 2560 2563 2562
f 6 622 2555 934
f 622 623 2556 2555
f 623 624 2557 2556
f 624 37 937 2557
f 2557 937 938 2560
f 2560 938 939 2563
f 2563 939 86 846
f 2562 2563 846 845
f 2561 2562 845 844
f 936 2561 844 83
f 935 2558 2561 936
f 934 2555 2558 935
f 2564 2565 2568 2567
f 2565 2566 2569 2568
f 2567 2568 2571 2570
f 2568 2569 2572 2571
f 37 358 2564 937
f 358 359 2565 2564
f 359 360 2566 2565
f 360 111 940 2566
f 2566 940 941 2569
f 2569 941 942 2572
f 2572 942 215 855
f 2571 2572 855 854
f 2570 2571 854 853
f 939 2570 853 86
f 938 2567 2570 939
f 937 2564 2567 938
f 2573 2574 2577 2576
f 2574 2575 2578 2577
f 2576 2577 2580 2579
f 2577 2578 2581 2580
f 5 595 2573 943
f 595 596 2574 2573
f 596 597 2575 2574
f 597 36 946 2575
f 2575 946 947 2578
f 2578 947 948 2581
f 2581 948 87 873
f 2580 2581 873 872
f 2579 2580 872 871
f 945 2579 871 84
f 944 2576 2579 945
f 943 2573 2576 944
f 2582 2583 2586 2585
f 2583 2584 2587 2586
f 2585 2586 2589 2588
f 2586 2587 2590 2589
f 36 333 2582 946
f 333 332 2583 2582
f 332 331 2584 2583
f 331 6 934 2584
f 2584 934 935 2587
f 2587 935 936 2590
f 2590 936 83 880
f 2589 2590 880 881
f 2588 2589 881 882
f 948 2588 882 87
f 947 2585 2588 948
f 946 2582 2585 947
f 2591 2592 2595 2594
f 2592 2593 2596 2595
f 2594 2595 2598 2597
f 2595 2596 2599 2598
f 39 342 2591 364
f 342 341 2592 2591
f 341 340 2593 2592
f 340 5 943 2593
f 2593 943 944 2596
f 2596 944 945 2599
f 2599 945 84 886
f 2598 2599 886 887
f 2597 2598 887 888
f 366 2597 888 88
f 365 2594 2597 366
f 364 2591 2594 365
f 2600 2601 2604 2603
f 2601 2602 2605 2604
f 2603 2604 2607 2606
f 2604 2605 2608 2607
f 98 952 2600 951
f 952 953 2601 2600
f 953 954 2602 2601
f 954 231 957 2602
f 2602 957 956 2605
f 2605 956 955 2608
f 2608 955 223 471
f 2607 2608 471 470
f 2606 2607 470 469
f 949 2606 469 92
f 950 2603 2606 949
f 951 2600 2603 950
f 2609 2610 2613 2612
f 2610 2611 2614 2613
f 2612 2613 2616 2615
f 2613 2614 2617 2616
f 99 963 2609 960
f 963 962 2610 2609
f 962 961 2611 2610
f 961 95 966 2611
f 2611 966 965 2614
f 2614 965 964 2617
f 2617 964 89 481
f 2616 2617 481 482
f 2615 2616 482 483
f 958 2615 483 93
f 959 2612 2615 958
f 960 2609 2612 959
f 2618 2619 2622 2621
f 2619 2620 2623 2622
f 2621 2622 2625 2624
f 2622 2623 2626 2625
f 100 972 2618 969
f 972 971 2619 2618
f 971 970 2620 2619
f 970 96 975 2620
f 2620 975 974 2623
f 2623 974 973 2626
f 2626 973 90 493
f 2625 2626 493 494
f 2624 2625 494 495
f 967 2624 495 94
f 968 2621 2624 967
f 969 2618 2621 968
f 2627 2628 2631 2630
f 2628 2629 2632 2631
f 2630 2631 2634 2633
f 2631 2632 2635 2634
f 229 981 2627 978
f 981 980 2628 2627
f 980 979 2629 2628
f 979 97 984 2629
f 2629 984 983 2632
f 2632 983 982 2635
f 2635 982 91 808
f 2634 2635 808 809
f 2633 2634 809 810
f 976 2633 810 221
f 977 2630 2633 976
f 978 2627 2630 977
f 2636 2637 2640 2639
f 2637 2638 2641 2640
f 2639 2640 2643 2642
f 2640 2641 2644 2643
f 95 985 2636 966
f 985 986 2637 2636
f 986 987 2638 2637
f 987 98 951 2638
f 2638 951 950 2641
f 2641 950 949 2644
f 2644 949 92 837
f 2643 2644 837 836
f 2642 2643 836 835
f 964 2642 835 89
f 965 2639 2642 964
f 966 2636 2639 965
f 2645 2646 2649 2648
f 2646 2647 2650 2649
f 2648 2649 2652 2651
f 2649 2650 2653 2652
f 96 988 2645 975
f 988 989 2646 2645
f 989 990 2647 2646
f 990 99 960 2647
f 2647 960 959 2650
f 2650 959 958 2653
f 2653 958 93 864
f 2652 2653 864 863
f 2651 2652 863 862
f 973 2651 862 90
f 974 2648 2651 973
f 975 2645 2648 974
f 2654 2655 2658 2657
f 2655 2656 2659 2658
f 2657 2658 2661 2660
f 2658 2659 2662 2661
f 97 832 2654 984
f 832 833 2655 2654
f 833 834 2656 2655
f 834 100 969 2656
f 2656 969 968 2659
f 2659 968 967 2662
f 2662 967 94 915
f 2661 2662 915 914
f 2660 2661 914 913
f 982 2660 913 91
f 983 2657 2660 982
f 984 2654 2657 983
f 2663 2664 2667 2666
f 2664 2665 2668 2667
f 2666 2667 2670 2669
f 2667 2668 2671 2670
f 68 859 2663 991
f 859 860 2664 2663
f 860 861 2665 2664
f 861 151 994 2665
f 2665 994 995 2668
f 2668 995 996 2671
f 2671 996 231 954
f 2670 2671 954 953
f 2669 2670 953 952
f 993 2669 952 98
f 992 2666 2669 993
f 991 2663 2666 992
f 2672 2673 2676 2675
f 2673 2674 2677 2676
f 2675 2676 2679 2678
f 2676 2677 2680 2679
f 69 885 2672 997
f 885 884 2673 2672
f 884 883 2674 2673
f 883 30 1000 2674
f 2674 1000 1001 2677
f 2677 1001 1002 2680
f 2680 1002 95 961
f 2679 2680 961 962
f 2678 2679 962 963
f 999 2678 963 99
f 998 2675 2678 999
f 997 2672 2675 998
f 2681 2682 2685 2684
f 2682 2683 2686 2685
f 2684 2685 2688 2687
f 2685 2686 2689 2688
f 70 891 2681 829
f 891 890 2682 2681
f 890 889 2683 2682
f 889 31 1003 2683
f 2683 1003 1004 2686
f 2686 1004 1005 2689
f 2689 1005 96 970
f 2688 2689 970 971
f 2687 2688 971 972
f 831 2687 972 100
f 830 2684 2687 831
f 829 2681 2684 830
f 2690 2691 2694 2693
f 2691 2692 2695 2694
f 2693 2694 2697 2696
f 2694 2695 2698 2697
f 149 825 2690 1006
f 825 824 2691 2690
f 824 823 2692 2691
f 823 67 826 2692
f 2692 826 827 2695
f 2695 827 828 2698
f 2698 828 97 979
f 2697 2698 979 980
f 2696 2697 980 981
f 1008 2696 981 229
f 1007 2693 2696 1008
f 1006 2690 2693 1007
f 2699 2700 2703 2702
f 2700 2701 2704 2703
f 2702 2703 2706 2705
f 2703 2704 2707 2706
f 30 850 2699 1000
f 850 851 2700 2699
f 851 852 2701 2700
f 852 68 991 2701
f 2701 991 992 2704
f 2704 992 993 2707
f 2707 993 98 987
f 2706 2707 987 986
f 2705 2706 986 985
f 1002 2705 985 95
f 1001 2702 2705 1002
f 1000 2699 2702 1001
f 2708 2709 2712 2711
f 2709 2710 2713 2712
f 2711 2712 2715 2714
f 2712 2713 2716 2715
f 31 877 2708 1003
f 877 878 2709 2708
f 878 879 2710 2709
f 879 69 997 2710
f 2710 997 998 2713
f 2713 998 999 2716
f 2716 999 99 990
f 2715 2716 990 989
f 2714 2715 989 988
f 1005 2714 988 96
f 1004 2711 2714 1005
f 1003 2708 2711 1004
f 2717 2718 2721 2720
f 2718 2719 2722 2721
f 2720 2721 2724 2723
f 2721 2722 2725 2724
f 141 1012 2717 1009
f 1012 1013 2718 2717
f 1013 1014 2719 2718
f 1014 144 1015 2719
f 2719 1015 1016 2722
f 2722 1016 1017 2725
f 2725 1017 200 1018
f 2724 2725 1018 1019
f 2723 2724 1019 1020
f 1011 2723 1020 201
f 1010 2720 2723 1011
f 1009 2717 2720 1010
f 2726 2727 2730 2729
f 2727 2728 2731 2730
f 2729 2730 2733 2732
f 2730 2731 2734 2733
f 66 1026 2726 1021
f 1026 1025 2727 2726
f 1025 1024 2728 2727
f 1024 65 766 2728
f 2728 766 767 2731
f 2731 767 768 2734
f 2734 768 238 1027
f 2733 2734 1027 1028
f 2732 2733 1028 1029
f 1023 2732 1029 239
f 1022 2729 2732 1023
f 1021 2726 2729 1022
f 2735 2736 2739 2738
f 2736 2737 2740 2739
f 2738 2739 2742 2741
f 2739 2740 2743 2742
f 238 465 2735 1027
f 465 464 2736 2735
f 464 463 2737 2736
f 463 121 1030 2737
f 2737 1030 1031 2740
f 2740 1031 1032 2743
f 2743 1032 191 1033
f 2742 2743 1033 1034
f 2741 2742 1034 1035
f 1029 2741 1035 239
f 1028 2738 2741 1029
f 1027 2735 2738 1028
f 3860 2744 2746 3861
f 2744 2745 2747 2746
f 3861 2746 2748 3862
f 2746 2747 2749 2748
f 3830 1037 2744 3860
f 1037 1036 2745 2744
f 1036 165 1040 2745
f 2745 1040 1039 2747
f 2747 1039 1038 2749
f 2749 1038 104 1041
f 2748 2749 1041 1042
f 3862 2748 1042 3831
f 2750 2751 2754 2753
f 2751 2752 2755 2754
f 2753 2754 2757 2756
f 2754 2755 2758 2757
f 133 1046 2750 1045
f 1046 1047 2751 2750
f 1047 1048 2752 2751
f 1048 187 1051 2752
f 2752 1051 1050 2755
f 2755 1050 1049 2758
f 2758 1049 186 1054
f 2757 2758 1054 1053
f 2756 2757 1053 1052
f 1043 2756 1052 130
f 1044 2753 2756 1043
f 1045 2750 2753 1044
f 2759 2760 2763 2762
f 2760 2761 2764 2763
f 2762 2763 2766 2765
f 2763 2764 2767 2766
f 3866 3863 2759
f 3832 1056 2760 2759 3863
f 1056 1055 2761 2760
f 1055 162 1059 2761
f 2761 1059 1058 2764
f 2764 1058 1057 2767
f 2767 1057 103 261
f 2766 2767 261 262
f 2765 2766 262 263
f 3864 2765 263 3824
f 3865 2762 2765 3864
f 3866 2759 2762 3865
f 3867 2768 2770 3868
f 2768 2769 2771 2770
f 3868 2770 2772 3869
f 2770 2771 2773 2772
f 3833 1061 2768 3867
f 1061 1060 2769 2768
f 1060 166 1064 2769
f 2769 1064 1063 2771
f 2771 1063 1062 2773
f 2773 1062 102 1065
f 2772 2773 1065 1066
f 3869 2772 1066 3834
f 2774 2775 2778 2777
f 2775 2776 2779 2778
f 2777 2778 2781 2780
f 2778 2779 2782 2781
f 174 1072 2774 1069
f 1072 1071 2775 2774
f 1071 1070 2776 2775
f 1070 168 1075 2776
f 2776 1075 1074 2779
f 2779 1074 1073 2782
f 2782 1073 106 1076
f 2781 2782 1076 1077
f 2780 2781 1077 1078
f 1067 2780 1078 154
f 1068 2777 2780 1067
f 1069 2774 2777 1068
f 2783 2784 2787 2786
f 2784 2785 2788 2787
f 2786 2787 2790 2789
f 2787 2788 2791 2790
f 159 1082 2783 1079
f 1082 1083 2784 2783
f 1083 1084 2785 2784
f 1084 163 1085 2785
f 2785 1085 1086 2788
f 2788 1086 1087 2791
f 2791 1087 179 1088
f 2790 2791 1088 1089
f 2789 2790 1089 1090
f 1081 2789 1090 180
f 1080 2786 2789 1081
f 1079 2783 2786 1080
f 2792 2793 2796 2795
f 2793 2794 2797 2796
f 2795 2796 2799 2798
f 2796 2797 2800 2799
f 176 1096 2792 1093
f 1096 1095 2793 2792
f 1095 1094 2794 2793
f 1094 170 1099 2794
f 2794 1099 1098 2797
f 2797 1098 1097 2800
f 2800 1097 107 304
f 2799 2800 304 305
f 2798 2799 305 306
f 1091 2798 306 158
f 1092 2795 2798 1091
f 1093 2792 2795 1092
f 2801 2802 2805 2804
f 2802 2803 2806 2805
f 2804 2805 2808 2807
f 2805 2806 2809 2808
f 177 1105 2801 1102
f 1105 1104 2802 2801
f 1104 1103 2803 2802
f 1103 169 1108 2803
f 2803 1108 1107 2806
f 2806 1107 1106 2809
f 2809 1106 108 1109
f 2808 2809 1109 1110
f 2807 2808 1110 1111
f 1100 2807 1111 153
f 1101 2804 2807 1100
f 1102 2801 2804 1101
f 2810 2811 2814 2813
f 2811 2812 2815 2814
f 2813 2814 2817 2816
f 2814 2815 2818 2817
f 178 1117 2810 1114
f 1117 1116 2811 2810
f 1116 1115 2812 2811
f 1115 160 1120 2812
f 2812 1120 1119 2815
f 2815 1119 1118 2818
f 2818 1118 112 1121
f 2817 2818 1121 1122
f 2816 2817 1122 1123
f 1112 2816 1123 167
f 1113 2813 2816 1112
f 1114 2810 2813 1113
f 2819 2820 2823 2822
f 2820 2821 2824 2823
f 2822 2823 2826 2825
f 2823 2824 2827 2826
f 179 1087 2819 1126
f 1087 1086 2820 2819
f 1086 1085 2821 2820
f 1085 163 1129 2821
f 2821 1129 1128 2824
f 2824 1128 1127 2827
f 2827 1127 110 1130
f 2826 2827 1130 1131
f 2825 2826 1131 1132
f 1124 2825 1132 156
f 1125 2822 2825 1124
f 1126 2819 2822 1125
f 2828 2829 2832 2831
f 2829 2830 2833 2832
f 2831 2832 2835 2834
f 2832 2833 2836 2835
f 164 1136 2828 1133
f 1136 1137 2829 2828
f 1137 1138 2830 2829
f 1138 166 1060 2830
f 2830 1060 1061 2833
f 1134 2831 2834 1135
f 1133 2828 2831 1134
f 2837 2838 2841 2840
f 2838 2839 2842 2841
f 2840 2841 2844 2843
f 2841 2842 2845 2844
f 181 1144 2837 1141
f 1144 1143 2838 2837
f 1143 1142 2839 2838
f 1142 161 1147 2839
f 2839 1147 1146 2842
f 2842 1146 1145 2845
f 2845 1145 111 355
f 2844 2845 355 356
f 2843 2844 356 357
f 1139 2843 357 157
f 1140 2840 2843 1139
f 1141 2837 2840 1140
f 2846 2847 2850 2849
f 2847 2848 2851 2850
f 2849 2850 2853 2852
f 2850 2851 2854 2853
f 216 1151 2846 1150
f 1151 1152 2847 2846
f 1152 1153 2848 2847
f 1153 219 1156 2848
f 2848 1156 1155 2851
f 2851 1155 1154 2854
f 2854 1154 163 1084
f 2853 2854 1084 1083
f 2852 2853 1083 1082
f 1148 2852 1082 159
f 1149 2849 2852 1148
f 1150 2846 2849 1149
f 2855 2856 2859 2858
f 2856 2857 2860 2859
f 2858 2859 2862 2861
f 2859 2860 2863 2862
f 183 1162 2855 1159
f 1162 1161 2856 2855
f 1161 1160 2857 2856
f 1160 132 1165 2857
f 2857 1165 1164 2860
f 2860 1164 1163 2863
f 2863 1163 115 376
f 2862 2863 376 377
f 2861 2862 377 378
f 1157 2861 378 142
f 1158 2858 2861 1157
f 1159 2855 2858 1158
f 2864 2865 2868 2867
f 2865 2866 2869 2868
f 2867 2868 2871 2870
f 2868 2869 2872 2871
f 184 1171 2864 1168
f 1171 1170 2865 2864
f 1170 1169 2866 2865
f 1169 131 1174 2866
f 2866 1174 1173 2869
f 2869 1173 1172 2872
f 2872 1172 116 1175
f 2871 2872 1175 1176
f 2870 2871 1176 1177
f 1166 2870 1177 140
f 1167 2867 2870 1166
f 1168 2864 2867 1167
f 2873 2874 2877 2876
f 2874 2875 2878 2877
f 2876 2877 2880 2879
f 2877 2878 2881 2880
f 185 1183 2873 1180
f 1183 1182 2874 2873
f 1182 1181 2875 2874
f 1181 130 1186 2875
f 2875 1186 1185 2878
f 2878 1185 1184 2881
f 2881 1184 114 1187
f 2880 2881 1187 1188
f 2879 2880 1188 1189
f 1178 2879 1189 145
f 1179 2876 2879 1178
f 1180 2873 2876 1179
f 2882 2883 2886 2885
f 2883 2884 2887 2886
f 2885 2886 2889 2888
f 2886 2887 2890 2889
f 200 1017 2882 1192
f 1017 1016 2883 2882
f 1016 1015 2884 2883
f 1015 144 786 2884
f 2884 786 785 2887
f 2887 785 784 2890
f 2890 784 118 1193
f 2889 2890 1193 1194
f 2888 2889 1194 1195
f 1190 2888 1195 198
f 1191 2885 2888 1190
f 1192 2882 2885 1191
f 2891 2892 2895 2894
f 2892 2893 2896 2895
f 2894 2895 2898 2897
f 2895 2896 2899 2898
f 208 1199 2891 1198
f 1199 1200 2892 2891
f 1200 1201 2893 2892
f 1201 211 1204 2893
f 2893 1204 1203 2896
f 2896 1203 1202 2899
f 2899 1202 129 1207
f 2898 2899 1207 1206
f 2897 2898 1206 1205
f 1196 2897 1205 128
f 1197 2894 2897 1196
f 1198 2891 2894 1197
f 2900 2901 2904 2903
f 2901 2902 2905 2904
f 2903 2904 2907 2906
f 2904 2905 2908 2907
f 202 1213 2900 1210
f 1213 1212 2901 2900
f 1212 1211 2902 2901
f 1211 143 1216 2902
f 2902 1216 1215 2905
f 2905 1215 1214 2908
f 2908 1214 119 436
f 2907 2908 436 437
f 2906 2907 437 438
f 1208 2906 438 199
f 1209 2903 2906 1208
f 1210 2900 2903 1209
f 2909 2910 2913 2912
f 2910 2911 2914 2913
f 2912 2913 2916 2915
f 2913 2914 2917 2916
f 203 1222 2909 1219
f 1222 1221 2910 2909
f 1221 1220 2911 2910
f 1220 146 798 2911
f 2911 798 797 2914
f 2914 797 796 2917
f 2917 796 120 1223
f 2916 2917 1223 1224
f 2915 2916 1224 1225
f 1217 2915 1225 197
f 1218 2912 2915 1217
f 1219 2909 2912 1218
f 2918 2919 2922 2921
f 2919 2920 2923 2922
f 2921 2922 2925 2924
f 2922 2923 2926 2925
f 26 439 2918 799
f 439 440 2919 2918
f 440 441 2920 2919
f 441 119 1228 2920
f 2920 1228 1227 2923
f 2923 1227 1226 2926
f 2926 1226 65 1024
f 2925 2926 1024 1025
f 2924 2925 1025 1026
f 801 2924 1026 66
f 800 2921 2924 801
f 799 2918 2921 800
f 2927 2928 2931 2930
f 2928 2929 2932 2931
f 2930 2931 2934 2933
f 2931 2932 2935 2934
f 225 1234 2927 1231
f 1234 1233 2928 2927
f 1233 1232 2929 2928
f 1232 126 1237 2929
f 2929 1237 1236 2932
f 2932 1236 1235 2935
f 2935 1235 123 472
f 2934 2935 472 473
f 2933 2934 473 474
f 1229 2933 474 223
f 1230 2930 2933 1229
f 1231 2927 2930 1230
f 2936 2937 2940 2939
f 2937 2938 2941 2940
f 2939 2940 2943 2942
f 2940 2941 2944 2943
f 226 1243 2936 1240
f 1243 1242 2937 2936
f 1242 1241 2938 2937
f 1241 127 1246 2938
f 2938 1246 1245 2941
f 2941 1245 1244 2944
f 2944 1244 124 1247
f 2943 2944 1247 1248
f 2942 2943 1248 1249
f 1238 2942 1249 220
f 1239 2939 2942 1238
f 1240 2936 2939 1239
f 2945 2946 2949 2948
f 2946 2947 2950 2949
f 2948 2949 2952 2951
f 2949 2950 2953 2952
f 227 1255 2945 1252
f 1255 1254 2946 2945
f 1254 1253 2947 2946
f 1253 129 1258 2947
f 2947 1258 1257 2950
f 2950 1257 1256 2953
f 2953 1256 125 1259
f 2952 2953 1259 1260
f 2951 2952 1260 1261
f 1250 2951 1261 222
f 1251 2948 2951 1250
f 1252 2945 2948 1251
f 2954 2955 2958 2957
f 2955 2956 2959 2958
f 2957 2958 2961 2960
f 2958 2959 2962 2961
f 168 1070 2954 1262
f 1070 1071 2955 2954
f 1071 1072 2956 2955
f 1072 174 1265 2956
f 2956 1265 1266 2959
f 2959 1266 1267 2962
f 2962 1267 175 1270
f 2961 2962 1270 1269
f 2960 2961 1269 1268
f 1264 2960 1268 171
f 1263 2957 2960 1264
f 1262 2954 2957 1263
f 2963 2964 2967 2966
f 2964 2965 2968 2967
f 2966 2967 2970 2969
f 2967 2968 2971 2970
f 201 1020 2963 1273
f 1020 1019 2964 2963
f 1019 1018 2965 2964
f 1018 200 1276 2965
f 2965 1276 1275 2968
f 2968 1275 1274 2971
f 2971 1274 186 1049
f 2970 2971 1049 1050
f 2969 2970 1050 1051
f 1271 2969 1051 187
f 1272 2966 2969 1271
f 1273 2963 2966 1272
f 3874 2972 2974 3875
f 2972 2973 2975 2974
f 3875 2974 2976 3876
f 2974 2975 2977 2976
f 3834 1066 2972 3874
f 1066 1065 2973 2972
f 1065 102 1277 2973
f 2973 1277 1278 2975
f 2975 1278 1279 2977
f 2977 1279 165 1036
f 2976 2977 1036 1037
f 3876 2976 1037 3830
f 2978 2979 2982 2981
f 2979 2980 2983 2982
f 2981 2982 2985 2984
f 2982 2983 2986 2985
f 172 525 2978 1280
f 525 524 2979 2978
f 524 523 2980 2979
f 523 101 1283 2980
f 2980 1283 1284 2983
f 2983 1284 1285 2986
f 2986 1285 164 1133
f 2985 2986 1133 1134
f 2984 2985 1134 1135
f 1282 2984 1135 173
f 1281 2981 2984 1282
f 1280 2978 2981 1281
f 3828 172 1280 3877
f 3877 1280 1281 3878
f 3878 1281 1282 3879
f 3879 1282 173 3836
f 3880 2987 2989 3881
f 2987 2988 2990 2989
f 3881 2989 2991 3882
f 2989 2990 2992 2991
f 3831 1042 2987 3880
f 1042 1041 2988 2987
f 1041 104 1286 2988
f 2988 1286 1287 2990
f 2990 1287 1288 2992
f 2992 1288 162 1055
f 2991 2992 1055 1056
f 3882 2991 1056 3832
f 2993 2994 2997 2996
f 2994 2995 2998 2997
f 2996 2997 3000 2999
f 2997 2998 3001 3000
f 171 1289 2993 1264
f 1289 1290 2994 2993
f 1290 1291 2995 2994
f 1291 180 1090 2995
f 2995 1090 1089 2998
f 2998 1089 1088 3001
f 3001 1088 179 1294
f 3000 3001 1294 1293
f 2999 3000 1293 1292
f 1262 2999 1292 168
f 1263 2996 2999 1262
f 1264 2993 2996 1263
f 3002 3003 3006 3005
f 3003 3004 3007 3006
f 3005 3006 3009 3008
f 3006 3007 3010 3009
f 166 1295 3002 1064
f 1295 1296 3003 3002
f 1296 1297 3004 3003
f 1297 174 1069 3004
f 3004 1069 1068 3007
f 3007 1068 1067 3010
f 3010 1067 154 1300
f 3009 3010 1300 1299
f 3008 3009 1299 1298
f 1062 3008 1298 102
f 1063 3005 3008 1062
f 1064 3002 3005 1063
f 3011 3012 3015 3014
f 3012 3013 3016 3015
f 3014 3015 3018 3017
f 3015 3016 3019 3018
f 152 555 3011 1301
f 555 554 3012 3011
f 554 553 3013 3012
f 553 105 1304 3013
f 3013 1304 1305 3016
f 3016 1305 1306 3019
f 3019 1306 171 1268
f 3018 3019 1268 1269
f 3017 3018 1269 1270
f 1303 3017 1270 175
f 1302 3014 3017 1303
f 1301 3011 3014 1302
f 3020 3021 3024 3023
f 3021 3022 3025 3024
f 3023 3024 3027 3026
f 3024 3025 3028 3027
f 101 562 3020 1283
f 562 563 3021 3020
f 563 564 3022 3021
f 564 152 1301 3022
f 3022 1301 1302 3025
f 3025 1302 1303 3028
f 3028 1303 175 1309
f 3027 3028 1309 1308
f 3026 3027 1308 1307
f 1285 3026 1307 164
f 1284 3023 3026 1285
f 1283 3020 3023 1284
f 3029 3030 3033 3032
f 3030 3031 3034 3033
f 3032 3033 3036 3035
f 3033 3034 3037 3036
f 153 1111 3029 1310
f 1111 1110 3030 3029
f 1110 1109 3031 3030
f 1109 108 1313 3031
f 3031 1313 1314 3034
f 3034 1314 1315 3037
f 3037 1315 170 1094
f 3036 3037 1094 1095
f 3035 3036 1095 1096
f 1312 3035 1096 176
f 1311 3032 3035 1312
f 1310 3029 3032 1311
f 3038 3039 3042 3041
f 3039 3040 3043 3042
f 3041 3042 3045 3044
f 3042 3043 3046 3045
f 104 1316 3038 1286
f 1316 1317 3039 3038
f 1317 1318 3040 3039
f 1318 153 1310 3040
f 3040 1310 1311 3043
f 3043 1311 1312 3046
f 3046 1312 176 1321
f 3045 3046 1321 1320
f 3044 3045 1320 1319
f 1288 3044 1319 162
f 1287 3041 3044 1288
f 1286 3038 3041 1287
f 3047 3048 3051 3050
f 3048 3049 3052 3051
f 3050 3051 3054 3053
f 3051 3052 3055 3054
f 162 1319 3047 1059
f 1319 1320 3048 3047
f 1320 1321 3049 3048
f 1321 176 1093 3049
f 3049 1093 1092 3052
f 3052 1092 1091 3055
f 3055 1091 158 582
f 3054 3055 582 581
f 3053 3054 581 580
f 1057 3053 580 103
f 1058 3050 3053 1057
f 1059 3047 3050 1058
f 3056 3057 3060 3059
f 3057 3058 3061 3060
f 3059 3060 3063 3062
f 3060 3061 3064 3063
f 154 1078 3056 1322
f 1078 1077 3057 3056
f 1077 1076 3058 3057
f 1076 106 1325 3058
f 3058 1325 1326 3061
f 3061 1326 1327 3064
f 3064 1327 169 1103
f 3063 3064 1103 1104
f 3062 3063 1104 1105
f 1324 3062 1105 177
f 1323 3059 3062 1324
f 1322 3056 3059 1323
f 3065 3066 3069 3068
f 3066 3067 3070 3069
f 3068 3069 3072 3071
f 3069 3070 3073 3072
f 102 1298 3065 1277
f 1298 1299 3066 3065
f 1299 1300 3067 3066
f 1300 154 1322 3067
f 3067 1322 1323 3070
f 3070 1323 1324 3073
f 3073 1324 177 1330
f 3072 3073 1330 1329
f 3071 3072 1329 1328
f 1279 3071 1328 165
f 1278 3068 3071 1279
f 1277 3065 3068 1278
f 3074 3075 3078 3077
f 3075 3076 3079 3078
f 3077 3078 3081 3080
f 3078 3079 3082 3081
f 165 1328 3074 1040
f 1328 1329 3075 3074
f 1329 1330 3076 3075
f 1330 177 1102 3076
f 3076 1102 1101 3079
f 3079 1101 1100 3082
f 3082 1100 153 1318
f 3081 3082 1318 1317
f 3080 3081 1317 1316
f 1038 3080 1316 104
f 1039 3077 3080 1038
f 1040 3074 3077 1039
f 3083 3084 3087 3086
f 3084 3085 3088 3087
f 3086 3087 3090 3089
f 3087 3088 3091 3090
f 156 1132 3083 1331
f 1132 1131 3084 3083
f 1131 1130 3085 3084
f 1130 110 1334 3085
f 3085 1334 1335 3088
f 3088 1335 1336 3091
f 3091 1336 160 1115
f 3090 3091 1115 1116
f 3089 3090 1116 1117
f 1333 3089 1117 178
f 1332 3086 3089 1333
f 1331 3083 3086 1332
f 3092 3093 3096 3095
f 3093 3094 3097 3096
f 3095 3096 3099 3098
f 3096 3097 3100 3099
f 106 1337 3092 1325
f 1337 1338 3093 3092
f 1338 1339 3094 3093
f 1339 156 1331 3094
f 3094 1331 1332 3097
f 3097 1332 1333 3100
f 3100 1333 178 1342
f 3099 3100 1342 1341
f 3098 3099 1341 1340
f 1327 3098 1340 169
f 1326 3095 3098 1327
f 1325 3092 3095 1326
f 3101 3102 3105 3104
f 3102 3103 3106 3105
f 3104 3105 3108 3107
f 3105 3106 3109 3108
f 169 1340 3101 1108
f 1340 1341 3102 3101
f 1341 1342 3103 3102
f 1342 178 1114 3103
f 3103 1114 1113 3106
f 3106 1113 1112 3109
f 3109 1112 167 1345
f 3108 3109 1345 1344
f 3107 3108 1344 1343
f 1106 3107 1343 108
f 1107 3104 3107 1106
f 1108 3101 3104 1107
f 3110 3111 3114 3113
f 3111 3112 3115 3114
f 3113 3114 3117 3116
f 3114 3115 3118 3117
f 168 1292 3110 1075
f 1292 1293 3111 3110
f 1293 1294 3112 3111
f 1294 179 1126 3112
f 3112 1126 1125 3115
f 3115 1125 1124 3118
f 3118 1124 156 1339
f 3117 3118 1339 1338
f 3116 3117 1338 1337
f 1073 3116 1337 106
f 1074 3113 3116 1073
f 1075 3110 3113 1074
f 3119 3120 3123 3122
f 3120 3121 3124 3123
f 3122 3123 3126 3125
f 3123 3124 3127 3126
f 155 609 3119 1346
f 609 608 3120 3119
f 608 607 3121 3120
f 607 109 1349 3121
f 3121 1349 1350 3124
f 3124 1350 1351 3127
f 3127 1351 159 1079
f 3126 3127 1079 1080
f 3125 3126 1080 1081
f 1348 3125 1081 180
f 1347 3122 3125 1348
f 1346 3119 3122 1347
f 3128 3129 3132 3131
f 3129 3130 3133 3132
f 3131 3132 3135 3134
f 3132 3133 3136 3135
f 105 616 3128 1304
f 616 617 3129 3128
f 617 618 3130 3129
f 618 155 1346 3130
f 3130 1346 1347 3133
f 3133 1347 1348 3136
f 3136 1348 180 1291
f 3135 3136 1291 1290
f 3134 3135 1290 1289
f 1306 3134 1289 171
f 1305 3131 3134 1306
f 1304 3128 3131 1305
f 3137 3138 3141 3140
f 3138 3139 3142 3141
f 3140 3141 3144 3143
f 3141 3142 3145 3144
f 167 1123 3137 1352
f 1123 1122 3138 3137
f 1122 1121 3139 3138
f 1121 112 1355 3139
f 3139 1355 1356 3142
f 3142 1356 1357 3145
f 3145 1357 161 1142
f 3144 3145 1142 1143
f 3143 3144 1143 1144
f 1354 3143 1144 181
f 1353 3140 3143 1354
f 1352 3137 3140 1353
f 3146 3147 3150 3149
f 3147 3148 3151 3150
f 3149 3150 3153 3152
f 3150 3151 3154 3153
f 108 1343 3146 1313
f 1343 1344 3147 3146
f 1344 1345 3148 3147
f 1345 167 1352 3148
f 3148 1352 1353 3151
f 3151 1353 1354 3154
f 3154 1354 181 1360
f 3153 3154 1360 1359
f 3152 3153 1359 1358
f 1315 3152 1358 170
f 1314 3149 3152 1315
f 1313 3146 3149 1314
f 3155 3156 3159 3158
f 3156 3157 3160 3159
f 3158 3159 3162 3161
f 3159 3160 3163 3162
f 170 1358 3155 1099
f 1358 1359 3156 3155
f 1359 1360 3157 3156
f 1360 181 1141 3157
f 3157 1141 1140 3160
f 3160 1140 1139 3163
f 3163 1139 157 630
f 3162 3163 630 629
f 3161 3162 629 628
f 1097 3161 628 107
f 1098 3158 3161 1097
f 1099 3155 3158 1098
f 3164 3165 3168 3167
f 3165 3166 3169 3168
f 3167 3168 3171 3170
f 3168 3169 3172 3171
f 147 633 3164 1361
f 633 632 3165 3164
f 632 631 3166 3165
f 631 113 1364 3166
f 3166 1364 1365 3169
f 3169 1365 1366 3172
f 3172 1366 133 1367
f 3171 3172 1367 1368
f 3170 3171 1368 1369
f 1363 3170 1369 182
f 1362 3167 3170 1363
f 1361 3164 3167 1362
f 3173 3174 3177 3176
f 3174 3175 3178 3177
f 3176 3177 3180 3179
f 3177 3178 3181 3180
f 207 645 3173 1370
f 645 644 3174 3173
f 644 643 3175 3174
f 643 147 1361 3175
f 3175 1361 1362 3178
f 3178 1362 1363 3181
f 3181 1363 182 1373
f 3180 3181 1373 1374
f 3179 3180 1374 1375
f 1372 3179 1375 208
f 1371 3176 3179 1372
f 1370 3173 3176 1371
f 3182 3183 3186 3185
f 3183 3184 3187 3186
f 3185 3186 3189 3188
f 3186 3187 3190 3189
f 192 1379 3182 1376
f 1379 1380 3183 3182
f 1380 1381 3184 3183
f 1381 195 1382 3184
f 3184 1382 1383 3187
f 3187 1383 1384 3190
f 3190 1384 219 1153
f 3189 3190 1153 1152
f 3188 3189 1152 1151
f 1378 3188 1151 216
f 1377 3185 3188 1378
f 1376 3182 3185 1377
f 3191 3192 3195 3194
f 3192 3193 3196 3195
f 3194 3195 3198 3197
f 3195 3196 3199 3198
f 140 1177 3191 1385
f 1177 1176 3192 3191
f 1176 1175 3193 3192
f 1175 116 1388 3193
f 3193 1388 1389 3196
f 3196 1389 1390 3199
f 3199 1390 132 1160
f 3198 3199 1160 1161
f 3197 3198 1161 1162
f 1387 3197 1162 183
f 1386 3194 3197 1387
f 1385 3191 3194 1386
f 3200 3201 3204 3203
f 3201 3202 3205 3204
f 3203 3204 3207 3206
f 3204 3205 3208 3207
f 204 1396 3200 1391
f 1396 1395 3201 3200
f 1395 1394 3202 3201
f 1394 140 1385 3202
f 3202 1385 1386 3205
f 3205 1386 1387 3208
f 3208 1387 183 1397
f 3207 3208 1397 1398
f 3206 3207 1398 1399
f 1393 3206 1399 209
f 1392 3203 3206 1393
f 1391 3200 3203 1392
f 3209 3210 3213 3212
f 3210 3211 3214 3213
f 3212 3213 3216 3215
f 3213 3214 3217 3216
f 209 1399 3209 1402
f 1399 1398 3210 3209
f 1398 1397 3211 3210
f 1397 183 1159 3211
f 3211 1159 1158 3214
f 3214 1158 1157 3217
f 3217 1157 142 679
f 3216 3217 679 680
f 3215 3216 680 681
f 1400 3215 681 205
f 1401 3212 3215 1400
f 1402 3209 3212 1401
f 3218 3219 3222 3221
f 3219 3220 3223 3222
f 3221 3222 3225 3224
f 3222 3223 3226 3225
f 145 1189 3218 1403
f 1189 1188 3219 3218
f 1188 1187 3220 3219
f 1187 114 1406 3220
f 3220 1406 1407 3223
f 3223 1407 1408 3226
f 3226 1408 131 1169
f 3225 3226 1169 1170
f 3224 3225 1170 1171
f 1405 3224 1171 184
f 1404 3221 3224 1405
f 1403 3218 3221 1404
f 3227 3228 3231 3230
f 3228 3229 3232 3231
f 3230 3231 3234 3233
f 3231 3232 3235 3234
f 206 1414 3227 1409
f 1414 1413 3228 3227
f 1413 1412 3229 3228
f 1412 145 1403 3229
f 3229 1403 1404 3232
f 3232 1404 1405 3235
f 3235 1405 184 1415
f 3234 3235 1415 1416
f 3233 3234 1416 1417
f 1411 3233 1417 210
f 1410 3230 3233 1411
f 1409 3227 3230 1410
f 3236 3237 3240 3239
f 3237 3238 3241 3240
f 3239 3240 3243 3242
f 3240 3241 3244 3243
f 210 1417 3236 1420
f 1417 1416 3237 3236
f 1416 1415 3238 3237
f 1415 184 1168 3238
f 3238 1168 1167 3241
f 3241 1167 1166 3244
f 3244 1166 140 1394
f 3243 3244 1394 1395
f 3242 3243 1395 1396
f 1418 3242 1396 204
f 1419 3239 3242 1418
f 1420 3236 3239 1419
f 3245 3246 3249 3248
f 3246 3247 3250 3249
f 3248 3249 3252 3251
f 3249 3250 3253 3252
f 211 1426 3245 1423
f 1426 1425 3246 3245
f 1425 1424 3247 3246
f 1424 185 1180 3247
f 3247 1180 1179 3250
f 3250 1179 1178 3253
f 3253 1178 145 1412
f 3252 3253 1412 1413
f 3251 3252 1413 1414
f 1421 3251 1414 206
f 1422 3248 3251 1421
f 1423 3245 3248 1422
f 3254 3255 3258 3257
f 3255 3256 3259 3258
f 3257 3258 3261 3260
f 3258 3259 3262 3261
f 130 1181 3254 1043
f 1181 1182 3255 3254
f 1182 1183 3256 3255
f 1183 185 1429 3256
f 3256 1429 1428 3259
f 3259 1428 1427 3262
f 3262 1427 182 1369
f 3261 3262 1369 1368
f 3260 3261 1368 1367
f 1045 3260 1367 133
f 1044 3257 3260 1045
f 1043 3254 3257 1044
f 3263 3264 3267 3266
f 3264 3265 3268 3267
f 3266 3267 3270 3269
f 3267 3268 3271 3270
f 130 1052 3263 1186
f 1052 1053 3264 3263
f 1053 1054 3265 3264
f 1054 186 1432 3265
f 3265 1432 1431 3268
f 3268 1431 1430 3271
f 3271 1430 136 1435
f 3270 3271 1435 1434
f 3269 3270 1434 1433
f 1184 3269 1433 114
f 1185 3266 3269 1184
f 1186 3263 3266 1185
f 3272 3273 3276 3275
f 3273 3274 3277 3276
f 3275 3276 3279 3278
f 3276 3277 3280 3279
f 196 717 3272 1436
f 717 716 3273 3272
f 716 715 3274 3273
f 715 117 1439 3274
f 3274 1439 1440 3277
f 3277 1440 1441 3280
f 3280 1441 141 1009
f 3279 3280 1009 1010
f 3278 3279 1010 1011
f 1438 3278 1011 201
f 1437 3275 3278 1438
f 1436 3272 3275 1437
f 3281 3282 3285 3284
f 3282 3283 3286 3285
f 3284 3285 3288 3287
f 3285 3286 3289 3288
f 113 724 3281 1364
f 724 725 3282 3281
f 725 726 3283 3282
f 726 134 1442 3283
f 3283 1442 1443 3286
f 3286 1443 1444 3289
f 3289 1444 187 1048
f 3288 3289 1048 1047
f 3287 3288 1047 1046
f 1366 3287 1046 133
f 1365 3284 3287 1366
f 1364 3281 3284 1365
f 3290 3291 3294 3293
f 3291 3292 3295 3294
f 3293 3294 3297 3296
f 3294 3295 3298 3297
f 197 1225 3290 1445
f 1225 1224 3291 3290
f 1224 1223 3292 3291
f 1223 120 793 3292
f 3292 793 794 3295
f 3295 794 795 3298
f 3298 795 143 1211
f 3297 3298 1211 1212
f 3296 3297 1212 1213
f 1447 3296 1213 202
f 1446 3293 3296 1447
f 1445 3290 3293 1446
f 3299 3300 3303 3302
f 3300 3301 3304 3303
f 3302 3303 3306 3305
f 3303 3304 3307 3306
f 116 1448 3299 1388
f 1448 1449 3300 3299
f 1449 1450 3301 3300
f 1450 135 1451 3301
f 3301 1451 1452 3304
f 3304 1452 1453 3307
f 3307 1453 188 1456
f 3306 3307 1456 1455
f 3305 3306 1455 1454
f 1390 3305 1454 132
f 1389 3302 3305 1390
f 1388 3299 3302 1389
f 3308 3309 3312 3311
f 3309 3310 3313 3312
f 3311 3312 3315 3314
f 3312 3313 3316 3315
f 132 1454 3308 1165
f 1454 1455 3309 3308
f 1455 1456 3310 3309
f 1456 188 1459 3310
f 3310 1459 1458 3313
f 3313 1458 1457 3316
f 3316 1457 139 747
f 3315 3316 747 746
f 3314 3315 746 745
f 1163 3314 745 115
f 1164 3311 3314 1163
f 1165 3308 3311 1164
f 3317 3318 3321 3320
f 3318 3319 3322 3321
f 3320 3321 3324 3323
f 3321 3322 3325 3324
f 198 1195 3317 1460
f 1195 1194 3318 3317
f 1194 1193 3319 3318
f 1193 118 781 3319
f 3319 781 782 3322
f 3322 782 783 3325
f 3325 783 146 1220
f 3324 3325 1220 1221
f 3323 3324 1221 1222
f 1462 3323 1222 203
f 1461 3320 3323 1462
f 1460 3317 3320 1461
f 3326 3327 3330 3329
f 3327 3328 3331 3330
f 3329 3330 3333 3332
f 3330 3331 3334 3333
f 114 1433 3326 1406
f 1433 1434 3327 3326
f 1434 1435 3328 3327
f 1435 136 1463 3328
f 3328 1463 1464 3331
f 3331 1464 1465 3334
f 3334 1465 189 1468
f 3333 3334 1468 1467
f 3332 3333 1467 1466
f 1408 3332 1466 131
f 1407 3329 3332 1408
f 1406 3326 3329 1407
f 3335 3336 3339 3338
f 3336 3337 3340 3339
f 3338 3339 3342 3341
f 3339 3340 3343 3342
f 131 1466 3335 1174
f 1466 1467 3336 3335
f 1467 1468 3337 3336
f 1468 189 1471 3337
f 3337 1471 1470 3340
f 3340 1470 1469 3343
f 3343 1469 135 1450
f 3342 3343 1450 1449
f 3341 3342 1449 1448
f 1172 3341 1448 116
f 1173 3338 3341 1172
f 1174 3335 3338 1173
f 3344 3345 3348 3347
f 3345 3346 3349 3348
f 3347 3348 3351 3350
f 3348 3349 3352 3351
f 137 1475 3344 1474
f 1475 1476 3345 3344
f 1476 1477 3346 3345
f 1477 190 1480 3346
f 3346 1480 1479 3349
f 3349 1479 1478 3352
f 3352 1478 141 1441
f 3351 3352 1441 1440
f 3350 3351 1440 1439
f 1472 3350 1439 117
f 1473 3347 3350 1472
f 1474 3344 3347 1473
f 3353 3354 3357 3356
f 3354 3355 3358 3357
f 3356 3357 3360 3359
f 3357 3358 3361 3360
f 138 1481 3353 462
f 1481 1482 3354 3353
f 1482 1483 3355 3354
f 1483 190 1477 3355
f 3355 1477 1476 3358
f 3358 1476 1475 3361
f 3361 1475 137 1486
f 3360 3361 1486 1485
f 3359 3360 1485 1484
f 460 3359 1484 121
f 461 3356 3359 460
f 462 3353 3356 461
f 3362 3363 3366 3365
f 3363 3364 3367 3366
f 3365 3366 3369 3368
f 3366 3367 3370 3369
f 191 1032 3362 1487
f 1032 1031 3363 3362
f 1031 1030 3364 3363
f 1030 121 1484 3364
f 3364 1484 1485 3367
f 3367 1485 1486 3370
f 3370 1486 137 1490
f 3369 3370 1490 1491
f 3368 3369 1491 1492
f 1489 3368 1492 236
f 1488 3365 3368 1489
f 1487 3362 3365 1488
f 3371 3372 3375 3374
f 3372 3373 3376 3375
f 3374 3375 3378 3377
f 3375 3376 3379 3378
f 144 1014 3371 789
f 1014 1013 3372 3371
f 1013 1012 3373 3372
f 1012 141 1478 3373
f 3373 1478 1479 3376
f 3376 1479 1480 3379
f 3379 1480 190 1483
f 3378 3379 1483 1482
f 3377 3378 1482 1481
f 787 3377 1481 138
f 788 3374 3377 787
f 789 3371 3374 788
f 3380 3381 3384 3383
f 3381 3382 3385 3384
f 3383 3384 3387 3386
f 3384 3385 3388 3387
f 117 723 3380 1472
f 723 722 3381 3380
f 722 721 3382 3381
f 721 25 1493 3382
f 3382 1493 1494 3385
f 3385 1494 1495 3388
f 3388 1495 236 1492
f 3387 3388 1492 1491
f 3386 3387 1491 1490
f 1474 3386 1490 137
f 1473 3383 3386 1474
f 1472 3380 3383 1473
f 3389 3390 3393 3392
f 3390 3391 3394 3393
f 3392 3393 3396 3395
f 3393 3394 3397 3396
f 221 807 3389 1496
f 807 806 3390 3389
f 806 805 3391 3390
f 805 122 1499 3391
f 3391 1499 1500 3394
f 3394 1500 1501 3397
f 3397 1501 128 1502
f 3396 3397 1502 1503
f 3395 3396 1503 1504
f 1498 3395 1504 224
f 1497 3392 3395 1498
f 1496 3389 3392 1497
f 3398 3399 3402 3401
f 3399 3400 3403 3402
f 3401 3402 3405 3404
f 3402 3403 3406 3405
f 213 819 3398 1505
f 819 818 3399 3398
f 818 817 3400 3399
f 817 149 1508 3400
f 3400 1508 1509 3403
f 3403 1509 1510 3406
f 3406 1510 192 1376
f 3405 3406 1376 1377
f 3404 3405 1377 1378
f 1507 3404 1378 216
f 1506 3401 3404 1507
f 1505 3398 3401 1506
f 3407 3408 3411 3410
f 3408 3409 3412 3411
f 3410 3411 3414 3413
f 3411 3412 3415 3414
f 232 1514 3407 1513
f 1514 1515 3408 3407
f 1515 1516 3409 3408
f 1516 235 1519 3409
f 3409 1519 1518 3412
f 3412 1518 1517 3415
f 3415 1517 195 1381
f 3414 3415 1381 1380
f 3413 3414 1380 1379
f 1511 3413 1379 192
f 1512 3410 3413 1511
f 1513 3407 3410 1512
f 3416 3417 3420 3419
f 3417 3418 3421 3420
f 3419 3420 3423 3422
f 3420 3421 3424 3423
f 220 1249 3416 1520
f 1249 1248 3417 3416
f 1248 1247 3418 3417
f 1247 124 1523 3418
f 3418 1523 1524 3421
f 3421 1524 1525 3424
f 3424 1525 126 1232
f 3423 3424 1232 1233
f 3422 3423 1233 1234
f 1522 3422 1234 225
f 1521 3419 3422 1522
f 1520 3416 3419 1521
f 3425 3426 3429 3428
f 3426 3427 3430 3429
f 3428 3429 3432 3431
f 3429 3430 3433 3432
f 212 1531 3425 1526
f 1531 1530 3426 3425
f 1530 1529 3427 3426
f 1529 148 1532 3427
f 3427 1532 1533 3430
f 3430 1533 1534 3433
f 3433 1534 193 1535
f 3432 3433 1535 1536
f 3431 3432 1536 1537
f 1528 3431 1537 217
f 1527 3428 3431 1528
f 1526 3425 3428 1527
f 3434 3435 3438 3437
f 3435 3436 3439 3438
f 3437 3438 3441 3440
f 3438 3439 3442 3441
f 217 1537 3434 1540
f 1537 1536 3435 3434
f 1536 1535 3436 3435
f 1535 193 1543 3436
f 3436 1543 1542 3439
f 3439 1542 1541 3442
f 3442 1541 151 856
f 3441 3442 856 857
f 3440 3441 857 858
f 1538 3440 858 215
f 1539 3437 3440 1538
f 1540 3434 3437 1539
f 3443 3444 3447 3446
f 3444 3445 3448 3447
f 3446 3447 3450 3449
f 3447 3448 3451 3450
f 222 1261 3443 1544
f 1261 1260 3444 3443
f 1260 1259 3445 3444
f 1259 125 1547 3445
f 3445 1547 1548 3448
f 3448 1548 1549 3451
f 3451 1549 127 1241
f 3450 3451 1241 1242
f 3449 3450 1242 1243
f 1546 3449 1243 226
f 1545 3446 3449 1546
f 1544 3443 3446 1545
f 3452 3453 3456 3455
f 3453 3454 3457 3456
f 3455 3456 3459 3458
f 3456 3457 3460 3459
f 214 1555 3452 1550
f 1555 1554 3453 3452
f 1554 1553 3454 3453
f 1553 150 1556 3454
f 3454 1556 1557 3457
f 3457 1557 1558 3460
f 3460 1558 194 1559
f 3459 3460 1559 1560
f 3458 3459 1560 1561
f 1552 3458 1561 218
f 1551 3455 3458 1552
f 1550 3452 3455 1551
f 3461 3462 3465 3464
f 3462 3463 3466 3465
f 3464 3465 3468 3467
f 3465 3466 3469 3468
f 218 1561 3461 1564
f 1561 1560 3462 3461
f 1560 1559 3463 3462
f 1559 194 1567 3463
f 3463 1567 1566 3466
f 3466 1566 1565 3469
f 3469 1565 148 1529
f 3468 3469 1529 1530
f 3467 3468 1530 1531
f 1562 3467 1531 212
f 1563 3464 3467 1562
f 1564 3461 3464 1563
f 3470 3471 3474 3473
f 3471 3472 3475 3474
f 3473 3474 3477 3476
f 3474 3475 3478 3477
f 219 1384 3470 1570
f 1384 1383 3471 3470
f 1383 1382 3472 3471
f 1382 195 1573 3472
f 3472 1573 1572 3475
f 3475 1572 1571 3478
f 3478 1571 150 1553
f 3477 3478 1553 1554
f 3476 3477 1554 1555
f 1568 3476 1555 214
f 1569 3473 3476 1568
f 1570 3470 3473 1569
f 3479 3480 3483 3482
f 3480 3481 3484 3483
f 3482 3483 3486 3485
f 3483 3484 3487 3486
f 186 1274 3479 1432
f 1274 1275 3480 3479
f 1275 1276 3481 3480
f 1276 200 1192 3481
f 3481 1192 1191 3484
f 3484 1191 1190 3487
f 3487 1190 198 1576
f 3486 3487 1576 1575
f 3485 3486 1575 1574
f 1430 3485 1574 136
f 1431 3482 3485 1430
f 1432 3479 3482 1431
f 3488 3489 3492 3491
f 3489 3490 3493 3492
f 3491 3492 3495 3494
f 3492 3493 3496 3495
f 182 1427 3488 1373
f 1427 1428 3489 3488
f 1428 1429 3490 3489
f 1429 185 1424 3490
f 3490 1424 1425 3493
f 3493 1425 1426 3496
f 3496 1426 211 1201
f 3495 3496 1201 1200
f 3494 3495 1200 1199
f 1375 3494 1199 208
f 1374 3491 3494 1375
f 1373 3488 3491 1374
f 3497 3498 3501 3500
f 3498 3499 3502 3501
f 3500 3501 3504 3503
f 3501 3502 3505 3504
f 188 1577 3497 1459
f 1577 1578 3498 3497
f 1578 1579 3499 3498
f 1579 202 1210 3499
f 3499 1210 1209 3502
f 3502 1209 1208 3505
f 3505 1208 199 900
f 3504 3505 900 899
f 3503 3504 899 898
f 1457 3503 898 139
f 1458 3500 3503 1457
f 1459 3497 3500 1458
f 3506 3507 3510 3509
f 3507 3508 3511 3510
f 3509 3510 3513 3512
f 3510 3511 3514 3513
f 189 1580 3506 1471
f 1580 1581 3507 3506
f 1581 1582 3508 3507
f 1582 203 1219 3508
f 3508 1219 1218 3511
f 3511 1218 1217 3514
f 3514 1217 197 1585
f 3513 3514 1585 1584
f 3512 3513 1584 1583
f 1469 3512 1583 135
f 1470 3509 3512 1469
f 1471 3506 3509 1470
f 3515 3516 3519 3518
f 3516 3517 3520 3519
f 3518 3519 3522 3521
f 3519 3520 3523 3522
f 134 907 3515 1442
f 907 908 3516 3515
f 908 909 3517 3516
f 909 196 1436 3517
f 3517 1436 1437 3520
f 3520 1437 1438 3523
f 3523 1438 201 1273
f 3522 3523 1273 1272
f 3521 3522 1272 1271
f 1444 3521 1271 187
f 1443 3518 3521 1444
f 1442 3515 3518 1443
f 3524 3525 3528 3527
f 3525 3526 3529 3528
f 3527 3528 3531 3530
f 3528 3529 3532 3531
f 135 1583 3524 1451
f 1583 1584 3525 3524
f 1584 1585 3526 3525
f 1585 197 1445 3526
f 3526 1445 1446 3529
f 3529 1446 1447 3532
f 3532 1447 202 1579
f 3531 3532 1579 1578
f 3530 3531 1578 1577
f 1453 3530 1577 188
f 1452 3527 3530 1453
f 1451 3524 3527 1452
f 3533 3534 3537 3536
f 3534 3535 3538 3537
f 3536 3537 3540 3539
f 3537 3538 3541 3540
f 136 1574 3533 1463
f 1574 1575 3534 3533
f 1575 1576 3535 3534
f 1576 198 1460 3535
f 3535 1460 1461 3538
f 3538 1461 1462 3541
f 3541 1462 203 1582
f 3540 3541 1582 1581
f 3539 3540 1581 1580
f 1465 3539 1580 189
f 1464 3536 3539 1465
f 1463 3533 3536 1464
f 3542 3543 3546 3545
f 3543 3544 3547 3546
f 3545 3546 3549 3548
f 3546 3547 3550 3549
f 122 910 3542 1499
f 910 911 3543 3542
f 911 912 3544 3543
f 912 207 1370 3544
f 3544 1370 1371 3547
f 3547 1371 1372 3550
f 3550 1372 208 1198
f 3549 3550 1198 1197
f 3548 3549 1197 1196
f 1501 3548 1196 128
f 1500 3545 3548 1501
f 1499 3542 3545 1500
f 3551 3552 3555 3554
f 3552 3553 3556 3555
f 3554 3555 3558 3557
f 3555 3556 3559 3558
f 128 1205 3551 1502
f 1205 1206 3552 3551
f 1206 1207 3553 3552
f 1207 129 1253 3553
f 3553 1253 1254 3556
f 3556 1254 1255 3559
f 3559 1255 227 1588
f 3558 3559 1588 1587
f 3557 3558 1587 1586
f 1504 3557 1586 224
f 1503 3554 3557 1504
f 1502 3551 3554 1503
f 3560 3561 3564 3563
f 3561 3562 3565 3564
f 3563 3564 3567 3566
f 3564 3565 3568 3567
f 124 1589 3560 1523
f 1589 1590 3561 3560
f 1590 1591 3562 3561
f 1591 204 1391 3562
f 3562 1391 1392 3565
f 3565 1392 1393 3568
f 3568 1393 209 1594
f 3567 3568 1594 1593
f 3566 3567 1593 1592
f 1525 3566 1592 126
f 1524 3563 3566 1525
f 1523 3560 3563 1524
f 3569 3570 3573 3572
f 3570 3571 3574 3573
f 3572 3573 3576 3575
f 3573 3574 3577 3576
f 126 1592 3569 1237
f 1592 1593 3570 3569
f 1593 1594 3571 3570
f 1594 209 1402 3571
f 3571 1402 1401 3574
f 3574 1401 1400 3577
f 3577 1400 205 924
f 3576 3577 924 923
f 3575 3576 923 922
f 1235 3575 922 123
f 1236 3572 3575 1235
f 1237 3569 3572 1236
f 3578 3579 3582 3581
f 3579 3580 3583 3582
f 3581 3582 3585 3584
f 3582 3583 3586 3585
f 125 1595 3578 1547
f 1595 1596 3579 3578
f 1596 1597 3580 3579
f 1597 206 1409 3580
f 3580 1409 1410 3583
f 3583 1410 1411 3586
f 3586 1411 210 1600
f 3585 3586 1600 1599
f 3584 3585 1599 1598
f 1549 3584 1598 127
f 1548 3581 3584 1549
f 1547 3578 3581 1548
f 3587 3588 3591 3590
f 3588 3589 3592 3591
f 3590 3591 3594 3593
f 3591 3592 3595 3594
f 127 1598 3587 1246
f 1598 1599 3588 3587
f 1599 1600 3589 3588
f 1600 210 1420 3589
f 3589 1420 1419 3592
f 3592 1419 1418 3595
f 3595 1418 204 1591
f 3594 3595 1591 1590
f 3593 3594 1590 1589
f 1244 3593 1589 124
f 1245 3590 3593 1244
f 1246 3587 3590 1245
f 3596 3597 3600 3599
f 3597 3598 3601 3600
f 3599 3600 3603 3602
f 3600 3601 3604 3603
f 129 1202 3596 1258
f 1202 1203 3597 3596
f 1203 1204 3598 3597
f 1204 211 1423 3598
f 3598 1423 1422 3601
f 3601 1422 1421 3604
f 3604 1421 206 1597
f 3603 3604 1597 1596
f 3602 3603 1596 1595
f 1256 3602 1595 125
f 1257 3599 3602 1256
f 1258 3596 3599 1257
f 3605 3606 3609 3608
f 3606 3607 3610 3609
f 3608 3609 3612 3611
f 3609 3610 3613 3612
f 109 931 3605 1349
f 931 932 3606 3605
f 932 933 3607 3606
f 933 213 1505 3607
f 3607 1505 1506 3610
f 3610 1506 1507 3613
f 3613 1507 216 1150
f 3612 3613 1150 1149
f 3611 3612 1149 1148
f 1351 3611 1148 159
f 1350 3608 3611 1351
f 1349 3605 3608 1350
f 3614 3615 3618 3617
f 3615 3616 3619 3618
f 3617 3618 3621 3620
f 3618 3619 3622 3621
f 164 1307 3614 1136
f 1307 1308 3615 3614
f 1308 1309 3616 3615
f 1309 175 1267 3616
f 3616 1267 1266 3619
f 3619 1266 1265 3622
f 3622 1265 174 1297
f 3621 3622 1297 1296
f 3620 3621 1296 1295
f 1138 3620 1295 166
f 1137 3617 3620 1138
f 1136 3614 3617 1137
f 3623 3624 3627 3626
f 3624 3625 3628 3627
f 3626 3627 3630 3629
f 3627 3628 3631 3630
f 112 1601 3623 1355
f 1601 1602 3624 3623
f 1602 1603 3625 3624
f 1603 212 1526 3625
f 3625 1526 1527 3628
f 3628 1527 1528 3631
f 3631 1528 217 1606
f 3630 3631 1606 1605
f 3629 3630 1605 1604
f 1357 3629 1604 161
f 1356 3626 3629 1357
f 1355 3623 3626 1356
f 3632 3633 3636 3635
f 3633 3634 3637 3636
f 3635 3636 3639 3638
f 3636 3637 3640 3639
f 161 1604 3632 1147
f 1604 1605 3633 3632
f 1605 1606 3634 3633
f 1606 217 1540 3634
f 3634 1540 1539 3637
f 3637 1539 1538 3640
f 3640 1538 215 942
f 3639 3640 942 941
f 3638 3639 941 940
f 1145 3638 940 111
f 1146 3635 3638 1145
f 1147 3632 3635 1146
f 3641 3642 3645 3644
f 3642 3643 3646 3645
f 3644 3645 3648 3647
f 3645 3646 3649 3648
f 110 1607 3641 1334
f 1607 1608 3642 3641
f 1608 1609 3643 3642
f 1609 214 1550 3643
f 3643 1550 1551 3646
f 3646 1551 1552 3649
f 3649 1552 218 1612
f 3648 3649 1612 1611
f 3647 3648 1611 1610
f 1336 3647 1610 160
f 1335 3644 3647 1336
f 1334 3641 3644 1335
f 3650 3651 3654 3653
f 3651 3652 3655 3654
f 3653 3654 3657 3656
f 3654 3655 3658 3657
f 160 1610 3650 1120
f 1610 1611 3651 3650
f 1611 1612 3652 3651
f 1612 218 1564 3652
f 3652 1564 1563 3655
f 3655 1563 1562 3658
f 3658 1562 212 1603
f 3657 3658 1603 1602
f 3656 3657 1602 1601
f 1118 3656 1601 112
f 1119 3653 3656 1118
f 1120 3650 3653 1119
f 3659 3660 3663 3662
f 3660 3661 3664 3663
f 3662 3663 3666 3665
f 3663 3664 3667 3666
f 163 1154 3659 1129
f 1154 1155 3660 3659
f 1155 1156 3661 3660
f 1156 219 1570 3661
f 3661 1570 1569 3664
f 3664 1569 1568 3667
f 3667 1568 214 1609
f 3666 3667 1609 1608
f 3665 3666 1608 1607
f 1127 3665 1607 110
f 1128 3662 3665 1127
f 1129 3659 3662 1128
f 3668 3669 3672 3671
f 3669 3670 3673 3672
f 3671 3672 3675 3674
f 3672 3673 3676 3675
f 233 1618 3668 1615
f 1618 1617 3669 3668
f 1617 1616 3670 3669
f 1616 225 1231 3670
f 3670 1231 1230 3673
f 3673 1230 1229 3676
f 3676 1229 223 955
f 3675 3676 955 956
f 3674 3675 956 957
f 1613 3674 957 231
f 1614 3671 3674 1613
f 1615 3668 3671 1614
f 3677 3678 3681 3680
f 3678 3679 3682 3681
f 3680 3681 3684 3683
f 3681 3682 3685 3684
f 234 1624 3677 1621
f 1624 1623 3678 3677
f 1623 1622 3679 3678
f 1622 226 1240 3679
f 3679 1240 1239 3682
f 3682 1239 1238 3685
f 3685 1238 220 1625
f 3684 3685 1625 1626
f 3683 3684 1626 1627
f 1619 3683 1627 228
f 1620 3680 3683 1619
f 1621 3677 3680 1620
f 3686 3687 3690 3689
f 3687 3688 3691 3690
f 3689 3690 3693 3692
f 3690 3691 3694 3693
f 235 1633 3686 1630
f 1633 1632 3687 3686
f 1632 1631 3688 3687
f 1631 227 1252 3688
f 3688 1252 1251 3691
f 3691 1251 1250 3694
f 3694 1250 222 1634
f 3693 3694 1634 1635
f 3692 3693 1635 1636
f 1628 3692 1636 230
f 1629 3689 3692 1628
f 1630 3686 3689 1629
f 3695 3696 3699 3698
f 3696 3697 3700 3699
f 3698 3699 3702 3701
f 3699 3700 3703 3702
f 229 978 3695 1637
f 978 977 3696 3695
f 977 976 3697 3696
f 976 221 1496 3697
f 3697 1496 1497 3700
f 3700 1497 1498 3703
f 3703 1498 224 1640
f 3702 3703 1640 1641
f 3701 3702 1641 1642
f 1639 3701 1642 232
f 1638 3698 3701 1639
f 1637 3695 3698 1638
f 3704 3705 3708 3707
f 3705 3706 3709 3708
f 3707 3708 3711 3710
f 3708 3709 3712 3711
f 228 1627 3704 1643
f 1627 1626 3705 3704
f 1626 1625 3706 3705
f 1625 220 1520 3706
f 3706 1520 1521 3709
f 3709 1521 1522 3712
f 3712 1522 225 1616
f 3711 3712 1616 1617
f 3710 3711 1617 1618
f 1645 3710 1618 233
f 1644 3707 3710 1645
f 1643 3704 3707 1644
f 3713 3714 3717 3716
f 3714 3715 3718 3717
f 3716 3717 3720 3719
f 3717 3718 3721 3720
f 230 1636 3713 1646
f 1636 1635 3714 3713
f 1635 1634 3715 3714
f 1634 222 1544 3715
f 3715 1544 1545 3718
f 3718 1545 1546 3721
f 3721 1546 226 1622
f 3720 3721 1622 1623
f 3719 3720 1623 1624
f 1648 3719 1624 234
f 1647 3716 3719 1648
f 1646 3713 3716 1647
f 3722 3723 3726 3725
f 3723 3724 3727 3726
f 3725 3726 3729 3728
f 3726 3727 3730 3729
f 224 1586 3722 1640
f 1586 1587 3723 3722
f 1587 1588 3724 3723
f 1588 227 1631 3724
f 3724 1631 1632 3727
f 3727 1632 1633 3730
f 3730 1633 235 1516
f 3729 3730 1516 1515
f 3728 3729 1515 1514
f 1642 3728 1514 232
f 1641 3725 3728 1642
f 1640 3722 3725 1641
f 3731 3732 3735 3734
f 3732 3733 3736 3735
f 3734 3735 3738 3737
f 3735 3736 3739 3738
f 193 1649 3731 1543
f 1649 1650 3732 3731
f 1650 1651 3733 3732
f 1651 233 1615 3733
f 3733 1615 1614 3736
f 3736 1614 1613 3739
f 3739 1613 231 996
f 3738 3739 996 995
f 3737 3738 995 994
f 1541 3737 994 151
f 1542 3734 3737 1541
f 1543 3731 3734 1542
f 3740 3741 3744 3743
f 3741 3742 3745 3744
f 3743 3744 3747 3746
f 3744 3745 3748 3747
f 194 1652 3740 1567
f 1652 1653 3741 3740
f 1653 1654 3742 3741
f 1654 234 1621 3742
f 3742 1621 1620 3745
f 3745 1620 1619 3748
f 3748 1619 228 1657
f 3747 3748 1657 1656
f 3746 3747 1656 1655
f 1565 3746 1655 148
f 1566 3743 3746 1565
f 1567 3740 3743 1566
f 3749 3750 3753 3752
f 3750 3751 3754 3753
f 3752 3753 3756 3755
f 3753 3754 3757 3756
f 195 1517 3749 1573
f 1517 1518 3750 3749
f 1518 1519 3751 3750
f 1519 235 1630 3751
f 3751 1630 1629 3754
f 3754 1629 1628 3757
f 3757 1628 230 1660
f 3756 3757 1660 1659
f 3755 3756 1659 1658
f 1571 3755 1658 150
f 1572 3752 3755 1571
f 1573 3749 3752 1572
f 3758 3759 3762 3761
f 3759 3760 3763 3762
f 3761 3762 3765 3764
f 3762 3763 3766 3765
f 149 1006 3758 1508
f 1006 1007 3759 3758
f 1007 1008 3760 3759
f 1008 229 1637 3760
f 3760 1637 1638 3763
f 3763 1638 1639 3766
f 3766 1639 232 1513
f 3765 3766 1513 1512
f 3764 3765 1512 1511
f 1510 3764 1511 192
f 1509 3761 3764 1510
f 1508 3758 3761 1509
f 3767 3768 3771 3770
f 3768 3769 3772 3771
f 3770 3771 3774 3773
f 3771 3772 3775 3774
f 148 1655 3767 1532
f 1655 1656 3768 3767
f 1656 1657 3769 3768
f 1657 228 1643 3769
f 3769 1643 1644 3772
f 3772 1644 1645 3775
f 3775 1645 233 1651
f 3774 3775 1651 1650
f 3773 3774 1650 1649
f 1534 3773 1649 193
f 1533 3770 3773 1534
f 1532 3767 3770 1533
f 3776 3777 3780 3779
f 3777 3778 3781 3780
f 3779 3780 3783 3782
f 3780 3781 3784 3783
f 150 1658 3776 1556
f 1658 1659 3777 3776
f 1659 1660 3778 3777
f 1660 230 1646 3778
f 3778 1646 1647 3781
f 3781 1647 1648 3784
f 3784 1648 234 1654
f 3783 3784 1654 1653
f 3782 3783 1653 1652
f 1558 3782 1652 194
f 1557 3779 3782 1558
f 1556 3776 3779 1557
f 3785 3786 3789 3788
f 3786 3787 3790 3789
f 3788 3789 3792 3791
f 3789 3790 3793 3792
f 25 517 3785 1493
f 517 518 3786 3785
f 518 519 3787 3786
f 519 27 1661 3787
f 3787 1661 1662 3790
f 3790 1662 1663 3793
f 3793 1663 191 1487
f 3792 3793 1487 1488
f 3791 3792 1488 1489
f 1495 3791 1489 236
f 1494 3788 3791 1495
f 1493 3785 3788 1494
f 3794 3795 3798 3797
f 3795 3796 3799 3798
f 3797 3798 3801 3800
f 3798 3799 3802 3801
f 119 1214 3794 1228
f 1214 1215 3795 3794
f 1215 1216 3796 3795
f 1216 143 792 3796
f 3796 792 791 3799
f 3799 791 790 3802
f 3802 790 23 769
f 3801 3802 769 770
f 3800 3801 770 771
f 1226 3800 771 65
f 1227 3797 3800 1226
f 1228 3794 3797 1227
f 3803 3804 3807 3806
f 3804 3805 3808 3807
f 3806 3807 3810 3809
f 3807 3808 3811 3810
f 27 417 3803 1661
f 417 416 3804 3803
f 416 415 3805 3804
f 415 9 1664 3805
f 3805 1664 1665 3808
f 3808 1665 1666 3811
f 3811 1666 239 1035
f 3810 3811 1035 1034
f 3809 3810 1034 1033
f 1663 3809 1033 191
f 1662 3806 3809 1663
f 1661 3803 3806 1662
f 3812 3813 3816 3815
f 3813 3814 3817 3816
f 3815 3816 3819 3818
f 3816 3817 3820 3819
f 29 802 3812 756
f 802 803 3813 3812
f 803 804 3814 3813
f 804 66 1021 3814
f 3814 1021 1022 3817
f 3817 1022 1023 3820
f 3820 1023 239 1666
f 3819 3820 1666 1665
f 3818 3819 1665 1664
f 754 3818 1664 9
f 755 3815 3818 754
f 756 3812 3815 755
f 2834 2835 3872 3873
f 2835 2836 3871 3872
f 2836 3870 3871
f 1135 2834 3873 3835 173
f 173 3835 3836
f 2833 1061 3833 3870 2836
f 48 3827 3847 1751 345
f 1753 3850 3825 268 1756
