# scrotum, cut by scripts/blender/cut_male.py from man_genital.obj (sha256 8e9441b050350d588cb1e5415861f3939138354cc83ef13d5932eee59b9b8f13)
# CC0: the source's page states CC0; see packs/adult-anatomy/source/PROVENANCE.md
v -0.060119 0.137176 1.095500
v 0.002964 0.120894 1.092860
v 0.064917 0.139423 1.095864
v -0.156769 0.154328 1.030878
v -0.045461 0.129977 1.094333
v -0.029823 0.124759 1.093487
v -0.013557 0.121704 1.092991
v -0.048831 0.131655 1.094604
v -0.085425 0.157211 1.098747
v -0.251353 0.142336 0.889497
v -0.139447 0.071408 0.983608
v -0.073483 0.146287 1.096977
v -0.061006 0.148875 0.674286
v -0.161436 0.024481 0.853214
v -0.091576 0.013262 0.877964
v -0.144475 0.035700 0.808489
v -0.076972 0.030696 0.809834
v -0.142237 0.012713 0.844050
v -0.114858 0.008221 0.851617
v -0.135025 0.017967 0.823550
v -0.108221 0.013717 0.827229
v 0.057475 0.135465 1.095222
v -0.200919 0.061261 0.869600
v -0.109872 0.030078 0.931472
v -0.067997 0.079228 0.747289
v -0.161358 0.082492 0.775728
v -0.034353 0.079025 0.746420
v -0.131783 0.082828 0.758811
v -0.100506 0.080856 0.750228
v -0.185614 0.079631 0.802095
v -0.154028 0.037481 0.919031
v -0.199653 0.073022 0.835364
v -0.185489 0.048267 0.898631
v -0.056772 0.025747 0.938558
v 0.019384 0.122369 1.093099
v -0.080925 0.119983 1.038333
v 0.035391 0.126043 1.093695
v 0.050670 0.131792 1.094627
v 0.089430 0.159777 1.099163
v 0.077877 0.148769 1.097379
v -0.152203 0.106775 1.008628
v -0.075769 0.147311 1.062767
v 0.089607 0.160000 1.099200
v -0.087730 0.160000 1.099200
v -0.070933 0.053008 0.778736
v -0.037678 0.034517 0.809989
v -0.179081 0.038514 0.860797
v -0.098417 0.019550 0.905822
v -0.152636 0.054614 0.794508
v -0.065125 0.110833 0.712786
v -0.227153 0.094489 0.879519
v -0.168492 0.119964 0.750508
v -0.124392 0.046394 0.957547
v -0.141264 0.014011 0.837553
v -0.138439 0.015967 0.829533
v -0.071964 0.058303 0.989200
v -0.149175 0.016375 0.847469
v -0.108089 0.009478 0.859875
v -0.104842 0.034600 0.800864
v -0.111147 0.008803 0.844633
v -0.138519 0.023894 0.818075
v -0.124408 0.008964 0.850339
v -0.127269 0.016525 0.823389
v -0.135200 0.010450 0.847264
v -0.116853 0.014664 0.824683
v -0.071144 0.019136 0.835828
v -0.108586 0.010944 0.835047
v -0.126956 0.015392 0.875900
v -0.075214 0.013706 0.857200
v -0.030356 0.144700 0.668519
v -0.163358 0.030139 0.837064
v -0.093436 0.155350 0.682481
v -0.157342 0.033628 0.821117
v -0.149417 0.019089 0.866856
v -0.196142 0.090386 0.969158
v -0.126514 0.036317 0.801392
v -0.235864 0.114969 0.939333
v -0.098417 0.018636 0.822247
v -0.045917 0.014008 0.887675
v -0.078444 0.086117 1.014067
v -0.037753 0.022039 0.837889
v -0.111656 0.021736 0.815333
v -0.164878 0.030014 0.881453
v -0.101717 0.054253 0.778125
v -0.170772 0.051769 0.813258
v -0.119597 0.010958 0.833128
v -0.146844 0.022297 0.826364
v -0.140261 0.012978 0.855650
v -0.097556 0.010389 0.849761
v -0.128781 0.055667 0.782803
v -0.179925 0.046950 0.836725
v -0.040369 0.015417 0.863431
v -0.122122 0.009136 0.841758
v -0.126236 0.023836 0.814356
v -0.212800 0.134867 0.992495
v -0.125083 0.010733 0.860697
v -0.129581 0.012842 0.831300
v -0.132289 0.010742 0.839358
v -0.137194 0.023931 0.896158
v -0.036128 0.053828 0.779356
v -0.094136 0.013972 0.835689
v -0.050933 0.017519 0.913142
v -0.150728 0.019875 0.837083
v -0.063228 0.143056 1.088806
v -0.211114 0.075242 0.918508
v -0.098597 0.113981 0.718003
v -0.200839 0.118136 0.785472
v -0.133250 0.117917 0.728997
v -0.222453 0.110250 0.831806
v -0.174808 0.058706 0.943669
v -0.032561 0.109319 0.710100
v -0.064283 0.038547 0.964078
v 0.002811 0.108056 1.039736
v 0.159736 0.156042 1.031767
v 0.002892 0.128111 1.064042
v 0.251264 0.143189 0.888631
v 0.141747 0.072639 0.984181
v 0.060389 0.150261 0.673967
v 0.161767 0.024247 0.853042
v 0.091858 0.012590 0.877096
v 0.144000 0.035631 0.808294
v 0.076350 0.030830 0.809314
v 0.142275 0.012375 0.843892
v 0.114871 0.007233 0.851150
v 0.134742 0.017813 0.823467
v 0.107900 0.013175 0.826908
v 0.002039 0.054311 0.990506
v 0.000322 0.013961 0.890453
v -0.000450 0.143419 0.665925
v -0.000158 0.035678 0.810031
v 0.201764 0.061533 0.869064
v 0.111172 0.030272 0.931114
v 0.067169 0.080294 0.747381
v 0.160089 0.082800 0.775592
v 0.001333 0.024281 0.940750
v -0.000317 0.079369 0.746044
v 0.033642 0.079936 0.746083
v 0.130717 0.083036 0.759197
v 0.099656 0.081275 0.750733
v 0.184942 0.079514 0.801347
v 0.000017 0.015783 0.865306
v 0.154972 0.037778 0.918636
v 0.199858 0.072978 0.834511
v 0.186903 0.048192 0.898470
v 0.058928 0.025661 0.938303
v -0.000397 0.109203 0.708936
v -0.000106 0.022892 0.838561
v 0.085489 0.121878 1.039003
v 0.155172 0.108208 1.009656
v 0.080147 0.149211 1.063197
v -0.000233 0.054653 0.779275
v 0.000822 0.016853 0.915611
v 0.070197 0.053653 0.778542
v 0.001667 0.036267 0.965861
v 0.002492 0.079556 1.015053
v 0.037203 0.034931 0.809220
v 0.179664 0.038522 0.860497
v 0.099233 0.019275 0.905131
v 0.151881 0.054642 0.794328
v 0.064319 0.112336 0.712872
v 0.227228 0.095283 0.878597
v 0.166628 0.120733 0.750978
v 0.126100 0.047219 0.957611
v 0.141092 0.013889 0.837389
v 0.138250 0.015628 0.829411
v 0.075314 0.059400 0.989839
v 0.149269 0.016133 0.847292
v 0.108081 0.008683 0.859286
v 0.104286 0.034422 0.800775
v 0.111031 0.007817 0.844095
v 0.138114 0.023861 0.817995
v 0.124494 0.008072 0.849967
v 0.126928 0.016400 0.823289
v 0.135358 0.009711 0.847053
v 0.116586 0.014125 0.824492
v 0.070675 0.019075 0.834781
v 0.108314 0.010256 0.834581
v 0.127400 0.014686 0.875436
v 0.074969 0.013278 0.855983
v 0.029589 0.145578 0.667578
v 0.163147 0.030067 0.836764
v 0.092758 0.156342 0.683247
v 0.157064 0.033272 0.820772
v 0.150050 0.018375 0.866675
v 0.002950 0.124686 1.088042
v 0.197889 0.091047 0.969700
v 0.125914 0.036347 0.801403
v 0.237214 0.115500 0.939472
v 0.097942 0.018389 0.821883
v 0.046433 0.013525 0.886750
v 0.082625 0.087686 1.014906
v 0.037439 0.022133 0.836758
v 0.111231 0.021333 0.815200
v 0.165797 0.029722 0.881250
v 0.101056 0.054225 0.778264
v 0.170492 0.051450 0.812764
v 0.119425 0.010361 0.832886
v 0.146614 0.021936 0.826172
v 0.140561 0.012261 0.855422
v 0.097333 0.009594 0.848970
v 0.128061 0.055583 0.782911
v 0.180078 0.046711 0.836225
v 0.040308 0.015094 0.862220
v 0.122039 0.008444 0.841447
v 0.125756 0.023756 0.814325
v 0.214911 0.135492 0.993558
v 0.125258 0.009981 0.860264
v 0.129336 0.012606 0.831178
v 0.132156 0.010411 0.839203
v 0.137764 0.023858 0.895603
v 0.035528 0.054508 0.778892
v 0.093706 0.013583 0.835000
v 0.052256 0.017144 0.912475
v 0.150569 0.019689 0.836875
v 0.067828 0.145072 1.089281
v 0.212303 0.075539 0.918386
v 0.097667 0.114975 0.718836
v 0.199300 0.118661 0.784886
v 0.132000 0.118400 0.729906
v 0.222236 0.110603 0.830681
v 0.176278 0.059022 0.943814
v 0.031775 0.110331 0.709653
v 0.066964 0.039100 0.964272
v -0.138784 0.144760 1.033694
v -0.120131 0.135539 1.035795
v -0.100836 0.127126 1.037302
v -0.080479 0.128501 1.044331
v -0.079499 0.136312 1.050362
v -0.077944 0.142790 1.056488
v -0.094295 0.158677 1.061808
v -0.058594 0.083030 1.014513
v -0.038394 0.080922 1.014778
v -0.017985 0.079771 1.014933
v -0.073778 0.064511 0.995448
v -0.075495 0.071227 1.001683
v -0.077066 0.078435 1.007894
v -0.053833 0.056398 0.989778
v -0.035366 0.055114 0.990151
v -0.016697 0.054427 0.990374
v 0.002151 0.059999 0.996630
v 0.002266 0.066140 1.002757
v 0.002381 0.072678 1.008896
v -0.241088 0.127121 0.944416
v -0.245735 0.140068 0.949394
v -0.249721 0.153691 0.954249
v -0.255722 0.156826 0.891844
v -0.250075 0.135594 0.903773
v -0.247015 0.128701 0.916879
v -0.242251 0.121783 0.928753
v -0.059815 0.159315 0.663978
v -0.068901 0.150303 0.676123
v -0.076924 0.151866 0.678102
v -0.085096 0.153552 0.680222
v -0.115840 0.016020 0.822556
v -0.114639 0.017619 0.820340
v -0.113245 0.019508 0.817958
v -0.101095 0.019565 0.819832
v -0.104322 0.020365 0.817904
v -0.107905 0.021076 0.816419
v -0.106755 0.014336 0.826489
v -0.104533 0.015383 0.825373
v -0.101753 0.016816 0.823968
v -0.109727 0.013794 0.826669
v -0.111867 0.013979 0.825966
v -0.114283 0.014276 0.825286
v -0.152709 0.021271 0.870218
v -0.156418 0.023782 0.873789
v -0.160492 0.026677 0.877542
v -0.176857 0.036240 0.866416
v -0.173745 0.034035 0.871763
v -0.169750 0.031944 0.876790
v -0.165390 0.027321 0.854963
v -0.169677 0.030568 0.856820
v -0.174255 0.034280 0.858770
v -0.159422 0.023016 0.856950
v -0.156744 0.021615 0.860490
v -0.153408 0.020299 0.863803
v -0.103676 0.038856 0.795891
v -0.102814 0.043544 0.790380
v -0.102183 0.048674 0.784427
v -0.079047 0.053135 0.778409
v -0.086869 0.053414 0.778114
v -0.094418 0.053801 0.777978
v -0.074653 0.036463 0.801385
v -0.073124 0.041793 0.793809
v -0.071921 0.047271 0.786294
v -0.085438 0.032110 0.806014
v -0.092359 0.033095 0.803622
v -0.098777 0.033906 0.801948
v -0.160479 0.037402 0.819411
v -0.163796 0.041637 0.817535
v -0.167243 0.046403 0.815484
v -0.157855 0.054036 0.798586
v -0.162664 0.053367 0.803096
v -0.166992 0.052610 0.808000
v -0.146358 0.039675 0.805413
v -0.148370 0.044127 0.802056
v -0.150475 0.049093 0.798420
v -0.148247 0.035288 0.811190
v -0.151671 0.034803 0.814220
v -0.154713 0.034249 0.817541
v -0.111511 0.010697 0.834643
v -0.114298 0.010632 0.834166
v -0.116981 0.010726 0.833649
v -0.117687 0.013504 0.826787
v -0.118388 0.012515 0.828889
v -0.119007 0.011674 0.830999
v -0.108179 0.013125 0.828565
v -0.108198 0.012377 0.830488
v -0.108324 0.011640 0.832688
v -0.140497 0.017165 0.828913
v -0.142548 0.018602 0.828181
v -0.144646 0.020304 0.827333
v -0.141004 0.023606 0.819769
v -0.143220 0.023230 0.821742
v -0.145167 0.022787 0.823955
v -0.135604 0.018795 0.822673
v -0.136432 0.020121 0.821390
v -0.137406 0.021832 0.819851
v -0.135706 0.017534 0.824553
v -0.136603 0.017000 0.826004
v -0.137533 0.016476 0.827688
v -0.136191 0.010784 0.849232
v -0.137351 0.011310 0.851252
v -0.138702 0.012038 0.853374
v -0.147647 0.015456 0.849760
v -0.145636 0.014569 0.851890
v -0.143165 0.013736 0.853855
v -0.143355 0.013176 0.844593
v -0.144982 0.013965 0.845395
v -0.146927 0.015037 0.846361
v -0.141134 0.012195 0.844646
v -0.139479 0.011563 0.845466
v -0.137480 0.010972 0.846358
v -0.108184 0.008984 0.845649
v -0.105007 0.009299 0.846837
v -0.101502 0.009763 0.848204
v -0.104709 0.009458 0.858111
v -0.101849 0.009596 0.855742
v -0.099476 0.009903 0.852911
v -0.113890 0.008293 0.852868
v -0.112390 0.008507 0.854750
v -0.110463 0.008901 0.857085
v -0.114113 0.008201 0.850466
v -0.113129 0.008276 0.848780
v -0.112112 0.008481 0.846808
v -0.125894 0.013898 0.871573
v -0.125349 0.012634 0.867600
v -0.125138 0.011585 0.863975
v -0.133544 0.016163 0.874166
v -0.139484 0.017029 0.872063
v -0.144775 0.018001 0.869618
v -0.146574 0.017185 0.863721
v -0.144141 0.015540 0.860813
v -0.142057 0.014141 0.858125
v -0.136953 0.012311 0.857265
v -0.133287 0.011726 0.858668
v -0.129313 0.011206 0.859825
v -0.236308 0.149018 0.826753
v -0.232357 0.134959 0.828668
v -0.227679 0.122037 0.830358
v -0.207097 0.156682 0.768686
v -0.205843 0.142882 0.774681
v -0.203702 0.130019 0.780283
v -0.207535 0.116848 0.796288
v -0.213430 0.115142 0.807741
v -0.218433 0.112962 0.819643
v -0.044488 0.013892 0.881553
v -0.043023 0.014084 0.875519
v -0.041619 0.014591 0.869502
v -0.030514 0.015610 0.864376
v -0.020450 0.015738 0.865011
v -0.010250 0.015796 0.865324
v 0.000225 0.013956 0.884217
v 0.000142 0.014249 0.877976
v 0.000073 0.014854 0.871687
v -0.034493 0.014037 0.888986
v -0.022949 0.014040 0.889891
v -0.011330 0.014016 0.890383
v -0.245401 0.159196 0.969522
v -0.236064 0.150799 0.978507
v -0.225136 0.142686 0.986103
v -0.207954 0.096041 0.963400
v -0.218594 0.102051 0.956574
v -0.227939 0.108374 0.948584
v -0.200967 0.100293 0.975314
v -0.205411 0.111025 0.981282
v -0.209386 0.122558 0.987022
v -0.108783 0.054722 0.778662
v -0.115637 0.055152 0.779616
v -0.122297 0.055487 0.780994
v -0.110623 0.035208 0.800300
v -0.116151 0.035715 0.800220
v -0.121442 0.036093 0.800593
v -0.126913 0.040451 0.797276
v -0.127443 0.045042 0.792793
v -0.128076 0.050107 0.787963
v -0.130702 0.150797 0.703571
v -0.132015 0.139223 0.712269
v -0.132850 0.128247 0.720758
v -0.101965 0.157240 0.684904
v -0.110701 0.159171 0.687636
v -0.095082 0.144279 0.691582
v -0.096492 0.133666 0.700554
v -0.097663 0.123554 0.709370
v -0.107151 0.114980 0.720030
v -0.115781 0.116006 0.722481
v -0.124482 0.117003 0.725442
v -0.096062 0.011059 0.846416
v -0.094993 0.011895 0.842931
v -0.094350 0.012874 0.839343
v -0.110296 0.009221 0.842319
v -0.109579 0.009725 0.839916
v -0.109006 0.010302 0.837476
v -0.105477 0.011393 0.835351
v -0.102097 0.012046 0.835555
v -0.098349 0.012905 0.835665
v -0.062522 0.053062 0.778994
v -0.053870 0.053255 0.779174
v -0.045048 0.053529 0.779290
v -0.037449 0.038714 0.802571
v -0.037076 0.043349 0.794981
v -0.036616 0.048396 0.787236
v -0.066158 0.032177 0.809645
v -0.056541 0.033162 0.809700
v -0.047084 0.033922 0.809839
v -0.127232 0.009280 0.849703
v -0.130014 0.009620 0.848963
v -0.132691 0.010004 0.848142
v -0.134355 0.010296 0.845302
v -0.133617 0.010305 0.843334
v -0.132943 0.010460 0.841354
v -0.124753 0.009417 0.841143
v -0.127339 0.009772 0.840533
v -0.129858 0.010210 0.839936
v -0.123960 0.008846 0.848137
v -0.123404 0.008838 0.845994
v -0.122778 0.008935 0.843878
v -0.047239 0.014429 0.893936
v -0.048481 0.015153 0.900302
v -0.049696 0.016183 0.906722
v -0.087219 0.018835 0.907909
v -0.075519 0.018277 0.909877
v -0.063397 0.017849 0.911647
v -0.092649 0.014635 0.885849
v -0.094223 0.016055 0.892694
v -0.096168 0.017676 0.899318
v -0.079446 0.013653 0.881334
v -0.068336 0.013847 0.883862
v -0.057191 0.013953 0.885966
v -0.148249 0.021775 0.828928
v -0.149372 0.021209 0.831600
v -0.150201 0.020582 0.834334
v -0.140710 0.014487 0.835541
v -0.140044 0.014972 0.833505
v -0.139282 0.015466 0.831488
v -0.143475 0.015174 0.837324
v -0.145755 0.016517 0.837186
v -0.148156 0.018073 0.837113
v -0.000027 0.017048 0.858798
v -0.000061 0.018653 0.852165
v -0.000086 0.020600 0.845416
v -0.038052 0.019872 0.844477
v -0.038584 0.018051 0.850928
v -0.039354 0.016568 0.857244
v -0.028515 0.022405 0.838299
v -0.019126 0.022666 0.838556
v -0.009638 0.022827 0.838648
v -0.173950 0.050838 0.818827
v -0.176525 0.049765 0.824642
v -0.178512 0.048489 0.830631
v -0.162541 0.031225 0.832936
v -0.161263 0.032146 0.828866
v -0.159528 0.032936 0.824909
v -0.167169 0.033614 0.837034
v -0.171223 0.037536 0.836974
v -0.175486 0.041962 0.836874
v -0.060315 0.137679 1.095045
v -0.047559 0.134844 1.088488
v -0.031103 0.129018 1.088225
v -0.014166 0.125618 1.088061
v -0.191567 0.054060 0.903383
v -0.197944 0.060426 0.908305
v -0.204500 0.067456 0.913359
v -0.225161 0.089734 0.890393
v -0.221827 0.084860 0.900579
v -0.217147 0.079989 0.909982
v -0.207187 0.068446 0.871999
v -0.213722 0.076319 0.874465
v -0.220413 0.084970 0.876979
v -0.198685 0.057957 0.877537
v -0.195351 0.054653 0.885060
v -0.190944 0.051406 0.892111
v -0.100203 0.088466 0.742557
v -0.099819 0.096486 0.734616
v -0.099301 0.104972 0.726425
v -0.073391 0.111472 0.713763
v -0.081722 0.112214 0.714924
v -0.090122 0.113053 0.716320
v -0.067345 0.086584 0.738996
v -0.066665 0.094283 0.730491
v -0.065934 0.102355 0.721759
v -0.076246 0.079500 0.747707
v -0.084413 0.079873 0.748290
v -0.092499 0.080330 0.749107
v -0.189624 0.088113 0.798525
v -0.193619 0.097283 0.794577
v -0.197418 0.107253 0.790233
v -0.177118 0.119942 0.757959
v -0.185485 0.119650 0.766279
v -0.193442 0.119058 0.775455
v -0.163471 0.090880 0.770068
v -0.165438 0.099882 0.763980
v -0.167148 0.109557 0.757460
v -0.168127 0.082027 0.781468
v -0.174490 0.081409 0.787803
v -0.180351 0.080617 0.794692
v -0.203747 0.070722 0.926090
v -0.195153 0.066456 0.932766
v -0.185463 0.062448 0.938604
v -0.163229 0.039874 0.914759
v -0.171577 0.042481 0.909945
v -0.179016 0.045284 0.904574
v -0.158958 0.041958 0.925038
v -0.164098 0.046961 0.931150
v -0.169398 0.052530 0.937363
v -0.149355 0.033488 0.913135
v -0.144972 0.029933 0.907355
v -0.140908 0.026763 0.901695
v -0.179805 0.042971 0.894074
v -0.174502 0.038160 0.889704
v -0.169540 0.033840 0.885503
v -0.159142 0.028275 0.885714
v -0.152584 0.026706 0.889576
v -0.145252 0.025269 0.893054
v -0.056918 0.110305 0.711948
v -0.048761 0.109882 0.711230
v -0.040645 0.109556 0.710618
v -0.033929 0.086122 0.737726
v -0.033495 0.093531 0.728796
v -0.033043 0.101260 0.719598
v -0.059669 0.079065 0.746975
v -0.051275 0.078994 0.746739
v -0.042831 0.078989 0.746560
v -0.058532 0.028452 0.944937
v -0.060394 0.031449 0.951330
v -0.062324 0.034796 0.957717
v -0.110145 0.043969 0.959749
v -0.095347 0.041830 0.961547
v -0.080044 0.040012 0.962978
v -0.113299 0.033512 0.937945
v -0.116895 0.037334 0.944459
v -0.120610 0.041607 0.950998
v -0.097296 0.028720 0.933696
v -0.084218 0.027547 0.935623
v -0.070693 0.026556 0.937245
v -0.124068 0.082474 0.755969
v -0.116286 0.081985 0.753617
v -0.108433 0.081425 0.751717
v -0.132445 0.090780 0.751884
v -0.132967 0.099237 0.744589
v -0.133263 0.108261 0.736951
v -0.060448 0.114489 1.039003
v -0.039552 0.110692 1.039402
v -0.018408 0.108559 1.039618
v 0.002848 0.114538 1.045838
v 0.002869 0.120265 1.051910
v 0.002882 0.124900 1.057971
v -0.056628 0.138629 1.063393
v -0.036997 0.132559 1.063764
v -0.017087 0.129065 1.063955
v -0.115410 0.022372 0.814608
v -0.119111 0.022959 0.814217
v -0.122730 0.023460 0.814140
v -0.124743 0.016073 0.823549
v -0.122134 0.015592 0.823815
v -0.119488 0.015113 0.824192
v -0.126887 0.017941 0.821335
v -0.126594 0.019620 0.819180
v -0.126381 0.021580 0.816872
v -0.080884 0.111303 1.032320
v -0.080415 0.102675 1.026275
v -0.079581 0.094235 1.020193
v 0.002755 0.101124 1.033592
v 0.002682 0.093945 1.027417
v 0.002593 0.086697 1.021231
v -0.156665 0.141330 1.025487
v -0.155828 0.129050 1.020020
v -0.154320 0.117521 1.014418
v -0.134774 0.100660 1.010746
v -0.116618 0.095074 1.012287
v -0.097816 0.090174 1.013358
v -0.143051 0.079196 0.990047
v -0.146456 0.087654 0.996398
v -0.149546 0.096831 1.002609
v -0.123423 0.067475 0.985627
v -0.106808 0.063920 0.987189
v -0.089641 0.060833 0.988358
v -0.022847 0.144078 0.667534
v -0.015369 0.143646 0.666762
v -0.007909 0.143422 0.666220
v -0.029784 0.154238 0.657091
v -0.000451 0.152535 0.653967
v -0.053220 0.147593 0.672596
v -0.045526 0.146466 0.671063
v -0.037910 0.145499 0.669700
v -0.139074 0.013000 0.837887
v -0.136869 0.012125 0.838314
v -0.134618 0.011376 0.838811
v -0.136329 0.014978 0.830052
v -0.134152 0.014157 0.830498
v -0.131905 0.013460 0.830903
v -0.130256 0.012196 0.833301
v -0.130940 0.011623 0.835320
v -0.131621 0.011134 0.837343
v -0.037732 0.030772 0.817220
v -0.037691 0.027463 0.824272
v -0.037663 0.024561 0.831158
v -0.063610 0.020138 0.836226
v -0.055437 0.020934 0.836765
v -0.046770 0.021558 0.837350
v -0.074041 0.026696 0.817562
v -0.072413 0.023743 0.824001
v -0.071485 0.021256 0.830047
v -0.028285 0.034980 0.810094
v -0.018898 0.035324 0.810140
v -0.009522 0.035555 0.810120
v -0.000145 0.031911 0.817355
v -0.000133 0.028534 0.824543
v -0.000120 0.025532 0.831607
v -0.124721 0.009195 0.852636
v -0.124918 0.009556 0.855086
v -0.125028 0.010063 0.857752
v -0.106343 0.030769 0.805234
v -0.108075 0.027355 0.809050
v -0.109893 0.024346 0.812390
v -0.084400 0.026575 0.814436
v -0.089878 0.023475 0.817614
v -0.094490 0.020849 0.820163
v -0.131055 0.075331 0.765350
v -0.130296 0.068293 0.771514
v -0.129529 0.061732 0.777325
v -0.100775 0.073611 0.757614
v -0.101047 0.066745 0.764719
v -0.101350 0.060283 0.771553
v -0.195002 0.054689 0.867284
v -0.189419 0.048709 0.865050
v -0.184126 0.043319 0.862889
v -0.122173 0.011307 0.832630
v -0.124703 0.011750 0.832160
v -0.127177 0.012268 0.831717
v -0.120202 0.010349 0.835281
v -0.120827 0.009843 0.837448
v -0.121469 0.009439 0.839613
v -0.113994 0.008742 0.843774
v -0.116759 0.008786 0.843037
v -0.119462 0.008922 0.842378
v -0.194331 0.065585 0.835852
v -0.189303 0.058759 0.836230
v -0.184518 0.052546 0.836515
v -0.190196 0.078426 0.809960
v -0.194071 0.076957 0.818195
v -0.197227 0.075172 0.826697
v -0.181736 0.071744 0.805310
v -0.177992 0.064456 0.808213
v -0.174349 0.057790 0.810847
v -0.068650 0.072188 0.755386
v -0.069335 0.065467 0.763309
v -0.070085 0.059071 0.771085
v -0.205281 0.081090 0.834747
v -0.211076 0.089897 0.833971
v -0.216859 0.099573 0.833002
v -0.159195 0.074668 0.780967
v -0.157012 0.067407 0.785817
v -0.154821 0.060719 0.790318
v -0.215573 0.147933 0.997667
v -0.154421 0.030254 0.822655
v -0.151711 0.027253 0.824035
v -0.149191 0.024607 0.825268
v -0.142751 0.032164 0.811282
v -0.141187 0.029037 0.813802
v -0.139778 0.026290 0.816062
v -0.157848 0.021995 0.851587
v -0.154620 0.019832 0.850085
v -0.151735 0.017967 0.848712
v -0.081989 0.012922 0.855293
v -0.087902 0.012049 0.853370
v -0.093057 0.011175 0.851502
v -0.085176 0.012745 0.872281
v -0.080942 0.012744 0.867235
v -0.077700 0.013075 0.862239
v -0.097546 0.012112 0.871625
v -0.101767 0.011117 0.867012
v -0.105223 0.010227 0.863152
v -0.159818 0.027058 0.837074
v -0.156542 0.024339 0.837075
v -0.153517 0.021954 0.837075
v -0.077929 0.017922 0.835637
v -0.083985 0.016582 0.835602
v -0.089369 0.015229 0.835646
v -0.071335 0.017333 0.841405
v -0.072064 0.015830 0.846810
v -0.073350 0.014623 0.852067
v -0.147070 0.055093 0.790895
v -0.141208 0.055448 0.787745
v -0.135096 0.055649 0.785051
v -0.140387 0.036033 0.806148
v -0.136011 0.036265 0.804179
v -0.131377 0.036368 0.802591
v -0.154274 0.082816 0.770612
v -0.146943 0.082990 0.766105
v -0.139425 0.082999 0.762180
v -0.180424 0.040805 0.854955
v -0.180957 0.043033 0.848953
v -0.180763 0.045110 0.842854
v -0.162792 0.025981 0.849316
v -0.163531 0.027465 0.845297
v -0.163703 0.028871 0.841199
v -0.202050 0.064507 0.861314
v -0.202153 0.067610 0.852777
v -0.201322 0.070479 0.844092
v -0.067521 0.014329 0.859022
v -0.059035 0.014803 0.860704
v -0.049928 0.015156 0.862191
v -0.116562 0.008270 0.851489
v -0.118953 0.008419 0.851233
v -0.121615 0.008664 0.850850
v -0.127748 0.015351 0.825389
v -0.128306 0.014377 0.827361
v -0.128924 0.013556 0.829325
v -0.135772 0.024076 0.816694
v -0.132788 0.024135 0.815623
v -0.129599 0.024060 0.814847
v -0.133726 0.017670 0.823446
v -0.131844 0.017303 0.823355
v -0.129660 0.016928 0.823329
v -0.126267 0.032618 0.805132
v -0.126156 0.029325 0.808519
v -0.126155 0.026408 0.811583
v -0.168822 0.113285 1.005830
v -0.184532 0.120149 1.002265
v -0.199226 0.127349 0.997848
v -0.154828 0.075652 0.981060
v -0.169474 0.080212 0.977877
v -0.183279 0.085115 0.973948
v -0.111983 0.009643 0.860934
v -0.116240 0.009926 0.861353
v -0.120670 0.010300 0.861238
v -0.102794 0.013630 0.878464
v -0.111710 0.014118 0.878117
v -0.119704 0.014708 0.877235
v -0.142172 0.012868 0.842913
v -0.141996 0.013158 0.841308
v -0.141694 0.013554 0.839494
v -0.109043 0.020443 0.903667
v -0.119064 0.021491 0.901391
v -0.128456 0.022664 0.898915
v -0.128669 0.017131 0.880573
v -0.131000 0.019128 0.885545
v -0.133868 0.021391 0.890759
v -0.106659 0.026976 0.925050
v -0.103674 0.024191 0.918656
v -0.100924 0.021718 0.912257
v -0.121893 0.031622 0.928946
v -0.133300 0.033364 0.926069
v -0.144032 0.035313 0.922784
v -0.034777 0.072235 0.754906
v -0.035210 0.065763 0.763210
v -0.035658 0.059622 0.771352
v -0.025855 0.079081 0.746302
v -0.017346 0.079156 0.746202
v -0.008831 0.079251 0.746117
v -0.000296 0.072687 0.754646
v -0.000275 0.066334 0.763034
v -0.000254 0.060319 0.771235
v -0.027170 0.054102 0.779384
v -0.018195 0.054335 0.779379
v -0.009213 0.054521 0.779342
v -0.000174 0.039845 0.802558
v -0.000193 0.044404 0.794938
v -0.000213 0.049344 0.787176
v -0.096431 0.017557 0.825162
v -0.095107 0.016376 0.828467
v -0.094367 0.015159 0.832023
v -0.250805 0.148782 0.874156
v -0.248532 0.154726 0.858023
v -0.244669 0.159946 0.841410
v 0.000433 0.014254 0.896718
v 0.000556 0.014833 0.903008
v 0.000686 0.015699 0.909310
v -0.038206 0.017264 0.914296
v -0.025289 0.017072 0.915094
v -0.012255 0.016937 0.915533
v 0.001221 0.022014 0.934464
v 0.001094 0.020017 0.928183
v 0.000960 0.018294 0.921901
v -0.042517 0.025118 0.939558
v -0.028017 0.024666 0.940251
v -0.013368 0.024388 0.940646
v -0.055143 0.023291 0.932207
v -0.053638 0.021090 0.925869
v -0.052240 0.019160 0.919521
v -0.150206 0.017302 0.845028
v -0.150775 0.018213 0.842463
v -0.150933 0.019079 0.839804
v -0.077829 0.153586 1.089156
v -0.072984 0.149401 1.069230
v -0.069793 0.149196 1.075796
v -0.066456 0.146985 1.082358
v 0.002904 0.129637 1.070129
v 0.002918 0.129506 1.076192
v 0.002933 0.127822 1.082180
v -0.230149 0.103709 0.934167
v -0.224047 0.093345 0.928949
v -0.217666 0.083862 0.923717
v -0.246122 0.128856 0.887081
v -0.240207 0.116403 0.884596
v -0.233815 0.104955 0.882067
v -0.191026 0.081318 0.962859
v -0.185706 0.073049 0.956472
v -0.180271 0.065529 0.950056
v -0.062147 0.138782 0.684316
v -0.063223 0.129064 0.694072
v -0.064219 0.119740 0.703560
v -0.169148 0.155666 0.727393
v -0.169615 0.143064 0.735405
v -0.169355 0.131145 0.743135
v -0.159738 0.119747 0.743932
v -0.150918 0.119316 0.738188
v -0.142074 0.118698 0.733227
v -0.227818 0.099008 0.868065
v -0.227213 0.103199 0.856184
v -0.225403 0.106975 0.844043
v -0.138040 0.049081 0.954902
v -0.151031 0.052025 0.951752
v -0.163307 0.055232 0.948030
v -0.135746 0.064249 0.977128
v -0.131986 0.057700 0.970620
v -0.128193 0.051752 0.964090
v -0.030930 0.135425 0.679509
v -0.031496 0.126421 0.690084
v -0.032043 0.117712 0.700271
v -0.000443 0.134518 0.677366
v -0.000431 0.125834 0.688320
v -0.000415 0.117388 0.698830
v -0.024501 0.109167 0.709667
v -0.016457 0.109097 0.709323
v -0.008425 0.109109 0.709077
v -0.000337 0.086372 0.737203
v -0.000358 0.093684 0.728091
v -0.000378 0.101298 0.718679
v 0.001429 0.026814 0.947046
v 0.001513 0.029637 0.953339
v 0.001590 0.032779 0.959616
v -0.048122 0.037459 0.964881
v -0.031665 0.036733 0.965424
v -0.015029 0.036344 0.965739
v 0.001935 0.049119 0.984377
v 0.001838 0.044403 0.978233
v 0.001749 0.040131 0.972065
v -0.070092 0.052615 0.982948
v -0.068181 0.047438 0.976685
v -0.066241 0.042754 0.970398
v 0.142120 0.146655 1.034552
v 0.123866 0.137552 1.036615
v 0.104985 0.129154 1.038062
v 0.085016 0.130414 1.044930
v 0.083980 0.138224 1.050894
v 0.082362 0.144693 1.056960
v 0.077340 0.065730 0.996170
v 0.079274 0.072567 1.002468
v 0.081055 0.079892 1.008719
v 0.022902 0.080256 1.015184
v 0.043133 0.081855 1.015264
v 0.063077 0.084337 1.015201
v 0.020713 0.054748 0.990580
v 0.039219 0.055739 0.990543
v 0.057453 0.057288 0.990321
v 0.242379 0.127655 0.944599
v 0.246908 0.140586 0.949606
v 0.250751 0.154186 0.954486
v 0.250294 0.136413 0.903109
v 0.247628 0.129430 0.916482
v 0.243269 0.122404 0.928640
v 0.255531 0.157609 0.891025
v 0.068288 0.151662 0.676093
v 0.076300 0.153138 0.678364
v 0.084449 0.154695 0.680757
v 0.100634 0.019272 0.819540
v 0.103878 0.020015 0.817673
v 0.107475 0.020681 0.816240
v 0.115538 0.015505 0.822380
v 0.114296 0.017132 0.820180
v 0.112860 0.019058 0.817813
v 0.109426 0.013226 0.826375
v 0.111587 0.013389 0.825707
v 0.114016 0.013692 0.825062
v 0.106408 0.013844 0.826166
v 0.104146 0.014965 0.825044
v 0.101323 0.016483 0.823625
v 0.177568 0.036189 0.866172
v 0.174570 0.033887 0.871562
v 0.170653 0.031703 0.876608
v 0.153404 0.020638 0.870035
v 0.157168 0.023262 0.873597
v 0.161311 0.026279 0.877342
v 0.159878 0.022654 0.856798
v 0.157296 0.021115 0.860346
v 0.154020 0.019675 0.863650
v 0.165772 0.027130 0.854771
v 0.170110 0.030440 0.856599
v 0.174751 0.034222 0.858511
v 0.078319 0.053623 0.778319
v 0.086163 0.053716 0.778120
v 0.093738 0.053920 0.778061
v 0.103097 0.038713 0.795839
v 0.102211 0.043431 0.790380
v 0.101555 0.048595 0.784491
v 0.084823 0.032144 0.805655
v 0.091767 0.033032 0.803374
v 0.098209 0.033765 0.801788
v 0.073998 0.036731 0.800949
v 0.072441 0.042192 0.793452
v 0.071212 0.047797 0.786017
v 0.157182 0.053997 0.798314
v 0.162109 0.053230 0.802737
v 0.166574 0.052371 0.807563
v 0.160204 0.037052 0.819036
v 0.163526 0.041297 0.817130
v 0.166973 0.046073 0.815042
v 0.147831 0.035124 0.810942
v 0.151314 0.034544 0.813927
v 0.154406 0.033918 0.817216
v 0.145837 0.039612 0.805215
v 0.147785 0.044084 0.801865
v 0.149811 0.049082 0.798238
v 0.117451 0.012947 0.826582
v 0.118176 0.011942 0.828672
v 0.118817 0.011088 0.830771
v 0.111279 0.009985 0.834233
v 0.114099 0.009927 0.833815
v 0.116804 0.010059 0.833356
v 0.107864 0.012565 0.828217
v 0.107892 0.011787 0.830103
v 0.108031 0.011008 0.832261
v 0.140644 0.023489 0.819659
v 0.142910 0.023012 0.821602
v 0.144902 0.022479 0.823786
v 0.140310 0.016803 0.828781
v 0.142352 0.018233 0.828036
v 0.144434 0.019938 0.827168
v 0.135451 0.017324 0.824462
v 0.136380 0.016721 0.825903
v 0.137333 0.016147 0.827577
v 0.135300 0.018667 0.822596
v 0.136095 0.020029 0.821319
v 0.137032 0.021775 0.819781
v 0.147815 0.015102 0.849584
v 0.145866 0.014081 0.851708
v 0.143442 0.013118 0.853657
v 0.136390 0.010017 0.849010
v 0.137577 0.010553 0.851022
v 0.138956 0.011305 0.853142
v 0.141205 0.011775 0.844488
v 0.139590 0.011031 0.845300
v 0.137622 0.010327 0.846175
v 0.143399 0.012858 0.844432
v 0.145035 0.013675 0.845228
v 0.146994 0.014776 0.846186
v 0.104652 0.008638 0.857466
v 0.101739 0.008760 0.855038
v 0.099311 0.009071 0.852155
v 0.108044 0.007999 0.845057
v 0.104839 0.008351 0.846189
v 0.101306 0.008881 0.847493
v 0.114110 0.007191 0.849986
v 0.113096 0.007250 0.848278
v 0.112040 0.007461 0.846284
v 0.113895 0.007333 0.852391
v 0.112383 0.007598 0.854249
v 0.110448 0.008052 0.856547
v 0.134048 0.015432 0.873787
v 0.140050 0.016276 0.871764
v 0.145389 0.017248 0.869387
v 0.126278 0.013141 0.871123
v 0.125657 0.011871 0.867156
v 0.125373 0.010832 0.863536
v 0.137247 0.011545 0.856992
v 0.133552 0.010949 0.858342
v 0.129537 0.010439 0.859442
v 0.147127 0.016440 0.863534
v 0.144601 0.014798 0.860612
v 0.142428 0.013417 0.857909
v 0.235983 0.149500 0.825785
v 0.232049 0.135419 0.827613
v 0.227402 0.122455 0.829248
v 0.206326 0.117272 0.795493
v 0.212598 0.115489 0.806790
v 0.217955 0.113278 0.818583
v 0.205962 0.157208 0.768349
v 0.204492 0.143451 0.774244
v 0.202199 0.130595 0.779767
v 0.010277 0.015698 0.864953
v 0.020459 0.015547 0.864297
v 0.030494 0.015343 0.863373
v 0.044832 0.013418 0.880550
v 0.043211 0.013640 0.874434
v 0.041670 0.014196 0.868343
v 0.011965 0.013875 0.890099
v 0.023557 0.013767 0.889344
v 0.035060 0.013647 0.888218
v 0.246658 0.159659 0.970044
v 0.237646 0.151273 0.979261
v 0.227001 0.143209 0.987044
v 0.202821 0.100964 0.976002
v 0.207381 0.111674 0.982126
v 0.211451 0.123181 0.988002
v 0.209658 0.096599 0.963910
v 0.220250 0.102550 0.957015
v 0.229493 0.108862 0.948906
v 0.108127 0.054610 0.778829
v 0.114971 0.055014 0.779784
v 0.121609 0.055362 0.781142
v 0.126294 0.040456 0.797301
v 0.126803 0.045004 0.792839
v 0.127405 0.050033 0.788036
v 0.110063 0.035050 0.800266
v 0.115575 0.035615 0.800222
v 0.120849 0.036065 0.800612
v 0.101250 0.158077 0.685846
v 0.109937 0.159865 0.688704
v 0.129644 0.151319 0.704745
v 0.130861 0.139747 0.713373
v 0.131631 0.128759 0.721774
v 0.106173 0.115790 0.720947
v 0.114740 0.116653 0.723430
v 0.123353 0.117533 0.726384
v 0.094312 0.145310 0.692406
v 0.095647 0.134721 0.701410
v 0.096764 0.124600 0.710230
v 0.095781 0.010343 0.845615
v 0.094655 0.011285 0.842146
v 0.093961 0.012379 0.838597
v 0.105162 0.010754 0.834832
v 0.101740 0.011480 0.834985
v 0.097953 0.012425 0.835040
v 0.110134 0.008296 0.841780
v 0.109374 0.008878 0.839391
v 0.108763 0.009539 0.836975
v 0.036940 0.039197 0.801892
v 0.036535 0.043899 0.794383
v 0.036045 0.049011 0.786710
v 0.061799 0.053804 0.778693
v 0.053178 0.054033 0.778779
v 0.044399 0.054286 0.778835
v 0.065549 0.032450 0.808989
v 0.055966 0.033526 0.808950
v 0.046555 0.034336 0.809044
v 0.134450 0.009637 0.845104
v 0.133633 0.009759 0.843151
v 0.132878 0.010032 0.841186
v 0.127343 0.008413 0.849369
v 0.130150 0.008779 0.848671
v 0.132846 0.009202 0.847893
v 0.124012 0.007977 0.847780
v 0.123410 0.008021 0.845652
v 0.122737 0.008183 0.843551
v 0.124663 0.008822 0.840884
v 0.127237 0.009269 0.840319
v 0.129741 0.009796 0.839757
v 0.088159 0.018496 0.907193
v 0.076586 0.017896 0.909145
v 0.064593 0.017454 0.910925
v 0.047941 0.013954 0.893077
v 0.049380 0.014702 0.899503
v 0.050801 0.015767 0.905984
v 0.079787 0.013023 0.880365
v 0.068737 0.013253 0.882848
v 0.057651 0.013404 0.884962
v 0.093097 0.014032 0.885022
v 0.094801 0.015549 0.891905
v 0.096865 0.017283 0.898573
v 0.148038 0.021417 0.828722
v 0.149173 0.020897 0.831387
v 0.150017 0.020334 0.834121
v 0.143311 0.015042 0.837151
v 0.145601 0.016360 0.837002
v 0.148007 0.017892 0.836918
v 0.140517 0.014329 0.835382
v 0.139849 0.014746 0.833356
v 0.139092 0.015169 0.831352
v 0.009419 0.022863 0.838294
v 0.018885 0.022734 0.837878
v 0.028242 0.022494 0.837352
v 0.037784 0.019861 0.843288
v 0.038368 0.017928 0.849703
v 0.039206 0.016339 0.856012
v 0.173792 0.050481 0.818300
v 0.176477 0.049414 0.824105
v 0.178566 0.048180 0.830105
v 0.167022 0.033514 0.836697
v 0.171172 0.037385 0.836592
v 0.175542 0.041757 0.836439
v 0.162280 0.031082 0.832610
v 0.160989 0.031911 0.828523
v 0.159256 0.032620 0.824559
v 0.019952 0.126240 1.088197
v 0.036591 0.130214 1.088490
v 0.052629 0.136520 1.088869
v 0.065034 0.139737 1.095575
v 0.225459 0.090473 0.889654
v 0.222429 0.085465 0.900054
v 0.218067 0.080430 0.909673
v 0.192961 0.054062 0.903223
v 0.199263 0.060523 0.908145
v 0.205736 0.067655 0.913208
v 0.199723 0.058159 0.877125
v 0.196577 0.054741 0.884767
v 0.192309 0.051383 0.891908
v 0.207888 0.068843 0.871359
v 0.214205 0.076858 0.873714
v 0.220668 0.085649 0.876127
v 0.072565 0.112924 0.714063
v 0.080867 0.113551 0.715432
v 0.089232 0.114231 0.717012
v 0.099311 0.089048 0.743162
v 0.098897 0.097231 0.735315
v 0.098364 0.105861 0.727203
v 0.075411 0.080439 0.747936
v 0.083578 0.080640 0.748639
v 0.091662 0.080914 0.749551
v 0.066509 0.087778 0.739120
v 0.065830 0.095604 0.730626
v 0.065109 0.103785 0.721881
v 0.175202 0.120713 0.758189
v 0.183597 0.120368 0.766233
v 0.191676 0.119688 0.775127
v 0.188700 0.088155 0.797779
v 0.192424 0.097509 0.793867
v 0.195997 0.107653 0.789579
v 0.166932 0.082257 0.781163
v 0.173429 0.081520 0.787330
v 0.179469 0.080602 0.794067
v 0.162014 0.091320 0.770041
v 0.163796 0.100460 0.764103
v 0.165359 0.110254 0.757755
v 0.205103 0.070934 0.926102
v 0.196591 0.066645 0.932863
v 0.186929 0.062674 0.938742
v 0.160042 0.042258 0.924764
v 0.165325 0.047250 0.931019
v 0.170758 0.052817 0.937377
v 0.164282 0.040071 0.914428
v 0.172784 0.042552 0.909694
v 0.180363 0.045250 0.904390
v 0.150174 0.033748 0.912655
v 0.145686 0.030117 0.906824
v 0.141538 0.026837 0.901140
v 0.160002 0.028005 0.885445
v 0.153339 0.026504 0.889213
v 0.145896 0.025146 0.892587
v 0.181152 0.042842 0.893904
v 0.175719 0.037989 0.889521
v 0.170601 0.033620 0.885307
v 0.033194 0.087074 0.737389
v 0.032740 0.094515 0.728442
v 0.032270 0.102264 0.719208
v 0.056125 0.111777 0.711834
v 0.047974 0.111252 0.710947
v 0.039860 0.110767 0.710218
v 0.058860 0.080191 0.746922
v 0.050495 0.080110 0.746552
v 0.042085 0.080032 0.746272
v 0.112046 0.044803 0.959838
v 0.097489 0.042609 0.961679
v 0.082454 0.040690 0.963152
v 0.060839 0.028505 0.944793
v 0.062830 0.031664 0.951297
v 0.064880 0.035181 0.957796
v 0.098798 0.028829 0.933361
v 0.085938 0.027573 0.935308
v 0.072633 0.026514 0.936955
v 0.114702 0.033858 0.937686
v 0.118397 0.037843 0.944303
v 0.122211 0.042279 0.950950
v 0.131298 0.091077 0.752392
v 0.131758 0.099611 0.745232
v 0.132018 0.108698 0.737731
v 0.123078 0.082673 0.756432
v 0.115359 0.082214 0.754129
v 0.107553 0.081726 0.752244
v 0.023942 0.109151 1.039812
v 0.044850 0.111829 1.039780
v 0.065408 0.116076 1.039542
v 0.022743 0.129665 1.064075
v 0.042324 0.133709 1.063999
v 0.061502 0.140229 1.063733
v 0.114976 0.022015 0.814513
v 0.118661 0.022686 0.814153
v 0.122261 0.023286 0.814098
v 0.126513 0.017828 0.821250
v 0.126185 0.019513 0.819114
v 0.125936 0.021480 0.816824
v 0.124413 0.015863 0.823434
v 0.121827 0.015266 0.823679
v 0.119206 0.014667 0.824030
v 0.085422 0.113148 1.033054
v 0.084877 0.104445 1.027063
v 0.083921 0.095911 1.021018
v 0.159692 0.143003 1.026446
v 0.158882 0.130650 1.021034
v 0.157358 0.119035 1.015461
v 0.138015 0.102259 1.011748
v 0.120162 0.096768 1.013264
v 0.101677 0.091867 1.014289
v 0.145541 0.080479 0.990762
v 0.149134 0.088981 0.997248
v 0.152390 0.098204 1.003569
v 0.125957 0.068770 0.986238
v 0.109601 0.065217 0.987840
v 0.092711 0.062066 0.989027
v 0.029048 0.155035 0.655952
v 0.007020 0.143650 0.665896
v 0.014511 0.144100 0.666150
v 0.022031 0.144749 0.666705
v 0.052582 0.148932 0.672012
v 0.044853 0.147692 0.670268
v 0.037193 0.146567 0.668776
v 0.138902 0.012858 0.837734
v 0.136706 0.011938 0.838168
v 0.134469 0.011123 0.838666
v 0.130028 0.011952 0.833174
v 0.130730 0.011371 0.835185
v 0.131440 0.010859 0.837199
v 0.136126 0.014681 0.829937
v 0.133930 0.013904 0.830386
v 0.131665 0.013234 0.830789
v 0.037294 0.031117 0.816355
v 0.037293 0.027733 0.823310
v 0.037306 0.024749 0.830105
v 0.073454 0.026796 0.816881
v 0.071865 0.023802 0.823183
v 0.070976 0.021262 0.829107
v 0.063167 0.020138 0.835086
v 0.055033 0.020982 0.835561
v 0.046411 0.021638 0.836141
v 0.009191 0.035694 0.809870
v 0.018531 0.035589 0.809663
v 0.027866 0.035341 0.809436
v 0.124827 0.008322 0.852247
v 0.125038 0.008725 0.854679
v 0.125168 0.009280 0.857330
v 0.105815 0.030543 0.805123
v 0.107577 0.027069 0.808928
v 0.109430 0.024000 0.812263
v 0.083810 0.026572 0.813959
v 0.089322 0.023382 0.817179
v 0.093973 0.020679 0.819767
v 0.130081 0.075443 0.765638
v 0.129416 0.068315 0.771726
v 0.128738 0.061684 0.777478
v 0.099974 0.073884 0.758021
v 0.100295 0.066894 0.765031
v 0.100647 0.060331 0.771775
v 0.195875 0.054870 0.866830
v 0.190228 0.048826 0.864658
v 0.184825 0.043383 0.862547
v 0.120046 0.009741 0.835024
v 0.120689 0.009219 0.837173
v 0.121354 0.008789 0.839319
v 0.121988 0.010807 0.832431
v 0.124495 0.011358 0.831996
v 0.126945 0.011972 0.831578
v 0.113895 0.007794 0.843291
v 0.116671 0.007908 0.842611
v 0.119379 0.008133 0.842011
v 0.189751 0.078257 0.809132
v 0.193856 0.076786 0.817326
v 0.197234 0.075046 0.825822
v 0.194584 0.065453 0.835096
v 0.189561 0.058561 0.835567
v 0.184741 0.052311 0.835939
v 0.181246 0.071523 0.804601
v 0.177617 0.064177 0.807570
v 0.174038 0.057483 0.810282
v 0.067839 0.073142 0.755424
v 0.068546 0.066318 0.763278
v 0.069322 0.059822 0.770974
v 0.205396 0.081147 0.833798
v 0.211074 0.090060 0.832937
v 0.216740 0.099838 0.831905
v 0.158088 0.074873 0.780777
v 0.156040 0.067536 0.785615
v 0.153964 0.060792 0.790126
v 0.217661 0.148610 0.998742
v 0.154147 0.029896 0.822347
v 0.151447 0.026895 0.823768
v 0.148943 0.024248 0.825041
v 0.142302 0.032104 0.811109
v 0.140752 0.028993 0.813661
v 0.139354 0.026258 0.815956
v 0.158118 0.021745 0.851421
v 0.154823 0.019585 0.849917
v 0.151876 0.017727 0.848538
v 0.085300 0.012099 0.871294
v 0.080927 0.012155 0.866148
v 0.077560 0.012560 0.861071
v 0.081729 0.012425 0.854180
v 0.087644 0.011459 0.852369
v 0.092813 0.010482 0.850612
v 0.097707 0.011401 0.870826
v 0.101848 0.010383 0.866286
v 0.105247 0.009469 0.862499
v 0.159588 0.026975 0.836805
v 0.156327 0.024219 0.836830
v 0.153332 0.021793 0.836850
v 0.070906 0.017189 0.840271
v 0.071681 0.015594 0.845614
v 0.073026 0.014290 0.850842
v 0.077449 0.017789 0.834687
v 0.083510 0.016370 0.834748
v 0.088911 0.014930 0.834879
v 0.146281 0.055136 0.790801
v 0.140424 0.055466 0.787730
v 0.134340 0.055619 0.785104
v 0.139860 0.036036 0.806014
v 0.135446 0.036310 0.804106
v 0.130786 0.036424 0.802569
v 0.152999 0.083140 0.770633
v 0.145713 0.083286 0.766267
v 0.138272 0.083247 0.762465
v 0.180888 0.040806 0.854598
v 0.181311 0.042973 0.848540
v 0.181014 0.044962 0.842393
v 0.162973 0.025848 0.849116
v 0.163558 0.027395 0.845063
v 0.163592 0.028823 0.840931
v 0.202726 0.064765 0.860669
v 0.202678 0.067789 0.852041
v 0.201696 0.070546 0.843286
v 0.067311 0.013941 0.857723
v 0.058872 0.014434 0.859363
v 0.049817 0.014804 0.860872
v 0.116592 0.007294 0.851042
v 0.119001 0.007466 0.850808
v 0.121681 0.007742 0.850449
v 0.127436 0.015201 0.825279
v 0.128020 0.014194 0.827246
v 0.128661 0.013342 0.829206
v 0.135330 0.024088 0.816638
v 0.132321 0.024152 0.815584
v 0.129119 0.024045 0.814817
v 0.133430 0.017544 0.823362
v 0.131528 0.017205 0.823269
v 0.129326 0.016837 0.823239
v 0.125691 0.032642 0.805132
v 0.125609 0.029319 0.808510
v 0.125639 0.026362 0.811565
v 0.171559 0.114510 1.006899
v 0.187060 0.121150 1.003371
v 0.201553 0.128140 0.998961
v 0.156931 0.076764 0.981615
v 0.171417 0.081173 0.978429
v 0.185104 0.085917 0.974499
v 0.112022 0.008871 0.860389
v 0.116324 0.009170 0.860844
v 0.120799 0.009551 0.860764
v 0.103121 0.012947 0.877726
v 0.112071 0.013432 0.877478
v 0.120101 0.014017 0.876685
v 0.142166 0.012591 0.842755
v 0.141930 0.012956 0.841148
v 0.141568 0.013412 0.839331
v 0.109745 0.020245 0.902996
v 0.119675 0.021367 0.900742
v 0.129017 0.022588 0.898300
v 0.129153 0.016541 0.880086
v 0.131508 0.018699 0.885030
v 0.134400 0.021144 0.890219
v 0.123018 0.031893 0.928558
v 0.134293 0.033688 0.925656
v 0.144958 0.035650 0.922364
v 0.107845 0.027039 0.924596
v 0.104738 0.024137 0.918112
v 0.101864 0.021554 0.911633
v 0.034092 0.073097 0.754557
v 0.034552 0.066568 0.762834
v 0.035029 0.060367 0.770938
v 0.008192 0.079511 0.745986
v 0.016691 0.079663 0.745960
v 0.025175 0.079810 0.745985
v 0.008735 0.054723 0.779182
v 0.017687 0.054726 0.779077
v 0.026619 0.054657 0.778975
v 0.095950 0.017323 0.824716
v 0.094631 0.016122 0.827936
v 0.093908 0.014852 0.831408
v 0.250552 0.149588 0.873188
v 0.248222 0.155430 0.857038
v 0.013873 0.016817 0.915328
v 0.026835 0.016843 0.914698
v 0.039649 0.016947 0.913741
v 0.015994 0.024344 0.940571
v 0.030533 0.024586 0.940107
v 0.044870 0.025022 0.939352
v 0.057117 0.023099 0.931839
v 0.055404 0.020819 0.925391
v 0.053786 0.018831 0.918942
v 0.150225 0.017132 0.844845
v 0.150724 0.018072 0.842271
v 0.150820 0.018931 0.839603
v 0.081962 0.155770 1.089698
v 0.077363 0.151314 1.069641
v 0.074216 0.151135 1.076210
v 0.070954 0.148960 1.082793
v 0.231483 0.104212 0.934242
v 0.225321 0.093799 0.928951
v 0.218877 0.084245 0.923649
v 0.246074 0.129749 0.886171
v 0.240168 0.117303 0.883654
v 0.233801 0.105823 0.881117
v 0.192694 0.081914 0.963287
v 0.187315 0.073546 0.956808
v 0.181819 0.065923 0.950304
v 0.061466 0.140237 0.684141
v 0.062489 0.130568 0.694011
v 0.063444 0.121265 0.703585
v 0.167581 0.156320 0.728325
v 0.167881 0.143794 0.736187
v 0.167514 0.131921 0.743766
v 0.157994 0.120451 0.744580
v 0.149335 0.119923 0.738961
v 0.140665 0.119217 0.734082
v 0.227794 0.099748 0.867014
v 0.227158 0.103811 0.855060
v 0.225309 0.107440 0.842895
v 0.139621 0.049821 0.954971
v 0.152541 0.052630 0.951847
v 0.164785 0.055685 0.948155
v 0.137872 0.065409 0.977562
v 0.133956 0.058770 0.970924
v 0.130024 0.052710 0.964272
v 0.030144 0.136363 0.678736
v 0.030702 0.127401 0.689448
v 0.031249 0.118716 0.699743
v 0.007631 0.109378 0.708910
v 0.015666 0.109629 0.709011
v 0.023712 0.109949 0.709254
v 0.018310 0.036485 0.965812
v 0.034804 0.037015 0.965560
v 0.051053 0.037878 0.965062
v 0.073247 0.053588 0.983488
v 0.071160 0.048281 0.977114
v 0.069062 0.043459 0.970711
v -0.138099 0.157164 1.039339
v -0.119484 0.146548 1.041606
v -0.100278 0.136802 1.043224
v -0.118102 0.157141 1.047557
v -0.099059 0.145820 1.049224
v -0.097101 0.153399 1.055390
v -0.057578 0.075715 1.008342
v -0.056426 0.068815 1.002159
v -0.055167 0.062365 0.995971
v -0.037750 0.073863 1.008611
v -0.037019 0.067177 1.002454
v -0.036219 0.060912 0.996301
v -0.017718 0.072857 1.008773
v -0.017410 0.066293 1.002631
v -0.017068 0.060131 0.996500
v -0.251884 0.148020 0.937852
v -0.256228 0.156099 0.924779
v -0.247397 0.134508 0.933339
v -0.251996 0.142006 0.920849
v -0.254800 0.149488 0.907000
v -0.109939 0.018906 0.818923
v -0.106815 0.018281 0.820219
v -0.104033 0.017597 0.821886
v -0.111677 0.017087 0.821174
v -0.108905 0.016562 0.822262
v -0.106468 0.016013 0.823639
v -0.113124 0.015563 0.823263
v -0.110594 0.015154 0.824133
v -0.108394 0.014779 0.825176
v -0.165178 0.028386 0.873310
v -0.169035 0.030250 0.868741
v -0.172061 0.032228 0.863880
v -0.160895 0.025301 0.869970
v -0.164598 0.026961 0.865842
v -0.167525 0.028728 0.861445
v -0.156954 0.022626 0.866793
v -0.160484 0.024104 0.863085
v -0.163297 0.025678 0.859129
v -0.095104 0.048178 0.784610
v -0.087725 0.047735 0.785087
v -0.080010 0.047409 0.785705
v -0.095993 0.042983 0.790905
v -0.088821 0.042440 0.791783
v -0.081225 0.041989 0.792853
v -0.097182 0.038222 0.796733
v -0.090291 0.037535 0.798056
v -0.082867 0.036844 0.799775
v -0.163771 0.047191 0.810690
v -0.159778 0.047905 0.806223
v -0.155326 0.048541 0.802120
v -0.160618 0.042368 0.813177
v -0.156954 0.043029 0.809120
v -0.152854 0.043617 0.805401
v -0.157583 0.038076 0.815460
v -0.154237 0.038681 0.811786
v -0.150481 0.039215 0.808425
v -0.116439 0.011419 0.831503
v -0.115862 0.012228 0.829395
v -0.115172 0.013174 0.827323
v -0.113827 0.011306 0.831990
v -0.113340 0.012078 0.829888
v -0.112737 0.012964 0.827877
v -0.111135 0.011368 0.832406
v -0.110802 0.012110 0.830291
v -0.110417 0.012920 0.828362
v -0.143189 0.020778 0.825130
v -0.141504 0.021209 0.823118
v -0.139581 0.021570 0.821342
v -0.141300 0.019071 0.826145
v -0.139879 0.019506 0.824297
v -0.138272 0.019875 0.822690
v -0.139437 0.017644 0.826999
v -0.138279 0.018110 0.825267
v -0.137027 0.018533 0.823789
v -0.141383 0.012707 0.851840
v -0.143672 0.013446 0.850164
v -0.145532 0.014231 0.848340
v -0.139851 0.011906 0.849957
v -0.141991 0.012567 0.848560
v -0.143722 0.013266 0.847052
v -0.138553 0.011329 0.848149
v -0.140589 0.011937 0.847023
v -0.142230 0.012579 0.845862
v -0.103159 0.009315 0.850993
v -0.105184 0.009025 0.853481
v -0.107606 0.008888 0.855553
v -0.106407 0.008892 0.849344
v -0.108080 0.008624 0.851573
v -0.110049 0.008498 0.853417
v -0.109347 0.008619 0.847952
v -0.110668 0.008381 0.850005
v -0.112141 0.008280 0.851704
v -0.131926 0.014578 0.870120
v -0.137386 0.015347 0.868305
v -0.142271 0.016213 0.866161
v -0.130769 0.013235 0.866383
v -0.135720 0.013913 0.864823
v -0.140183 0.014678 0.862954
v -0.129942 0.012117 0.862953
v -0.134386 0.012712 0.861612
v -0.138436 0.013382 0.859991
v -0.230426 0.152109 0.811331
v -0.223472 0.154342 0.796326
v -0.215634 0.155829 0.782018
v -0.227158 0.137940 0.814390
v -0.220907 0.140197 0.800472
v -0.213752 0.141815 0.787154
v -0.223103 0.124887 0.817168
v -0.217504 0.127123 0.804283
v -0.210998 0.128810 0.791917
v -0.031412 0.014746 0.870578
v -0.021018 0.014844 0.871307
v -0.010502 0.014881 0.871680
v -0.032416 0.014202 0.876706
v -0.021648 0.014271 0.877518
v -0.010777 0.014287 0.877944
v -0.033463 0.013968 0.882822
v -0.022304 0.014006 0.883695
v -0.011059 0.014003 0.884163
v -0.241981 0.145461 0.964554
v -0.237872 0.132351 0.959388
v -0.233163 0.119957 0.954054
v -0.232568 0.137515 0.973343
v -0.228432 0.124916 0.967942
v -0.223746 0.113072 0.962340
v -0.221648 0.129874 0.980779
v -0.217563 0.117797 0.975194
v -0.212969 0.106504 0.969389
v -0.108997 0.049166 0.784658
v -0.109341 0.044072 0.790306
v -0.109866 0.039425 0.795542
v -0.115570 0.049602 0.785326
v -0.115606 0.044525 0.790692
v -0.115787 0.039902 0.795671
v -0.121922 0.049933 0.786429
v -0.121633 0.044861 0.791526
v -0.121461 0.040254 0.796256
v -0.121502 0.149221 0.699763
v -0.112506 0.147573 0.696588
v -0.103703 0.145907 0.693907
v -0.122901 0.137889 0.708524
v -0.113945 0.136482 0.705401
v -0.105143 0.135057 0.702783
v -0.123885 0.127134 0.717095
v -0.115031 0.125945 0.714042
v -0.106290 0.124734 0.711500
v -0.100188 0.010367 0.845223
v -0.103868 0.009838 0.844147
v -0.107203 0.009460 0.843181
v -0.099220 0.011108 0.842107
v -0.102996 0.010489 0.841334
v -0.106418 0.010030 0.840606
v -0.098604 0.011963 0.838905
v -0.102403 0.011232 0.838452
v -0.105839 0.010680 0.837978
v -0.045691 0.048014 0.787147
v -0.046307 0.042883 0.794875
v -0.046806 0.038171 0.802450
v -0.054666 0.047648 0.786985
v -0.055474 0.042397 0.794697
v -0.056186 0.037533 0.802293
v -0.063444 0.047372 0.786716
v -0.064481 0.041974 0.794394
v -0.065562 0.036855 0.802059
v -0.131912 0.009849 0.846071
v -0.131197 0.009837 0.844021
v -0.130521 0.009961 0.841980
v -0.129328 0.009470 0.846814
v -0.128659 0.009448 0.844704
v -0.127998 0.009550 0.842617
v -0.126659 0.009142 0.847509
v -0.126046 0.009121 0.845367
v -0.125407 0.009213 0.843253
v -0.061875 0.016405 0.905157
v -0.073740 0.016705 0.903328
v -0.085203 0.017116 0.901341
v -0.060388 0.015274 0.898666
v -0.072043 0.015438 0.896746
v -0.083369 0.015677 0.894674
v -0.058859 0.014455 0.892241
v -0.070322 0.014475 0.890204
v -0.081629 0.014501 0.887926
v -0.145881 0.019806 0.829680
v -0.143629 0.018118 0.830351
v -0.141445 0.016681 0.830951
v -0.146885 0.019278 0.832123
v -0.144532 0.017615 0.832607
v -0.142267 0.016190 0.833063
v -0.147648 0.018705 0.834617
v -0.145246 0.017084 0.834901
v -0.142948 0.015689 0.835203
v -0.010034 0.017044 0.858839
v -0.019974 0.016961 0.858586
v -0.029772 0.016802 0.858051
v -0.009860 0.018629 0.852225
v -0.019595 0.018521 0.852031
v -0.029193 0.018328 0.851595
v -0.009728 0.020555 0.845491
v -0.019312 0.020421 0.845352
v -0.028775 0.020194 0.845010
v -0.170146 0.045537 0.820562
v -0.166444 0.040833 0.822152
v -0.162889 0.036655 0.823599
v -0.172480 0.044546 0.825864
v -0.168560 0.039914 0.826971
v -0.164807 0.035803 0.827970
v -0.174256 0.043373 0.831323
v -0.170151 0.038831 0.831932
v -0.166233 0.034802 0.832467
v -0.210384 0.071760 0.905343
v -0.214994 0.076185 0.896548
v -0.218335 0.080624 0.887063
v -0.203682 0.064316 0.900795
v -0.208226 0.068320 0.892599
v -0.211574 0.072350 0.883795
v -0.197161 0.057563 0.896373
v -0.201640 0.061174 0.888759
v -0.204987 0.064824 0.880612
v -0.090903 0.104185 0.724866
v -0.082545 0.103481 0.723606
v -0.074222 0.102868 0.722589
v -0.091530 0.095810 0.733187
v -0.083243 0.095210 0.732063
v -0.074955 0.094698 0.731185
v -0.092047 0.087875 0.741271
v -0.083853 0.087356 0.740292
v -0.075619 0.086921 0.739555
v -0.190588 0.108246 0.780904
v -0.183172 0.108944 0.772318
v -0.175312 0.109373 0.764496
v -0.187344 0.098300 0.785917
v -0.180471 0.099057 0.777911
v -0.173127 0.099577 0.770589
v -0.183876 0.089124 0.790508
v -0.177528 0.089907 0.783069
v -0.170689 0.090485 0.776244
v -0.197355 0.063364 0.920528
v -0.191031 0.056724 0.915068
v -0.184882 0.050725 0.909739
v -0.189046 0.059507 0.926882
v -0.183022 0.053237 0.921103
v -0.177170 0.047584 0.915450
v -0.179688 0.055893 0.932476
v -0.174013 0.049978 0.926451
v -0.168504 0.044655 0.920541
v -0.158244 0.035587 0.909115
v -0.166316 0.037871 0.904607
v -0.173520 0.040334 0.899597
v -0.153576 0.031752 0.903615
v -0.161400 0.033723 0.899436
v -0.168392 0.035855 0.894803
v -0.149240 0.028326 0.898260
v -0.156824 0.030009 0.894427
v -0.163607 0.031838 0.890179
v -0.041235 0.101411 0.720002
v -0.041787 0.093611 0.729100
v -0.042315 0.086142 0.737943
v -0.049444 0.101636 0.720485
v -0.050080 0.093753 0.729471
v -0.050685 0.086213 0.738213
v -0.057676 0.101947 0.721065
v -0.058373 0.093972 0.729928
v -0.059031 0.086353 0.738558
v -0.077607 0.036062 0.956557
v -0.092449 0.037635 0.955069
v -0.106799 0.039490 0.953225
v -0.075208 0.032545 0.950114
v -0.089596 0.033900 0.948575
v -0.103508 0.035501 0.946696
v -0.072888 0.029398 0.943670
v -0.086836 0.030560 0.942086
v -0.100323 0.031934 0.940180
v -0.107740 0.105824 0.728342
v -0.108110 0.097220 0.736411
v -0.108320 0.089107 0.744211
v -0.116217 0.106693 0.730687
v -0.116400 0.097961 0.738631
v -0.116400 0.089747 0.746284
v -0.124726 0.107525 0.733533
v -0.124686 0.098653 0.741337
v -0.124441 0.090324 0.748826
v -0.060107 0.122104 1.045054
v -0.039311 0.117672 1.045490
v -0.018266 0.115163 1.045722
v -0.059371 0.128996 1.051109
v -0.038810 0.123912 1.051560
v -0.018002 0.121016 1.051798
v -0.058217 0.134669 1.057209
v -0.038042 0.129009 1.057642
v -0.017611 0.125768 1.057869
v -0.116593 0.020106 0.817289
v -0.117667 0.018168 0.819736
v -0.118632 0.016517 0.822016
v -0.119926 0.020677 0.816895
v -0.120700 0.018709 0.819349
v -0.121436 0.017024 0.821637
v -0.123202 0.021180 0.816762
v -0.123692 0.019205 0.819168
v -0.124204 0.017510 0.821413
v -0.060418 0.106587 1.032922
v -0.060064 0.098609 1.026809
v -0.059439 0.090705 1.020671
v -0.039547 0.103338 1.033278
v -0.039328 0.095815 1.027123
v -0.038931 0.088288 1.020952
v -0.018434 0.101527 1.033473
v -0.018361 0.094269 1.027299
v -0.018205 0.086959 1.021113
v -0.138738 0.132815 1.028078
v -0.138011 0.121445 1.022416
v -0.136668 0.110707 1.016655
v -0.120101 0.124738 1.030006
v -0.119461 0.114336 1.024185
v -0.118277 0.104420 1.018291
v -0.100801 0.117449 1.031383
v -0.100240 0.107990 1.025435
v -0.099223 0.098861 1.019434
v -0.132399 0.091345 1.004651
v -0.129645 0.082737 0.998402
v -0.126617 0.074795 0.992045
v -0.114555 0.086366 1.006146
v -0.112173 0.078288 0.999891
v -0.109561 0.070814 0.993560
v -0.096086 0.082020 1.007193
v -0.094102 0.074414 1.000956
v -0.091931 0.067353 0.994669
v -0.022422 0.153449 0.655906
v -0.015089 0.152888 0.654975
v -0.007770 0.152576 0.654321
v -0.052191 0.157788 0.661971
v -0.044654 0.156423 0.660142
v -0.037190 0.155235 0.658510
v -0.138486 0.013449 0.835928
v -0.137822 0.013932 0.833944
v -0.137098 0.014444 0.831973
v -0.136247 0.012555 0.836361
v -0.135578 0.013043 0.834388
v -0.134875 0.013581 0.832424
v -0.133967 0.011789 0.836835
v -0.133290 0.012282 0.834845
v -0.132599 0.012843 0.832861
v -0.047075 0.030168 0.817016
v -0.046909 0.026882 0.823985
v -0.046757 0.024024 0.830758
v -0.056355 0.029372 0.816850
v -0.055905 0.026117 0.823734
v -0.055541 0.023324 0.830361
v -0.065490 0.028297 0.816876
v -0.064511 0.025106 0.823661
v -0.063846 0.022417 0.830082
v -0.009549 0.031798 0.817449
v -0.009566 0.028434 0.824638
v -0.009589 0.025449 0.831699
v -0.018956 0.031576 0.817452
v -0.018986 0.028228 0.824618
v -0.019029 0.025264 0.831648
v -0.028354 0.031236 0.817374
v -0.028369 0.027907 0.824493
v -0.028400 0.024970 0.831464
v -0.135666 0.011453 0.854762
v -0.134544 0.010792 0.852441
v -0.133560 0.010314 0.850250
v -0.132335 0.010942 0.855978
v -0.131491 0.010340 0.853497
v -0.130726 0.009906 0.851176
v -0.128768 0.010484 0.856986
v -0.128260 0.009935 0.854389
v -0.127758 0.009539 0.851980
v -0.100832 0.030045 0.806440
v -0.095150 0.029188 0.808246
v -0.089438 0.028113 0.810793
v -0.103179 0.026629 0.810278
v -0.098318 0.025791 0.812048
v -0.093734 0.024775 0.814448
v -0.105601 0.023644 0.813570
v -0.101445 0.022859 0.815220
v -0.097656 0.021945 0.817397
v -0.123636 0.075051 0.762746
v -0.116122 0.074629 0.760609
v -0.108504 0.074128 0.758909
v -0.123180 0.068065 0.769165
v -0.115941 0.067688 0.767265
v -0.108567 0.067226 0.765791
v -0.122725 0.061536 0.775242
v -0.115771 0.061187 0.773597
v -0.108651 0.060749 0.772372
v -0.185125 0.045767 0.888036
v -0.189449 0.048683 0.881523
v -0.192750 0.051672 0.874589
v -0.179684 0.040637 0.884137
v -0.183912 0.043252 0.878140
v -0.187164 0.045957 0.871761
v -0.174575 0.036027 0.880395
v -0.178693 0.038367 0.874892
v -0.181881 0.040813 0.869041
v -0.122803 0.010678 0.834752
v -0.123446 0.010152 0.836885
v -0.124098 0.009731 0.839019
v -0.125352 0.011104 0.834245
v -0.126011 0.010555 0.836341
v -0.126675 0.010109 0.838440
v -0.127839 0.011615 0.833761
v -0.128512 0.011047 0.835819
v -0.129188 0.010576 0.837880
v -0.117551 0.010133 0.835831
v -0.114824 0.010043 0.836390
v -0.111986 0.010094 0.836943
v -0.118158 0.009635 0.838030
v -0.115413 0.009538 0.838632
v -0.112564 0.009564 0.839260
v -0.118796 0.009232 0.840220
v -0.116060 0.009119 0.840859
v -0.113236 0.009112 0.841551
v -0.192201 0.067581 0.827903
v -0.189392 0.069236 0.820104
v -0.185904 0.070605 0.812542
v -0.187441 0.060596 0.828944
v -0.184940 0.062119 0.821792
v -0.181793 0.063386 0.814855
v -0.182894 0.054230 0.829845
v -0.180667 0.055623 0.823294
v -0.177823 0.056790 0.816936
v -0.092928 0.073135 0.756686
v -0.084959 0.072727 0.756056
v -0.076867 0.072405 0.755648
v -0.093369 0.066301 0.764016
v -0.085527 0.065924 0.763605
v -0.077518 0.065638 0.763398
v -0.093854 0.059849 0.771109
v -0.086152 0.059481 0.770952
v -0.078233 0.059211 0.770978
v -0.203535 0.105937 0.800257
v -0.199184 0.095979 0.803843
v -0.194673 0.086850 0.807069
v -0.208858 0.104252 0.810837
v -0.203978 0.094345 0.813591
v -0.198984 0.085291 0.816034
v -0.213322 0.102147 0.821806
v -0.207958 0.092333 0.823681
v -0.202529 0.083387 0.825300
v -0.176903 0.072702 0.798490
v -0.171478 0.073498 0.792130
v -0.165547 0.074149 0.786275
v -0.173542 0.065380 0.801942
v -0.168509 0.066175 0.796091
v -0.162972 0.066848 0.790702
v -0.170246 0.058676 0.805097
v -0.165574 0.059459 0.799731
v -0.160407 0.060139 0.794791
v -0.227953 0.156198 0.991136
v -0.152046 0.030831 0.819421
v -0.149292 0.031345 0.816423
v -0.146185 0.031791 0.813697
v -0.149577 0.027794 0.821109
v -0.147099 0.028278 0.818404
v -0.144296 0.028695 0.815956
v -0.147289 0.025119 0.822617
v -0.145079 0.025580 0.820174
v -0.142572 0.025975 0.817976
v -0.150291 0.018265 0.861016
v -0.153414 0.019439 0.858074
v -0.155936 0.020688 0.854922
v -0.147576 0.016502 0.858433
v -0.150476 0.017550 0.855838
v -0.152828 0.018667 0.853048
v -0.145216 0.014996 0.856048
v -0.147894 0.015933 0.853778
v -0.150073 0.016930 0.851328
v -0.084491 0.012331 0.859875
v -0.087749 0.012007 0.864290
v -0.091962 0.011948 0.868410
v -0.090282 0.011493 0.857450
v -0.093315 0.011165 0.861241
v -0.097099 0.011051 0.864549
v -0.095229 0.010653 0.855092
v -0.097948 0.010332 0.858351
v -0.101262 0.010196 0.861104
v -0.159102 0.028043 0.833347
v -0.157959 0.028885 0.829667
v -0.156396 0.029613 0.826087
v -0.155910 0.025225 0.833710
v -0.154888 0.025990 0.830383
v -0.153485 0.026658 0.827142
v -0.152949 0.022746 0.834035
v -0.152031 0.023439 0.831023
v -0.150776 0.024052 0.828085
v -0.078100 0.016279 0.840771
v -0.078822 0.014898 0.845749
v -0.080112 0.013778 0.850586
v -0.084154 0.015120 0.840241
v -0.084856 0.013871 0.844750
v -0.086102 0.012844 0.849128
v -0.089553 0.013953 0.839778
v -0.090227 0.012841 0.843812
v -0.091394 0.011908 0.847727
v -0.145282 0.049553 0.795153
v -0.139791 0.049895 0.792322
v -0.134042 0.050089 0.789927
v -0.143550 0.044550 0.799117
v -0.138432 0.044863 0.796592
v -0.133051 0.045037 0.794483
v -0.141907 0.040054 0.802784
v -0.137162 0.040328 0.800547
v -0.132154 0.040470 0.798708
v -0.152507 0.075064 0.776236
v -0.145546 0.075322 0.772071
v -0.138375 0.075418 0.768451
v -0.150704 0.067854 0.781468
v -0.144110 0.068169 0.777647
v -0.137287 0.068324 0.774335
v -0.148885 0.061194 0.786343
v -0.142656 0.061540 0.782861
v -0.136186 0.061730 0.779860
v -0.175627 0.036357 0.853458
v -0.176240 0.038384 0.848000
v -0.176168 0.040280 0.842453
v -0.171063 0.032440 0.852010
v -0.171739 0.034276 0.847065
v -0.171770 0.035999 0.842036
v -0.166772 0.029000 0.850625
v -0.167491 0.030654 0.846160
v -0.167604 0.032215 0.841614
v -0.196200 0.057677 0.859668
v -0.196422 0.060552 0.851828
v -0.195766 0.063219 0.843858
v -0.190675 0.051454 0.858061
v -0.191009 0.054107 0.850872
v -0.190520 0.056573 0.843567
v -0.185430 0.045833 0.856490
v -0.185869 0.048269 0.849912
v -0.185535 0.050538 0.843229
v -0.069817 0.013651 0.864427
v -0.061020 0.014073 0.866390
v -0.051549 0.014375 0.868095
v -0.072695 0.013289 0.869835
v -0.063364 0.013662 0.872070
v -0.053394 0.013915 0.873968
v -0.076109 0.013266 0.875377
v -0.065920 0.013580 0.877848
v -0.055329 0.013773 0.879896
v -0.121288 0.008574 0.848688
v -0.120771 0.008589 0.846582
v -0.120139 0.008707 0.844491
v -0.118708 0.008357 0.849195
v -0.118171 0.008397 0.847184
v -0.117488 0.008543 0.845141
v -0.116291 0.008229 0.849722
v -0.115621 0.008287 0.847876
v -0.114815 0.008461 0.845891
v -0.125313 0.014869 0.825625
v -0.122798 0.014381 0.825935
v -0.120242 0.013917 0.826322
v -0.125910 0.013860 0.827665
v -0.123438 0.013359 0.828020
v -0.120921 0.012902 0.828428
v -0.126533 0.013006 0.829690
v -0.124069 0.012493 0.830089
v -0.121554 0.012041 0.830525
v -0.134970 0.021967 0.818679
v -0.132300 0.021972 0.817810
v -0.129425 0.021844 0.817216
v -0.134319 0.020194 0.820439
v -0.131952 0.020118 0.819790
v -0.129363 0.019925 0.819382
v -0.133856 0.018768 0.822002
v -0.131778 0.018569 0.821615
v -0.129433 0.018292 0.821401
v -0.139014 0.032456 0.809207
v -0.135002 0.032646 0.807486
v -0.130744 0.032709 0.806125
v -0.137791 0.029293 0.811974
v -0.134134 0.029441 0.810482
v -0.130247 0.029460 0.809329
v -0.136712 0.026510 0.814465
v -0.133399 0.026616 0.813188
v -0.129870 0.026588 0.812228
v -0.165916 0.102715 0.999922
v -0.181413 0.108970 0.996492
v -0.195937 0.115587 0.992224
v -0.162537 0.092947 0.993789
v -0.177792 0.098603 0.990470
v -0.192118 0.104627 0.986337
v -0.158803 0.083940 0.987484
v -0.173776 0.089025 0.984249
v -0.187866 0.094470 0.980229
v -0.173813 0.149987 1.022137
v -0.190035 0.158724 1.017981
v -0.172833 0.136927 1.016896
v -0.188899 0.145017 1.012980
v -0.203889 0.153305 1.008213
v -0.171150 0.124689 1.011478
v -0.187048 0.132161 1.007754
v -0.201894 0.139916 1.003174
v -0.113761 0.009054 0.857995
v -0.117386 0.009319 0.858345
v -0.121190 0.009666 0.858232
v -0.115152 0.008640 0.855484
v -0.118244 0.008876 0.855709
v -0.121541 0.009194 0.855548
v -0.116132 0.008392 0.853350
v -0.118787 0.008585 0.853371
v -0.121694 0.008866 0.853113
v -0.104710 0.012400 0.873007
v -0.112198 0.012800 0.873158
v -0.119304 0.013302 0.872620
v -0.107348 0.011329 0.868343
v -0.113421 0.011666 0.868722
v -0.119508 0.012107 0.868419
v -0.109829 0.010406 0.864354
v -0.114859 0.010708 0.864798
v -0.120043 0.011109 0.864628
v -0.047069 0.019449 0.843777
v -0.047687 0.017684 0.850051
v -0.048637 0.016256 0.856184
v -0.055707 0.018902 0.842978
v -0.056386 0.017209 0.849025
v -0.057490 0.015846 0.854927
v -0.063838 0.018205 0.842161
v -0.064553 0.016599 0.847921
v -0.065774 0.015310 0.853533
v -0.135534 0.015535 0.828217
v -0.134765 0.016142 0.826497
v -0.134099 0.016832 0.824912
v -0.133431 0.014773 0.828633
v -0.132757 0.015466 0.826829
v -0.132196 0.016288 0.825080
v -0.131226 0.014131 0.828986
v -0.130597 0.014898 0.827097
v -0.130060 0.015812 0.825218
v -0.140487 0.012130 0.843218
v -0.140031 0.012291 0.841578
v -0.139580 0.012599 0.839785
v -0.138655 0.011441 0.843813
v -0.138015 0.011527 0.842059
v -0.137443 0.011770 0.840220
v -0.136610 0.010827 0.844532
v -0.135886 0.010866 0.842664
v -0.135242 0.011060 0.840756
v -0.106547 0.018410 0.897343
v -0.116305 0.019297 0.895335
v -0.125418 0.020302 0.893175
v -0.104463 0.016622 0.890986
v -0.114022 0.017351 0.889368
v -0.122865 0.018196 0.887594
v -0.102982 0.015039 0.884619
v -0.112384 0.015630 0.883572
v -0.120914 0.016336 0.882251
v -0.118297 0.028326 0.922585
v -0.129327 0.029860 0.919816
v -0.139698 0.031580 0.916685
v -0.114944 0.025378 0.916267
v -0.125612 0.026737 0.913626
v -0.135635 0.028259 0.910675
v -0.111853 0.022757 0.909969
v -0.122181 0.023960 0.907489
v -0.131877 0.025303 0.904752
v -0.043349 0.072141 0.754979
v -0.043882 0.065607 0.763225
v -0.044444 0.059399 0.771321
v -0.051868 0.072082 0.755072
v -0.052485 0.065482 0.763240
v -0.053145 0.059203 0.771266
v -0.060310 0.072088 0.755203
v -0.060981 0.065423 0.763265
v -0.061709 0.059079 0.771186
v -0.008926 0.072565 0.754712
v -0.009022 0.066208 0.763097
v -0.009117 0.060190 0.771298
v -0.017556 0.072449 0.754776
v -0.017767 0.066069 0.763147
v -0.017980 0.060027 0.771340
v -0.026176 0.072339 0.754840
v -0.026500 0.065920 0.763184
v -0.026830 0.059836 0.771358
v -0.009308 0.049211 0.787248
v -0.009396 0.044272 0.795016
v -0.009470 0.039715 0.802642
v -0.018411 0.049005 0.787283
v -0.018612 0.044050 0.795049
v -0.018781 0.039486 0.802671
v -0.027516 0.048731 0.787279
v -0.027840 0.043742 0.795037
v -0.028107 0.039153 0.802646
v -0.100099 0.015914 0.826483
v -0.099031 0.014928 0.829346
v -0.098471 0.013909 0.832444
v -0.103219 0.014624 0.827512
v -0.102446 0.013779 0.829987
v -0.102095 0.012906 0.832702
v -0.105863 0.013692 0.828241
v -0.105456 0.012930 0.830381
v -0.105343 0.012150 0.832787
v -0.081202 0.024340 0.819436
v -0.079347 0.021980 0.824908
v -0.078314 0.019824 0.830341
v -0.087127 0.021833 0.821606
v -0.085361 0.020020 0.826134
v -0.084358 0.018236 0.830860
v -0.092147 0.019543 0.823538
v -0.090581 0.018105 0.827368
v -0.089687 0.016637 0.831462
v -0.012031 0.015775 0.909233
v -0.024709 0.015876 0.908772
v -0.037285 0.016011 0.907934
v -0.011808 0.014901 0.902929
v -0.024138 0.014974 0.902448
v -0.036380 0.015056 0.901570
v -0.011578 0.014316 0.896641
v -0.023557 0.014363 0.896146
v -0.035460 0.014399 0.895242
v -0.013039 0.022122 0.934367
v -0.027247 0.022369 0.933962
v -0.041313 0.022758 0.933243
v -0.012750 0.020118 0.928094
v -0.026545 0.020329 0.927680
v -0.040203 0.020652 0.926939
v -0.012492 0.018387 0.921819
v -0.025896 0.018559 0.921395
v -0.039173 0.018815 0.920628
v -0.068654 0.023972 0.930854
v -0.081781 0.024807 0.929197
v -0.094468 0.025805 0.927256
v -0.066768 0.021648 0.924475
v -0.079525 0.022340 0.922786
v -0.091848 0.023182 0.920835
v -0.065020 0.019601 0.918082
v -0.077441 0.020159 0.916357
v -0.089432 0.020857 0.914397
v -0.147835 0.015840 0.844222
v -0.148302 0.016625 0.841948
v -0.148390 0.017375 0.839568
v -0.145734 0.014632 0.843555
v -0.146055 0.015276 0.841551
v -0.146041 0.015909 0.839415
v -0.143871 0.013665 0.843074
v -0.143978 0.014137 0.841315
v -0.143829 0.014647 0.839379
v -0.159153 0.023333 0.848097
v -0.159886 0.024658 0.844489
v -0.160092 0.025917 0.840802
v -0.155850 0.021023 0.846973
v -0.156552 0.022200 0.843743
v -0.156769 0.023320 0.840432
v -0.152872 0.019022 0.845948
v -0.153519 0.020062 0.843065
v -0.153720 0.021051 0.840096
v -0.086682 0.159741 1.096570
v -0.074124 0.147699 1.095728
v -0.082005 0.158016 1.082350
v -0.054614 0.140498 1.069683
v -0.035687 0.134249 1.069937
v -0.016437 0.130634 1.070063
v -0.052316 0.140358 1.076016
v -0.034198 0.134128 1.076115
v -0.015700 0.130509 1.076154
v -0.049906 0.138407 1.082312
v -0.032635 0.132337 1.082232
v -0.014926 0.128800 1.082171
v -0.154984 0.025151 0.881401
v -0.151171 0.022427 0.877263
v -0.147751 0.020059 0.873326
v -0.148686 0.023785 0.884887
v -0.145171 0.021219 0.880383
v -0.142087 0.018977 0.876098
v -0.141635 0.022544 0.888004
v -0.138440 0.020129 0.883145
v -0.135724 0.018007 0.878519
v -0.236528 0.109966 0.924095
v -0.241356 0.116330 0.912841
v -0.244575 0.122670 0.900479
v -0.230349 0.099071 0.919391
v -0.235165 0.104910 0.908757
v -0.238463 0.110731 0.897131
v -0.223844 0.089083 0.914676
v -0.228602 0.094425 0.904659
v -0.231929 0.099760 0.893758
v -0.202604 0.086442 0.957271
v -0.213067 0.091905 0.950683
v -0.222291 0.097672 0.943010
v -0.197011 0.077676 0.951056
v -0.207256 0.082616 0.944716
v -0.216312 0.087846 0.937373
v -0.191266 0.069693 0.944814
v -0.201253 0.074145 0.938726
v -0.210098 0.078872 0.931719
v -0.086632 0.142736 0.689492
v -0.078337 0.141297 0.687597
v -0.070180 0.139975 0.685878
v -0.087985 0.132357 0.698612
v -0.079613 0.131146 0.696907
v -0.071363 0.130045 0.695405
v -0.089150 0.122451 0.707562
v -0.080744 0.121442 0.706020
v -0.072436 0.120535 0.704701
v -0.198040 0.157008 0.756558
v -0.188606 0.156894 0.745654
v -0.178931 0.156420 0.735942
v -0.197327 0.143479 0.763251
v -0.188353 0.143668 0.752900
v -0.179066 0.143510 0.743620
v -0.195742 0.130812 0.769562
v -0.187262 0.131235 0.759792
v -0.178415 0.131332 0.750981
v -0.158805 0.109519 0.751222
v -0.150346 0.109279 0.745752
v -0.141816 0.108854 0.741008
v -0.157517 0.099992 0.758103
v -0.149430 0.099917 0.752935
v -0.141229 0.099663 0.748442
v -0.155973 0.091110 0.764568
v -0.148265 0.091173 0.759724
v -0.140403 0.091065 0.755506
v -0.159377 0.154703 0.719965
v -0.149682 0.153558 0.713578
v -0.140108 0.152250 0.708143
v -0.160129 0.142383 0.728234
v -0.150670 0.141498 0.722041
v -0.141284 0.140437 0.716746
v -0.160214 0.130713 0.736248
v -0.151054 0.130067 0.730266
v -0.141919 0.129236 0.725124
v -0.221245 0.089120 0.866393
v -0.220886 0.092991 0.855439
v -0.219402 0.096501 0.844262
v -0.214679 0.080139 0.864696
v -0.214508 0.083729 0.854606
v -0.213282 0.087009 0.844322
v -0.208241 0.071967 0.862996
v -0.208218 0.075306 0.853710
v -0.207202 0.078375 0.844256
v -0.245969 0.134751 0.872755
v -0.244204 0.140191 0.857741
v -0.240944 0.145004 0.842315
v -0.240385 0.121794 0.871262
v -0.239071 0.126772 0.857339
v -0.236363 0.131204 0.843063
v -0.234264 0.109887 0.869694
v -0.233339 0.114447 0.856820
v -0.231119 0.118532 0.843642
v -0.133832 0.043967 0.948356
v -0.146408 0.046571 0.945243
v -0.158283 0.049424 0.941598
v -0.129706 0.039390 0.941840
v -0.141883 0.041674 0.938788
v -0.153366 0.044194 0.935244
v -0.125711 0.035294 0.935366
v -0.137499 0.037287 0.932394
v -0.148602 0.039504 0.928971
v -0.150718 0.068045 0.974566
v -0.164985 0.072139 0.971404
v -0.178453 0.076555 0.967536
v -0.146523 0.061095 0.968027
v -0.160376 0.064773 0.964867
v -0.173465 0.068752 0.961046
v -0.142284 0.054781 0.961466
v -0.155706 0.058080 0.958304
v -0.168391 0.061660 0.954527
v -0.038629 0.136047 0.680485
v -0.039332 0.126892 0.690883
v -0.040008 0.118054 0.700920
v -0.046387 0.136815 0.681615
v -0.047222 0.127488 0.691814
v -0.048017 0.118503 0.701679
v -0.054222 0.137728 0.682894
v -0.055180 0.128211 0.692877
v -0.056083 0.119064 0.702557
v -0.008045 0.134487 0.677610
v -0.008178 0.125776 0.688523
v -0.008305 0.117309 0.698999
v -0.015652 0.134635 0.678058
v -0.015931 0.125858 0.688893
v -0.016201 0.117338 0.699302
v -0.023275 0.134951 0.678696
v -0.023699 0.126075 0.689417
v -0.024111 0.117473 0.699730
v -0.008535 0.101193 0.718796
v -0.008638 0.093573 0.728189
v -0.008736 0.086256 0.737286
v -0.016696 0.101152 0.718992
v -0.016921 0.093511 0.728341
v -0.017136 0.086178 0.737400
v -0.024865 0.101174 0.719261
v -0.025207 0.093498 0.728544
v -0.025534 0.086134 0.737547
v -0.014588 0.032861 0.959497
v -0.030708 0.033211 0.959159
v -0.046657 0.033850 0.958575
v -0.014155 0.029729 0.953224
v -0.029766 0.030052 0.952864
v -0.045215 0.030621 0.952240
v -0.013744 0.026915 0.946935
v -0.028862 0.027217 0.946556
v -0.043826 0.027727 0.945895
v -0.016304 0.049219 0.984246
v -0.034475 0.049818 0.983999
v -0.052449 0.050941 0.983583
v -0.015892 0.044491 0.978104
v -0.033557 0.045007 0.977834
v -0.051029 0.045981 0.977377
v -0.015466 0.040210 0.971939
v -0.032618 0.040655 0.971647
v -0.049583 0.041494 0.971147
v -0.087290 0.054849 0.982041
v -0.103990 0.057583 0.980805
v -0.120154 0.060742 0.979186
v -0.084900 0.049391 0.975712
v -0.101133 0.051793 0.974409
v -0.116841 0.054583 0.972728
v -0.082481 0.044448 0.969361
v -0.098248 0.046544 0.967992
v -0.113499 0.048994 0.966250
v -0.121594 0.032357 0.804518
v -0.116721 0.031945 0.804309
v -0.111640 0.031407 0.804538
v -0.121888 0.029023 0.808058
v -0.117448 0.028574 0.807973
v -0.112843 0.028008 0.808294
v -0.122281 0.026066 0.811253
v -0.118267 0.025585 0.811260
v -0.114132 0.025000 0.811630
v 0.141362 0.159058 1.040125
v 0.123157 0.148568 1.042351
v 0.121689 0.159143 1.048228
v 0.104380 0.138843 1.043909
v 0.103086 0.147853 1.049836
v 0.101052 0.155417 1.055938
v 0.061857 0.076924 1.009022
v 0.042276 0.074724 1.009095
v 0.022416 0.073304 1.009023
v 0.060486 0.069920 1.002813
v 0.041320 0.067962 1.002920
v 0.021879 0.066699 1.002873
v 0.059004 0.063363 0.996577
v 0.040292 0.061617 0.996736
v 0.021306 0.060496 0.996727
v 0.252673 0.148592 0.937790
v 0.248331 0.135113 0.933257
v 0.256593 0.156731 0.924436
v 0.252513 0.142696 0.920481
v 0.254916 0.150247 0.906370
v 0.109552 0.018454 0.818739
v 0.111333 0.016583 0.820980
v 0.112821 0.015014 0.823055
v 0.106416 0.017862 0.819990
v 0.108550 0.016077 0.822029
v 0.110279 0.014611 0.823890
v 0.103617 0.017226 0.821605
v 0.106097 0.015566 0.823361
v 0.108062 0.014263 0.824894
v 0.165977 0.028049 0.873134
v 0.161625 0.024853 0.869805
v 0.157628 0.022074 0.866638
v 0.169761 0.030013 0.868557
v 0.165259 0.026621 0.865676
v 0.161094 0.023669 0.862934
v 0.172680 0.032096 0.863665
v 0.168083 0.028505 0.861258
v 0.163806 0.025372 0.858964
v 0.094455 0.048222 0.784614
v 0.095372 0.042962 0.790840
v 0.096587 0.038140 0.796612
v 0.087049 0.047941 0.785010
v 0.088172 0.042552 0.791633
v 0.089670 0.037557 0.797847
v 0.079310 0.047786 0.785533
v 0.080553 0.042249 0.792604
v 0.082222 0.036988 0.799459
v 0.163394 0.046925 0.810295
v 0.160273 0.042073 0.812807
v 0.157260 0.037757 0.815111
v 0.159290 0.047731 0.805890
v 0.156522 0.042816 0.808800
v 0.153849 0.038437 0.811476
v 0.154737 0.048460 0.801861
v 0.152338 0.043496 0.805142
v 0.150024 0.039064 0.808166
v 0.116244 0.010770 0.831228
v 0.113610 0.010631 0.831665
v 0.110883 0.010700 0.832028
v 0.115648 0.011596 0.829137
v 0.113105 0.011428 0.829587
v 0.110535 0.011475 0.829946
v 0.114934 0.012562 0.827083
v 0.112483 0.012340 0.827599
v 0.110135 0.012316 0.828046
v 0.142945 0.020458 0.824988
v 0.141078 0.018736 0.826019
v 0.139232 0.017302 0.826882
v 0.141218 0.020974 0.823001
v 0.139623 0.019245 0.824191
v 0.138046 0.017829 0.825166
v 0.139250 0.021432 0.821250
v 0.137975 0.019704 0.822604
v 0.136758 0.018331 0.823701
v 0.141617 0.012072 0.851638
v 0.140057 0.011246 0.849758
v 0.138735 0.010657 0.847957
v 0.143862 0.012939 0.849980
v 0.142158 0.012030 0.848380
v 0.140735 0.011384 0.846850
v 0.145664 0.013856 0.848165
v 0.143836 0.012860 0.846882
v 0.142328 0.012150 0.845698
v 0.103015 0.008402 0.850312
v 0.106288 0.007915 0.848723
v 0.109253 0.007604 0.847382
v 0.105086 0.008116 0.852847
v 0.108003 0.007652 0.850992
v 0.110614 0.007367 0.849467
v 0.107551 0.008006 0.854969
v 0.110009 0.007554 0.852879
v 0.112120 0.007289 0.851198
v 0.132367 0.013798 0.869747
v 0.131133 0.012451 0.866009
v 0.130229 0.011346 0.862573
v 0.137883 0.014550 0.868006
v 0.136135 0.013115 0.864516
v 0.134719 0.011928 0.861294
v 0.142809 0.015423 0.865926
v 0.140633 0.013889 0.862707
v 0.138800 0.012608 0.859729
v 0.229963 0.152541 0.810452
v 0.226660 0.138357 0.813420
v 0.222592 0.125268 0.816135
v 0.222805 0.154776 0.795571
v 0.220136 0.140631 0.799624
v 0.216667 0.127533 0.803370
v 0.214730 0.156300 0.781438
v 0.212681 0.142308 0.786481
v 0.209808 0.129293 0.791174
v 0.031504 0.014421 0.869619
v 0.032644 0.013839 0.875807
v 0.033850 0.013585 0.881990
v 0.021140 0.014614 0.870625
v 0.021908 0.014015 0.876878
v 0.022725 0.013737 0.883102
v 0.010642 0.014762 0.871326
v 0.011055 0.014156 0.877612
v 0.011502 0.013865 0.883855
v 0.243348 0.145935 0.965044
v 0.234209 0.137994 0.974050
v 0.223516 0.130398 0.981652
v 0.239336 0.132842 0.959834
v 0.230105 0.125415 0.968572
v 0.219394 0.118346 0.975957
v 0.234693 0.120458 0.954444
v 0.225422 0.113584 0.962878
v 0.214740 0.107073 0.970023
v 0.108375 0.049027 0.784758
v 0.114939 0.049455 0.785438
v 0.121274 0.049813 0.786531
v 0.108742 0.043927 0.790350
v 0.114998 0.044396 0.790759
v 0.121008 0.044775 0.791593
v 0.109286 0.039279 0.795541
v 0.115194 0.039796 0.795702
v 0.120853 0.040206 0.796296
v 0.120555 0.149811 0.700899
v 0.121866 0.138476 0.709618
v 0.122789 0.127702 0.718124
v 0.111638 0.148283 0.697662
v 0.112994 0.137194 0.706458
v 0.114022 0.126638 0.715058
v 0.102891 0.146771 0.694882
v 0.104252 0.135933 0.703766
v 0.105343 0.125594 0.712464
v 0.099937 0.009560 0.844502
v 0.098914 0.010406 0.841400
v 0.098248 0.011376 0.838231
v 0.103648 0.008961 0.843492
v 0.102725 0.009713 0.840691
v 0.102084 0.010565 0.837839
v 0.107014 0.008542 0.842584
v 0.106181 0.009203 0.840022
v 0.105558 0.009952 0.837421
v 0.045069 0.048686 0.786621
v 0.053999 0.048324 0.786513
v 0.062747 0.047999 0.786334
v 0.045713 0.043468 0.794269
v 0.054835 0.042965 0.794142
v 0.063810 0.042479 0.793928
v 0.046243 0.038669 0.801754
v 0.055577 0.037995 0.801646
v 0.064920 0.037236 0.801506
v 0.132007 0.009119 0.845839
v 0.129413 0.008688 0.846541
v 0.126727 0.008317 0.847193
v 0.131220 0.009213 0.843808
v 0.128680 0.008758 0.844451
v 0.126061 0.008368 0.845070
v 0.130469 0.009451 0.841784
v 0.127953 0.008961 0.842384
v 0.125365 0.008544 0.842975
v 0.062876 0.015953 0.904359
v 0.061202 0.014773 0.897801
v 0.059493 0.013919 0.891311
v 0.074636 0.016249 0.902520
v 0.072772 0.014914 0.895873
v 0.070887 0.013902 0.889266
v 0.085997 0.016682 0.900557
v 0.084018 0.015154 0.893832
v 0.082127 0.013907 0.887027
v 0.145687 0.019449 0.829499
v 0.146703 0.018970 0.831933
v 0.147477 0.018464 0.834422
v 0.143444 0.017771 0.830189
v 0.144353 0.017329 0.832433
v 0.145073 0.016870 0.834719
v 0.141262 0.016354 0.830803
v 0.142082 0.015934 0.832903
v 0.142766 0.015508 0.835033
v 0.009973 0.016974 0.858461
v 0.009732 0.018593 0.851847
v 0.009548 0.020557 0.845122
v 0.019895 0.016826 0.857858
v 0.019448 0.018452 0.851305
v 0.019113 0.020422 0.844643
v 0.029663 0.016612 0.857029
v 0.029017 0.018229 0.850577
v 0.028546 0.020191 0.844018
v 0.169967 0.045189 0.820095
v 0.172379 0.044220 0.825392
v 0.174230 0.043099 0.830862
v 0.166229 0.040498 0.821730
v 0.168391 0.039626 0.826550
v 0.170032 0.038611 0.831525
v 0.162640 0.036334 0.823214
v 0.164574 0.035550 0.827590
v 0.166029 0.034632 0.832104
v 0.211401 0.072088 0.905039
v 0.204843 0.064517 0.900520
v 0.198458 0.057641 0.896137
v 0.215734 0.076669 0.896059
v 0.209159 0.068663 0.892171
v 0.202757 0.061377 0.888403
v 0.218801 0.081242 0.886383
v 0.212263 0.072823 0.883200
v 0.205890 0.065151 0.880113
v 0.090003 0.105255 0.725526
v 0.090638 0.096730 0.733791
v 0.091178 0.088626 0.741801
v 0.081675 0.104717 0.724107
v 0.082373 0.096302 0.732532
v 0.082996 0.088284 0.740710
v 0.073377 0.104232 0.722905
v 0.074102 0.095932 0.731493
v 0.074771 0.088006 0.739834
v 0.188939 0.108755 0.780476
v 0.185924 0.098636 0.785396
v 0.182733 0.089271 0.789916
v 0.181392 0.109555 0.772140
v 0.178903 0.099506 0.777606
v 0.176219 0.090176 0.782659
v 0.173489 0.110054 0.764568
v 0.171486 0.100115 0.770505
v 0.169273 0.090862 0.776028
v 0.198709 0.063500 0.920478
v 0.190437 0.059645 0.926886
v 0.181069 0.056086 0.932497
v 0.192402 0.056795 0.914965
v 0.184367 0.053347 0.921013
v 0.175295 0.050169 0.926346
v 0.186261 0.050738 0.909593
v 0.178457 0.047675 0.915273
v 0.169675 0.044854 0.920313
v 0.159178 0.035754 0.908712
v 0.154395 0.031856 0.903167
v 0.149960 0.028335 0.897793
v 0.167415 0.037911 0.904301
v 0.162375 0.033710 0.899093
v 0.157678 0.029919 0.894066
v 0.174777 0.040259 0.899380
v 0.169518 0.035735 0.894559
v 0.164592 0.031657 0.889917
v 0.040452 0.102603 0.719663
v 0.048650 0.102971 0.720261
v 0.056867 0.103365 0.721001
v 0.041012 0.094766 0.728799
v 0.049284 0.095027 0.729282
v 0.057557 0.095305 0.729891
v 0.041552 0.087245 0.737658
v 0.049894 0.087411 0.738036
v 0.058214 0.087584 0.738524
v 0.079902 0.036557 0.956611
v 0.077394 0.032848 0.950052
v 0.074962 0.029515 0.943494
v 0.094482 0.038227 0.955083
v 0.091531 0.034293 0.948478
v 0.088671 0.030758 0.941881
v 0.108594 0.040148 0.953201
v 0.105208 0.035968 0.946565
v 0.101930 0.032213 0.939947
v 0.106757 0.106540 0.729183
v 0.115171 0.107264 0.731543
v 0.123596 0.107996 0.734365
v 0.107144 0.097810 0.737155
v 0.115375 0.098431 0.739376
v 0.123582 0.099047 0.742046
v 0.107391 0.089555 0.744847
v 0.115416 0.090099 0.746911
v 0.123385 0.090626 0.749408
v 0.065071 0.123710 1.045535
v 0.064306 0.130603 1.051533
v 0.063115 0.136271 1.057584
v 0.044645 0.118823 1.045825
v 0.044149 0.125066 1.051854
v 0.043372 0.130161 1.057902
v 0.023862 0.115763 1.045894
v 0.023630 0.121619 1.051949
v 0.023254 0.126369 1.058002
v 0.116199 0.019713 0.817178
v 0.119513 0.020376 0.816813
v 0.122769 0.020985 0.816701
v 0.117312 0.017751 0.819608
v 0.120324 0.018395 0.819247
v 0.123295 0.019003 0.819087
v 0.118314 0.016084 0.821869
v 0.121096 0.016704 0.821516
v 0.123842 0.017306 0.821312
v 0.065324 0.108131 1.033516
v 0.044763 0.104444 1.033695
v 0.023865 0.102102 1.033688
v 0.064868 0.100088 1.027449
v 0.044419 0.096874 1.027573
v 0.023650 0.094820 1.027531
v 0.064099 0.092105 1.021344
v 0.043861 0.089288 1.021426
v 0.023321 0.087480 1.021358
v 0.142114 0.134669 1.029005
v 0.123856 0.126706 1.030896
v 0.104948 0.119428 1.032213
v 0.141388 0.123225 1.023398
v 0.123190 0.116228 1.025129
v 0.104337 0.109891 1.026321
v 0.140001 0.112397 1.017666
v 0.121936 0.106217 1.019268
v 0.103223 0.100664 1.020356
v 0.135501 0.092863 1.005600
v 0.117941 0.087959 1.007084
v 0.099773 0.083600 1.008099
v 0.132571 0.084181 0.999260
v 0.115372 0.079783 1.000758
v 0.097589 0.075881 1.001806
v 0.129348 0.076166 0.992786
v 0.112557 0.072212 0.994328
v 0.095208 0.068704 0.995439
v 0.021625 0.154052 0.654910
v 0.014238 0.153293 0.654243
v 0.006882 0.152779 0.653935
v 0.051620 0.159044 0.661195
v 0.044036 0.157563 0.659141
v 0.036515 0.156216 0.657375
v 0.138287 0.013294 0.835780
v 0.136048 0.012381 0.836223
v 0.133775 0.011574 0.836699
v 0.137617 0.013727 0.833807
v 0.135364 0.012846 0.834259
v 0.133074 0.012071 0.834717
v 0.136895 0.014182 0.831847
v 0.134656 0.013348 0.832305
v 0.132370 0.012621 0.832741
v 0.046585 0.030503 0.816112
v 0.055819 0.029654 0.815983
v 0.064919 0.028496 0.816095
v 0.046461 0.027139 0.822971
v 0.055413 0.026327 0.822745
v 0.063982 0.025245 0.822749
v 0.046353 0.024198 0.829639
v 0.055093 0.023457 0.829258
v 0.063360 0.022492 0.829048
v 0.009246 0.031917 0.817170
v 0.018619 0.031801 0.816920
v 0.027970 0.031541 0.816637
v 0.009288 0.028530 0.824331
v 0.018679 0.028408 0.824031
v 0.028020 0.028148 0.823678
v 0.009339 0.025517 0.831367
v 0.018753 0.025391 0.831011
v 0.028087 0.025141 0.830577
v 0.135916 0.010669 0.854486
v 0.132557 0.010144 0.855651
v 0.128951 0.009692 0.856608
v 0.134764 0.009981 0.852169
v 0.131686 0.009510 0.853177
v 0.128418 0.009103 0.854022
v 0.133753 0.009490 0.849988
v 0.130897 0.009053 0.850868
v 0.127896 0.008675 0.851628
v 0.100294 0.029841 0.806262
v 0.102673 0.026361 0.810096
v 0.105131 0.023311 0.813390
v 0.094591 0.029047 0.807987
v 0.097794 0.025577 0.811794
v 0.100960 0.022577 0.814979
v 0.088857 0.028050 0.810434
v 0.093190 0.024629 0.814110
v 0.097152 0.021726 0.817084
v 0.122726 0.075143 0.763107
v 0.122352 0.068057 0.769440
v 0.121975 0.061451 0.775447
v 0.115263 0.074735 0.761017
v 0.115154 0.067684 0.767581
v 0.115050 0.061098 0.773833
v 0.107682 0.074291 0.759333
v 0.107806 0.067271 0.766120
v 0.107947 0.060699 0.772615
v 0.186450 0.045678 0.887851
v 0.180890 0.040504 0.883956
v 0.175625 0.035849 0.880213
v 0.190663 0.048693 0.881272
v 0.185024 0.043210 0.877912
v 0.179659 0.038280 0.874679
v 0.193801 0.051789 0.874241
v 0.188133 0.046016 0.871457
v 0.182721 0.040821 0.868769
v 0.122635 0.010170 0.834541
v 0.125161 0.010702 0.834072
v 0.127625 0.011306 0.833616
v 0.123296 0.009631 0.836660
v 0.125840 0.010138 0.836157
v 0.128319 0.010724 0.835665
v 0.123972 0.009184 0.838778
v 0.126532 0.009662 0.838242
v 0.129025 0.010221 0.837715
v 0.117391 0.009445 0.835518
v 0.118018 0.008921 0.837696
v 0.118682 0.008484 0.839867
v 0.114645 0.009301 0.836014
v 0.115260 0.008753 0.838234
v 0.115937 0.008287 0.840444
v 0.111779 0.009326 0.836504
v 0.112388 0.008733 0.838797
v 0.113096 0.008217 0.841073
v 0.192285 0.067364 0.827116
v 0.187555 0.060317 0.828249
v 0.182998 0.053918 0.829239
v 0.189292 0.068971 0.819310
v 0.184902 0.061795 0.821086
v 0.180644 0.055271 0.822677
v 0.185612 0.070336 0.811773
v 0.181592 0.063059 0.814164
v 0.177662 0.056437 0.816331
v 0.092129 0.073572 0.757040
v 0.092611 0.066613 0.764278
v 0.093137 0.060056 0.771280
v 0.084153 0.073354 0.756326
v 0.084754 0.066431 0.763788
v 0.085413 0.059882 0.771045
v 0.076054 0.073216 0.755811
v 0.076731 0.066337 0.763481
v 0.077475 0.059805 0.770975
v 0.202436 0.106241 0.799424
v 0.208125 0.104491 0.809871
v 0.212937 0.102368 0.820754
v 0.198285 0.096124 0.802987
v 0.203409 0.094447 0.812635
v 0.207703 0.092439 0.822666
v 0.194011 0.086827 0.806213
v 0.198602 0.085249 0.815110
v 0.202415 0.083371 0.824347
v 0.176215 0.072579 0.797879
v 0.172984 0.065197 0.801382
v 0.169772 0.058460 0.804601
v 0.170608 0.073501 0.791648
v 0.167777 0.066113 0.795639
v 0.164942 0.059355 0.799327
v 0.164531 0.074272 0.785937
v 0.162096 0.066900 0.790373
v 0.159641 0.060142 0.794491
v 0.229761 0.156761 0.992086
v 0.151749 0.030501 0.819131
v 0.149287 0.027474 0.820862
v 0.147009 0.024809 0.822412
v 0.148952 0.031090 0.816162
v 0.146767 0.028040 0.818185
v 0.144754 0.025358 0.819997
v 0.145792 0.031635 0.813477
v 0.143913 0.028558 0.815773
v 0.142197 0.025855 0.817833
v 0.150822 0.017614 0.860857
v 0.148014 0.015858 0.858261
v 0.145565 0.014371 0.855861
v 0.153888 0.018918 0.857926
v 0.150860 0.017038 0.855679
v 0.148192 0.015438 0.853605
v 0.156321 0.020308 0.854771
v 0.153132 0.018294 0.852889
v 0.150300 0.016572 0.851158
v 0.084325 0.011757 0.858807
v 0.090104 0.010839 0.856491
v 0.095052 0.009911 0.854240
v 0.087692 0.011371 0.863297
v 0.093225 0.010470 0.860349
v 0.097840 0.009569 0.857559
v 0.092019 0.011266 0.867510
v 0.097098 0.010330 0.863738
v 0.101222 0.009431 0.860381
v 0.158830 0.027890 0.833055
v 0.155659 0.025038 0.833448
v 0.152733 0.022522 0.833801
v 0.157679 0.028642 0.829360
v 0.154628 0.025722 0.830111
v 0.151803 0.023143 0.830783
v 0.156123 0.029291 0.825774
v 0.153227 0.026323 0.826867
v 0.150541 0.023703 0.827847
v 0.077660 0.016062 0.839738
v 0.083720 0.014817 0.839310
v 0.089137 0.013555 0.838944
v 0.078429 0.014587 0.844658
v 0.084471 0.013466 0.843767
v 0.089861 0.012332 0.842933
v 0.079778 0.013371 0.849465
v 0.085775 0.012340 0.848119
v 0.091086 0.011297 0.846828
v 0.144580 0.049569 0.795047
v 0.142922 0.044552 0.798997
v 0.141338 0.040052 0.802652
v 0.139083 0.049901 0.792288
v 0.137784 0.044877 0.796539
v 0.136561 0.040358 0.800479
v 0.133348 0.050061 0.789953
v 0.132402 0.045035 0.794488
v 0.131536 0.040502 0.798697
v 0.151374 0.075291 0.776187
v 0.149700 0.068002 0.781388
v 0.147995 0.061281 0.786253
v 0.144442 0.075525 0.772151
v 0.143123 0.068290 0.777678
v 0.141778 0.061598 0.782865
v 0.137330 0.075575 0.768644
v 0.136349 0.068396 0.774464
v 0.135347 0.061735 0.779945
v 0.176000 0.036316 0.853151
v 0.171362 0.032362 0.851748
v 0.167008 0.028890 0.850399
v 0.176497 0.038313 0.847645
v 0.171906 0.034205 0.846760
v 0.167579 0.030586 0.845895
v 0.176318 0.040148 0.842054
v 0.171817 0.035901 0.841690
v 0.167558 0.032150 0.841311
v 0.196909 0.057843 0.859116
v 0.191336 0.051552 0.857585
v 0.186000 0.045877 0.856077
v 0.196979 0.060640 0.851192
v 0.191534 0.054126 0.850321
v 0.186319 0.048239 0.849435
v 0.196174 0.063198 0.843153
v 0.190912 0.056483 0.842953
v 0.185871 0.050404 0.842697
v 0.069717 0.013172 0.863180
v 0.072729 0.012732 0.868672
v 0.076292 0.012654 0.874313
v 0.060970 0.013615 0.865105
v 0.063451 0.013133 0.870868
v 0.066159 0.013002 0.876742
v 0.051552 0.013941 0.866832
v 0.053534 0.013418 0.872785
v 0.055622 0.013238 0.878804
v 0.121326 0.007656 0.848297
v 0.118735 0.007392 0.848772
v 0.116304 0.007230 0.849270
v 0.120771 0.007703 0.846198
v 0.118164 0.007445 0.846760
v 0.115604 0.007284 0.847413
v 0.120097 0.007868 0.844114
v 0.117441 0.007622 0.844714
v 0.114759 0.007476 0.845414
v 0.125012 0.014642 0.825500
v 0.125635 0.013609 0.827534
v 0.126281 0.012730 0.829555
v 0.122520 0.014041 0.825788
v 0.123187 0.013001 0.827867
v 0.123841 0.012117 0.829931
v 0.119990 0.013457 0.826148
v 0.120694 0.012428 0.828246
v 0.121350 0.011552 0.830336
v 0.134562 0.021957 0.818626
v 0.133950 0.020151 0.820379
v 0.133524 0.018688 0.821931
v 0.131867 0.021968 0.817766
v 0.131559 0.020090 0.819734
v 0.131424 0.018511 0.821544
v 0.128981 0.021810 0.817174
v 0.128956 0.019877 0.819324
v 0.129063 0.018226 0.821325
v 0.138515 0.032467 0.809087
v 0.137310 0.029311 0.811878
v 0.136247 0.026530 0.814392
v 0.134463 0.032697 0.807418
v 0.133618 0.029487 0.810426
v 0.132905 0.026650 0.813144
v 0.130178 0.032765 0.806100
v 0.129707 0.029498 0.809304
v 0.129358 0.026600 0.812203
v 0.168539 0.103899 1.000910
v 0.165000 0.094111 0.994649
v 0.161083 0.085086 0.988191
v 0.183842 0.109947 0.997509
v 0.180069 0.099582 0.991345
v 0.175881 0.090007 0.984959
v 0.198184 0.116367 0.993246
v 0.194233 0.105425 0.987213
v 0.189829 0.095285 0.980938
v 0.176533 0.151448 1.023127
v 0.175608 0.138310 1.017950
v 0.173935 0.125986 1.012563
v 0.192476 0.159965 1.018993
v 0.191421 0.146172 1.014063
v 0.189604 0.133228 1.008876
v 0.206162 0.154245 1.009296
v 0.204226 0.140767 1.004301
v 0.113784 0.008235 0.857490
v 0.115176 0.007761 0.855010
v 0.116162 0.007458 0.852894
v 0.117446 0.008522 0.857865
v 0.118299 0.008021 0.855255
v 0.118842 0.007673 0.852935
v 0.121288 0.008882 0.857778
v 0.121627 0.008355 0.855114
v 0.121773 0.007975 0.852697
v 0.104941 0.011675 0.872306
v 0.107496 0.010589 0.867695
v 0.109910 0.009656 0.863760
v 0.112481 0.012067 0.872547
v 0.113625 0.010922 0.868145
v 0.114993 0.009965 0.864255
v 0.119636 0.012561 0.872092
v 0.119764 0.011357 0.867909
v 0.120227 0.010366 0.864136
v 0.046754 0.019422 0.842497
v 0.055346 0.018851 0.841695
v 0.063437 0.018116 0.840935
v 0.047424 0.017545 0.848726
v 0.056074 0.017050 0.847689
v 0.064199 0.016412 0.846637
v 0.048439 0.016005 0.854846
v 0.057241 0.015579 0.853570
v 0.065481 0.015021 0.852222
v 0.135322 0.015247 0.828110
v 0.133196 0.014533 0.828526
v 0.130971 0.013924 0.828876
v 0.134532 0.015896 0.826397
v 0.132502 0.015265 0.826728
v 0.130321 0.014727 0.826991
v 0.133836 0.016647 0.824820
v 0.131913 0.016140 0.824985
v 0.129757 0.015683 0.825118
v 0.140505 0.011774 0.843062
v 0.138705 0.010982 0.843653
v 0.136688 0.010261 0.844358
v 0.139982 0.012023 0.841422
v 0.137989 0.011171 0.841903
v 0.135885 0.010413 0.842500
v 0.139462 0.012413 0.839629
v 0.137341 0.011515 0.840068
v 0.135160 0.010720 0.840602
v 0.107160 0.018073 0.896637
v 0.104986 0.016147 0.890258
v 0.103410 0.014442 0.883877
v 0.116853 0.019013 0.894672
v 0.114512 0.016907 0.888704
v 0.112813 0.015045 0.882916
v 0.125935 0.020053 0.892565
v 0.123347 0.017772 0.887000
v 0.121360 0.015755 0.881679
v 0.119308 0.028486 0.922105
v 0.115846 0.025426 0.915708
v 0.112652 0.022687 0.909346
v 0.130204 0.030099 0.919311
v 0.126386 0.026875 0.913053
v 0.122867 0.023976 0.906868
v 0.140502 0.031860 0.916175
v 0.136338 0.028450 0.910105
v 0.132499 0.025375 0.904149
v 0.042624 0.073119 0.754670
v 0.051105 0.073118 0.754856
v 0.059517 0.073117 0.755108
v 0.043181 0.066516 0.762881
v 0.051743 0.066437 0.762976
v 0.060208 0.066361 0.763111
v 0.043769 0.060234 0.770927
v 0.052427 0.060073 0.770941
v 0.060960 0.059923 0.770962
v 0.008327 0.072814 0.754580
v 0.016937 0.072933 0.754529
v 0.025527 0.073032 0.754515
v 0.008463 0.066442 0.762960
v 0.017185 0.066524 0.762890
v 0.025883 0.066570 0.762842
v 0.008599 0.060409 0.771152
v 0.017434 0.060451 0.771065
v 0.026246 0.060439 0.770988
v 0.008870 0.049398 0.787071
v 0.017940 0.049366 0.786947
v 0.026998 0.049239 0.786821
v 0.008997 0.044444 0.794818
v 0.018177 0.044381 0.794671
v 0.027355 0.044203 0.794520
v 0.009107 0.039872 0.802419
v 0.018380 0.039784 0.802246
v 0.027655 0.039565 0.802062
v 0.099661 0.015591 0.826070
v 0.102825 0.014210 0.827123
v 0.105510 0.013197 0.827872
v 0.098595 0.014582 0.828859
v 0.102054 0.013341 0.829535
v 0.105108 0.012407 0.829961
v 0.098049 0.013510 0.831884
v 0.101714 0.012417 0.832188
v 0.105007 0.011581 0.832316
v 0.080625 0.024347 0.818831
v 0.086575 0.021757 0.821063
v 0.091628 0.019389 0.823048
v 0.078796 0.021961 0.824178
v 0.084825 0.019924 0.825480
v 0.090071 0.017933 0.826781
v 0.077797 0.019758 0.829494
v 0.083848 0.018095 0.830100
v 0.089197 0.016416 0.830779
v 0.013381 0.015647 0.909005
v 0.012902 0.014767 0.902683
v 0.012431 0.014177 0.896376
v 0.025999 0.015630 0.908334
v 0.025184 0.014714 0.901974
v 0.024375 0.014093 0.895638
v 0.038490 0.015665 0.907320
v 0.037358 0.014688 0.900906
v 0.036225 0.014015 0.894529
v 0.015442 0.022048 0.934256
v 0.014904 0.020024 0.927948
v 0.014381 0.018278 0.921641
v 0.029549 0.022232 0.933747
v 0.028606 0.020151 0.927398
v 0.027702 0.018353 0.921052
v 0.043465 0.022578 0.932940
v 0.042130 0.020412 0.926543
v 0.040859 0.018532 0.920147
v 0.070432 0.023805 0.930447
v 0.068361 0.021387 0.923954
v 0.066416 0.019267 0.917454
v 0.083359 0.024696 0.928771
v 0.080941 0.022123 0.922249
v 0.078684 0.019855 0.915716
v 0.095847 0.025774 0.926818
v 0.093086 0.023037 0.920295
v 0.090522 0.020612 0.913763
v 0.147836 0.015655 0.844044
v 0.145726 0.014426 0.843385
v 0.143858 0.013434 0.842911
v 0.148243 0.016476 0.841763
v 0.145988 0.015121 0.841375
v 0.143907 0.013970 0.841148
v 0.148279 0.017227 0.839377
v 0.145924 0.015772 0.839234
v 0.143704 0.014517 0.839207
v 0.159284 0.023186 0.847909
v 0.155936 0.020868 0.846788
v 0.152920 0.018860 0.845764
v 0.159874 0.024576 0.844274
v 0.156519 0.022097 0.843539
v 0.153475 0.019937 0.842867
v 0.159954 0.025858 0.840559
v 0.156630 0.023230 0.840207
v 0.153594 0.020925 0.839885
v 0.078387 0.149936 1.096329
v 0.059496 0.142105 1.070007
v 0.057238 0.141982 1.076344
v 0.054893 0.140055 1.082659
v 0.041029 0.135402 1.070162
v 0.039574 0.135291 1.076342
v 0.038061 0.133515 1.082473
v 0.022114 0.131236 1.070178
v 0.021407 0.131115 1.076269
v 0.020671 0.129412 1.082294
v 0.155758 0.024757 0.881139
v 0.149376 0.023438 0.884535
v 0.142234 0.022256 0.887554
v 0.151887 0.021894 0.877013
v 0.145819 0.020714 0.880051
v 0.139010 0.019667 0.882721
v 0.148420 0.019398 0.873088
v 0.142699 0.018328 0.875786
v 0.136268 0.017389 0.878121
v 0.237543 0.110581 0.923930
v 0.231312 0.099656 0.919166
v 0.224759 0.089611 0.914397
v 0.241982 0.117075 0.912401
v 0.235756 0.105643 0.908271
v 0.229166 0.095114 0.904139
v 0.244819 0.123522 0.899775
v 0.238694 0.111584 0.896392
v 0.232159 0.100577 0.893003
v 0.204250 0.086938 0.957678
v 0.198602 0.078076 0.951376
v 0.192801 0.069995 0.945049
v 0.214681 0.092349 0.951035
v 0.208813 0.082975 0.944983
v 0.202749 0.074413 0.938910
v 0.223816 0.098117 0.943256
v 0.217776 0.088223 0.937539
v 0.211497 0.079167 0.931804
v 0.085898 0.143929 0.690108
v 0.087181 0.133583 0.699282
v 0.088293 0.123677 0.708258
v 0.077632 0.142628 0.687963
v 0.078842 0.132517 0.697349
v 0.079923 0.122821 0.706509
v 0.069494 0.141399 0.685973
v 0.070616 0.131515 0.695596
v 0.071643 0.122020 0.704960
v 0.196708 0.157592 0.756536
v 0.195764 0.144124 0.763116
v 0.194016 0.131481 0.769329
v 0.187128 0.157526 0.745982
v 0.186653 0.144374 0.753098
v 0.185410 0.131980 0.759869
v 0.177370 0.157079 0.736605
v 0.177309 0.144249 0.744138
v 0.176528 0.132117 0.751359
v 0.157116 0.110166 0.751695
v 0.155940 0.100545 0.758401
v 0.154543 0.091548 0.764709
v 0.148798 0.109840 0.746360
v 0.147964 0.100403 0.753375
v 0.146910 0.091567 0.760010
v 0.140425 0.109331 0.741716
v 0.139894 0.100077 0.748996
v 0.139150 0.091401 0.755915
v 0.157886 0.155316 0.721065
v 0.158495 0.143056 0.729192
v 0.158491 0.131422 0.737057
v 0.148323 0.154117 0.714757
v 0.149188 0.142096 0.723097
v 0.149495 0.130684 0.731187
v 0.138904 0.152769 0.709338
v 0.139972 0.140972 0.717843
v 0.140537 0.129773 0.726109
v 0.221390 0.089754 0.865413
v 0.215031 0.080646 0.863820
v 0.208786 0.072343 0.862238
v 0.220976 0.093507 0.854378
v 0.214768 0.084134 0.853642
v 0.208634 0.075593 0.852860
v 0.219426 0.096879 0.843161
v 0.213441 0.087284 0.843305
v 0.207486 0.078543 0.843342
v 0.245769 0.135592 0.871729
v 0.240216 0.122637 0.870196
v 0.234142 0.110697 0.868616
v 0.243952 0.140917 0.856681
v 0.238865 0.127490 0.856224
v 0.233190 0.115127 0.855679
v 0.240673 0.145596 0.841282
v 0.236135 0.131778 0.841956
v 0.230944 0.119063 0.842494
v 0.135299 0.044589 0.948308
v 0.131059 0.039893 0.941673
v 0.126949 0.035679 0.935084
v 0.147798 0.047096 0.945212
v 0.143141 0.042131 0.938622
v 0.138622 0.037680 0.932098
v 0.159641 0.049828 0.941592
v 0.154583 0.044577 0.935091
v 0.149670 0.039870 0.928675
v 0.152665 0.069095 0.974984
v 0.148337 0.062057 0.968324
v 0.143978 0.055637 0.961648
v 0.166799 0.073039 0.971824
v 0.162085 0.065582 0.965176
v 0.157318 0.058784 0.958509
v 0.180174 0.077294 0.967964
v 0.175107 0.069394 0.961373
v 0.169959 0.062198 0.954759
v 0.037880 0.137182 0.679739
v 0.045671 0.138113 0.680995
v 0.053529 0.139137 0.682473
v 0.038562 0.128074 0.690283
v 0.046473 0.128836 0.691336
v 0.054445 0.129672 0.692586
v 0.039227 0.119263 0.700434
v 0.047246 0.119877 0.701313
v 0.055315 0.120549 0.702368
v 0.007168 0.134734 0.677340
v 0.014797 0.135123 0.677549
v 0.022453 0.135671 0.678009
v 0.007322 0.126035 0.688296
v 0.015090 0.126370 0.688466
v 0.022881 0.126829 0.688845
v 0.007478 0.117575 0.698806
v 0.015382 0.117864 0.698941
v 0.023304 0.118247 0.699249
v 0.007778 0.101465 0.718647
v 0.015936 0.101687 0.718714
v 0.024099 0.101956 0.718896
v 0.007919 0.093844 0.728051
v 0.016194 0.094044 0.728085
v 0.024467 0.094271 0.728209
v 0.008056 0.086524 0.737154
v 0.016444 0.086701 0.737155
v 0.024824 0.086890 0.737227
v 0.017718 0.032952 0.959533
v 0.017133 0.029770 0.953223
v 0.016558 0.026910 0.946897
v 0.033703 0.033395 0.959225
v 0.032618 0.030139 0.952860
v 0.031558 0.027214 0.946482
v 0.049454 0.034131 0.958657
v 0.047879 0.030764 0.952226
v 0.046346 0.027740 0.945785
v 0.020113 0.049498 0.984423
v 0.019511 0.044726 0.978250
v 0.018909 0.040399 0.972049
v 0.038126 0.050361 0.984337
v 0.037022 0.045468 0.978110
v 0.035912 0.041029 0.971854
v 0.055871 0.051721 0.984048
v 0.054271 0.046647 0.977752
v 0.052662 0.042041 0.971426
v 0.090167 0.055961 0.982594
v 0.087601 0.050373 0.976141
v 0.085026 0.045289 0.969661
v 0.106593 0.058774 0.981329
v 0.103561 0.052867 0.974801
v 0.100522 0.047482 0.968252
v 0.122502 0.061950 0.979662
v 0.119020 0.055689 0.973070
v 0.115528 0.049977 0.966462
v 0.121025 0.032314 0.804520
v 0.121348 0.028940 0.808046
v 0.121775 0.025934 0.811226
v 0.116169 0.031820 0.804291
v 0.116926 0.028402 0.807939
v 0.117780 0.025359 0.811211
v 0.111105 0.031212 0.804481
v 0.112338 0.027761 0.808222
v 0.113661 0.024695 0.811547
v -0.156501 0.160000 1.033113
v -0.095976 0.160000 1.061681
v -0.251164 0.160000 0.956346
v -0.256439 0.160000 0.892336
v -0.092678 0.160000 0.678747
v -0.059739 0.160000 0.663303
v -0.238508 0.160000 0.825222
v -0.207144 0.160000 0.767249
v -0.246102 0.160000 0.968544
v -0.129311 0.160000 0.696838
v -0.114584 0.160000 0.689026
v -0.029458 0.160000 0.650139
v -0.000449 0.160000 0.644077
v -0.217393 0.160000 1.001913
v -0.167042 0.160000 1.028719
v -0.244601 0.160000 0.841196
v -0.084577 0.160000 1.089388
v -0.168715 0.160000 0.724702
v 0.159524 0.160000 1.033307
v 0.097109 0.160000 1.062364
v 0.252025 0.160000 0.956433
v 0.256054 0.160000 0.891407
v 0.092194 0.160000 0.680272
v 0.059342 0.160000 0.664119
v 0.238072 0.160000 0.824397
v 0.206043 0.160000 0.767160
v 0.246941 0.160000 0.969619
v 0.110605 0.160000 0.688951
v 0.128420 0.160000 0.698426
v 0.028784 0.160000 0.649796
v 0.219302 0.160000 1.002691
v 0.166923 0.160000 1.030239
v 0.244751 0.160000 0.842193
v 0.086258 0.160000 1.089865
v 0.167269 0.160000 0.726070
v -0.137783 0.160000 1.040664
v -0.122340 0.160000 1.047017
v -0.117414 0.160000 1.049472
v -0.106602 0.160000 1.054577
v -0.142809 0.160000 1.038538
v -0.255064 0.160000 0.941617
v -0.257138 0.160000 0.925822
v -0.257415 0.160000 0.917751
v -0.257581 0.160000 0.909303
v -0.254126 0.160000 0.945355
v -0.062973 0.160000 0.664863
v -0.067668 0.160000 0.667068
v -0.075786 0.160000 0.670915
v -0.084116 0.160000 0.674810
v -0.231618 0.160000 0.809615
v -0.224053 0.160000 0.794664
v -0.215868 0.160000 0.780489
v -0.119831 0.160000 0.691660
v -0.022142 0.160000 0.647710
v -0.014885 0.160000 0.645821
v -0.007663 0.160000 0.644578
v -0.051976 0.160000 0.659664
v -0.044355 0.160000 0.656206
v -0.036856 0.160000 0.653003
v -0.101489 0.160000 0.682764
v -0.110552 0.160000 0.687011
v -0.228518 0.160000 0.992403
v -0.232820 0.160000 0.987683
v -0.245551 0.160000 0.969789
v -0.237907 0.160000 0.981746
v -0.192226 0.160000 1.017257
v -0.204488 0.160000 1.010458
v -0.173972 0.160000 1.025827
v -0.190067 0.160000 1.018402
v -0.214774 0.160000 1.003728
v -0.244678 0.160000 0.841407
v -0.249664 0.160000 0.858089
v -0.253713 0.160000 0.875144
v -0.255268 0.160000 0.884469
v -0.086892 0.160000 1.096590
v -0.086860 0.160000 1.096293
v -0.085333 0.160000 1.077088
v -0.084133 0.160000 1.082356
v -0.092200 0.160000 1.065632
v -0.089092 0.160000 1.068588
v -0.085475 0.160000 1.075447
v -0.197974 0.160000 0.755089
v -0.188443 0.160000 0.743975
v -0.178651 0.160000 0.733854
v -0.158753 0.160000 0.716500
v -0.148828 0.160000 0.709176
v -0.138994 0.160000 0.702649
v 0.141250 0.160000 1.040561
v 0.122946 0.160000 1.048067
v 0.121475 0.160000 1.048798
v 0.107510 0.160000 1.055392
v 0.142919 0.160000 1.039857
v 0.098571 0.160000 1.061475
v 0.255578 0.160000 0.941405
v 0.257322 0.160000 0.925321
v 0.257423 0.160000 0.918481
v 0.257413 0.160000 0.908546
v 0.254517 0.160000 0.946133
v 0.083686 0.160000 0.676232
v 0.075392 0.160000 0.672185
v 0.067287 0.160000 0.668139
v 0.214981 0.160000 0.780110
v 0.223377 0.160000 0.794077
v 0.231107 0.160000 0.808888
v 0.119071 0.160000 0.693252
v 0.021385 0.160000 0.647296
v 0.014057 0.160000 0.645468
v 0.006785 0.160000 0.644378
v 0.051533 0.160000 0.660171
v 0.043846 0.160000 0.656382
v 0.036267 0.160000 0.652874
v 0.056248 0.160000 0.662581
v 0.109914 0.160000 0.688601
v 0.100936 0.160000 0.684341
v 0.230217 0.160000 0.993151
v 0.233817 0.160000 0.989051
v 0.239333 0.160000 0.982334
v 0.246719 0.160000 0.970158
v 0.192537 0.160000 1.018973
v 0.206632 0.160000 1.011184
v 0.215537 0.160000 1.005321
v 0.192476 0.160000 1.019004
v 0.176617 0.160000 1.026223
v 0.255133 0.160000 0.885407
v 0.253195 0.160000 0.874153
v 0.249181 0.160000 0.857121
v 0.089537 0.160000 1.098968
v 0.088491 0.160000 1.097064
v 0.085894 0.160000 1.083078
v 0.085833 0.160000 1.082850
v 0.086562 0.160000 1.075977
v 0.090070 0.160000 1.069171
v 0.177189 0.160000 0.734924
v 0.187041 0.160000 0.744663
v 0.196695 0.160000 0.755372
v 0.137945 0.160000 0.704250
v 0.147614 0.160000 0.710775
v 0.157397 0.160000 0.718036
v 0.244218 0.160000 0.840500
f 1456 1457 1459 1458
f 3329 1458 3330
f 1110 3 22
f 224 225 1456 1455
f 225 226 1457 1456
f 226 36 227 1457
f 1457 227 228 1459
f 1459 228 229 1460
f 1460 229 42 230
f 3331 1460 230 3294
f 3332 1455 3328
f 1461 1462 1465 1464
f 1462 1463 1466 1465
f 1464 1465 1468 1467
f 1465 1466 1469 1468
f 80 236 1461 231
f 236 235 1462 1461
f 235 234 1463 1462
f 234 56 237 1463
f 1463 237 238 1466
f 1466 238 239 1469
f 1469 239 127 240
f 1468 1469 240 241
f 1467 1468 241 242
f 233 1467 242 155
f 232 1464 1467 233
f 231 1461 1464 232
f 3333 3334 1471 1470
f 3334 3335 1471
f 1470 1471 1473 1472
f 3295 3337 245
f 3336 3296 246 1474
f 1474 246 10 247
f 1473 1474 247 248
f 1472 1473 248 249
f 243 1472 249 77
f 244 1470 1472 243
f 3338 3298 250
f 3338 250 13 251 3339
f 3340 3339 251 252
f 3341 3340 252 253
f 3297 3341 253 72
f 1475 1476 1479 1478
f 1476 1477 1480 1479
f 1478 1479 1482 1481
f 1479 1480 1483 1482
f 82 259 1475 256
f 259 258 1476 1475
f 258 257 1477 1476
f 257 78 262 1477
f 1477 262 261 1480
f 1480 261 260 1483
f 1483 260 21 263
f 1482 1483 263 264
f 1481 1482 264 265
f 254 1481 265 65
f 255 1478 1481 254
f 256 1475 1478 255
f 1484 1485 1488 1487
f 1485 1486 1489 1488
f 1487 1488 1491 1490
f 1488 1489 1492 1491
f 83 271 1484 268
f 271 270 1485 1484
f 270 269 1486 1485
f 269 47 274 1486
f 1486 274 273 1489
f 1489 273 272 1492
f 1492 272 14 275
f 1491 1492 275 276
f 1490 1491 276 277
f 266 1490 277 74
f 267 1487 1490 266
f 268 1484 1487 267
f 1493 1494 1497 1496
f 1494 1495 1498 1497
f 1496 1497 1500 1499
f 1497 1498 1501 1500
f 84 283 1493 280
f 283 282 1494 1493
f 282 281 1495 1494
f 281 45 286 1495
f 1495 286 285 1498
f 1498 285 284 1501
f 1501 284 17 287
f 1500 1501 287 288
f 1499 1500 288 289
f 278 1499 289 59
f 279 1496 1499 278
f 280 1493 1496 279
f 1502 1503 1506 1505
f 1503 1504 1507 1506
f 1505 1506 1509 1508
f 1506 1507 1510 1509
f 85 295 1502 292
f 295 294 1503 1502
f 294 293 1504 1503
f 293 49 298 1504
f 1504 298 297 1507
f 1507 297 296 1510
f 1510 296 16 299
f 1509 1510 299 300
f 1508 1509 300 301
f 290 1508 301 73
f 291 1505 1508 290
f 292 1502 1505 291
f 1511 1512 1515 1514
f 1512 1513 1516 1515
f 1514 1515 1518 1517
f 1515 1516 1519 1518
f 86 307 1511 304
f 307 306 1512 1511
f 306 305 1513 1512
f 305 65 265 1513
f 1513 265 264 1516
f 1516 264 263 1519
f 1519 263 21 308
f 1518 1519 308 309
f 1517 1518 309 310
f 302 1517 310 67
f 303 1514 1517 302
f 304 1511 1514 303
f 1520 1521 1524 1523
f 1521 1522 1525 1524
f 1523 1524 1527 1526
f 1524 1525 1528 1527
f 87 316 1520 313
f 316 315 1521 1520
f 315 314 1522 1521
f 314 61 319 1522
f 1522 319 318 1525
f 1525 318 317 1528
f 1528 317 20 320
f 1527 1528 320 321
f 1526 1527 321 322
f 311 1526 322 55
f 312 1523 1526 311
f 313 1520 1523 312
f 1529 1530 1533 1532
f 1530 1531 1534 1533
f 1532 1533 1536 1535
f 1533 1534 1537 1536
f 88 328 1529 325
f 328 327 1530 1529
f 327 326 1531 1530
f 326 57 331 1531
f 1531 331 330 1534
f 1534 330 329 1537
f 1537 329 18 332
f 1536 1537 332 333
f 1535 1536 333 334
f 323 1535 334 64
f 324 1532 1535 323
f 325 1529 1532 324
f 1538 1539 1542 1541
f 1539 1540 1543 1542
f 1541 1542 1545 1544
f 1542 1543 1546 1545
f 89 340 1538 337
f 340 339 1539 1538
f 339 338 1540 1539
f 338 58 343 1540
f 1540 343 342 1543
f 1543 342 341 1546
f 1546 341 19 344
f 1545 1546 344 345
f 1544 1545 345 346
f 335 1544 346 60
f 336 1541 1544 335
f 337 1538 1541 336
f 1547 1548 1551 1550
f 1548 1549 1552 1551
f 1550 1551 1554 1553
f 1551 1552 1555 1554
f 68 350 1547 347
f 350 351 1548 1547
f 351 352 1549 1548
f 352 74 353 1549
f 1549 353 354 1552
f 1552 354 355 1555
f 1555 355 88 356
f 1554 1555 356 357
f 1553 1554 357 358
f 349 1553 358 96
f 348 1550 1553 349
f 347 1547 1550 348
f 1556 1557 1560 1559
f 1557 1558 1561 1560
f 1559 1560 1563 1562
f 1560 1561 1564 1563
f 3299 3342 1556 359
f 3342 3343 1557 1556
f 3343 3344 1558 1557
f 3344 3300 362 1558
f 1558 362 363 1561
f 1561 363 364 1564
f 1564 364 107 365
f 1563 1564 365 366
f 1562 1563 366 367
f 361 1562 367 109
f 360 1559 1562 361
f 359 1556 1559 360
f 1565 1566 1569 1568
f 1566 1567 1570 1569
f 1568 1569 1572 1571
f 1569 1570 1573 1572
f 92 371 1565 370
f 371 372 1566 1565
f 372 373 1567 1566
f 373 141 376 1567
f 1567 376 375 1570
f 1570 375 374 1573
f 1573 374 128 379
f 1572 1573 379 378
f 1571 1572 378 377
f 368 1571 377 79
f 369 1568 1571 368
f 370 1565 1568 369
f 1574 1575 1578 1577
f 1575 1576 1579 1578
f 1577 1578 1581 1580
f 1578 1579 1582 1581
f 3295 245 1574 380 3301
f 245 244 1575 1574
f 244 243 1576 1575
f 243 77 385 1576
f 1576 385 384 1579
f 1579 384 383 1582
f 1582 383 75 386
f 1581 1582 386 387
f 1580 1581 387 388
f 382 1580 388 95
f 381 1577 1580 382
f 380 1574 1577 381
f 1583 1584 1587 1586
f 1584 1585 1588 1587
f 1586 1587 1590 1589
f 1587 1588 1591 1590
f 84 280 1583 389
f 280 279 1584 1583
f 279 278 1585 1584
f 278 59 392 1585
f 1585 392 393 1588
f 1588 393 394 1591
f 1591 394 76 395
f 1590 1591 395 396
f 1589 1590 396 397
f 391 1589 397 90
f 390 1586 1589 391
f 389 1583 1586 390
f 1592 1593 1596 1595
f 1593 1594 1597 1596
f 1595 1596 1599 1598
f 1596 1597 1600 1599
f 3302 3345 1592 398
f 3303 402 1593 1592 3345
f 402 401 1594 1593
f 401 72 403 1594
f 1594 403 404 1597
f 1597 404 405 1600
f 1600 405 106 406
f 1599 1600 406 407
f 1598 1599 407 408
f 400 1598 408 108
f 399 1595 1598 400
f 398 1592 1595 399
f 1601 1602 1605 1604
f 1602 1603 1606 1605
f 1604 1605 1608 1607
f 1605 1606 1609 1608
f 89 337 1601 409
f 337 336 1602 1601
f 336 335 1603 1602
f 335 60 412 1603
f 1603 412 413 1606
f 1606 413 414 1609
f 1609 414 67 415
f 1608 1609 415 416
f 1607 1608 416 417
f 411 1607 417 101
f 410 1604 1607 411
f 409 1601 1604 410
f 1610 1611 1614 1613
f 1611 1612 1615 1614
f 1613 1614 1617 1616
f 1614 1615 1618 1617
f 100 423 1610 420
f 423 422 1611 1610
f 422 421 1612 1611
f 421 46 426 1612
f 1612 426 425 1615
f 1615 425 424 1618
f 1618 424 17 284
f 1617 1618 284 285
f 1616 1617 285 286
f 418 1616 286 45
f 419 1613 1616 418
f 420 1610 1613 419
f 1619 1620 1623 1622
f 1620 1621 1624 1623
f 1622 1623 1626 1625
f 1623 1624 1627 1626
f 64 430 1619 429
f 430 431 1620 1619
f 431 432 1621 1620
f 432 98 435 1621
f 1621 435 434 1624
f 1624 434 433 1627
f 1627 433 93 438
f 1626 1627 438 437
f 1625 1626 437 436
f 427 1625 436 62
f 428 1622 1625 427
f 429 1619 1622 428
f 1628 1629 1632 1631
f 1629 1630 1633 1632
f 1631 1632 1635 1634
f 1632 1633 1636 1635
f 102 444 1628 441
f 444 443 1629 1628
f 443 442 1630 1629
f 442 48 447 1630
f 1630 447 446 1633
f 1633 446 445 1636
f 1636 445 15 448
f 1635 1636 448 449
f 1634 1635 449 450
f 439 1634 450 79
f 440 1631 1634 439
f 441 1628 1631 440
f 1637 1638 1641 1640
f 1638 1639 1642 1641
f 1640 1641 1644 1643
f 1641 1642 1645 1644
f 87 313 1637 451
f 313 312 1638 1637
f 312 311 1639 1638
f 311 55 456 1639
f 1639 456 455 1642
f 1642 455 454 1645
f 1645 454 54 457
f 1644 1645 457 458
f 1643 1644 458 459
f 453 1643 459 103
f 452 1640 1643 453
f 451 1637 1640 452
f 1646 1647 1650 1649
f 1647 1648 1651 1650
f 1649 1650 1653 1652
f 1650 1651 1654 1653
f 141 373 1646 460
f 373 372 1647 1646
f 372 371 1648 1647
f 371 92 465 1648
f 1648 465 464 1651
f 1651 464 463 1654
f 1654 463 81 466
f 1653 1654 466 467
f 1652 1653 467 468
f 462 1652 468 147
f 461 1649 1652 462
f 460 1646 1649 461
f 1655 1656 1659 1658
f 1656 1657 1660 1659
f 1658 1659 1662 1661
f 1659 1660 1663 1662
f 85 292 1655 469
f 292 291 1656 1655
f 291 290 1657 1656
f 290 73 474 1657
f 1657 474 473 1660
f 1660 473 472 1663
f 1663 472 71 475
f 1662 1663 475 476
f 1661 1662 476 477
f 471 1661 477 91
f 470 1658 1661 471
f 469 1655 1658 470
f 1108 37 35 1107
f 1664 1665 1668 1667
f 1665 1666 1669 1668
f 1667 1668 1671 1670
f 1668 1669 1672 1671
f 105 487 1664 484
f 487 486 1665 1664
f 486 485 1666 1665
f 485 51 490 1666
f 1666 490 489 1669
f 1669 489 488 1672
f 1672 488 23 491
f 1671 1672 491 492
f 1670 1671 492 493
f 482 1670 493 33
f 483 1667 1670 482
f 484 1664 1667 483
f 1673 1674 1677 1676
f 1674 1675 1678 1677
f 1676 1677 1680 1679
f 1677 1678 1681 1680
f 106 499 1673 496
f 499 498 1674 1673
f 498 497 1675 1674
f 497 50 502 1675
f 1675 502 501 1678
f 1678 501 500 1681
f 1681 500 25 503
f 1680 1681 503 504
f 1679 1680 504 505
f 494 1679 505 29
f 495 1676 1679 494
f 496 1673 1676 495
f 1682 1683 1686 1685
f 1683 1684 1687 1686
f 1685 1686 1689 1688
f 1686 1687 1690 1689
f 107 511 1682 508
f 511 510 1683 1682
f 510 509 1684 1683
f 509 52 514 1684
f 1684 514 513 1687
f 1687 513 512 1690
f 1690 512 26 515
f 1689 1690 515 516
f 1688 1689 516 517
f 506 1688 517 30
f 507 1685 1688 506
f 508 1682 1685 507
f 1691 1692 1695 1694
f 1692 1693 1696 1695
f 1694 1695 1698 1697
f 1695 1696 1699 1698
f 105 484 1691 518
f 484 483 1692 1691
f 483 482 1693 1692
f 482 33 523 1693
f 1693 523 522 1696
f 1696 522 521 1699
f 1699 521 31 524
f 1698 1699 524 525
f 1697 1698 525 526
f 520 1697 526 110
f 519 1694 1697 520
f 518 1691 1694 519
f 1700 1701 1704 1703
f 1701 1702 1705 1704
f 1703 1704 1707 1706
f 1704 1705 1708 1707
f 31 521 1700 527
f 521 522 1701 1700
f 522 523 1702 1701
f 523 33 530 1702
f 1702 530 531 1705
f 1705 531 532 1708
f 1708 532 83 533
f 1707 1708 533 534
f 1706 1707 534 535
f 529 1706 535 99
f 528 1703 1706 529
f 527 1700 1703 528
f 1709 1710 1713 1712
f 1710 1711 1714 1713
f 1712 1713 1716 1715
f 1713 1714 1717 1716
f 111 541 1709 538
f 541 540 1710 1709
f 540 539 1711 1710
f 539 27 544 1711
f 1711 544 543 1714
f 1714 543 542 1717
f 1717 542 25 500
f 1716 1717 500 501
f 1715 1716 501 502
f 536 1715 502 50
f 537 1712 1715 536
f 538 1709 1712 537
f 1718 1719 1722 1721
f 1719 1720 1723 1722
f 1721 1722 1725 1724
f 1722 1723 1726 1725
f 112 550 1718 547
f 550 549 1719 1718
f 549 548 1720 1719
f 548 53 553 1720
f 1720 553 552 1723
f 1723 552 551 1726
f 1726 551 24 554
f 1725 1726 554 555
f 1724 1725 555 556
f 545 1724 556 34
f 546 1721 1724 545
f 547 1718 1721 546
f 1727 1728 1731 1730
f 1728 1729 1732 1731
f 1730 1731 1734 1733
f 1731 1732 1735 1734
f 106 496 1727 406
f 496 495 1728 1727
f 495 494 1729 1728
f 494 29 559 1729
f 1729 559 558 1732
f 1732 558 557 1735
f 1735 557 28 560
f 1734 1735 560 561
f 1733 1734 561 562
f 408 1733 562 108
f 407 1730 1733 408
f 406 1727 1730 407
f 1736 1737 1740 1739
f 1737 1738 1741 1740
f 1739 1740 1743 1742
f 1740 1741 1744 1743
f 36 563 1736 227
f 563 564 1737 1736
f 564 565 1738 1737
f 565 113 566 1738
f 1738 566 567 1741
f 1741 567 568 1744
f 1744 568 115 571
f 1743 1744 571 570
f 1742 1743 570 569
f 229 1742 569 42
f 228 1739 1742 229
f 227 1736 1739 228
f 1745 1746 1749 1748
f 1746 1747 1750 1749
f 1748 1749 1752 1751
f 1749 1750 1753 1752
f 82 256 1745 572
f 256 255 1746 1745
f 255 254 1747 1746
f 254 65 577 1747
f 1747 577 576 1750
f 1750 576 575 1753
f 1753 575 63 578
f 1752 1753 578 579
f 1751 1752 579 580
f 574 1751 580 94
f 573 1748 1751 574
f 572 1745 1748 573
f 1754 1755 1758 1757
f 1755 1756 1759 1758
f 1757 1758 1761 1760
f 1758 1759 1762 1761
f 36 581 1754 563
f 581 582 1755 1754
f 582 583 1756 1755
f 583 80 231 1756
f 1756 231 232 1759
f 1759 232 233 1762
f 1762 233 155 586
f 1761 1762 586 585
f 1760 1761 585 584
f 565 1760 584 113
f 564 1757 1760 565
f 563 1754 1757 564
f 1763 1764 1767 1766
f 1764 1765 1768 1767
f 1766 1767 1770 1769
f 1767 1768 1771 1770
f 4 587 1763 224
f 587 588 1764 1763
f 588 589 1765 1764
f 589 41 590 1765
f 1765 590 591 1768
f 1768 591 592 1771
f 1771 592 80 583
f 1770 1771 583 582
f 1769 1770 582 581
f 226 1769 581 36
f 225 1766 1769 226
f 224 1763 1766 225
f 1772 1773 1776 1775
f 1773 1774 1777 1776
f 1775 1776 1779 1778
f 1776 1777 1780 1779
f 41 595 1772 590
f 595 594 1773 1772
f 594 593 1774 1773
f 593 11 596 1774
f 1774 596 597 1777
f 1777 597 598 1780
f 1780 598 56 234
f 1779 1780 234 235
f 1778 1779 235 236
f 592 1778 236 80
f 591 1775 1778 592
f 590 1772 1775 591
f 70 602 1781 599
f 601 1783 603 129
f 600 1782 1783 601
f 599 1781 1782 600
f 13 250 1784 604
f 606 1786 602 70
f 605 1785 1786 606
f 604 1784 1785 605
f 1787 1788 1791 1790
f 1788 1789 1792 1791
f 1790 1791 1794 1793
f 1791 1792 1795 1794
f 54 454 1787 607
f 454 455 1788 1787
f 455 456 1789 1788
f 456 55 610 1789
f 1789 610 611 1792
f 1792 611 612 1795
f 1795 612 97 613
f 1794 1795 613 614
f 1793 1794 614 615
f 609 1793 615 98
f 608 1790 1793 609
f 607 1787 1790 608
f 1796 1797 1800 1799
f 1797 1798 1801 1800
f 1799 1800 1803 1802
f 1800 1801 1804 1803
f 46 616 1796 426
f 616 617 1797 1796
f 617 618 1798 1797
f 618 81 621 1798
f 1798 621 620 1801
f 1801 620 619 1804
f 1804 619 66 624
f 1803 1804 624 623
f 1802 1803 623 622
f 424 1802 622 17
f 425 1799 1802 424
f 426 1796 1799 425
f 1805 1806 1809 1808
f 1806 1807 1810 1809
f 1808 1809 1812 1811
f 1809 1810 1813 1812
f 130 628 1805 627
f 628 629 1806 1805
f 629 630 1807 1806
f 630 147 468 1807
f 1807 468 467 1810
f 1810 467 466 1813
f 1813 466 81 618
f 1812 1813 618 617
f 1811 1812 617 616
f 625 1811 616 46
f 626 1808 1811 625
f 627 1805 1808 626
f 1814 1815 1818 1817
f 1815 1816 1819 1818
f 1817 1818 1821 1820
f 1818 1819 1822 1821
f 88 325 1814 356
f 325 324 1815 1814
f 324 323 1816 1815
f 323 64 429 1816
f 1816 429 428 1819
f 1819 428 427 1822
f 1822 427 62 631
f 1821 1822 631 632
f 1820 1821 632 633
f 358 1820 633 96
f 357 1817 1820 358
f 356 1814 1817 357
f 3297 72 401 3352
f 3352 401 402 3353
f 3353 402 3303
f 1823 1824 1827 1826
f 1824 1825 1828 1827
f 1826 1827 1830 1829
f 1827 1828 1831 1830
f 59 289 1823 634
f 289 288 1824 1823
f 288 287 1825 1824
f 287 17 637 1825
f 1825 637 638 1828
f 1828 638 639 1831
f 1831 639 78 257
f 1830 1831 257 258
f 1829 1830 258 259
f 636 1829 259 82
f 635 1826 1829 636
f 634 1823 1826 635
f 1832 1833 1836 1835
f 1833 1834 1837 1836
f 1835 1836 1839 1838
f 1836 1837 1840 1839
f 28 557 1832 640
f 557 558 1833 1832
f 558 559 1834 1833
f 559 29 643 1834
f 1834 643 644 1837
f 1837 644 645 1840
f 1840 645 84 389
f 1839 1840 389 390
f 1838 1839 390 391
f 642 1838 391 90
f 641 1835 1838 642
f 640 1832 1835 641
f 1841 1842 1845 1844
f 1842 1843 1846 1845
f 1844 1845 1848 1847
f 1845 1846 1849 1848
f 33 493 1841 530
f 493 492 1842 1841
f 492 491 1843 1842
f 491 23 646 1843
f 1843 646 647 1846
f 1846 647 648 1849
f 1849 648 47 269
f 1848 1849 269 270
f 1847 1848 270 271
f 532 1847 271 83
f 531 1844 1847 532
f 530 1841 1844 531
f 1850 1851 1854 1853
f 1851 1852 1855 1854
f 1853 1854 1857 1856
f 1854 1855 1858 1857
f 86 652 1850 649
f 652 653 1851 1850
f 653 654 1852 1851
f 654 93 433 1852
f 1852 433 434 1855
f 1855 434 435 1858
f 1858 435 98 615
f 1857 1858 615 614
f 1856 1857 614 613
f 651 1856 613 97
f 650 1853 1856 651
f 649 1850 1853 650
f 1859 1860 1863 1862
f 1860 1861 1864 1863
f 1862 1863 1866 1865
f 1863 1864 1867 1866
f 86 304 1859 652
f 304 303 1860 1859
f 303 302 1861 1860
f 302 67 414 1861
f 1861 414 413 1864
f 1864 413 412 1867
f 1867 412 60 655
f 1866 1867 655 656
f 1865 1866 656 657
f 654 1865 657 93
f 653 1862 1865 654
f 652 1859 1862 653
f 1868 1869 1872 1871
f 1869 1870 1873 1872
f 1871 1872 1875 1874
f 1872 1873 1876 1875
f 32 663 1868 658
f 663 662 1869 1868
f 662 661 1870 1869
f 661 30 664 1870
f 1870 664 665 1873
f 1873 665 666 1876
f 1876 666 85 469
f 1875 1876 469 470
f 1874 1875 470 471
f 660 1874 471 91
f 659 1871 1874 660
f 658 1868 1871 659
f 1877 1878 1881 1880
f 1878 1879 1882 1881
f 1880 1881 1884 1883
f 1881 1882 1885 1884
f 29 505 1877 643
f 505 504 1878 1877
f 504 503 1879 1878
f 503 25 667 1879
f 1879 667 668 1882
f 1882 668 669 1885
f 1885 669 45 281
f 1884 1885 281 282
f 1883 1884 282 283
f 645 1883 283 84
f 644 1880 1883 645
f 643 1877 1880 644
f 1886 1887 1890 1889
f 1887 1888 1891 1890
f 1889 1890 1893 1892
f 1890 1891 1894 1893
f 107 508 1886 365
f 508 507 1887 1886
f 507 506 1888 1887
f 506 30 661 1888
f 1888 661 662 1891
f 1891 662 663 1894
f 1894 663 32 670
f 1893 1894 670 671
f 1892 1893 671 672
f 367 1892 672 109
f 366 1889 1892 367
f 365 1886 1889 366
f 1895 1896 1899 1898
f 1896 1897 1900 1899
f 1898 1899 1902 1901
f 1899 1900 1903 1902
f 30 517 1895 664
f 517 516 1896 1895
f 516 515 1897 1896
f 515 26 673 1897
f 1897 673 674 1900
f 1900 674 675 1903
f 1903 675 49 293
f 1902 1903 293 294
f 1901 1902 294 295
f 666 1901 295 85
f 665 1898 1901 666
f 664 1895 1898 665
f 3354 3355 1904
f 3356 3301 380
f 3357 3356 380 381
f 676 1904 382 95
f 3306 3354 1904 676
f 1905 1906 1909 1908
f 1906 1907 1910 1909
f 1908 1909 1912 1911
f 1909 1910 1913 1912
f 73 301 1905 677
f 301 300 1906 1905
f 300 299 1907 1906
f 299 16 680 1907
f 1907 680 681 1910
f 1910 681 682 1913
f 1913 682 61 314
f 1912 1913 314 315
f 1911 1912 315 316
f 679 1911 316 87
f 678 1908 1911 679
f 677 1905 1908 678
f 1914 1915 1918 1917
f 1915 1916 1919 1918
f 1917 1918 1921 1920
f 1918 1919 1922 1921
f 74 277 1914 353
f 277 276 1915 1914
f 276 275 1916 1915
f 275 14 683 1916
f 1916 683 684 1919
f 1919 684 685 1922
f 1922 685 57 326
f 1921 1922 326 327
f 1920 1921 327 328
f 355 1920 328 88
f 354 1917 1920 355
f 353 1914 1917 354
f 1923 1924 1927 1926
f 1924 1925 1928 1927
f 1926 1927 1930 1929
f 1927 1928 1931 1930
f 69 691 1923 686
f 691 690 1924 1923
f 690 689 1925 1924
f 689 15 692 1925
f 1925 692 693 1928
f 1928 693 694 1931
f 1931 694 58 338
f 1930 1931 338 339
f 1929 1930 339 340
f 688 1929 340 89
f 687 1926 1929 688
f 686 1923 1926 687
f 1932 1933 1936 1935
f 1933 1934 1937 1936
f 1935 1936 1939 1938
f 1936 1937 1940 1939
f 71 472 1932 695
f 472 473 1933 1932
f 473 474 1934 1933
f 474 73 677 1934
f 1934 677 678 1937
f 1937 678 679 1940
f 1940 679 87 451
f 1939 1940 451 452
f 1938 1939 452 453
f 697 1938 453 103
f 696 1935 1938 697
f 695 1932 1935 696
f 1941 1942 1945 1944
f 1942 1943 1946 1945
f 1944 1945 1948 1947
f 1945 1946 1949 1948
f 66 701 1941 698
f 701 702 1942 1941
f 702 703 1943 1942
f 703 69 686 1943
f 1943 686 687 1946
f 1946 687 688 1949
f 1949 688 89 409
f 1948 1949 409 410
f 1947 1948 410 411
f 700 1947 411 101
f 699 1944 1947 700
f 698 1941 1944 699
f 1950 1951 1954 1953
f 1951 1952 1955 1954
f 1953 1954 1957 1956
f 1954 1955 1958 1957
f 49 704 1950 298
f 704 705 1951 1950
f 705 706 1952 1951
f 706 90 397 1952
f 1952 397 396 1955
f 1955 396 395 1958
f 1958 395 76 709
f 1957 1958 709 708
f 1956 1957 708 707
f 296 1956 707 16
f 297 1953 1956 296
f 298 1950 1953 297
f 1959 1960 1963 1962
f 1960 1961 1964 1963
f 1962 1963 1966 1965
f 1963 1964 1967 1966
f 26 710 1959 673
f 710 711 1960 1959
f 711 712 1961 1960
f 712 28 640 1961
f 1961 640 641 1964
f 1964 641 642 1967
f 1967 642 90 706
f 1966 1967 706 705
f 1965 1966 705 704
f 675 1965 704 49
f 674 1962 1965 675
f 673 1959 1962 674
f 1968 1969 1972 1971
f 1969 1970 1973 1972
f 1971 1972 1975 1974
f 1972 1973 1976 1975
f 47 713 1968 274
f 713 714 1969 1968
f 714 715 1970 1969
f 715 91 477 1970
f 1970 477 476 1973
f 1973 476 475 1976
f 1976 475 71 718
f 1975 1976 718 717
f 1974 1975 717 716
f 272 1974 716 14
f 273 1971 1974 272
f 274 1968 1971 273
f 1977 1978 1981 1980
f 1978 1979 1982 1981
f 1980 1981 1984 1983
f 1981 1982 1985 1984
f 23 719 1977 646
f 719 720 1978 1977
f 720 721 1979 1978
f 721 32 658 1979
f 1979 658 659 1982
f 1982 659 660 1985
f 1985 660 91 715
f 1984 1985 715 714
f 1983 1984 714 713
f 648 1983 713 47
f 647 1980 1983 648
f 646 1977 1980 647
f 1986 1987 1990 1989
f 1987 1988 1991 1990
f 1989 1990 1993 1992
f 1990 1991 1994 1993
f 69 722 1986 691
f 722 723 1987 1986
f 723 724 1988 1987
f 724 92 370 1988
f 1988 370 369 1991
f 1991 369 368 1994
f 1994 368 79 450
f 1993 1994 450 449
f 1992 1993 449 448
f 689 1992 448 15
f 690 1989 1992 689
f 691 1986 1989 690
f 1995 1996 1999 1998
f 1996 1997 2000 1999
f 1998 1999 2002 2001
f 1999 2000 2003 2002
f 62 436 1995 727
f 436 437 1996 1995
f 437 438 1997 1996
f 438 93 657 1997
f 1997 657 656 2000
f 2000 656 655 2003
f 2003 655 60 346
f 2002 2003 346 345
f 2001 2002 345 344
f 725 2001 344 19
f 726 1998 2001 725
f 727 1995 1998 726
f 2004 2005 2008 2007
f 2005 2006 2009 2008
f 2007 2008 2011 2010
f 2008 2009 2012 2011
f 63 575 2004 728
f 575 576 2005 2004
f 576 577 2006 2005
f 577 65 305 2006
f 2006 305 306 2009
f 2009 306 307 2012
f 2012 307 86 649
f 2011 2012 649 650
f 2010 2011 650 651
f 730 2010 651 97
f 729 2007 2010 730
f 728 2004 2007 729
f 2013 2014 2017 2016
f 2014 2015 2018 2017
f 2016 2017 2020 2019
f 2017 2018 2021 2020
f 61 731 2013 319
f 731 732 2014 2013
f 732 733 2015 2014
f 733 94 580 2015
f 2015 580 579 2018
f 2018 579 578 2021
f 2021 578 63 736
f 2020 2021 736 735
f 2019 2020 735 734
f 317 2019 734 20
f 318 2016 2019 317
f 319 2013 2016 318
f 2022 2023 2026 2025
f 2023 2024 2027 2026
f 2025 2026 2029 2028
f 2026 2027 2030 2029
f 16 707 2022 680
f 707 708 2023 2022
f 708 709 2024 2023
f 709 76 737 2024
f 2024 737 738 2027
f 2027 738 739 2030
f 2030 739 94 733
f 2029 2030 733 732
f 2028 2029 732 731
f 682 2028 731 61
f 681 2025 2028 682
f 680 2022 2025 681
f 2031 2032 2035 2034
f 2032 2033 2036 2035
f 2034 2035 2038 2037
f 2035 2036 2039 2038
f 41 740 2031 595
f 740 741 2032 2031
f 741 742 2033 2032
f 742 95 388 2033
f 2033 388 387 2036
f 2036 387 386 2039
f 2039 386 75 745
f 2038 2039 745 744
f 2037 2038 744 743
f 593 2037 743 11
f 594 2034 2037 593
f 595 2031 2034 594
f 2040 2041 2043 2042
f 2042 2043 2046 2045
f 2043 2044 2047 2046
f 3360 3361 2041 2040
f 3361 3358 2041
f 3359 3362 2044
f 2047 676 95 742
f 2046 2047 742 741
f 2045 2046 741 740
f 589 2045 740 41
f 588 2042 2045 589
f 587 2040 2042 588
f 2048 2049 2052 2051
f 2049 2050 2053 2052
f 2051 2052 2055 2054
f 2052 2053 2056 2055
f 58 746 2048 343
f 746 747 2049 2048
f 747 748 2050 2049
f 748 96 633 2050
f 2050 633 632 2053
f 2053 632 631 2056
f 2056 631 62 727
f 2055 2056 727 726
f 2054 2055 726 725
f 341 2054 725 19
f 342 2051 2054 341
f 343 2048 2051 342
f 2057 2058 2061 2060
f 2058 2059 2062 2061
f 2060 2061 2064 2063
f 2061 2062 2065 2064
f 15 749 2057 692
f 749 750 2058 2057
f 750 751 2059 2058
f 751 68 347 2059
f 2059 347 348 2062
f 2062 348 349 2065
f 2065 349 96 748
f 2064 2065 748 747
f 2063 2064 747 746
f 694 2063 746 58
f 693 2060 2063 694
f 692 2057 2060 693
f 2066 2067 2070 2069
f 2067 2068 2071 2070
f 2069 2070 2073 2072
f 2070 2071 2074 2073
f 81 463 2066 621
f 463 464 2067 2066
f 464 465 2068 2067
f 465 92 724 2068
f 2068 724 723 2071
f 2071 723 722 2074
f 2074 722 69 703
f 2073 2074 703 702
f 2072 2073 702 701
f 619 2072 701 66
f 620 2069 2072 619
f 621 2066 2069 620
f 2075 2076 2079 2078
f 2076 2077 2080 2079
f 2078 2079 2082 2081
f 2079 2080 2083 2082
f 55 322 2075 610
f 322 321 2076 2075
f 321 320 2077 2076
f 320 20 734 2077
f 2077 734 735 2080
f 2080 735 736 2083
f 2083 736 63 728
f 2082 2083 728 729
f 2081 2082 729 730
f 612 2081 730 97
f 611 2078 2081 612
f 610 2075 2078 611
f 2084 2085 2088 2087
f 2085 2086 2089 2088
f 2087 2088 2091 2090
f 2088 2089 2092 2091
f 18 752 2084 332
f 752 753 2085 2084
f 753 754 2086 2085
f 754 54 607 2086
f 2086 607 608 2089
f 2089 608 609 2092
f 2092 609 98 432
f 2091 2092 432 431
f 2090 2091 431 430
f 334 2090 430 64
f 333 2087 2090 334
f 332 2084 2087 333
f 2093 2094 2097 2096
f 2094 2095 2098 2097
f 2096 2097 2100 2099
f 2097 2098 2101 2100
f 48 755 2093 447
f 755 756 2094 2093
f 756 757 2095 2094
f 757 99 760 2095
f 2095 760 759 2098
f 2098 759 758 2101
f 2101 758 68 751
f 2100 2101 751 750
f 2099 2100 750 749
f 445 2099 749 15
f 446 2096 2099 445
f 447 2093 2096 446
f 2102 2103 2106 2105
f 2103 2104 2107 2106
f 2105 2106 2109 2108
f 2106 2107 2110 2109
f 24 764 2102 761
f 764 765 2103 2102
f 765 766 2104 2103
f 766 31 527 2104
f 2104 527 528 2107
f 2107 528 529 2110
f 2110 529 99 757
f 2109 2110 757 756
f 2108 2109 756 755
f 763 2108 755 48
f 762 2105 2108 763
f 761 2102 2105 762
f 2111 2112 2115 2114
f 2112 2113 2116 2115
f 2114 2115 2118 2117
f 2115 2116 2119 2118
f 27 767 2111 544
f 767 768 2112 2111
f 768 769 2113 2112
f 769 100 420 2113
f 2113 420 419 2116
f 2116 419 418 2119
f 2119 418 45 669
f 2118 2119 669 668
f 2117 2118 668 667
f 542 2117 667 25
f 543 2114 2117 542
f 544 2111 2114 543
f 2120 2121 2124 2123
f 2121 2122 2125 2124
f 2123 2124 2127 2126
f 2124 2125 2128 2127
f 136 773 2120 772
f 773 774 2121 2120
f 774 775 2122 2121
f 775 151 778 2122
f 2122 778 777 2125
f 2125 777 776 2128
f 2128 776 100 769
f 2127 2128 769 768
f 2126 2127 768 767
f 770 2126 767 27
f 771 2123 2126 770
f 772 2120 2123 771
f 2129 2130 2133 2132
f 2130 2131 2134 2133
f 2132 2133 2136 2135
f 2133 2134 2137 2136
f 151 781 2129 778
f 781 780 2130 2129
f 780 779 2131 2130
f 779 130 627 2131
f 2131 627 626 2134
f 2134 626 625 2137
f 2137 625 46 421
f 2136 2137 421 422
f 2135 2136 422 423
f 776 2135 423 100
f 777 2132 2135 776
f 778 2129 2132 777
f 2138 2139 2142 2141
f 2139 2140 2143 2142
f 2141 2142 2145 2144
f 2142 2143 2146 2145
f 78 782 2138 262
f 782 783 2139 2138
f 783 784 2140 2139
f 784 101 417 2140
f 2140 417 416 2143
f 2143 416 415 2146
f 2146 415 67 310
f 2145 2146 310 309
f 2144 2145 309 308
f 260 2144 308 21
f 261 2141 2144 260
f 262 2138 2141 261
f 2147 2148 2151 2150
f 2148 2149 2152 2151
f 2150 2151 2154 2153
f 2151 2152 2155 2154
f 17 622 2147 637
f 622 623 2148 2147
f 623 624 2149 2148
f 624 66 698 2149
f 2149 698 699 2152
f 2152 699 700 2155
f 2155 700 101 784
f 2154 2155 784 783
f 2153 2154 783 782
f 639 2153 782 78
f 638 2150 2153 639
f 637 2147 2150 638
f 3363 3308 787
f 3364 3363 787 786
f 3365 3364 786 785
f 3296 3366 246
f 2156 2157 2160 2159
f 2157 2158 2161 2160
f 2159 2160 2163 2162
f 2160 2161 2164 2163
f 152 793 2156 790
f 793 792 2157 2156
f 792 791 2158 2157
f 791 102 441 2158
f 2158 441 440 2161
f 2161 440 439 2164
f 2164 439 79 377
f 2163 2164 377 378
f 2162 2163 378 379
f 788 2162 379 128
f 789 2159 2162 788
f 790 2156 2159 789
f 2165 2166 2169 2168
f 2166 2167 2170 2169
f 2168 2169 2172 2171
f 2169 2170 2173 2172
f 135 799 2165 794
f 799 798 2166 2165
f 798 797 2167 2166
f 797 34 800 2167
f 2167 800 801 2170
f 2170 801 802 2173
f 2173 802 102 791
f 2172 2173 791 792
f 2171 2172 792 793
f 796 2171 793 152
f 795 2168 2171 796
f 794 2165 2168 795
f 2174 2175 2178 2177
f 2175 2176 2179 2178
f 2177 2178 2181 2180
f 2178 2179 2182 2181
f 34 556 2174 800
f 556 555 2175 2174
f 555 554 2176 2175
f 554 24 761 2176
f 2176 761 762 2179
f 2179 762 763 2182
f 2182 763 48 442
f 2181 2182 442 443
f 2180 2181 443 444
f 802 2180 444 102
f 801 2177 2180 802
f 800 2174 2177 801
f 2183 2184 2187 2186
f 2184 2185 2188 2187
f 2186 2187 2190 2189
f 2187 2188 2191 2190
f 57 803 2183 331
f 803 804 2184 2183
f 804 805 2185 2184
f 805 103 459 2185
f 2185 459 458 2188
f 2188 458 457 2191
f 2191 457 54 754
f 2190 2191 754 753
f 2189 2190 753 752
f 329 2189 752 18
f 330 2186 2189 329
f 331 2183 2186 330
f 2192 2193 2196 2195
f 2193 2194 2197 2196
f 2195 2196 2199 2198
f 2196 2197 2200 2199
f 14 716 2192 683
f 716 717 2193 2192
f 717 718 2194 2193
f 718 71 695 2194
f 2194 695 696 2197
f 2197 696 697 2200
f 2200 697 103 805
f 2199 2200 805 804
f 2198 2199 804 803
f 685 2198 803 57
f 684 2195 2198 685
f 683 2192 2195 684
f 3367 3368 2201
f 3309 806 2202 2201 3368
f 806 104 478 2202
f 3370 3369 2203
f 3294 230 3371
f 3372 807 808 3373
f 3373 808 809 2203 3369
f 2203 809 104 806
f 3370 2203 806 3309
f 2204 2205 2208 2207
f 2205 2206 2209 2208
f 2207 2208 2211 2210
f 2208 2209 2212 2211
f 42 569 2204 807
f 569 570 2205 2204
f 570 571 2206 2205
f 571 115 810 2206
f 2206 810 811 2209
f 2209 811 812 2212
f 2212 812 185 481
f 2211 2212 481 480
f 2210 2211 480 479
f 809 2210 479 104
f 808 2207 2210 809
f 807 2204 2207 808
f 2213 2214 2217 2216
f 2214 2215 2218 2217
f 2216 2217 2220 2219
f 2217 2218 2221 2220
f 83 268 2213 533
f 268 267 2214 2213
f 267 266 2215 2214
f 266 74 352 2215
f 2215 352 351 2218
f 2218 351 350 2221
f 2221 350 68 758
f 2220 2221 758 759
f 2219 2220 759 760
f 535 2219 760 99
f 534 2216 2219 535
f 533 2213 2216 534
f 2222 2223 2226 2225
f 2223 2224 2227 2226
f 2225 2226 2229 2228
f 2226 2227 2230 2229
f 77 249 2222 813
f 249 248 2223 2222
f 248 247 2224 2223
f 247 10 816 2224
f 2224 816 817 2227
f 2227 817 818 2230
f 2230 818 51 485
f 2229 2230 485 486
f 2228 2229 486 487
f 815 2228 487 105
f 814 2225 2228 815
f 813 2222 2225 814
f 2231 2232 2235 2234
f 2232 2233 2236 2235
f 2234 2235 2238 2237
f 2235 2236 2239 2238
f 75 383 2231 819
f 383 384 2232 2231
f 384 385 2233 2232
f 385 77 813 2233
f 2233 813 814 2236
f 2236 814 815 2239
f 2239 815 105 518
f 2238 2239 518 519
f 2237 2238 519 520
f 821 2237 520 110
f 820 2234 2237 821
f 819 2231 2234 820
f 2240 2241 2244 2243
f 2241 2242 2245 2244
f 2243 2244 2247 2246
f 2244 2245 2248 2247
f 72 253 2240 403
f 253 252 2241 2240
f 252 251 2242 2241
f 251 13 822 2242
f 2242 822 823 2245
f 2245 823 824 2248
f 2248 824 50 497
f 2247 2248 497 498
f 2246 2247 498 499
f 405 2246 499 106
f 404 2243 2246 405
f 403 2240 2243 404
f 2249 2250 2253 2252
f 2250 2251 2254 2253
f 2252 2253 2256 2255
f 2253 2254 2257 2256
f 3300 3374 2249 362
f 3374 3375 2250 2249
f 3375 3376 2251 2250
f 3376 3310 825 2251
f 2251 825 826 2254
f 2254 826 827 2257
f 2257 827 52 509
f 2256 2257 509 510
f 2255 2256 510 511
f 364 2255 511 107
f 363 2252 2255 364
f 362 2249 2252 363
f 2258 2259 2262 2261
f 2259 2260 2263 2262
f 2261 2262 2265 2264
f 2262 2263 2266 2265
f 52 828 2258 514
f 828 829 2259 2258
f 829 830 2260 2259
f 830 108 562 2260
f 2260 562 561 2263
f 2263 561 560 2266
f 2266 560 28 712
f 2265 2266 712 711
f 2264 2265 711 710
f 512 2264 710 26
f 513 2261 2264 512
f 514 2258 2261 513
f 2267 2268 2271 2270
f 2268 2269 2272 2271
f 2270 2271 2274 2273
f 2271 2272 2275 2274
f 3310 3377 2267 825
f 3377 3378 2268 2267
f 3378 3379 2269 2268
f 3379 3302 398 2269
f 2269 398 399 2272
f 2272 399 400 2275
f 2275 400 108 830
f 2274 2275 830 829
f 2273 2274 829 828
f 827 2273 828 52
f 826 2270 2273 827
f 825 2267 2270 826
f 2276 2277 2280 2279
f 2277 2278 2281 2280
f 2279 2280 2283 2282
f 2280 2281 2284 2283
f 51 831 2276 490
f 831 832 2277 2276
f 832 833 2278 2277
f 833 109 672 2278
f 2278 672 671 2281
f 2281 671 670 2284
f 2284 670 32 721
f 2283 2284 721 720
f 2282 2283 720 719
f 488 2282 719 23
f 489 2279 2282 488
f 490 2276 2279 489
f 2285 2286 2289 2288
f 2286 2287 2290 2289
f 2288 2289 2292 2291
f 2289 2290 2293 2292
f 10 785 2285 816
f 785 786 2286 2285
f 786 787 2287 2286
f 3419 39 40 3121 3420
f 2287 359 360 2290
f 2290 360 361 2293
f 2293 361 109 833
f 2292 2293 833 832
f 2291 2292 832 831
f 818 2291 831 51
f 817 2288 2291 818
f 816 2285 2288 817
f 2294 2295 2298 2297
f 2295 2296 2299 2298
f 2297 2298 2301 2300
f 2298 2299 2302 2301
f 53 834 2294 553
f 834 835 2295 2294
f 835 836 2296 2295
f 836 110 526 2296
f 2296 526 525 2299
f 2299 525 524 2302
f 2302 524 31 766
f 2301 2302 766 765
f 2300 2301 765 764
f 551 2300 764 24
f 552 2297 2300 551
f 553 2294 2297 552
f 2303 2304 2307 2306
f 2304 2305 2308 2307
f 2306 2307 2310 2309
f 2307 2308 2311 2310
f 11 743 2303 837
f 743 744 2304 2303
f 744 745 2305 2304
f 745 75 819 2305
f 2305 819 820 2308
f 2308 820 821 2311
f 2311 821 110 836
f 2310 2311 836 835
f 2309 2310 835 834
f 839 2309 834 53
f 838 2306 2309 839
f 837 2303 2306 838
f 2312 2313 2316 2315
f 2313 2314 2317 2316
f 2315 2316 2319 2318
f 2316 2317 2320 2319
f 70 840 2312 606
f 840 841 2313 2312
f 841 842 2314 2313
f 842 111 538 2314
f 2314 538 537 2317
f 2317 537 536 2320
f 2320 536 50 824
f 2319 2320 824 823
f 2318 2319 823 822
f 604 2318 822 13
f 605 2315 2318 604
f 606 2312 2315 605
f 2321 2322 2325 2324
f 2322 2323 2326 2325
f 2324 2325 2328 2327
f 2325 2326 2329 2328
f 129 843 2321 601
f 843 844 2322 2321
f 844 845 2323 2322
f 845 146 848 2323
f 2323 848 847 2326
f 2326 847 846 2329
f 2329 846 111 842
f 2328 2329 842 841
f 2327 2328 841 840
f 599 2327 840 70
f 600 2324 2327 599
f 601 2321 2324 600
f 2330 2331 2334 2333
f 2331 2332 2335 2334
f 2333 2334 2337 2336
f 2334 2335 2338 2337
f 146 851 2330 848
f 851 850 2331 2330
f 850 849 2332 2331
f 849 136 772 2332
f 2332 772 771 2335
f 2335 771 770 2338
f 2338 770 27 539
f 2337 2338 539 540
f 2336 2337 540 541
f 846 2336 541 111
f 847 2333 2336 846
f 848 2330 2333 847
f 2339 2340 2343 2342
f 2340 2341 2344 2343
f 2342 2343 2346 2345
f 2343 2344 2347 2346
f 154 857 2339 854
f 857 856 2340 2339
f 856 855 2341 2340
f 855 112 547 2341
f 2341 547 546 2344
f 2344 546 545 2347
f 2347 545 34 797
f 2346 2347 797 798
f 2345 2346 798 799
f 852 2345 799 135
f 853 2342 2345 852
f 854 2339 2342 853
f 2348 2349 2352 2351
f 2349 2350 2353 2352
f 2351 2352 2355 2354
f 2352 2353 2356 2355
f 127 239 2348 858
f 239 238 2349 2348
f 238 237 2350 2349
f 237 56 861 2350
f 2350 861 862 2353
f 2353 862 863 2356
f 2356 863 112 855
f 2355 2356 855 856
f 2354 2355 856 857
f 860 2354 857 154
f 859 2351 2354 860
f 858 2348 2351 859
f 2357 2358 2361 2360
f 2358 2359 2362 2361
f 2360 2361 2364 2363
f 2361 2362 2365 2364
f 56 598 2357 861
f 598 597 2358 2357
f 597 596 2359 2358
f 596 11 837 2359
f 2359 837 838 2362
f 2362 838 839 2365
f 2365 839 53 548
f 2364 2365 548 549
f 2363 2364 549 550
f 863 2363 550 112
f 862 2360 2363 863
f 861 2357 2360 862
f 2366 2367 2370 2369
f 2367 2368 2371 2370
f 2369 2370 2373 2372
f 2370 2371 2374 2373
f 76 394 2366 737
f 394 393 2367 2366
f 393 392 2368 2367
f 392 59 634 2368
f 2368 634 635 2371
f 2371 635 636 2374
f 2374 636 82 572
f 2373 2374 572 573
f 2372 2373 573 574
f 739 2372 574 94
f 738 2369 2372 739
f 737 2366 2369 738
f 3307 4 3293
f 3381 3382 2377
f 2376 2377 2379 2378
f 3384 3380 2375
f 3383 3385 2380
f 2379 2380 869 868
f 2378 2379 868 867
f 866 2378 867 148
f 865 2376 2378 866
f 864 2375 2376 865
f 2381 2382 2385 2384
f 2382 2383 2386 2385
f 2384 2385 2388 2387
f 2385 2386 2389 2388
f 191 875 2381 872
f 875 874 2382 2381
f 874 873 2383 2382
f 873 155 242 2383
f 2383 242 241 2386
f 2386 241 240 2389
f 2389 240 127 876
f 2388 2389 876 877
f 2387 2388 877 878
f 870 2387 878 166
f 871 2384 2387 870
f 872 2381 2384 871
f 3386 2390 2392 3387
f 2390 2391 2393 2392
f 3387 2392 3388
f 3313 881 3390
f 880 879 2391 2390
f 879 188 884 2391
f 2391 884 883 2393
f 2393 883 882 2394
f 2394 882 116 885
f 3389 2394 885 3314
f 3315 182 888 3391
f 3391 888 887 3392
f 3392 887 886 3393
f 3393 886 118 3316
f 2395 2396 2399 2398
f 2396 2397 2400 2399
f 2398 2399 2402 2401
f 2399 2400 2403 2402
f 193 894 2395 891
f 894 893 2396 2395
f 893 892 2397 2396
f 892 175 897 2397
f 2397 897 896 2400
f 2400 896 895 2403
f 2403 895 126 898
f 2402 2403 898 899
f 2401 2402 899 900
f 889 2401 900 189
f 890 2398 2401 889
f 891 2395 2398 890
f 2404 2405 2408 2407
f 2405 2406 2409 2408
f 2407 2408 2411 2410
f 2408 2409 2412 2411
f 194 906 2404 903
f 906 905 2405 2404
f 905 904 2406 2405
f 904 184 909 2406
f 2406 909 908 2409
f 2409 908 907 2412
f 2412 907 119 910
f 2411 2412 910 911
f 2410 2411 911 912
f 901 2410 912 157
f 902 2407 2410 901
f 903 2404 2407 902
f 2413 2414 2417 2416
f 2414 2415 2418 2417
f 2416 2417 2420 2419
f 2417 2418 2421 2420
f 195 918 2413 915
f 918 917 2414 2413
f 917 916 2415 2414
f 916 169 921 2415
f 2415 921 920 2418
f 2418 920 919 2421
f 2421 919 122 922
f 2420 2421 922 923
f 2419 2420 923 924
f 913 2419 924 153
f 914 2416 2419 913
f 915 2413 2416 914
f 2422 2423 2426 2425
f 2423 2424 2427 2426
f 2425 2426 2429 2428
f 2426 2427 2430 2429
f 196 930 2422 927
f 930 929 2423 2422
f 929 928 2424 2423
f 928 183 933 2424
f 2424 933 932 2427
f 2427 932 931 2430
f 2430 931 121 934
f 2429 2430 934 935
f 2428 2429 935 936
f 925 2428 936 159
f 926 2425 2428 925
f 927 2422 2425 926
f 2431 2432 2435 2434
f 2432 2433 2436 2435
f 2434 2435 2438 2437
f 2435 2436 2439 2438
f 197 942 2431 939
f 942 941 2432 2431
f 941 940 2433 2432
f 940 177 945 2433
f 2433 945 944 2436
f 2436 944 943 2439
f 2439 943 126 895
f 2438 2439 895 896
f 2437 2438 896 897
f 937 2437 897 175
f 938 2434 2437 937
f 939 2431 2434 938
f 2440 2441 2444 2443
f 2441 2442 2445 2444
f 2443 2444 2447 2446
f 2444 2445 2448 2447
f 198 951 2440 948
f 951 950 2441 2440
f 950 949 2442 2441
f 949 165 954 2442
f 2442 954 953 2445
f 2445 953 952 2448
f 2448 952 125 955
f 2447 2448 955 956
f 2446 2447 956 957
f 946 2446 957 171
f 947 2443 2446 946
f 948 2440 2443 947
f 2449 2450 2453 2452
f 2450 2451 2454 2453
f 2452 2453 2456 2455
f 2453 2454 2457 2456
f 199 963 2449 960
f 963 962 2450 2449
f 962 961 2451 2450
f 961 174 966 2451
f 2451 966 965 2454
f 2454 965 964 2457
f 2457 964 123 967
f 2456 2457 967 968
f 2455 2456 968 969
f 958 2455 969 167
f 959 2452 2455 958
f 960 2449 2452 959
f 2458 2459 2462 2461
f 2459 2460 2463 2462
f 2461 2462 2465 2464
f 2462 2463 2466 2465
f 200 975 2458 972
f 975 974 2459 2458
f 974 973 2460 2459
f 973 170 978 2460
f 2460 978 977 2463
f 2463 977 976 2466
f 2466 976 124 979
f 2465 2466 979 980
f 2464 2465 980 981
f 970 2464 981 168
f 971 2461 2464 970
f 972 2458 2461 971
f 2467 2468 2471 2470
f 2468 2469 2472 2471
f 2470 2471 2474 2473
f 2471 2472 2475 2474
f 178 985 2467 982
f 985 986 2468 2467
f 986 987 2469 2468
f 987 207 990 2469
f 2469 990 989 2472
f 2472 989 988 2475
f 2475 988 199 993
f 2474 2475 993 992
f 2473 2474 992 991
f 984 2473 991 184
f 983 2470 2473 984
f 982 2467 2470 983
f 2476 2477 2480 2479
f 2477 2478 2481 2480
f 2479 2480 2483 2482
f 2480 2481 2484 2483
f 3317 994 2476 3396
f 994 995 2477 2476
f 995 996 2478 2477
f 996 220 999 2478
f 2478 999 998 2481
f 2481 998 997 2484
f 2484 997 218 1002
f 2483 2484 1002 1001
f 2482 2483 1001 1000
f 3394 2482 1000 3318
f 3395 2479 2482 3394
f 3396 2476 2479 3395
f 2485 2486 2489 2488
f 2486 2487 2490 2489
f 2488 2489 2492 2491
f 2489 2490 2493 2492
f 203 1008 2485 1005
f 1008 1007 2486 2485
f 1007 1006 2487 2486
f 1006 190 1011 2487
f 2487 1011 1010 2490
f 2490 1010 1009 2493
f 2493 1009 128 374
f 2492 2493 374 375
f 2491 2492 375 376
f 1003 2491 376 141
f 1004 2488 2491 1003
f 1005 2485 2488 1004
f 2494 2495 2498 2497
f 2495 2496 2499 2498
f 2497 2498 2501 2500
f 2498 2499 2502 2501
f 3319 1012 2494 881 3313
f 1012 1013 2495 2494
f 1013 1014 2496 2495
f 1014 206 1017 2496
f 2496 1017 1016 2499
f 2499 1016 1015 2502
f 2502 1015 186 1018
f 2501 2502 1018 1019
f 2500 2501 1019 1020
f 879 2500 1020 188
f 880 2497 2500 879
f 881 2494 2497 880
f 2503 2504 2507 2506
f 2504 2505 2508 2507
f 2506 2507 2510 2509
f 2507 2508 2511 2510
f 195 1021 2503 918
f 1021 1022 2504 2503
f 1022 1023 2505 2504
f 1023 201 1026 2505
f 2505 1026 1025 2508
f 2508 1025 1024 2511
f 2511 1024 187 1029
f 2510 2511 1029 1028
f 2509 2510 1028 1027
f 916 2509 1027 169
f 917 2506 2509 916
f 918 2503 2506 917
f 2512 2513 2516 2515
f 2513 2514 2517 2516
f 2515 2516 2519 2518
f 2516 2517 2520 2519
f 3321 1032 2512 3397
f 1032 1033 2513 2512
f 1033 1034 2514 2513
f 1034 219 1037 2514
f 2514 1037 1036 2517
f 2517 1036 1035 2520
f 2520 1035 217 1040
f 2519 2520 1040 1039
f 2518 2519 1039 1038
f 1030 2518 1038 182
f 1031 2515 2518 1030
f 3397 2512 2515 1031 3320
f 2521 2522 2525 2524
f 2522 2523 2526 2525
f 2524 2525 2528 2527
f 2525 2526 2529 2528
f 200 1041 2521 975
f 1041 1042 2522 2521
f 1042 1043 2523 2522
f 1043 212 1046 2523
f 2523 1046 1045 2526
f 2526 1045 1044 2529
f 2529 1044 177 1049
f 2528 2529 1049 1048
f 2527 2528 1048 1047
f 973 2527 1047 170
f 974 2524 2527 973
f 975 2521 2524 974
f 2530 2531 2534 2533
f 2531 2532 2535 2534
f 2533 2534 2537 2536
f 2534 2535 2538 2537
f 211 1055 2530 1052
f 1055 1054 2531 2530
f 1054 1053 2532 2531
f 1053 153 924 2532
f 2532 924 923 2535
f 2535 923 922 2538
f 2538 922 122 1056
f 2537 2538 1056 1057
f 2536 2537 1057 1058
f 1050 2536 1058 156
f 1051 2533 2536 1050
f 1052 2530 2533 1051
f 2539 2540 2543 2542
f 2540 2541 2544 2543
f 2542 2543 2546 2545
f 2543 2544 2547 2546
f 174 1064 2539 1059
f 1064 1063 2540 2539
f 1063 1062 2541 2540
f 1062 172 1065 2541
f 2541 1065 1066 2544
f 2544 1066 1067 2547
f 2547 1067 204 1068
f 2546 2547 1068 1069
f 2545 2546 1069 1070
f 1061 2545 1070 209
f 1060 2542 2545 1061
f 1059 2539 2542 1060
f 2548 2549 2552 2551
f 2549 2550 2553 2552
f 2551 2552 2555 2554
f 2552 2553 2556 2555
f 213 1076 2548 1073
f 1076 1075 2549 2548
f 1075 1074 2550 2549
f 1074 190 1079 2550
f 2550 1079 1078 2553
f 2553 1078 1077 2556
f 2556 1077 120 1080
f 2555 2556 1080 1081
f 2554 2555 1081 1082
f 1071 2554 1082 158
f 1072 2551 2554 1071
f 1073 2548 2551 1072
f 2557 2558 2561 2560
f 2558 2559 2562 2561
f 2560 2561 2564 2563
f 2561 2562 2565 2564
f 198 1083 2557 951
f 1083 1084 2558 2557
f 1084 1085 2559 2558
f 1085 214 1088 2559
f 2559 1088 1087 2562
f 2562 1087 1086 2565
f 2565 1086 164 1089
f 2564 2565 1089 1090
f 2563 2564 1090 1091
f 949 2563 1091 165
f 950 2560 2563 949
f 951 2557 2560 950
f 2566 2567 2570 2569
f 2567 2568 2571 2570
f 2569 2570 2573 2572
f 2570 2571 2574 2573
f 141 460 2566 1003
f 460 461 2567 2566
f 461 462 2568 2567
f 462 147 1092 2568
f 2568 1092 1093 2571
f 2571 1093 1094 2574
f 2574 1094 192 1095
f 2573 2574 1095 1096
f 2572 2573 1096 1097
f 1005 2572 1097 203
f 1004 2569 2572 1005
f 1003 2566 2569 1004
f 2575 2576 2579 2578
f 2576 2577 2580 2579
f 2578 2579 2582 2581
f 2579 2580 2583 2582
f 196 1098 2575 930
f 1098 1099 2576 2575
f 1099 1100 2577 2576
f 1100 202 1103 2577
f 2577 1103 1102 2580
f 2580 1102 1101 2583
f 2583 1101 181 1104
f 2582 2583 1104 1105
f 2581 2582 1105 1106
f 928 2581 1106 183
f 929 2578 2581 928
f 930 2575 2578 929
f 480 481 7 6
f 2584 2585 2588 2587
f 2585 2586 2589 2588
f 2587 2588 2591 2590
f 2588 2589 2592 2591
f 216 1116 2584 1113
f 1116 1115 2585 2584
f 1115 1114 2586 2585
f 1114 144 1119 2586
f 2586 1119 1118 2589
f 2589 1118 1117 2592
f 2592 1117 131 1120
f 2591 2592 1120 1121
f 2590 2591 1121 1122
f 1111 2590 1122 161
f 1112 2587 2590 1111
f 1113 2584 2587 1112
f 2593 2594 2597 2596
f 2594 2595 2598 2597
f 2596 2597 2600 2599
f 2597 2598 2601 2600
f 217 1128 2593 1125
f 1128 1127 2594 2593
f 1127 1126 2595 2594
f 1126 139 1131 2595
f 2595 1131 1130 2598
f 2598 1130 1129 2601
f 2601 1129 133 1132
f 2600 2601 1132 1133
f 2599 2600 1133 1134
f 1123 2599 1134 160
f 1124 2596 2599 1123
f 1125 2593 2596 1124
f 2602 2603 2606 2605
f 2603 2604 2607 2606
f 2605 2606 2609 2608
f 2606 2607 2610 2609
f 218 1140 2602 1137
f 1140 1139 2603 2602
f 1139 1138 2604 2603
f 1138 140 1143 2604
f 2604 1143 1142 2607
f 2607 1142 1141 2610
f 2610 1141 134 1144
f 2609 2610 1144 1145
f 2608 2609 1145 1146
f 1135 2608 1146 162
f 1136 2605 2608 1135
f 1137 2602 2605 1136
f 2611 2612 2615 2614
f 2612 2613 2616 2615
f 2614 2615 2618 2617
f 2615 2616 2619 2618
f 216 1147 2611 1116
f 1147 1148 2612 2611
f 1148 1149 2613 2612
f 1149 221 1152 2613
f 2613 1152 1151 2616
f 2616 1151 1150 2619
f 2619 1150 142 1153
f 2618 2619 1153 1154
f 2617 2618 1154 1155
f 1114 2617 1155 144
f 1115 2614 2617 1114
f 1116 2611 2614 1115
f 2620 2621 2624 2623
f 2621 2622 2625 2624
f 2623 2624 2627 2626
f 2624 2625 2628 2627
f 142 1156 2620 1153
f 1156 1157 2621 2620
f 1157 1158 2622 2621
f 1158 210 1161 2622
f 2622 1161 1160 2625
f 2625 1160 1159 2628
f 2628 1159 194 1164
f 2627 2628 1164 1163
f 2626 2627 1163 1162
f 1155 2626 1162 144
f 1154 2623 2626 1155
f 1153 2620 2623 1154
f 2629 2630 2633 2632
f 2630 2631 2634 2633
f 2632 2633 2636 2635
f 2633 2634 2637 2636
f 222 1170 2629 1167
f 1170 1169 2630 2629
f 1169 1168 2631 2630
f 1168 160 1134 2631
f 2631 1134 1133 2634
f 2634 1133 1132 2637
f 2637 1132 133 1171
f 2636 2637 1171 1172
f 2635 2636 1172 1173
f 1165 2635 1173 137
f 1166 2632 2635 1165
f 1167 2629 2632 1166
f 2638 2639 2642 2641
f 2639 2640 2643 2642
f 2641 2642 2645 2644
f 2642 2643 2646 2645
f 223 1179 2638 1176
f 1179 1178 2639 2638
f 1178 1177 2640 2639
f 1177 145 1182 2640
f 2640 1182 1181 2643
f 2643 1181 1180 2646
f 2646 1180 132 1183
f 2645 2646 1183 1184
f 2644 2645 1184 1185
f 1174 2644 1185 163
f 1175 2641 2644 1174
f 1176 2638 2641 1175
f 2647 2648 2651 2650
f 2648 2649 2652 2651
f 2650 2651 2654 2653
f 2651 2652 2655 2654
f 217 1035 2647 1128
f 1035 1036 2648 2647
f 1036 1037 2649 2648
f 1037 219 1188 2649
f 2649 1188 1187 2652
f 2652 1187 1186 2655
f 2655 1186 138 1189
f 2654 2655 1189 1190
f 2653 2654 1190 1191
f 1126 2653 1191 139
f 1127 2650 2653 1126
f 1128 2647 2650 1127
f 2656 2657 2660 2659
f 2657 2658 2661 2660
f 2659 2660 2663 2662
f 2660 2661 2664 2663
f 148 867 2656 1194
f 867 868 2657 2656
f 868 869 2658 2657
f 869 150 1197 2658
f 2658 1197 1196 2661
f 2661 1196 1195 2664
f 2664 1195 115 568
f 2663 2664 568 567
f 2662 2663 567 566
f 1192 2662 566 113
f 1193 2659 2662 1192
f 1194 2656 2659 1193
f 2665 2666 2669 2668
f 2666 2667 2670 2669
f 2668 2669 2672 2671
f 2669 2670 2673 2672
f 193 1198 2665 894
f 1198 1199 2666 2665
f 1199 1200 2667 2666
f 1200 205 1203 2667
f 2667 1203 1202 2670
f 2670 1202 1201 2673
f 2673 1201 173 1204
f 2672 2673 1204 1205
f 2671 2672 1205 1206
f 892 2671 1206 175
f 893 2668 2671 892
f 894 2665 2668 893
f 2674 2675 2678 2677
f 2675 2676 2679 2678
f 2677 2678 2681 2680
f 2678 2679 2682 2681
f 148 1194 2674 1207
f 1194 1193 2675 2674
f 1193 1192 2676 2675
f 1192 113 584 2676
f 2676 584 585 2679
f 2679 585 586 2682
f 2682 586 155 873
f 2681 2682 873 874
f 2680 2681 874 875
f 1209 2680 875 191
f 1208 2677 2680 1209
f 1207 2674 2677 1208
f 2683 2684 2687 2686
f 2684 2685 2688 2687
f 2686 2687 2690 2689
f 2687 2688 2691 2690
f 114 864 2683 1210
f 864 865 2684 2683
f 865 866 2685 2684
f 866 148 1207 2685
f 2685 1207 1208 2688
f 2688 1208 1209 2691
f 2691 1209 191 1215
f 2690 2691 1215 1214
f 2689 2690 1214 1213
f 1212 2689 1213 149
f 1211 2686 2689 1212
f 1210 2683 2686 1211
f 2692 2693 2696 2695
f 2693 2694 2697 2696
f 2695 2696 2699 2698
f 2696 2697 2700 2699
f 149 1213 2692 1218
f 1213 1214 2693 2692
f 1214 1215 2694 2693
f 1215 191 872 2694
f 2694 872 871 2697
f 2697 871 870 2700
f 2700 870 166 1221
f 2699 2700 1221 1220
f 2698 2699 1220 1219
f 1216 2698 1219 117
f 1217 2695 2698 1216
f 1218 2692 2695 1217
f 180 1225 2701 1222
f 1225 1224 2702 2701
f 1224 1223 2703 2702
f 1223 129 603 2703
f 1226 1227 2705 2704
f 1227 1228 2706 2705
f 1228 180 1222 2706
f 3404 2704 3401
f 2707 2708 2711 2710
f 2708 2709 2712 2711
f 2710 2711 2714 2713
f 2711 2712 2715 2714
f 164 1229 2707 1089
f 1229 1230 2708 2707
f 1230 1231 2709 2708
f 1231 209 1234 2709
f 2709 1234 1233 2712
f 2712 1233 1232 2715
f 2715 1232 208 1237
f 2714 2715 1237 1236
f 2713 2714 1236 1235
f 1091 2713 1235 165
f 1090 2710 2713 1091
f 1089 2707 2710 1090
f 2716 2717 2720 2719
f 2717 2718 2721 2720
f 2719 2720 2723 2722
f 2720 2721 2724 2723
f 156 1058 2716 1238
f 1058 1057 2717 2716
f 1057 1056 2718 2717
f 1056 122 1241 2718
f 2718 1241 1242 2721
f 2721 1242 1243 2724
f 2724 1243 176 1244
f 2723 2724 1244 1245
f 2722 2723 1245 1246
f 1240 2722 1246 192
f 1239 2719 2722 1240
f 1238 2716 2719 1239
f 2725 2726 2729 2728
f 2726 2727 2730 2729
f 2728 2729 2732 2731
f 2729 2730 2733 2732
f 130 1247 2725 628
f 1247 1248 2726 2725
f 1248 1249 2727 2726
f 1249 156 1238 2727
f 2727 1238 1239 2730
f 2730 1239 1240 2733
f 2733 1240 192 1094
f 2732 2733 1094 1093
f 2731 2732 1093 1092
f 630 2731 1092 147
f 629 2728 2731 630
f 628 2725 2728 629
f 2734 2735 2738 2737
f 2735 2736 2739 2738
f 2737 2738 2741 2740
f 2738 2739 2742 2741
f 199 988 2734 963
f 988 989 2735 2734
f 989 990 2736 2735
f 990 207 1252 2736
f 2736 1252 1251 2739
f 2739 1251 1250 2742
f 2742 1250 172 1062
f 2741 2742 1062 1063
f 2740 2741 1063 1064
f 961 2740 1064 174
f 962 2737 2740 961
f 963 2734 2737 962
f 3405 3320 1031
f 3406 3405 1031 1030
f 3315 3406 1030 182
f 2743 2744 2747 2746
f 2744 2745 2748 2747
f 2746 2747 2750 2749
f 2747 2748 2751 2750
f 169 1253 2743 921
f 1253 1254 2744 2743
f 1254 1255 2745 2744
f 1255 193 891 2745
f 2745 891 890 2748
f 2748 890 889 2751
f 2751 889 189 1258
f 2750 2751 1258 1257
f 2749 2750 1257 1256
f 919 2749 1256 122
f 920 2746 2749 919
f 921 2743 2746 920
f 2752 2753 2756 2755
f 2753 2754 2757 2756
f 2755 2756 2759 2758
f 2756 2757 2760 2759
f 138 1259 2752 1189
f 1259 1260 2753 2752
f 1260 1261 2754 2753
f 1261 201 1023 2754
f 2754 1023 1022 2757
f 2757 1022 1021 2760
f 2760 1021 195 1264
f 2759 2760 1264 1263
f 2758 2759 1263 1262
f 1191 2758 1262 139
f 1190 2755 2758 1191
f 1189 2752 2755 1190
f 2761 2762 2765 2764
f 2762 2763 2766 2765
f 2764 2765 2768 2767
f 2765 2766 2769 2768
f 144 1162 2761 1119
f 1162 1163 2762 2761
f 1163 1164 2763 2762
f 1164 194 903 2763
f 2763 903 902 2766
f 2766 902 901 2769
f 2769 901 157 1267
f 2768 2769 1267 1266
f 2767 2768 1266 1265
f 1117 2767 1265 131
f 1118 2764 2767 1117
f 1119 2761 2764 1118
f 2770 2771 2774 2773
f 2771 2772 2775 2774
f 2773 2774 2777 2776
f 2774 2775 2778 2777
f 197 1271 2770 1268
f 1271 1272 2771 2770
f 1272 1273 2772 2771
f 1273 208 1232 2772
f 2772 1232 1233 2775
f 2775 1233 1234 2778
f 2778 1234 209 1070
f 2777 2778 1070 1069
f 2776 2777 1069 1068
f 1270 2776 1068 204
f 1269 2773 2776 1270
f 1268 2770 2773 1269
f 2779 2780 2783 2782
f 2780 2781 2784 2783
f 2782 2783 2786 2785
f 2783 2784 2787 2786
f 197 1268 2779 942
f 1268 1269 2780 2779
f 1269 1270 2781 2780
f 1270 204 1276 2781
f 2781 1276 1275 2784
f 2784 1275 1274 2787
f 2787 1274 170 1047
f 2786 2787 1047 1048
f 2785 2786 1048 1049
f 940 2785 1049 177
f 941 2782 2785 940
f 942 2779 2782 941
f 2788 2789 2792 2791
f 2789 2790 2793 2792
f 2791 2792 2795 2794
f 2792 2793 2796 2795
f 143 1280 2788 1279
f 1280 1281 2789 2788
f 1281 1282 2790 2789
f 1282 202 1100 2790
f 2790 1100 1099 2793
f 2793 1099 1098 2796
f 2796 1098 196 1285
f 2795 2796 1285 1284
f 2794 2795 1284 1283
f 1277 2794 1283 140
f 1278 2791 2794 1277
f 1279 2788 2791 1278
f 2797 2798 2801 2800
f 2798 2799 2802 2801
f 2800 2801 2804 2803
f 2801 2802 2805 2804
f 139 1262 2797 1131
f 1262 1263 2798 2797
f 1263 1264 2799 2798
f 1264 195 915 2799
f 2799 915 914 2802
f 2802 914 913 2805
f 2805 913 153 1288
f 2804 2805 1288 1287
f 2803 2804 1287 1286
f 1129 2803 1286 133
f 1130 2800 2803 1129
f 1131 2797 2800 1130
f 2806 2807 2810 2809
f 2807 2808 2811 2810
f 2809 2810 2813 2812
f 2810 2811 2814 2813
f 218 997 2806 1140
f 997 998 2807 2806
f 998 999 2808 2807
f 999 220 1291 2808
f 2808 1291 1290 2811
f 2811 1290 1289 2814
f 2814 1289 143 1279
f 2813 2814 1279 1278
f 2812 2813 1278 1277
f 1138 2812 1277 140
f 1139 2809 2812 1138
f 1140 2806 2809 1139
f 2815 2816 2819 2818
f 2816 2817 2820 2819
f 2818 2819 2822 2821
f 2819 2820 2823 2822
f 140 1283 2815 1143
f 1283 1284 2816 2815
f 1284 1285 2817 2816
f 1285 196 927 2817
f 2817 927 926 2820
f 2820 926 925 2823
f 2823 925 159 1294
f 2822 2823 1294 1293
f 2821 2822 1293 1292
f 1141 2821 1292 134
f 1142 2818 2821 1141
f 1143 2815 2818 1142
f 3407 2824 3408
f 3323 1295 2824 3407
f 1295 206 1014 2824
f 3409 1013 1012 3410
f 3410 1012 3319
f 2825 2826 2829 2828
f 2826 2827 2830 2829
f 2828 2829 2832 2831
f 2829 2830 2833 2832
f 183 1296 2825 933
f 1296 1297 2826 2825
f 1297 1298 2827 2826
f 1298 198 948 2827
f 2827 948 947 2830
f 2830 947 946 2833
f 2833 946 171 1301
f 2832 2833 1301 1300
f 2831 2832 1300 1299
f 931 2831 1299 121
f 932 2828 2831 931
f 933 2825 2828 932
f 2834 2835 2838 2837
f 2835 2836 2839 2838
f 2837 2838 2841 2840
f 2838 2839 2842 2841
f 184 991 2834 909
f 991 992 2835 2834
f 992 993 2836 2835
f 993 199 960 2836
f 2836 960 959 2839
f 2839 959 958 2842
f 2842 958 167 1304
f 2841 2842 1304 1303
f 2840 2841 1303 1302
f 907 2840 1302 119
f 908 2837 2840 907
f 909 2834 2837 908
f 2843 2844 2847 2846
f 2844 2845 2848 2847
f 2846 2847 2850 2849
f 2847 2848 2851 2850
f 179 1308 2843 1307
f 1308 1309 2844 2843
f 1309 1310 2845 2844
f 1310 200 972 2845
f 2845 972 971 2848
f 2848 971 970 2851
f 2851 970 168 1313
f 2850 2851 1313 1312
f 2849 2850 1312 1311
f 1305 2849 1311 120
f 1306 2846 2849 1305
f 1307 2843 2846 1306
f 2852 2853 2856 2855
f 2853 2854 2857 2856
f 2855 2856 2859 2858
f 2856 2857 2860 2859
f 181 1314 2852 1104
f 1314 1315 2853 2852
f 1315 1316 2854 2853
f 1316 214 1085 2854
f 2854 1085 1084 2857
f 2857 1084 1083 2860
f 2860 1083 198 1298
f 2859 2860 1298 1297
f 2858 2859 1297 1296
f 1106 2858 1296 183
f 1105 2855 2858 1106
f 1104 2852 2855 1105
f 2861 2862 2865 2864
f 2862 2863 2866 2865
f 2864 2865 2868 2867
f 2865 2866 2869 2868
f 176 1320 2861 1317
f 1320 1321 2862 2861
f 1321 1322 2863 2862
f 1322 212 1043 2863
f 2863 1043 1042 2866
f 2866 1042 1041 2869
f 2869 1041 200 1310
f 2868 2869 1310 1309
f 2867 2868 1309 1308
f 1319 2867 1308 179
f 1318 2864 2867 1319
f 1317 2861 2864 1318
f 2870 2871 2874 2873
f 2871 2872 2875 2874
f 2873 2874 2877 2876
f 2874 2875 2878 2877
f 159 936 2870 1323
f 936 935 2871 2870
f 935 934 2872 2871
f 934 121 1326 2872
f 2872 1326 1327 2875
f 2875 1327 1328 2878
f 2878 1328 187 1024
f 2877 2878 1024 1025
f 2876 2877 1025 1026
f 1325 2876 1026 201
f 1324 2873 2876 1325
f 1323 2870 2873 1324
f 2879 2880 2883 2882
f 2880 2881 2884 2883
f 2882 2883 2886 2885
f 2883 2884 2887 2886
f 134 1292 2879 1329
f 1292 1293 2880 2879
f 1293 1294 2881 2880
f 1294 159 1323 2881
f 2881 1323 1324 2884
f 2884 1324 1325 2887
f 2887 1325 201 1261
f 2886 2887 1261 1260
f 2885 2886 1260 1259
f 1331 2885 1259 138
f 1330 2882 2885 1331
f 1329 2879 2882 1330
f 2888 2889 2892 2891
f 2889 2890 2893 2892
f 2891 2892 2895 2894
f 2892 2893 2896 2895
f 157 912 2888 1332
f 912 911 2889 2888
f 911 910 2890 2889
f 910 119 1335 2890
f 2890 1335 1336 2893
f 2893 1336 1337 2896
f 2896 1337 181 1101
f 2895 2896 1101 1102
f 2894 2895 1102 1103
f 1334 2894 1103 202
f 1333 2891 2894 1334
f 1332 2888 2891 1333
f 2897 2898 2901 2900
f 2898 2899 2902 2901
f 2900 2901 2904 2903
f 2901 2902 2905 2904
f 131 1265 2897 1338
f 1265 1266 2898 2897
f 1266 1267 2899 2898
f 1267 157 1332 2899
f 2899 1332 1333 2902
f 2902 1333 1334 2905
f 2905 1334 202 1282
f 2904 2905 1282 1281
f 2903 2904 1281 1280
f 1340 2903 1280 143
f 1339 2900 2903 1340
f 1338 2897 2900 1339
f 2906 2907 2910 2909
f 2907 2908 2911 2910
f 2909 2910 2913 2912
f 2910 2911 2914 2913
f 179 1307 2906 1341
f 1307 1306 2907 2906
f 1306 1305 2908 2907
f 1305 120 1077 2908
f 2908 1077 1078 2911
f 2911 1078 1079 2914
f 2914 1079 190 1006
f 2913 2914 1006 1007
f 2912 2913 1007 1008
f 1343 2912 1008 203
f 1342 2909 2912 1343
f 1341 2906 2909 1342
f 2915 2916 2919 2918
f 2916 2917 2920 2919
f 2918 2919 2922 2921
f 2919 2920 2923 2922
f 172 1346 2915 1065
f 1346 1345 2916 2915
f 1345 1344 2917 2916
f 1344 124 976 2917
f 2917 976 977 2920
f 2920 977 978 2923
f 2923 978 170 1274
f 2922 2923 1274 1275
f 2921 2922 1275 1276
f 1067 2921 1276 204
f 1066 2918 2921 1067
f 1065 2915 2918 1066
f 2924 2925 2928 2927
f 2925 2926 2929 2928
f 2927 2928 2931 2930
f 2928 2929 2932 2931
f 173 1347 2924 1204
f 1347 1348 2925 2924
f 1348 1349 2926 2925
f 1349 208 1273 2926
f 2926 1273 1272 2929
f 2929 1272 1271 2932
f 2932 1271 197 939
f 2931 2932 939 938
f 2930 2931 938 937
f 1206 2930 937 175
f 1205 2927 2930 1206
f 1204 2924 2927 1205
f 2933 2934 2937 2936
f 2934 2935 2938 2937
f 2936 2937 2940 2939
f 2937 2938 2941 2940
f 171 957 2933 1350
f 957 956 2934 2933
f 956 955 2935 2934
f 955 125 1353 2935
f 2935 1353 1354 2938
f 2938 1354 1355 2941
f 2941 1355 173 1201
f 2940 2941 1201 1202
f 2939 2940 1202 1203
f 1352 2939 1203 205
f 1351 2936 2939 1352
f 1350 2933 2936 1351
f 2942 2943 2946 2945
f 2943 2944 2947 2946
f 2945 2946 2949 2948
f 2946 2947 2950 2949
f 121 1299 2942 1326
f 1299 1300 2943 2942
f 1300 1301 2944 2943
f 1301 171 1350 2944
f 2944 1350 1351 2947
f 2947 1351 1352 2950
f 2950 1352 205 1358
f 2949 2950 1358 1357
f 2948 2949 1357 1356
f 1328 2948 1356 187
f 1327 2945 2948 1328
f 1326 2942 2945 1327
f 2951 2952 2955 2954
f 2952 2953 2956 2955
f 2954 2955 2958 2957
f 2955 2956 2959 2958
f 149 1218 2951 1359
f 1218 1217 2952 2951
f 1217 1216 2953 2952
f 1216 117 1362 2953
f 2953 1362 1363 2956
f 2956 1363 1364 2959
f 2959 1364 186 1015
f 2958 2959 1015 1016
f 2957 2958 1016 1017
f 1361 2957 1017 206
f 1360 2954 2957 1361
f 1359 2951 2954 1360
f 2960 2961 2964 2963
f 2961 2962 2965 2964
f 2964 2965 2967 2966
f 1210 1211 2961 2960
f 1211 1212 2962 2961
f 1212 149 1359 2962
f 2962 1359 1360 2965
f 2965 1360 1361 2967
f 2967 1361 206 1295
f 3412 2966 3413
f 3414 2963 3411
f 3415 2960 2963 3414
f 2968 2969 2972 2971
f 2969 2970 2973 2972
f 2971 2972 2975 2974
f 2972 2973 2976 2975
f 168 981 2968 1365
f 981 980 2969 2968
f 980 979 2970 2969
f 979 124 1344 2970
f 2970 1344 1345 2973
f 2973 1345 1346 2976
f 2976 1346 172 1250
f 2975 2976 1250 1251
f 2974 2975 1251 1252
f 1367 2974 1252 207
f 1366 2971 2974 1367
f 1365 2968 2971 1366
f 2977 2978 2981 2980
f 2978 2979 2982 2981
f 2980 2981 2984 2983
f 2981 2982 2985 2984
f 120 1311 2977 1368
f 1311 1312 2978 2977
f 1312 1313 2979 2978
f 1313 168 1365 2979
f 2979 1365 1366 2982
f 2982 1366 1367 2985
f 2985 1367 207 987
f 2984 2985 987 986
f 2983 2984 986 985
f 1370 2983 985 178
f 1369 2980 2983 1370
f 1368 2977 2980 1369
f 2986 2987 2990 2989
f 2987 2988 2991 2990
f 2989 2990 2993 2992
f 2990 2991 2994 2993
f 192 1246 2986 1095
f 1246 1245 2987 2986
f 1245 1244 2988 2987
f 1244 176 1317 2988
f 2988 1317 1318 2991
f 2991 1318 1319 2994
f 2994 1319 179 1341
f 2993 2994 1341 1342
f 2992 2993 1342 1343
f 1097 2992 1343 203
f 1096 2989 2992 1097
f 1095 2986 2989 1096
f 2995 2996 2999 2998
f 2996 2997 3000 2999
f 2998 2999 3002 3001
f 2999 3000 3003 3002
f 165 1235 2995 954
f 1235 1236 2996 2995
f 1236 1237 2997 2996
f 1237 208 1349 2997
f 2997 1349 1348 3000
f 3000 1348 1347 3003
f 3003 1347 173 1355
f 3002 3003 1355 1354
f 3001 3002 1354 1353
f 952 3001 1353 125
f 953 2998 3001 952
f 954 2995 2998 953
f 3004 3005 3008 3007
f 3005 3006 3009 3008
f 3007 3008 3011 3010
f 3008 3009 3012 3011
f 123 964 3004 1371
f 964 965 3005 3004
f 965 966 3006 3005
f 966 174 1059 3006
f 3006 1059 1060 3009
f 3009 1060 1061 3012
f 3012 1061 209 1231
f 3011 3012 1231 1230
f 3010 3011 1230 1229
f 1373 3010 1229 164
f 1372 3007 3010 1373
f 1371 3004 3007 1372
f 3013 3014 3017 3016
f 3014 3015 3018 3017
f 3016 3017 3020 3019
f 3017 3018 3021 3020
f 158 1082 3013 1374
f 1082 1081 3014 3013
f 1081 1080 3015 3014
f 1080 120 1368 3015
f 3015 1368 1369 3018
f 3018 1369 1370 3021
f 3021 1370 178 1377
f 3020 3021 1377 1378
f 3019 3020 1378 1379
f 1376 3019 1379 210
f 1375 3016 3019 1376
f 1374 3013 3016 1375
f 3022 3023 3026 3025
f 3023 3024 3027 3026
f 3025 3026 3029 3028
f 3026 3027 3030 3029
f 132 1383 3022 1380
f 1383 1384 3023 3022
f 1384 1385 3024 3023
f 1385 158 1374 3024
f 3024 1374 1375 3027
f 3027 1375 1376 3030
f 3030 1376 210 1158
f 3029 3030 1158 1157
f 3028 3029 1157 1156
f 1382 3028 1156 142
f 1381 3025 3028 1382
f 1380 3022 3025 1381
f 3031 3032 3035 3034
f 3032 3033 3036 3035
f 3034 3035 3038 3037
f 3035 3036 3039 3038
f 137 1173 3031 1386
f 1173 1172 3032 3031
f 1172 1171 3033 3032
f 1171 133 1286 3033
f 3033 1286 1287 3036
f 3036 1287 1288 3039
f 3039 1288 153 1053
f 3038 3039 1053 1054
f 3037 3038 1054 1055
f 1388 3037 1055 211
f 1387 3034 3037 1388
f 1386 3031 3034 1387
f 3040 3041 3044 3043
f 3041 3042 3045 3044
f 3043 3044 3047 3046
f 3044 3045 3048 3047
f 136 1389 3040 773
f 1389 1390 3041 3040
f 1390 1391 3042 3041
f 1391 137 1386 3042
f 3042 1386 1387 3045
f 3045 1387 1388 3048
f 3048 1388 211 1394
f 3047 3048 1394 1393
f 3046 3047 1393 1392
f 775 3046 1392 151
f 774 3043 3046 775
f 773 3040 3043 774
f 3049 3050 3053 3052
f 3050 3051 3054 3053
f 3052 3053 3056 3055
f 3053 3054 3057 3056
f 151 1392 3049 781
f 1392 1393 3050 3049
f 1393 1394 3051 3050
f 1394 211 1052 3051
f 3051 1052 1051 3054
f 3054 1051 1050 3057
f 3057 1050 156 1249
f 3056 3057 1249 1248
f 3055 3056 1248 1247
f 779 3055 1247 130
f 780 3052 3055 779
f 781 3049 3052 780
f 3058 3059 3062 3061
f 3059 3060 3063 3062
f 3061 3062 3065 3064
f 3062 3063 3066 3065
f 189 900 3058 1395
f 900 899 3059 3058
f 899 898 3060 3059
f 898 126 943 3060
f 3060 943 944 3063
f 3063 944 945 3066
f 3066 945 177 1044
f 3065 3066 1044 1045
f 3064 3065 1045 1046
f 1397 3064 1046 212
f 1396 3061 3064 1397
f 1395 3058 3061 1396
f 3067 3068 3071 3070
f 3068 3069 3072 3071
f 3070 3071 3074 3073
f 3071 3072 3075 3074
f 122 1256 3067 1241
f 1256 1257 3068 3067
f 1257 1258 3069 3068
f 1258 189 1395 3069
f 3069 1395 1396 3072
f 3072 1396 1397 3075
f 3075 1397 212 1322
f 3074 3075 1322 1321
f 3073 3074 1321 1320
f 1243 3073 1320 176
f 1242 3070 3073 1243
f 1241 3067 3070 1242
f 3314 885 3416
f 3417 1398 1399 3418
f 3418 1399 3325
f 3076 3077 3080 3079
f 3077 3078 3081 3080
f 3079 3080 3083 3082
f 3080 3081 3084 3083
f 152 790 3076 1400
f 790 789 3077 3076
f 789 788 3078 3077
f 788 128 1009 3078
f 3078 1009 1010 3081
f 3081 1010 1011 3084
f 3084 1011 190 1074
f 3083 3084 1074 1075
f 3082 3083 1075 1076
f 1402 3082 1076 213
f 1401 3079 3082 1402
f 1400 3076 3079 1401
f 3085 3086 3089 3088
f 3086 3087 3090 3089
f 3088 3089 3092 3091
f 3089 3090 3093 3092
f 135 794 3085 1403
f 794 795 3086 3085
f 795 796 3087 3086
f 796 152 1400 3087
f 3087 1400 1401 3090
f 3090 1401 1402 3093
f 3093 1402 213 1408
f 3092 3093 1408 1407
f 3091 3092 1407 1406
f 1405 3091 1406 145
f 1404 3088 3091 1405
f 1403 3085 3088 1404
f 3094 3095 3098 3097
f 3095 3096 3099 3098
f 3097 3098 3101 3100
f 3098 3099 3102 3101
f 145 1406 3094 1182
f 1406 1407 3095 3094
f 1407 1408 3096 3095
f 1408 213 1073 3096
f 3096 1073 1072 3099
f 3099 1072 1071 3102
f 3102 1071 158 1385
f 3101 3102 1385 1384
f 3100 3101 1384 1383
f 1180 3100 1383 132
f 1181 3097 3100 1180
f 1182 3094 3097 1181
f 3103 3104 3107 3106
f 3104 3105 3108 3107
f 3106 3107 3110 3109
f 3107 3108 3111 3110
f 167 969 3103 1409
f 969 968 3104 3103
f 968 967 3105 3104
f 967 123 1371 3105
f 3105 1371 1372 3108
f 3108 1372 1373 3111
f 3111 1373 164 1086
f 3110 3111 1086 1087
f 3109 3110 1087 1088
f 1411 3109 1088 214
f 1410 3106 3109 1411
f 1409 3103 3106 1410
f 3112 3113 3116 3115
f 3113 3114 3117 3116
f 3115 3116 3119 3118
f 3116 3117 3120 3119
f 119 1302 3112 1335
f 1302 1303 3113 3112
f 1303 1304 3114 3113
f 1304 167 1409 3114
f 3114 1409 1410 3117
f 3117 1410 1411 3120
f 3120 1411 214 1316
f 3119 3120 1316 1315
f 3118 3119 1315 1314
f 1337 3118 1314 181
f 1336 3115 3118 1337
f 1335 3112 3115 1336
f 1412 3121 1110 215
f 3326 3420 3121 1412
f 3421 3326 1412
f 3421 1412 215 1415 3422
f 3423 3422 1415 1414
f 3424 3423 1414 1413
f 3312 3424 1413 150
f 3122 3123 3126 3125
f 3123 3124 3127 3126
f 3125 3126 3129 3128
f 3126 3127 3130 3129
f 150 1413 3122 1197
f 1413 1414 3123 3122
f 1414 1415 3124 3123
f 1415 215 1109 3124
f 3124 1109 1108 3127
f 3127 1108 1107 3130
f 3130 1107 185 812
f 3129 3130 812 811
f 3128 3129 811 810
f 1195 3128 810 115
f 1196 3125 3128 1195
f 1197 3122 3125 1196
f 3131 3132 3135 3134
f 3132 3133 3136 3135
f 3134 3135 3138 3137
f 3135 3136 3139 3138
f 194 1159 3131 906
f 1159 1160 3132 3131
f 1160 1161 3133 3132
f 1161 210 1379 3133
f 3133 1379 1378 3136
f 3136 1378 1377 3139
f 3139 1377 178 982
f 3138 3139 982 983
f 3137 3138 983 984
f 904 3137 984 184
f 905 3134 3137 904
f 906 3131 3134 905
f 3140 3141 3144 3143
f 3141 3142 3145 3144
f 3143 3144 3147 3146
f 3144 3145 3148 3147
f 188 1416 3140 884
f 1416 1417 3141 3140
f 1417 1418 3142 3141
f 1418 216 1113 3142
f 3142 1113 1112 3145
f 3145 1112 1111 3148
f 3148 1111 161 1421
f 3147 3148 1421 1420
f 3146 3147 1420 1419
f 882 3146 1419 116
f 883 3143 3146 882
f 884 3140 3143 883
f 3149 3150 3153 3152
f 3150 3151 3154 3153
f 3152 3153 3156 3155
f 3153 3154 3157 3156
f 186 1422 3149 1018
f 1422 1423 3150 3149
f 1423 1424 3151 3150
f 1424 221 1149 3151
f 3151 1149 1148 3154
f 3154 1148 1147 3157
f 3157 1147 216 1418
f 3156 3157 1418 1417
f 3155 3156 1417 1416
f 1020 3155 1416 188
f 1019 3152 3155 1020
f 1018 3149 3152 1019
f 3158 3159 3162 3161
f 3159 3160 3163 3162
f 3161 3162 3165 3164
f 3162 3163 3166 3165
f 182 1038 3158 888
f 1038 1039 3159 3158
f 1039 1040 3160 3159
f 1040 217 1125 3160
f 3160 1125 1124 3163
f 3163 1124 1123 3166
f 3166 1123 160 1427
f 3165 3166 1427 1426
f 3164 3165 1426 1425
f 886 3164 1425 118
f 887 3161 3164 886
f 888 3158 3161 887
f 3167 3168 3171 3170
f 3168 3169 3172 3171
f 3170 3171 3174 3173
f 3171 3172 3175 3174
f 3318 1000 3167 3427
f 1000 1001 3168 3167
f 1001 1002 3169 3168
f 1002 218 1137 3169
f 3169 1137 1136 3172
f 3172 1136 1135 3175
f 3175 1135 162 1430
f 3174 3175 1430 1429
f 3173 3174 1429 1428
f 3425 3173 1428 3327
f 3426 3170 3173 3425
f 3427 3167 3170 3426
f 3176 3177 3180 3179
f 3177 3178 3181 3180
f 3179 3180 3183 3182
f 3180 3181 3184 3183
f 162 1146 3176 1431
f 1146 1145 3177 3176
f 1145 1144 3178 3177
f 1144 134 1329 3178
f 3178 1329 1330 3181
f 3181 1330 1331 3184
f 3184 1331 138 1186
f 3183 3184 1186 1187
f 3182 3183 1187 1188
f 1433 3182 1188 219
f 1432 3179 3182 1433
f 1431 3176 3179 1432
f 3185 3186 3189 3188
f 3186 3187 3190 3189
f 3188 3189 3192 3191
f 3189 3190 3193 3192
f 3327 1428 3185 3430
f 1428 1429 3186 3185
f 1429 1430 3187 3186
f 1430 162 1431 3187
f 3187 1431 1432 3190
f 3190 1432 1433 3193
f 3193 1433 219 1034
f 3192 3193 1034 1033
f 3191 3192 1033 1032
f 3428 3191 1032 3321
f 3429 3188 3191 3428
f 3430 3185 3188 3429
f 3194 3195 3198 3197
f 3195 3196 3199 3198
f 3197 3198 3201 3200
f 3198 3199 3202 3201
f 161 1122 3194 1434
f 1122 1121 3195 3194
f 1121 1120 3196 3195
f 1120 131 1338 3196
f 3196 1338 1339 3199
f 3199 1339 1340 3202
f 3202 1340 143 1289
f 3201 3202 1289 1290
f 3200 3201 1290 1291
f 1436 3200 1291 220
f 1435 3197 3200 1436
f 1434 3194 3197 1435
f 3203 3204 3207 3206
f 3204 3205 3208 3207
f 3206 3207 3210 3209
f 3207 3208 3211 3210
f 116 1419 3203 1398
f 1419 1420 3204 3203
f 1420 1421 3205 3204
f 1421 161 1434 3205
f 3205 1434 1435 3208
f 3208 1435 1436 3211
f 3211 1436 220 996
f 3210 3211 996 995
f 3209 3210 995 994
f 3431 3209 994 3317
f 1398 3203 3206 1399
f 3212 3213 3216 3215
f 3213 3214 3217 3216
f 3215 3216 3219 3218
f 3216 3217 3220 3219
f 163 1185 3212 1437
f 1185 1184 3213 3212
f 1184 1183 3214 3213
f 1183 132 1380 3214
f 3214 1380 1381 3217
f 3217 1381 1382 3220
f 3220 1382 142 1150
f 3219 3220 1150 1151
f 3218 3219 1151 1152
f 1439 3218 1152 221
f 1438 3215 3218 1439
f 1437 3212 3215 1438
f 3221 3222 3225 3224
f 3222 3223 3226 3225
f 3224 3225 3228 3227
f 3225 3226 3229 3228
f 117 1440 3221 1362
f 1440 1441 3222 3221
f 1441 1442 3223 3222
f 1442 163 1437 3223
f 3223 1437 1438 3226
f 3226 1438 1439 3229
f 3229 1439 221 1424
f 3228 3229 1424 1423
f 3227 3228 1423 1422
f 1364 3227 1422 186
f 1363 3224 3227 1364
f 1362 3221 3224 1363
f 3230 3231 3234 3233
f 3231 3232 3235 3234
f 3233 3234 3237 3236
f 3234 3235 3238 3237
f 180 1228 3230 1443
f 1228 1227 3231 3230
f 1227 1226 3232 3231
f 1226 118 1425 3232
f 3232 1425 1426 3235
f 3235 1426 1427 3238
f 3238 1427 160 1168
f 3237 3238 1168 1169
f 3236 3237 1169 1170
f 1445 3236 1170 222
f 1444 3233 3236 1445
f 1443 3230 3233 1444
f 3239 3240 3243 3242
f 3240 3241 3244 3243
f 3242 3243 3246 3245
f 3243 3244 3247 3246
f 129 1223 3239 843
f 1223 1224 3240 3239
f 1224 1225 3241 3240
f 1225 180 1443 3241
f 3241 1443 1444 3244
f 3244 1444 1445 3247
f 3247 1445 222 1448
f 3246 3247 1448 1447
f 3245 3246 1447 1446
f 845 3245 1446 146
f 844 3242 3245 845
f 843 3239 3242 844
f 3248 3249 3252 3251
f 3249 3250 3253 3252
f 3251 3252 3255 3254
f 3252 3253 3256 3255
f 146 1446 3248 851
f 1446 1447 3249 3248
f 1447 1448 3250 3249
f 1448 222 1167 3250
f 3250 1167 1166 3253
f 3253 1166 1165 3256
f 3256 1165 137 1391
f 3255 3256 1391 1390
f 3254 3255 1390 1389
f 849 3254 1389 136
f 850 3251 3254 849
f 851 3248 3251 850
f 3257 3258 3261 3260
f 3258 3259 3262 3261
f 3260 3261 3264 3263
f 3261 3262 3265 3264
f 154 854 3257 1449
f 854 853 3258 3257
f 853 852 3259 3258
f 852 135 1403 3259
f 3259 1403 1404 3262
f 3262 1404 1405 3265
f 3265 1405 145 1177
f 3264 3265 1177 1178
f 3263 3264 1178 1179
f 1451 3263 1179 223
f 1450 3260 3263 1451
f 1449 3257 3260 1450
f 3266 3267 3270 3269
f 3267 3268 3271 3270
f 3269 3270 3273 3272
f 3270 3271 3274 3273
f 127 858 3266 876
f 858 859 3267 3266
f 859 860 3268 3267
f 860 154 1449 3268
f 3268 1449 1450 3271
f 3271 1450 1451 3274
f 3274 1451 223 1454
f 3273 3274 1454 1453
f 3272 3273 1453 1452
f 878 3272 1452 166
f 877 3269 3272 878
f 876 3266 3269 877
f 3275 3276 3279 3278
f 3276 3277 3280 3279
f 3278 3279 3282 3281
f 3279 3280 3283 3282
f 166 1452 3275 1221
f 1452 1453 3276 3275
f 1453 1454 3277 3276
f 1454 223 1176 3277
f 3277 1176 1175 3280
f 3280 1175 1174 3283
f 3283 1174 163 1442
f 3282 3283 1442 1441
f 3281 3282 1441 1440
f 1219 3281 1440 117
f 1220 3278 3281 1219
f 1221 3275 3278 1220
f 3284 3285 3288 3287
f 3285 3286 3289 3288
f 3287 3288 3291 3290
f 3288 3289 3292 3291
f 187 1356 3284 1029
f 1356 1357 3285 3284
f 1357 1358 3286 3285
f 1358 205 1200 3286
f 3286 1200 1199 3289
f 3289 1199 1198 3292
f 3292 1198 193 1255
f 3291 3292 1255 1254
f 3290 3291 1254 1253
f 1027 3290 1253 169
f 1028 3287 3290 1027
f 1029 3284 3287 1028
f 3324 3311 114
f 885 116 1398 3417 3416
f 2963 2964 2966 3412 3411
f 2824 1014 1013 3409 3408
f 2705 2706 3403 3402
f 2704 2705 3402 3401
f 2702 2703 3400 3399
f 2701 2702 3399 3398
f 2392 2393 2394 3389 3388
f 881 880 2390 3386 3390
f 2377 3382 3383 2380 2379
f 2375 3380 3381 2377 2376
f 481 185 2 7
f 478 8 1
f 230 42 807 3372 3371
f 246 3366 3365 785 10
f 2041 3358 3359 2044 2043
f 1904 3355 3357 381 382
f 1785 3350 3351 1786
f 1784 3349 3350 1785
f 1782 3347 3348 1783
f 1781 3346 3347 1782
f 1471 3335 3336 1474 1473
f 245 3337 3333 1470 244
f 1458 1459 1460 3331 3330
f 1455 1456 1458 3329 3328
f 479 480 6 5
f 104 479 5 8 478
f 215 1110 22 38 1109
f 1399 3206 3209 3431 3325
f 114 1210 2960 3415 3324
f 2966 2967 1295 3323 3413
f 1222 2701 3398 3322
f 2706 1222 3322 3403
f 2201 2202 12 9
f 118 1226 2704 3404 3316
f 3367 2201 9 44
f 2380 3385 3312 150 869
f 114 3311 3384 2375 864
f 3121 40 3 1110
f 4 3307 3360 2040 587
f 2044 3362 3306 676 2047
f 1783 3348 3305 603
f 2703 603 3305 3400
f 602 3304 3346 1781
f 1786 3351 3304 602
f 1109 38 37 1108
f 2202 478 1 12
f 1107 35 2 185
f 787 3308 3299 359 2287
f 250 3298 3349 1784
f 3419 43 39
f 4 224 1455 3332 3293
