# phallus, cut by scripts/blender/cut_male.py from adult_male_genitalia_breast_fix.obj (sha256 78092e99e7165d5ee6d0e48dca48ee360fbb73b61206325dca8746dcf65c8095)
# CC0: the source's page states CC0; see packs/adult-anatomy/source/PROVENANCE.md
v 0.009026 0.792189 0.097000
v 0.005285 0.787934 0.097000
v 0.004910 0.787619 0.097000
v -0.013351 0.796425 0.107281
v -0.009246 0.789924 0.099333
v -0.013537 0.783242 0.117134
v -0.009468 0.777844 0.108804
v -0.013165 0.770254 0.124300
v -0.009158 0.764999 0.115351
v -0.011881 0.747156 0.133534
v -0.008448 0.743806 0.125249
v -0.004730 0.736375 0.136702
v -0.004181 0.736088 0.132354
v -0.008383 0.748882 0.123146
v -0.011769 0.753565 0.131353
v -0.004617 0.747929 0.120136
v -0.011516 0.750801 0.126596
v -0.005148 0.759100 0.140461
v -0.009155 0.757393 0.137088
v -0.009518 0.749586 0.138997
v -0.011265 0.745266 0.128886
v -0.004596 0.742639 0.122979
v -0.005064 0.751389 0.142944
v -0.007200 0.740383 0.127694
v -0.010137 0.742803 0.134898
v 0.002346 0.734890 0.134625
v -0.009182 0.746745 0.123402
v -0.002329 0.737974 0.140651
v -0.002384 0.735350 0.132186
v -0.004124 0.737297 0.138948
v -0.012694 0.751107 0.132358
v -0.004629 0.736061 0.134264
v -0.008644 0.754335 0.119920
v -0.012413 0.760772 0.127616
v -0.009545 0.783865 0.104340
v -0.013675 0.789789 0.112520
v -0.013522 0.776550 0.121016
v -0.005627 0.774802 0.134481
v -0.012307 0.767515 0.119255
v -0.004931 0.763113 0.112592
v -0.010553 0.773028 0.130190
v -0.012456 0.792934 0.102744
v -0.009415 0.771448 0.112237
v -0.011047 0.786352 0.122189
v -0.012813 0.780320 0.112547
v -0.005095 0.775795 0.106045
v -0.005918 0.788794 0.126094
v -0.011103 0.793417 0.117514
v -0.005941 0.796240 0.121183
v -0.005116 0.781750 0.101676
v -0.012842 0.786654 0.108031
v -0.012682 0.773851 0.116143
v -0.010923 0.779415 0.126652
v -0.005833 0.781494 0.130849
v -0.005038 0.769583 0.109476
v -0.005565 0.756730 0.142083
v -0.005150 0.745408 0.120932
v -0.012300 0.748504 0.127334
v -0.010228 0.754454 0.138142
v -0.008053 0.744511 0.139683
v -0.004266 0.745800 0.143137
v -0.003875 0.739523 0.125734
v -0.009543 0.741457 0.130856
v 0.000001 0.734577 0.134644
v -0.002346 0.734890 0.134625
v -0.005386 0.766227 0.138035
v -0.004594 0.752116 0.117563
v -0.011874 0.757288 0.122940
v -0.009950 0.764212 0.133737
v -0.005512 0.737619 0.130386
v -0.007537 0.739152 0.136001
v -0.006072 0.740392 0.139595
v -0.003251 0.741272 0.142191
v -0.002994 0.736966 0.129033
v -0.007139 0.738280 0.132839
v -0.008773 0.747851 0.123349
v -0.012203 0.752429 0.131970
v -0.005305 0.758160 0.141292
v -0.004905 0.746795 0.120592
v -0.011983 0.749671 0.126989
v -0.009379 0.756169 0.137953
v -0.008811 0.759165 0.117939
v -0.012562 0.764967 0.126285
v -0.005405 0.769818 0.136569
v -0.004780 0.757032 0.115221
v -0.011860 0.761908 0.121513
v -0.010081 0.768021 0.132245
v -0.008373 0.751070 0.121891
v -0.011945 0.756565 0.129747
v -0.005339 0.762007 0.139435
v -0.004556 0.749513 0.119060
v -0.011522 0.753484 0.125106
v -0.009762 0.760102 0.135454
v -0.008385 0.752746 0.120822
v -0.012111 0.759132 0.128426
v -0.005426 0.764227 0.138801
v -0.004513 0.750639 0.118377
v -0.011606 0.755699 0.123745
v -0.009973 0.762372 0.134518
v -0.009026 0.792190 0.097000
v -0.005284 0.787941 0.097000
v 0.013351 0.796425 0.107281
v 0.009247 0.789922 0.099333
v 0.000015 0.789539 0.127261
v 0.013537 0.783242 0.117134
v 0.000000 0.775114 0.105435
v 0.009468 0.777844 0.108804
v -0.000001 0.775246 0.135617
v 0.013164 0.770246 0.124299
v -0.000004 0.762545 0.111750
v 0.009158 0.764991 0.115349
v -0.000001 0.751823 0.143996
v 0.011881 0.747154 0.133534
v 0.000003 0.742210 0.122305
v 0.008448 0.743806 0.125249
v -0.000003 0.737992 0.141072
v 0.004730 0.736375 0.136702
v 0.000002 0.734895 0.132207
v 0.004181 0.736088 0.132354
v 0.000002 0.736455 0.137731
v -0.000000 0.759298 0.141188
v -0.000005 0.747834 0.118526
v 0.008383 0.748882 0.123146
v 0.011769 0.753566 0.131353
v 0.004614 0.747929 0.120136
v 0.011516 0.750801 0.126596
v 0.005148 0.759134 0.140467
v 0.009155 0.757402 0.137089
v 0.009518 0.749577 0.138996
v 0.011265 0.745266 0.128886
v 0.004598 0.742639 0.122979
v 0.005064 0.751387 0.142943
v -0.000005 0.746162 0.144134
v 0.007200 0.740383 0.127694
v 0.010137 0.742803 0.134898
v -0.000004 0.736991 0.139232
v 0.002166 0.736041 0.138297
v -0.000004 0.739176 0.125119
v 0.009182 0.746745 0.123402
v 0.002328 0.737974 0.140651
v 0.000000 0.744979 0.120099
v 0.002384 0.735350 0.132186
v 0.004124 0.737297 0.138948
v 0.012694 0.751099 0.132356
v 0.004629 0.736061 0.134264
v -0.000003 0.757162 0.142876
v 0.008644 0.754343 0.119921
v 0.000003 0.766530 0.138938
v 0.012413 0.760772 0.127616
v 0.000004 0.751562 0.116730
v -0.004905 0.787624 0.097000
v 0.000011 0.797030 0.122128
v 0.009545 0.783864 0.104340
v 0.013675 0.789789 0.112520
v 0.000007 0.782083 0.132008
v 0.013522 0.776548 0.121015
v -0.000000 0.768944 0.108667
v 0.000002 0.781166 0.101065
v 0.005626 0.774794 0.134479
v 0.012306 0.767481 0.119249
v 0.004929 0.763113 0.112592
v 0.010553 0.773026 0.130190
v 0.012456 0.792934 0.102744
v 0.009415 0.771445 0.112236
v 0.011047 0.786349 0.122189
v 0.012813 0.780320 0.112547
v 0.005095 0.775795 0.106045
v 0.005926 0.788785 0.126093
v 0.000004 0.786280 0.097000
v 0.011103 0.793417 0.117514
v 0.005947 0.796240 0.121183
v 0.005118 0.781749 0.101676
v 0.012842 0.786654 0.108031
v 0.012682 0.773842 0.116141
v 0.010923 0.779406 0.126651
v 0.005836 0.781459 0.130843
v 0.005038 0.769583 0.109476
v 0.005563 0.756722 0.142082
v 0.005150 0.745408 0.120932
v 0.012300 0.748504 0.127334
v 0.010227 0.754420 0.138136
v 0.008052 0.744511 0.139683
v 0.004263 0.745800 0.143137
v 0.003873 0.739523 0.125734
v 0.009543 0.741457 0.130856
v 0.001573 0.736719 0.139430
v -0.002165 0.736041 0.138297
v 0.005387 0.766227 0.138035
v 0.004596 0.752118 0.117564
v 0.011874 0.757290 0.122941
v 0.009950 0.764212 0.133737
v -0.000006 0.741426 0.142934
v 0.005512 0.737619 0.130386
v 0.007537 0.739152 0.136001
v 0.000003 0.736646 0.128646
v 0.006072 0.740392 0.139595
v 0.003248 0.741271 0.142191
v 0.002996 0.736966 0.129033
v 0.007139 0.738280 0.132839
v 0.008773 0.747851 0.123349
v -0.000005 0.746531 0.119176
v 0.012203 0.752427 0.131970
v -0.000001 0.758515 0.141782
v 0.005305 0.758166 0.141294
v 0.004903 0.746795 0.120592
v 0.011983 0.749670 0.126989
v 0.009379 0.756163 0.137952
v 0.008811 0.759163 0.117939
v 0.000002 0.770170 0.137678
v 0.012562 0.764965 0.126285
v -0.000006 0.756507 0.114447
v 0.005406 0.769818 0.136569
v 0.004777 0.757032 0.115221
v 0.011860 0.761899 0.121512
v 0.010081 0.768021 0.132245
v 0.008373 0.751079 0.121892
v -0.000001 0.762237 0.140302
v 0.011945 0.756565 0.129747
v 0.000006 0.749051 0.117845
v 0.005339 0.762015 0.139436
v 0.004559 0.749515 0.119060
v 0.011522 0.753487 0.125106
v 0.009762 0.760104 0.135454
v 0.008385 0.752779 0.120827
v 0.000002 0.764492 0.139685
v 0.012111 0.759132 0.128426
v -0.000002 0.749961 0.117406
v 0.005427 0.764227 0.138801
v 0.004512 0.750647 0.118379
v 0.011606 0.755707 0.123746
v 0.009973 0.762372 0.134518
v -0.009906 0.793575 0.097000
v -0.009615 0.793136 0.097000
v -0.008088 0.790885 0.097000
v -0.007753 0.790486 0.097000
v -0.006029 0.788538 0.097000
v -0.007090 0.789647 0.097000
v -0.003725 0.786959 0.097000
v -0.002503 0.786547 0.097000
v -0.001255 0.786338 0.097000
v 0.009906 0.793575 0.097000
v 0.009615 0.793135 0.097000
v -0.001576 0.736718 0.139430
v 0.002376 0.735273 0.136628
v -0.000003 0.735530 0.136252
v -0.002378 0.735273 0.136628
v 0.008089 0.790883 0.097000
v 0.007753 0.790482 0.097000
v 0.007093 0.789643 0.097000
v 0.006033 0.788534 0.097000
v 0.001263 0.786336 0.097000
v 0.002510 0.786544 0.097000
v 0.003731 0.786955 0.097000
v 0.010324 0.794316 0.097000
v -0.010324 0.794316 0.097000
v -0.012316 0.794411 0.101287
v -0.008540 0.750145 0.140219
v -0.007452 0.750643 0.141302
v -0.006284 0.751063 0.142220
v -0.009198 0.748240 0.139224
v -0.008851 0.746941 0.139420
v -0.008472 0.745696 0.139575
v -0.007209 0.744905 0.140748
v -0.006282 0.745258 0.141692
v -0.005294 0.745560 0.142495
v -0.013188 0.777277 0.122414
v -0.012631 0.778009 0.123849
v -0.011870 0.778728 0.125277
v -0.006691 0.769523 0.135783
v -0.007918 0.769123 0.134779
v -0.009057 0.768621 0.133589
v -0.009813 0.750957 0.138751
v -0.010053 0.752283 0.138508
v -0.010204 0.753477 0.138296
v -0.012194 0.748290 0.133189
v -0.012446 0.749370 0.132865
v -0.012619 0.750330 0.132582
v -0.011560 0.747743 0.134888
v -0.011047 0.748360 0.136284
v -0.010361 0.748983 0.137670
v -0.004602 0.737936 0.139122
v -0.005083 0.738677 0.139297
v -0.005572 0.739501 0.139460
v 0.002262 0.735843 0.137913
v 0.002324 0.735643 0.137507
v 0.002360 0.735450 0.137078
v -0.008360 0.749359 0.122898
v -0.008358 0.749914 0.122584
v -0.008367 0.750499 0.122237
v -0.009291 0.749287 0.123949
v -0.010157 0.749748 0.124777
v -0.010919 0.750257 0.125651
v -0.005937 0.790640 0.124883
v -0.005951 0.792493 0.123673
v -0.005955 0.794359 0.122445
v -0.007589 0.743392 0.139737
v -0.007095 0.742335 0.139738
v -0.006584 0.741336 0.139690
v -0.005901 0.786953 0.127317
v -0.005884 0.785119 0.128533
v -0.005862 0.783298 0.129718
v -0.004459 0.789142 0.126642
v -0.002978 0.789373 0.127002
v -0.001484 0.789500 0.127200
v -0.012588 0.791403 0.104144
v -0.012700 0.789835 0.105488
v -0.012787 0.788247 0.106781
v -0.013620 0.775844 0.119691
v -0.013498 0.775160 0.118441
v -0.013178 0.774497 0.117261
v -0.007851 0.747511 0.122583
v -0.006920 0.747220 0.121868
v -0.005948 0.746980 0.121203
v -0.011999 0.746620 0.132261
v -0.011925 0.746131 0.131069
v -0.011675 0.745682 0.129947
v -0.009701 0.748237 0.124166
v -0.010587 0.748669 0.125039
v -0.011369 0.749147 0.125978
v -0.011523 0.746025 0.133885
v -0.011117 0.744915 0.134234
v -0.010657 0.743838 0.134573
v -0.009857 0.743216 0.136084
v -0.009400 0.743650 0.137307
v -0.008791 0.744087 0.138522
v -0.010226 0.742424 0.133788
v -0.010140 0.742078 0.132751
v -0.009904 0.741757 0.131777
v 0.002672 0.736135 0.138472
v 0.003164 0.736383 0.138631
v 0.003647 0.736775 0.138787
v 0.003869 0.735931 0.132319
v 0.003428 0.735733 0.132269
v 0.002927 0.735537 0.132220
v 0.004275 0.736059 0.132693
v 0.004399 0.736040 0.133165
v 0.004523 0.736042 0.133694
v -0.000001 0.759900 0.140987
v -0.000001 0.760649 0.140756
v -0.000001 0.761457 0.140520
v -0.004082 0.770009 0.137117
v -0.002735 0.770115 0.137456
v -0.001371 0.770160 0.137629
v -0.007478 0.748542 0.122352
v -0.006566 0.748270 0.121575
v -0.005620 0.748066 0.120831
v -0.011877 0.758169 0.122667
v -0.011857 0.759286 0.122335
v -0.011842 0.760559 0.121949
v -0.009554 0.741819 0.135203
v -0.008919 0.740885 0.135488
v -0.008242 0.739997 0.135754
v -0.000000 0.758907 0.141346
v -0.000000 0.758688 0.141479
v -0.000000 0.758578 0.141615
v -0.008438 0.748514 0.123304
v -0.008523 0.748239 0.123380
v -0.008636 0.748028 0.123389
v -0.011533 0.754161 0.124707
v -0.011544 0.754768 0.124340
v -0.011564 0.755287 0.124017
v -0.011830 0.756692 0.123157
v -0.011757 0.756302 0.123343
v -0.011675 0.756008 0.123529
v 0.010193 0.790619 0.100111
v 0.011057 0.791362 0.100926
v 0.011818 0.792138 0.101797
v 0.009111 0.791324 0.097943
v 0.007209 0.744905 0.140748
v 0.006282 0.745258 0.141692
v 0.005293 0.745560 0.142495
v 0.011074 0.788099 0.121045
v 0.011099 0.789855 0.119893
v 0.011112 0.791625 0.118721
v 0.010078 0.765579 0.116233
v 0.010923 0.766193 0.117174
v 0.011673 0.766828 0.118178
v 0.009243 0.766557 0.114608
v 0.009316 0.768167 0.113833
v 0.009375 0.769802 0.113038
v 0.012327 0.751913 0.133804
v 0.011789 0.752763 0.135286
v 0.011086 0.753611 0.136749
v 0.004403 0.736306 0.132037
v 0.004725 0.736652 0.131566
v 0.005101 0.737094 0.131006
v 0.009948 0.787070 0.123355
v 0.008701 0.787732 0.124419
v 0.007347 0.788312 0.125344
v 0.007589 0.743392 0.139737
v 0.007095 0.742335 0.139738
v 0.006584 0.741337 0.139690
v 0.008237 0.789282 0.098583
v 0.007171 0.788709 0.097891
v 0.006057 0.788211 0.097300
v 0.011024 0.784600 0.123334
v 0.011000 0.782855 0.124471
v 0.010969 0.781121 0.125581
v 0.009363 0.788451 0.100655
v 0.009453 0.786934 0.101919
v 0.009515 0.785396 0.103142
v 0.004979 0.786342 0.098077
v 0.005042 0.784827 0.099292
v 0.005089 0.783285 0.100493
v 0.001483 0.782045 0.131951
v 0.002951 0.781936 0.131760
v 0.004404 0.781744 0.131402
v 0.008180 0.764433 0.114523
v 0.007150 0.763921 0.113773
v 0.006066 0.763475 0.113122
v 0.012882 0.750350 0.130988
v 0.012884 0.749671 0.129700
v 0.012693 0.749056 0.128485
v 0.012661 0.751649 0.132202
v 0.012545 0.752013 0.132102
v 0.012381 0.752252 0.132033
v 0.002032 0.736228 0.138654
v 0.001871 0.736409 0.138975
v 0.001704 0.736584 0.139247
v 0.001345 0.759307 0.141162
v 0.002667 0.759301 0.141057
v 0.003942 0.759252 0.140838
v 0.011877 0.758170 0.122667
v 0.011857 0.759285 0.122335
v 0.011842 0.760555 0.121948
v 0.009064 0.763481 0.116049
v 0.008969 0.762017 0.116709
v 0.008881 0.760583 0.117337
v 0.011534 0.754165 0.124707
v 0.011544 0.754774 0.124341
v 0.011564 0.755294 0.124018
v 0.011830 0.756696 0.123158
v 0.011757 0.756308 0.123344
v 0.011675 0.756015 0.123530
v -0.003647 0.736775 0.138787
v -0.003164 0.736383 0.138631
v -0.002672 0.736135 0.138472
v -0.009814 0.780050 0.127933
v -0.008573 0.780618 0.129082
v -0.007235 0.781104 0.130066
v -0.006975 0.774490 0.133692
v -0.008265 0.774087 0.132692
v -0.009467 0.773597 0.131513
v -0.005688 0.776340 0.133729
v -0.005744 0.777987 0.132866
v -0.005793 0.779715 0.131902
v -0.005562 0.773396 0.135117
v -0.005500 0.772110 0.135659
v -0.005446 0.770924 0.136134
v -0.011618 0.746210 0.128420
v -0.011925 0.747094 0.127988
v -0.012161 0.747872 0.127618
v -0.008709 0.744660 0.124674
v -0.008935 0.745460 0.124146
v -0.009101 0.746168 0.123708
v -0.009282 0.744149 0.126050
v -0.010046 0.744504 0.126929
v -0.010715 0.744875 0.127878
v -0.012327 0.751929 0.133807
v -0.011789 0.752787 0.135291
v -0.011087 0.753642 0.136754
v -0.000002 0.748157 0.118349
v 0.000002 0.748472 0.118172
v 0.000005 0.748772 0.118001
v -0.011776 0.754183 0.131013
v -0.011821 0.754929 0.130610
v -0.011884 0.755743 0.130177
v -0.011325 0.754527 0.132810
v -0.010718 0.755545 0.134305
v -0.009983 0.756531 0.135758
v -0.004023 0.744568 0.143000
v -0.003767 0.743404 0.142790
v -0.003507 0.742306 0.142516
v -0.010949 0.798900 0.113577
v -0.011012 0.797068 0.114950
v -0.011067 0.795235 0.116260
v 0.000015 0.791403 0.126008
v 0.000015 0.793268 0.124739
v 0.000014 0.795141 0.123448
v -0.004246 0.775021 0.135036
v -0.002843 0.775158 0.135385
v -0.001426 0.775228 0.135566
v 0.000014 0.787667 0.128502
v 0.000012 0.785795 0.129718
v 0.000009 0.783931 0.130892
v -0.000001 0.753353 0.143773
v -0.000002 0.754825 0.143500
v -0.000003 0.756131 0.143195
v -0.009954 0.764973 0.133426
v -0.009974 0.765887 0.133064
v -0.010014 0.766917 0.132665
v -0.007562 0.743474 0.124535
v -0.006627 0.743161 0.123916
v -0.005639 0.742879 0.123395
v -0.012882 0.750354 0.130988
v -0.012884 0.749672 0.129700
v -0.012693 0.749056 0.128485
v -0.012661 0.751657 0.132204
v -0.012545 0.752019 0.132103
v -0.012381 0.752256 0.132033
v -0.012484 0.751604 0.130560
v -0.012543 0.750882 0.129268
v -0.012377 0.750244 0.128082
v -0.011711 0.753362 0.133494
v -0.011046 0.754344 0.135058
v -0.010253 0.755304 0.136574
v -0.000001 0.750326 0.144152
v -0.000002 0.748882 0.144232
v -0.000004 0.747493 0.144229
v -0.003217 0.745973 0.143605
v -0.002154 0.746085 0.143913
v -0.001082 0.746144 0.144082
v -0.008172 0.742934 0.125836
v -0.007878 0.742062 0.126435
v -0.007557 0.741207 0.127052
v -0.010888 0.744299 0.129366
v -0.010482 0.743331 0.129855
v -0.010037 0.742378 0.130351
v 0.001770 0.734744 0.134638
v 0.001186 0.734647 0.134644
v 0.000595 0.734594 0.134645
v 0.002364 0.734923 0.135157
v 0.002376 0.735003 0.135668
v 0.002381 0.735122 0.136158
v 0.002912 0.735091 0.134600
v 0.003475 0.735351 0.134544
v 0.004044 0.735673 0.134438
v 0.002327 0.734909 0.134071
v 0.002318 0.734987 0.133486
v 0.002333 0.735132 0.132860
v -0.009955 0.763628 0.133984
v -0.009964 0.763171 0.134184
v -0.009971 0.762775 0.134355
v -0.003639 0.756761 0.114846
v -0.002454 0.756601 0.114608
v -0.001238 0.756526 0.114483
v -0.012020 0.752730 0.130001
v -0.012066 0.752011 0.128762
v -0.011900 0.751378 0.127629
v -0.000003 0.738486 0.125941
v -0.000001 0.737834 0.126810
v 0.000001 0.737221 0.127716
v -0.000006 0.744891 0.143944
v -0.000006 0.743680 0.143671
v -0.000006 0.742525 0.143329
v -0.000006 0.747508 0.118697
v -0.000006 0.747180 0.118861
v -0.000006 0.746854 0.119020
v -0.011815 0.753118 0.131603
v -0.011908 0.752812 0.131776
v -0.012041 0.752598 0.131891
v -0.009867 0.760770 0.135141
v -0.009931 0.761373 0.134893
v -0.009963 0.761907 0.134691
v 0.010670 0.774505 0.129449
v 0.010772 0.776077 0.128601
v 0.010857 0.777718 0.127663
v 0.009814 0.780033 0.127930
v 0.008573 0.780593 0.129078
v 0.007236 0.781072 0.130061
v 0.012839 0.781909 0.111507
v 0.012859 0.783490 0.110401
v 0.012864 0.785070 0.109239
v 0.013188 0.777276 0.122414
v 0.012631 0.778008 0.123849
v 0.011870 0.778725 0.125276
v 0.010425 0.771653 0.130815
v 0.010296 0.770374 0.131346
v 0.010178 0.769170 0.131813
v 0.005236 0.736518 0.134005
v 0.005861 0.737041 0.133672
v 0.006497 0.737629 0.133278
v 0.001202 0.747830 0.118653
v 0.002388 0.747830 0.118997
v 0.003533 0.747856 0.119509
v 0.004021 0.744568 0.143000
v 0.003764 0.743404 0.142790
v 0.003504 0.742306 0.142516
v 0.001512 0.789497 0.127200
v 0.002999 0.789367 0.127001
v 0.004473 0.789134 0.126641
v 0.013620 0.775840 0.119690
v 0.013498 0.775154 0.118440
v 0.013178 0.774489 0.117259
v 0.012788 0.778716 0.113517
v 0.012762 0.777101 0.114429
v 0.012729 0.775475 0.115299
v 0.001279 0.751807 0.143947
v 0.002554 0.751743 0.143778
v 0.003818 0.751610 0.143455
v 0.009954 0.764973 0.133426
v 0.009974 0.765887 0.133064
v 0.010014 0.766917 0.132665
v 0.001073 0.746144 0.144082
v 0.002147 0.746085 0.143913
v 0.003212 0.745973 0.143605
v 0.000988 0.739200 0.125156
v 0.001971 0.739267 0.125267
v 0.002936 0.739376 0.125459
v 0.009955 0.763628 0.133984
v 0.009964 0.763171 0.134184
v 0.009971 0.762775 0.134355
v 0.009867 0.760771 0.135141
v 0.009931 0.761373 0.134893
v 0.009963 0.761908 0.134691
v -0.013059 0.797462 0.108522
v -0.012427 0.769039 0.118541
v -0.012531 0.770614 0.117775
v -0.012616 0.772224 0.116971
v -0.010374 0.772018 0.113129
v -0.011255 0.772610 0.114078
v -0.012033 0.773221 0.115082
v -0.005398 0.736943 0.136589
v -0.006099 0.737608 0.136428
v -0.006818 0.738351 0.136229
v -0.004668 0.736566 0.137293
v -0.004558 0.736798 0.137864
v -0.004381 0.737048 0.138415
v -0.006439 0.757862 0.140787
v -0.007485 0.757441 0.140064
v -0.008459 0.756882 0.139120
v -0.005236 0.736517 0.134005
v -0.005861 0.737041 0.133672
v -0.006497 0.737629 0.133278
v -0.006013 0.737783 0.130908
v -0.006452 0.737945 0.131498
v -0.006828 0.738109 0.132146
v -0.004588 0.748306 0.119890
v -0.004572 0.748713 0.119610
v -0.004564 0.749124 0.119324
v -0.003538 0.747856 0.119509
v -0.002395 0.747830 0.118997
v -0.001211 0.747830 0.118653
v -0.013419 0.795469 0.106065
v -0.013278 0.794581 0.104891
v -0.012950 0.793743 0.103779
v -0.013461 0.794790 0.108699
v -0.013561 0.793127 0.110029
v -0.013637 0.791454 0.111294
v -0.004398 0.781776 0.131407
v -0.002941 0.781960 0.131764
v -0.001470 0.782058 0.131953
v -0.008398 0.770904 0.111404
v -0.007329 0.770401 0.110651
v -0.006209 0.769955 0.110000
v -0.000003 0.757845 0.142561
v -0.000003 0.758237 0.142265
v -0.000002 0.758430 0.142001
v -0.004072 0.758351 0.141593
v -0.002760 0.758457 0.141736
v -0.001394 0.758504 0.141780
v -0.004954 0.737449 0.129941
v -0.004343 0.737279 0.129570
v -0.003687 0.737115 0.129269
v -0.002940 0.739376 0.125459
v -0.001977 0.739267 0.125267
v -0.000995 0.739200 0.125156
v -0.004755 0.736237 0.136092
v -0.004746 0.736148 0.135475
v -0.004704 0.736093 0.134861
v -0.004044 0.735673 0.134438
v -0.003475 0.735351 0.134544
v -0.002912 0.735091 0.134600
v -0.003663 0.738811 0.126522
v -0.003438 0.738145 0.127345
v -0.003212 0.737529 0.128187
v -0.004665 0.747601 0.120326
v -0.004730 0.747313 0.120462
v -0.004811 0.747050 0.120549
v -0.012172 0.766055 0.119906
v -0.012040 0.764646 0.120496
v -0.011929 0.763269 0.121030
v -0.009319 0.753423 0.121482
v -0.010206 0.754143 0.122164
v -0.010987 0.754902 0.122906
v -0.007447 0.752115 0.120156
v -0.006502 0.751544 0.119506
v -0.005530 0.751047 0.118902
v 0.008540 0.750137 0.140217
v 0.007452 0.750637 0.141301
v 0.006284 0.751059 0.142219
v 0.009198 0.748237 0.139223
v 0.008851 0.746940 0.139419
v 0.008472 0.745696 0.139575
v 0.013214 0.784026 0.118400
v 0.012688 0.784814 0.119683
v 0.011964 0.785592 0.120955
v 0.013575 0.784885 0.116044
v 0.013626 0.786515 0.114904
v 0.013666 0.788145 0.113725
v 0.005110 0.777283 0.105039
v 0.005123 0.778760 0.103964
v 0.005128 0.780243 0.102838
v 0.001290 0.768982 0.108708
v 0.002568 0.769099 0.108845
v 0.003821 0.769298 0.109095
v 0.009813 0.750942 0.138748
v 0.010053 0.752259 0.138504
v 0.010203 0.753446 0.138290
v 0.011560 0.747739 0.134888
v 0.011047 0.748354 0.136283
v 0.010360 0.748975 0.137669
v 0.012194 0.748286 0.133188
v 0.012446 0.749363 0.132864
v 0.012619 0.750323 0.132581
v 0.009289 0.751615 0.122644
v 0.010158 0.752199 0.123407
v 0.010922 0.752824 0.124217
v 0.009291 0.749287 0.123949
v 0.010157 0.749748 0.124777
v 0.010919 0.750257 0.125651
v 0.008360 0.749359 0.122898
v 0.008358 0.749915 0.122584
v 0.008367 0.750503 0.122238
v 0.005854 0.800065 0.118506
v 0.005909 0.798141 0.119872
v 0.013653 0.782474 0.115910
v 0.013567 0.781727 0.114735
v 0.013285 0.781007 0.113613
v 0.013524 0.781578 0.118166
v 0.013529 0.779899 0.119149
v 0.013534 0.778219 0.120094
v 0.005081 0.774283 0.106973
v 0.005069 0.772744 0.107840
v 0.005055 0.771177 0.108667
v 0.001417 0.757153 0.142856
v 0.002827 0.757102 0.142757
v 0.004213 0.756970 0.142518
v 0.007851 0.747511 0.122583
v 0.006919 0.747220 0.121868
v 0.005947 0.746980 0.121203
v 0.011999 0.746619 0.132261
v 0.011925 0.746131 0.131069
v 0.011675 0.745682 0.129947
v 0.009701 0.748237 0.124166
v 0.010587 0.748669 0.125039
v 0.011369 0.749147 0.125978
v 0.011523 0.746024 0.133885
v 0.011117 0.744915 0.134234
v 0.010657 0.743838 0.134573
v 0.000818 0.741424 0.142896
v 0.001638 0.741408 0.142771
v 0.002450 0.741363 0.142542
v 0.006443 0.740140 0.127079
v 0.005632 0.739911 0.126545
v 0.004774 0.739703 0.126097
v 0.007899 0.740636 0.128388
v 0.008529 0.740898 0.129153
v 0.009081 0.741171 0.129979
v 0.007454 0.750594 0.121131
v 0.006526 0.750167 0.120383
v 0.005568 0.749805 0.119681
v 0.007478 0.748542 0.122352
v 0.006565 0.748270 0.121575
v 0.005619 0.748066 0.120831
v 0.007874 0.758529 0.117141
v 0.006893 0.757942 0.116398
v 0.005863 0.757433 0.115747
v 0.009703 0.759819 0.118766
v 0.010528 0.760492 0.119628
v 0.011256 0.761185 0.120538
v 0.003661 0.738811 0.126522
v 0.003438 0.738145 0.127345
v 0.003213 0.737529 0.128187
v 0.006804 0.739605 0.128363
v 0.006380 0.738881 0.129046
v 0.005944 0.738217 0.129726
v 0.008438 0.748514 0.123304
v 0.008523 0.748239 0.123380
v 0.008636 0.748028 0.123389
v 0.009320 0.753454 0.121487
v 0.010206 0.754167 0.122168
v 0.010987 0.754918 0.122908
v 0.008368 0.751604 0.121576
v 0.008361 0.752066 0.121293
v 0.008363 0.752460 0.121044
v 0.007448 0.752146 0.120161
v 0.006502 0.751568 0.119510
v 0.005529 0.751062 0.118905
v -0.004107 0.735919 0.136757
v -0.003518 0.735582 0.136760
v -0.002947 0.735365 0.136715
v -0.009110 0.791325 0.097943
v -0.010192 0.790620 0.100111
v -0.011057 0.791362 0.100926
v -0.011818 0.792138 0.101797
v 0.000000 0.776623 0.104449
v 0.000001 0.778131 0.103378
v 0.000001 0.779643 0.102243
v -0.004962 0.764713 0.111857
v -0.004991 0.766336 0.111082
v -0.005017 0.767965 0.110284
v -0.003821 0.769298 0.109095
v -0.002568 0.769099 0.108845
v -0.001290 0.768982 0.108708
v -0.003745 0.762847 0.112201
v -0.002520 0.762671 0.111940
v -0.001269 0.762574 0.111795
v -0.004776 0.743420 0.122353
v -0.004943 0.744160 0.121777
v -0.005075 0.744833 0.121290
v 0.000004 0.742979 0.121670
v 0.000003 0.743714 0.121072
v 0.000002 0.744390 0.120540
v -0.003497 0.742451 0.122670
v -0.002354 0.742317 0.122461
v -0.001183 0.742236 0.122343
v -0.007346 0.739446 0.136901
v -0.007029 0.739762 0.137820
v -0.006601 0.740083 0.138728
v -0.004403 0.736306 0.132037
v -0.004725 0.736652 0.131566
v -0.005101 0.737094 0.131006
v -0.004275 0.736059 0.132693
v -0.004399 0.736039 0.133165
v -0.004523 0.736042 0.133694
v 0.001794 0.735296 0.136510
v 0.001201 0.735387 0.136387
v 0.000601 0.735484 0.136291
v -0.011485 0.751367 0.126302
v -0.011486 0.752038 0.125935
v -0.011503 0.752761 0.125525
v -0.008235 0.789285 0.098582
v -0.007169 0.788714 0.097890
v -0.006053 0.788217 0.097299
v -0.009362 0.788453 0.100654
v -0.009453 0.786935 0.101919
v -0.009514 0.785397 0.103142
v 0.000000 0.773596 0.106322
v 0.000000 0.772066 0.107134
v 0.000000 0.770516 0.107905
v -0.003770 0.746666 0.120042
v -0.002558 0.746585 0.119591
v -0.001294 0.746543 0.119287
v -0.003869 0.735930 0.132319
v -0.003428 0.735733 0.132269
v -0.002926 0.735537 0.132220
v -0.004421 0.741845 0.123625
v -0.004248 0.741052 0.124293
v -0.004069 0.740273 0.124993
v 0.000002 0.741432 0.122960
v -0.000001 0.740660 0.123639
v -0.000003 0.739904 0.124355
v -0.007598 0.738893 0.135146
v -0.007540 0.738666 0.134336
v -0.007382 0.738464 0.133568
v -0.008690 0.755261 0.119529
v -0.008725 0.756429 0.119054
v -0.008761 0.757757 0.118517
v -0.007675 0.753671 0.119255
v -0.006682 0.753061 0.118621
v -0.005658 0.752532 0.118048
v -0.009589 0.755027 0.120598
v -0.010473 0.755747 0.121308
v -0.011251 0.756500 0.122079
v -0.008995 0.740582 0.131365
v -0.008401 0.739760 0.131872
v -0.007778 0.738991 0.132367
v -0.011589 0.750378 0.126791
v -0.011698 0.750074 0.126905
v -0.011833 0.749851 0.126963
v -0.004898 0.761547 0.113281
v -0.004862 0.760016 0.113935
v -0.004823 0.758512 0.114575
v -0.011818 0.760005 0.129917
v -0.011370 0.760852 0.131473
v -0.010757 0.761649 0.133029
v -0.000000 0.762919 0.140120
v 0.000000 0.763507 0.139965
v 0.000001 0.764024 0.139825
v -0.012252 0.758254 0.127056
v -0.012227 0.757383 0.125818
v -0.012017 0.756528 0.124714
v -0.008579 0.753701 0.120216
v -0.008505 0.753291 0.120442
v -0.008436 0.753006 0.120633
v 0.012316 0.794411 0.101287
v 0.001313 0.781192 0.101084
v 0.002611 0.781285 0.101168
v 0.003884 0.781465 0.101353
v 0.001311 0.775152 0.105452
v 0.002606 0.775272 0.105531
v 0.003873 0.775484 0.105715
v 0.001189 0.742237 0.122343
v 0.002359 0.742317 0.122461
v 0.003500 0.742451 0.122670
v 0.010099 0.747142 0.124265
v 0.010958 0.747559 0.125215
v 0.011708 0.748008 0.126242
v 0.011618 0.746210 0.128420
v 0.011925 0.747094 0.127988
v 0.012161 0.747872 0.127618
v 0.006013 0.737783 0.130908
v 0.006452 0.737945 0.131498
v 0.006828 0.738109 0.132146
v 0.011325 0.754527 0.132810
v 0.010718 0.755547 0.134305
v 0.009983 0.756534 0.135759
v 0.011776 0.754183 0.131013
v 0.011821 0.754929 0.130610
v 0.011884 0.755743 0.130177
v 0.005944 0.790636 0.124883
v 0.005959 0.792492 0.123672
v 0.005962 0.794358 0.122445
v 0.005908 0.786936 0.127314
v 0.005890 0.785094 0.128528
v 0.005867 0.783266 0.129713
v 0.012588 0.791403 0.104144
v 0.012700 0.789835 0.105488
v 0.012787 0.788247 0.106781
v 0.008245 0.746360 0.122635
v 0.007276 0.745998 0.121966
v 0.006253 0.745675 0.121398
v 0.009163 0.747167 0.123256
v 0.009067 0.747463 0.123233
v 0.008926 0.747677 0.123282
v 0.001286 0.746543 0.119287
v 0.002551 0.746585 0.119591
v 0.003766 0.746666 0.120042
v 0.004954 0.737449 0.129941
v 0.004343 0.737279 0.129570
v 0.003688 0.737115 0.129269
v 0.010888 0.744299 0.129366
v 0.010482 0.743331 0.129855
v 0.010037 0.742378 0.130351
v 0.001362 0.762243 0.140275
v 0.002714 0.762234 0.140158
v 0.004043 0.762170 0.139896
v 0.001373 0.770160 0.137629
v 0.002737 0.770115 0.137456
v 0.004084 0.770009 0.137117
v 0.008690 0.755265 0.119529
v 0.008725 0.756430 0.119054
v 0.008761 0.757757 0.118516
v 0.007675 0.753679 0.119256
v 0.006682 0.753067 0.118622
v 0.005659 0.752536 0.118048
v 0.012020 0.752730 0.130001
v 0.012066 0.752011 0.128762
v 0.011900 0.751378 0.127629
v 0.009589 0.755035 0.120599
v 0.010474 0.755754 0.121309
v 0.011251 0.756504 0.122079
v 0.008995 0.740582 0.131365
v 0.008401 0.739760 0.131872
v 0.007778 0.738991 0.132367
v 0.011815 0.753118 0.131603
v 0.011908 0.752811 0.131776
v 0.012041 0.752597 0.131891
v 0.001382 0.764493 0.139661
v 0.002753 0.764473 0.139548
v 0.004104 0.764396 0.139283
v 0.008579 0.753717 0.120219
v 0.008505 0.753315 0.120446
v 0.008436 0.753036 0.120637
v -0.013575 0.784885 0.116044
v -0.013626 0.786515 0.114904
v -0.013666 0.788145 0.113725
v -0.013214 0.784026 0.118400
v -0.012688 0.784814 0.119683
v -0.011964 0.785593 0.120955
v -0.005147 0.758682 0.140695
v -0.005175 0.758422 0.140907
v -0.005228 0.758266 0.141104
v -0.006267 0.758887 0.139908
v -0.007302 0.758551 0.139165
v -0.008262 0.758063 0.138227
v -0.009289 0.751608 0.122642
v -0.010158 0.752193 0.123406
v -0.010922 0.752820 0.124216
v -0.009986 0.794267 0.118641
v -0.008729 0.795039 0.119650
v -0.007369 0.795706 0.120508
v -0.005455 0.740675 0.140393
v -0.004768 0.740921 0.141103
v -0.004027 0.741123 0.141708
v -0.013653 0.782474 0.115910
v -0.013567 0.781727 0.114735
v -0.013285 0.781007 0.113613
v -0.013524 0.781578 0.118166
v -0.013529 0.779899 0.119149
v -0.013534 0.778220 0.120095
v -0.004216 0.756974 0.142519
v -0.002832 0.757103 0.142757
v -0.001424 0.757153 0.142856
v -0.005553 0.757422 0.141870
v -0.005490 0.757829 0.141671
v -0.005400 0.758043 0.141480
v -0.006865 0.756344 0.141405
v -0.008093 0.755825 0.140501
v -0.009222 0.755189 0.139403
v -0.000001 0.734741 0.135092
v -0.000002 0.734974 0.135500
v -0.000003 0.735247 0.135882
v -0.005178 0.759710 0.140201
v -0.005227 0.760451 0.139931
v -0.005285 0.761244 0.139669
v -0.003942 0.759222 0.140832
v -0.002667 0.759278 0.141053
v -0.001345 0.759294 0.141160
v 0.000003 0.767277 0.138677
v 0.000003 0.768145 0.138380
v 0.000002 0.769116 0.138047
v -0.006708 0.763936 0.138057
v -0.007917 0.763525 0.137071
v -0.009017 0.763001 0.135879
v -0.007454 0.750586 0.121130
v -0.006526 0.750161 0.120382
v -0.005567 0.749801 0.119681
v -0.012445 0.761575 0.127345
v -0.012465 0.762585 0.127027
v -0.012496 0.763737 0.126670
v -0.012575 0.759865 0.126250
v -0.012540 0.758978 0.125019
v -0.012307 0.758116 0.123917
v -0.012055 0.761686 0.129110
v -0.011515 0.762583 0.130673
v -0.010809 0.763434 0.132239
v -0.008368 0.751588 0.121573
v -0.008361 0.752042 0.121289
v -0.008362 0.752429 0.121039
v -0.004102 0.764396 0.139283
v -0.002750 0.764473 0.139548
v -0.001379 0.764493 0.139661
v -0.012352 0.760212 0.127836
v -0.012271 0.759822 0.128026
v -0.012185 0.759496 0.128213
v 0.000003 0.765913 0.139165
v 0.000003 0.765396 0.139361
v 0.000002 0.764936 0.139532
v 0.002548 0.738634 0.141041
v 0.002772 0.739417 0.141438
v 0.003005 0.740303 0.141827
v 0.002860 0.737874 0.140333
v 0.003349 0.737721 0.139927
v 0.003776 0.737525 0.139458
v -0.000594 0.734594 0.134645
v -0.001185 0.734647 0.134644
v -0.001770 0.734744 0.134638
v -0.000607 0.735484 0.136291
v -0.001206 0.735386 0.136387
v -0.001797 0.735296 0.136510
v 0.005688 0.776323 0.133726
v 0.005745 0.777962 0.132862
v 0.005795 0.779683 0.131897
v 0.006975 0.774482 0.133691
v 0.008265 0.774080 0.132691
v 0.009467 0.773593 0.131512
v 0.010451 0.778437 0.109676
v 0.011361 0.779042 0.110585
v 0.012160 0.779666 0.111540
v 0.009494 0.779365 0.107777
v 0.009524 0.780863 0.106676
v 0.009545 0.782357 0.105523
v 0.005562 0.773393 0.135117
v 0.005500 0.772109 0.135659
v 0.005446 0.770924 0.136134
v 0.009282 0.744149 0.126050
v 0.010046 0.744504 0.126929
v 0.010715 0.744875 0.127878
v 0.008709 0.744660 0.124674
v 0.008935 0.745460 0.124146
v 0.009101 0.746168 0.123708
v 0.007346 0.739446 0.136901
v 0.007029 0.739762 0.137820
v 0.006601 0.740083 0.138728
v 0.000001 0.734507 0.134142
v 0.000001 0.734537 0.133575
v 0.000001 0.734666 0.132933
v 0.004587 0.748306 0.119890
v 0.004573 0.748713 0.119610
v 0.004566 0.749125 0.119324
v 0.011630 0.757475 0.131162
v 0.011164 0.758403 0.132622
v 0.010542 0.759297 0.134072
v 0.009986 0.794267 0.118641
v 0.008730 0.795039 0.119650
v 0.007371 0.795706 0.120508
v 0.010949 0.798900 0.113577
v 0.011012 0.797068 0.114950
v 0.011067 0.795235 0.116260
v 0.001515 0.796992 0.122088
v 0.003009 0.796864 0.121941
v 0.004489 0.796621 0.121652
v 0.008443 0.777261 0.107970
v 0.007376 0.776707 0.107205
v 0.006262 0.776210 0.106550
v 0.009454 0.776287 0.109743
v 0.009447 0.774696 0.110611
v 0.009436 0.773080 0.111434
v 0.005552 0.757415 0.141869
v 0.005489 0.757824 0.141670
v 0.005399 0.758043 0.141479
v 0.007562 0.743474 0.124535
v 0.006627 0.743161 0.123916
v 0.005640 0.742879 0.123395
v 0.012484 0.751603 0.130560
v 0.012543 0.750881 0.129268
v 0.012377 0.750244 0.128082
v 0.011711 0.753358 0.133493
v 0.011046 0.754339 0.135057
v 0.010253 0.755298 0.136573
v 0.006864 0.756328 0.141402
v 0.008092 0.755801 0.140496
v 0.009222 0.755158 0.139397
v 0.009857 0.743216 0.136084
v 0.009400 0.743650 0.137307
v 0.008791 0.744087 0.138522
v 0.008172 0.742934 0.125836
v 0.007878 0.742062 0.126435
v 0.007557 0.741207 0.127052
v 0.007598 0.738893 0.135146
v 0.007540 0.738666 0.134336
v 0.007382 0.738464 0.133568
v 0.010226 0.742424 0.133788
v 0.010140 0.742078 0.132751
v 0.009904 0.741757 0.131777
v 0.002112 0.737455 0.140283
v 0.001904 0.737077 0.139944
v 0.001713 0.736836 0.139645
v 0.001376 0.766530 0.138912
v 0.002738 0.766504 0.138794
v 0.004079 0.766416 0.138522
v 0.012107 0.755714 0.128426
v 0.012103 0.754924 0.127211
v 0.011914 0.754184 0.126103
v 0.012680 0.764170 0.124937
v 0.012590 0.763393 0.123699
v 0.012311 0.762635 0.122561
v 0.012227 0.765774 0.127744
v 0.011688 0.766571 0.129264
v 0.010966 0.767329 0.130785
v 0.009554 0.741819 0.135203
v 0.008919 0.740885 0.135488
v 0.008242 0.739997 0.135754
v 0.004662 0.747601 0.120326
v 0.004727 0.747313 0.120462
v 0.004808 0.747050 0.120549
v 0.011818 0.760005 0.129917
v 0.011370 0.760852 0.131473
v 0.010757 0.761649 0.133029
v 0.011989 0.757341 0.129351
v 0.012023 0.758043 0.128996
v 0.012060 0.758647 0.128686
v 0.012252 0.758255 0.127056
v 0.012227 0.757385 0.125818
v 0.012017 0.756532 0.124715
v -0.004882 0.749901 0.143085
v -0.004691 0.748470 0.143172
v -0.004487 0.747102 0.143192
v -0.011074 0.788100 0.121045
v -0.011099 0.789856 0.119893
v -0.011112 0.791625 0.118721
v -0.009494 0.779365 0.107777
v -0.009524 0.780863 0.106676
v -0.009545 0.782357 0.105523
v -0.010451 0.778437 0.109676
v -0.011361 0.779042 0.110585
v -0.012160 0.779666 0.111540
v -0.003952 0.745210 0.120568
v -0.002677 0.745077 0.120308
v -0.001351 0.745002 0.120151
v -0.010099 0.747142 0.124265
v -0.010958 0.747559 0.125215
v -0.011708 0.748008 0.126242
v -0.009099 0.756956 0.137412
v -0.009115 0.756634 0.137662
v -0.009208 0.756386 0.137842
v -0.009278 0.757972 0.136695
v -0.009440 0.758653 0.136265
v -0.009612 0.759381 0.135838
v -0.011630 0.757475 0.131162
v -0.011164 0.758403 0.132622
v -0.010542 0.759296 0.134072
v -0.009947 0.787074 0.123356
v -0.008700 0.787739 0.124420
v -0.007343 0.788320 0.125345
v -0.011024 0.784604 0.123335
v -0.011000 0.782861 0.124472
v -0.010969 0.781129 0.125583
v -0.004479 0.796620 0.121652
v -0.002994 0.796864 0.121941
v -0.001494 0.796992 0.122088
v 0.000005 0.800890 0.119375
v 0.000008 0.798944 0.120772
v -0.008443 0.777261 0.107970
v -0.007376 0.776707 0.107205
v -0.006262 0.776210 0.106550
v -0.004974 0.786348 0.098076
v -0.005038 0.784832 0.099291
v -0.005086 0.783288 0.100492
v -0.009454 0.776287 0.109743
v -0.009447 0.774696 0.110611
v -0.009436 0.773081 0.111434
v -0.000000 0.776815 0.134864
v 0.000002 0.778497 0.134005
v 0.000004 0.780263 0.133049
v -0.005240 0.752914 0.142757
v -0.005394 0.754385 0.142541
v -0.005508 0.755693 0.142311
v -0.003818 0.751611 0.143455
v -0.002555 0.751743 0.143778
v -0.001281 0.751807 0.143947
v -0.008245 0.746360 0.122635
v -0.007276 0.745998 0.121966
v -0.006253 0.745675 0.121398
v -0.009163 0.747167 0.123256
v -0.009067 0.747463 0.123233
v -0.008926 0.747677 0.123282
v -0.005152 0.745869 0.120725
v -0.005097 0.746233 0.120633
v -0.005007 0.746532 0.120606
v -0.000001 0.745463 0.119767
v -0.000002 0.745863 0.119522
v -0.000003 0.746209 0.119335
v -0.000003 0.738629 0.141558
v -0.000004 0.739441 0.142038
v -0.000005 0.740386 0.142500
v -0.002456 0.741363 0.142542
v -0.001647 0.741408 0.142771
v -0.000829 0.741424 0.142896
v -0.012107 0.755714 0.128426
v -0.012103 0.754923 0.127211
v -0.011914 0.754183 0.126103
v -0.000001 0.773813 0.136258
v -0.000000 0.772502 0.136801
v 0.000001 0.771294 0.137268
v -0.003440 0.750331 0.117958
v -0.002321 0.750121 0.117654
v -0.001169 0.750000 0.117469
v 0.000004 0.749305 0.117709
v 0.000002 0.749539 0.117592
v -0.000001 0.749756 0.117492
v -0.011989 0.757341 0.129351
v -0.012023 0.758042 0.128996
v -0.012060 0.758647 0.128686
v -0.002364 0.734923 0.135157
v -0.002377 0.735003 0.135668
v -0.002382 0.735122 0.136158
v -0.002262 0.735843 0.137913
v -0.002324 0.735643 0.137507
v -0.002361 0.735450 0.137078
v 0.010374 0.772014 0.113129
v 0.011255 0.772604 0.114077
v 0.012033 0.773214 0.115081
v 0.012427 0.769007 0.118536
v 0.012530 0.770590 0.117771
v 0.012616 0.772208 0.116968
v 0.001352 0.745002 0.120151
v 0.002678 0.745077 0.120308
v 0.003953 0.745210 0.120568
v 0.004778 0.743420 0.122353
v 0.004945 0.744160 0.121777
v 0.005076 0.744833 0.121290
v 0.000770 0.736670 0.128668
v 0.001530 0.736736 0.128737
v 0.002274 0.736837 0.128857
v 0.001190 0.749076 0.117928
v 0.002355 0.749157 0.118168
v 0.003484 0.749300 0.118550
v 0.011485 0.751367 0.126303
v 0.011486 0.752038 0.125935
v 0.011503 0.752762 0.125525
v 0.001424 0.775224 0.135565
v 0.002841 0.775151 0.135384
v 0.004245 0.775013 0.135035
v 0.008398 0.770903 0.111404
v 0.007329 0.770401 0.110651
v 0.006208 0.769955 0.110000
v 0.001392 0.758507 0.141780
v 0.002758 0.758463 0.141737
v 0.004072 0.758358 0.141594
v 0.005151 0.745869 0.120725
v 0.005095 0.746233 0.120633
v 0.005005 0.746532 0.120606
v 0.000596 0.738002 0.141056
v 0.001188 0.738018 0.140995
v 0.001768 0.738017 0.140867
v 0.004422 0.741845 0.123625
v 0.004247 0.741052 0.124293
v 0.004067 0.740273 0.124993
v -0.000003 0.737555 0.140588
v -0.000004 0.737279 0.140116
v -0.000004 0.737109 0.139661
v 0.000459 0.736950 0.139259
v 0.000900 0.736860 0.139320
v 0.001294 0.736772 0.139386
v -0.002031 0.736229 0.138654
v -0.001872 0.736409 0.138975
v -0.001706 0.736584 0.139247
v -0.000466 0.736950 0.139259
v -0.000906 0.736860 0.139320
v -0.001299 0.736772 0.139386
v 0.001227 0.756526 0.114483
v 0.002445 0.756601 0.114608
v 0.003634 0.756761 0.114846
v 0.012445 0.761575 0.127345
v 0.012465 0.762585 0.127027
v 0.012496 0.763736 0.126670
v 0.012575 0.759865 0.126250
v 0.012540 0.758978 0.125019
v 0.012307 0.758117 0.123917
v 0.012055 0.761686 0.129110
v 0.011515 0.762583 0.130673
v 0.010809 0.763434 0.132239
v 0.011589 0.750378 0.126791
v 0.011698 0.750074 0.126905
v 0.011833 0.749851 0.126963
v 0.012172 0.766023 0.119901
v 0.012040 0.764621 0.120492
v 0.011929 0.763253 0.121027
v 0.001165 0.750000 0.117469
v 0.002317 0.750122 0.117654
v 0.003438 0.750335 0.117959
v 0.012352 0.760213 0.127836
v 0.012271 0.759822 0.128026
v 0.012185 0.759496 0.128213
v -0.010670 0.774510 0.129449
v -0.010772 0.776083 0.128602
v -0.010857 0.777726 0.127664
v -0.003881 0.781466 0.101353
v -0.002608 0.781287 0.101168
v -0.001309 0.781193 0.101084
v -0.012839 0.781909 0.111507
v -0.012859 0.783490 0.110401
v -0.012864 0.785070 0.109239
v -0.010515 0.784530 0.105196
v -0.011406 0.785219 0.106095
v -0.012190 0.785929 0.107039
v -0.013300 0.771739 0.123587
v -0.013406 0.773294 0.122784
v -0.013480 0.774903 0.121919
v -0.012825 0.770977 0.125764
v -0.012259 0.771696 0.127267
v -0.011492 0.772387 0.128759
v -0.010425 0.771654 0.130815
v -0.010296 0.770375 0.131346
v -0.010178 0.769170 0.131813
v -0.002271 0.736837 0.128857
v -0.001525 0.736736 0.128737
v -0.000765 0.736670 0.128668
v -0.002549 0.738634 0.141041
v -0.002774 0.739417 0.141438
v -0.003007 0.740303 0.141827
v -0.002861 0.737874 0.140333
v -0.003349 0.737721 0.139927
v -0.003776 0.737525 0.139458
v -0.008517 0.783233 0.103529
v -0.007435 0.782654 0.102793
v -0.006302 0.782152 0.102163
v -0.013259 0.769547 0.122917
v -0.013128 0.768857 0.121617
v -0.012801 0.768180 0.120398
v -0.012788 0.778717 0.113517
v -0.012762 0.777102 0.114429
v -0.012729 0.775479 0.115299
v -0.005376 0.766963 0.137729
v -0.005373 0.767821 0.137375
v -0.005382 0.768779 0.136984
v -0.006650 0.765908 0.137287
v -0.007848 0.765460 0.136299
v -0.008955 0.764891 0.135103
v -0.012325 0.748959 0.127153
v -0.012260 0.749273 0.127055
v -0.012135 0.749494 0.127010
v -0.001770 0.738017 0.140867
v -0.001192 0.738018 0.140995
v -0.000601 0.738002 0.141056
v -0.006443 0.740140 0.127079
v -0.005632 0.739911 0.126545
v -0.004775 0.739703 0.126097
v -0.007899 0.740636 0.128388
v -0.008529 0.740898 0.129153
v -0.009081 0.741171 0.129979
v 0.004107 0.735919 0.136757
v 0.003518 0.735582 0.136760
v 0.002947 0.735366 0.136715
v 0.004755 0.736238 0.136092
v 0.004746 0.736148 0.135475
v 0.004704 0.736093 0.134861
v 0.004668 0.736566 0.137293
v 0.004558 0.736798 0.137864
v 0.004381 0.737048 0.138415
v -0.004044 0.762163 0.139895
v -0.002715 0.762228 0.140157
v -0.001364 0.762240 0.140275
v -0.004076 0.766416 0.138522
v -0.002734 0.766504 0.138794
v -0.001371 0.766530 0.138912
v -0.005399 0.765621 0.138285
v -0.005412 0.765114 0.138487
v -0.005422 0.764663 0.138655
v -0.007874 0.758530 0.117141
v -0.006894 0.757942 0.116398
v -0.005864 0.757433 0.115747
v 0.000003 0.752517 0.116289
v 0.000000 0.753708 0.115733
v -0.000003 0.755063 0.115105
v -0.009703 0.759823 0.118766
v -0.010528 0.760499 0.119629
v -0.011256 0.761193 0.120540
v -0.006804 0.739605 0.128363
v -0.006380 0.738881 0.129046
v -0.005944 0.738217 0.129726
v -0.006585 0.761729 0.138737
v -0.007757 0.761321 0.137820
v -0.008826 0.760780 0.136715
v -0.013003 0.768849 0.124908
v -0.012834 0.767512 0.125426
v -0.012680 0.766224 0.125877
v -0.005380 0.762676 0.139241
v -0.005407 0.763256 0.139080
v -0.005422 0.763766 0.138938
v 0.000003 0.750894 0.117029
v 0.000001 0.750457 0.117213
v -0.000001 0.750173 0.117325
v 0.005455 0.740675 0.140393
v 0.004767 0.740921 0.141103
v 0.004026 0.741123 0.141708
v 0.013059 0.797462 0.108522
v 0.010516 0.784529 0.105196
v 0.011406 0.785219 0.106095
v 0.012190 0.785929 0.107039
v 0.012825 0.770973 0.125764
v 0.012259 0.771694 0.127267
v 0.011492 0.772386 0.128759
v 0.013300 0.771731 0.123585
v 0.013405 0.773288 0.122783
v 0.013480 0.774899 0.121918
v 0.004961 0.764713 0.111857
v 0.004990 0.766336 0.111082
v 0.005017 0.767965 0.110284
v 0.006692 0.769524 0.135783
v 0.007918 0.769123 0.134779
v 0.009057 0.768621 0.133589
v 0.005398 0.736943 0.136589
v 0.006099 0.737608 0.136428
v 0.006818 0.738351 0.136229
v 0.005147 0.758712 0.140701
v 0.005175 0.758445 0.140911
v 0.005228 0.758281 0.141107
v 0.006439 0.757866 0.140788
v 0.007485 0.757441 0.140064
v 0.008459 0.756878 0.139119
v 0.006267 0.758917 0.139914
v 0.007302 0.758575 0.139170
v 0.008262 0.758079 0.138230
v 0.002482 0.735647 0.131456
v 0.002622 0.736019 0.130680
v 0.002796 0.736461 0.129868
v 0.013419 0.795469 0.106065
v 0.013278 0.794581 0.104891
v 0.012950 0.793743 0.103779
v 0.013461 0.794790 0.108699
v 0.013561 0.793127 0.110029
v 0.013637 0.791454 0.111294
v 0.008517 0.783232 0.103529
v 0.007436 0.782653 0.102793
v 0.006303 0.782150 0.102164
v 0.013258 0.769531 0.122914
v 0.013127 0.768832 0.121613
v 0.012800 0.768149 0.120393
v 0.005377 0.766963 0.137729
v 0.005375 0.767821 0.137375
v 0.005383 0.768779 0.136984
v 0.006651 0.765908 0.137287
v 0.007848 0.765460 0.136299
v 0.008955 0.764891 0.135103
v 0.012325 0.748959 0.127153
v 0.012260 0.749273 0.127055
v 0.012135 0.749494 0.127010
v -0.002113 0.737455 0.140283
v -0.001906 0.737077 0.139944
v -0.001716 0.736836 0.139645
v 0.005178 0.759740 0.140207
v 0.005227 0.760475 0.139935
v 0.005285 0.761260 0.139672
v 0.005400 0.765621 0.138285
v 0.005413 0.765114 0.138487
v 0.005423 0.764663 0.138655
v 0.006709 0.763936 0.138057
v 0.007917 0.763525 0.137071
v 0.009017 0.763001 0.135879
v 0.001183 0.751583 0.116779
v 0.002348 0.751665 0.116931
v 0.003490 0.751834 0.117191
v 0.006585 0.761737 0.138739
v 0.007757 0.761327 0.137821
v 0.008826 0.760783 0.136716
v 0.004895 0.761547 0.113281
v 0.004858 0.760016 0.113935
v 0.004819 0.758512 0.114575
v 0.013003 0.768842 0.124907
v 0.012834 0.767506 0.125425
v 0.012680 0.766220 0.125876
v 0.005380 0.762680 0.139242
v 0.005407 0.763257 0.139081
v 0.005422 0.763766 0.138938
v -0.013348 0.790678 0.113772
v -0.012801 0.791596 0.115045
v -0.012047 0.792518 0.116304
v -0.005110 0.777283 0.105039
v -0.005123 0.778760 0.103964
v -0.005127 0.780244 0.102838
v -0.003872 0.775484 0.105715
v -0.002606 0.775272 0.105531
v -0.001310 0.775152 0.105452
v -0.009243 0.766564 0.114609
v -0.009317 0.768173 0.113834
v -0.009375 0.769806 0.113039
v -0.010078 0.765595 0.116236
v -0.010924 0.766217 0.117178
v -0.011673 0.766859 0.118183
v -0.000003 0.764130 0.111003
v -0.000002 0.765736 0.110229
v -0.000001 0.767346 0.109445
v -0.002481 0.735647 0.131456
v -0.002621 0.736019 0.130680
v -0.002794 0.736461 0.129868
v 0.000002 0.735221 0.131392
v 0.000003 0.735632 0.130509
v 0.000003 0.736112 0.129585
v -0.001812 0.735177 0.132177
v -0.001219 0.735032 0.132185
v -0.000612 0.734932 0.132199
v 0.000556 0.736388 0.137785
v 0.001104 0.736242 0.137921
v 0.001642 0.736099 0.138104
v 0.000002 0.736263 0.137366
v -0.000000 0.736043 0.136995
v -0.000002 0.735798 0.136623
v -0.003478 0.749300 0.118550
v -0.002347 0.749156 0.118168
v -0.001179 0.749076 0.117928
v -0.005851 0.800065 0.118506
v -0.005905 0.798141 0.119872
v 0.000004 0.785679 0.097494
v 0.000004 0.784215 0.098669
v 0.000003 0.782699 0.099866
v -0.013772 0.788949 0.111317
v -0.013653 0.788155 0.110169
v -0.013337 0.787393 0.109074
v -0.008180 0.764436 0.114524
v -0.007150 0.763922 0.113773
v -0.006067 0.763475 0.113122
v -0.005081 0.774283 0.106973
v -0.005069 0.772744 0.107840
v -0.005055 0.771177 0.108667
v -0.010106 0.755154 0.138062
v -0.009884 0.755624 0.138028
v -0.009621 0.755938 0.138005
v -0.002332 0.735132 0.132860
v -0.002318 0.734987 0.133486
v -0.002327 0.734909 0.134071
v -0.004636 0.753048 0.117096
v -0.004684 0.754229 0.116520
v -0.004733 0.755583 0.115881
v -0.003486 0.751833 0.117191
v -0.002342 0.751665 0.116931
v -0.001174 0.751583 0.116779
v -0.012680 0.764174 0.124937
v -0.012590 0.763399 0.123700
v -0.012311 0.762643 0.122563
v -0.012227 0.765774 0.127744
v -0.011688 0.766571 0.129264
v -0.010966 0.767330 0.130785
v -0.009064 0.763489 0.116050
v -0.008969 0.762023 0.116710
v -0.008881 0.760587 0.117337
v -0.000006 0.760993 0.112456
v -0.000007 0.759473 0.113132
v -0.000007 0.757980 0.113791
v -0.004544 0.749859 0.118838
v -0.004530 0.750160 0.118656
v -0.004518 0.750419 0.118506
v -0.004560 0.751484 0.117892
v -0.004535 0.751088 0.118109
v -0.004519 0.750836 0.118257
v 0.004602 0.737936 0.139122
v 0.005083 0.738677 0.139297
v 0.005572 0.739501 0.139460
v -0.000551 0.736388 0.137785
v -0.001100 0.736242 0.137921
v -0.001640 0.736099 0.138104
v 0.004881 0.749900 0.143085
v 0.004690 0.748470 0.143171
v 0.004486 0.747102 0.143192
v 0.013348 0.790678 0.113772
v 0.012801 0.791596 0.115045
v 0.012047 0.792518 0.116304
v 0.001261 0.762574 0.111795
v 0.002514 0.762671 0.111940
v 0.003741 0.762847 0.112201
v 0.009099 0.756963 0.137413
v 0.009116 0.756639 0.137663
v 0.009208 0.756386 0.137842
v 0.000615 0.734932 0.132199
v 0.001221 0.735032 0.132185
v 0.001813 0.735177 0.132177
v 0.009278 0.757980 0.136696
v 0.009440 0.758659 0.136266
v 0.009612 0.759385 0.135839
v 0.013772 0.788949 0.111317
v 0.013653 0.788155 0.110169
v 0.013337 0.787393 0.109074
v 0.005239 0.752910 0.142756
v 0.005393 0.754379 0.142540
v 0.005507 0.755685 0.142309
v 0.010106 0.755123 0.138056
v 0.009884 0.755600 0.138024
v 0.009621 0.755923 0.138002
v 0.000001 0.736618 0.138092
v -0.000000 0.736757 0.138456
v -0.000003 0.736879 0.138833
v 0.004638 0.753049 0.117096
v 0.004684 0.754230 0.116520
v 0.004731 0.755583 0.115881
v 0.004546 0.749863 0.118839
v 0.004530 0.750167 0.118657
v 0.004518 0.750427 0.118507
v 0.004562 0.751488 0.117893
v 0.004535 0.751094 0.118110
v 0.004518 0.750844 0.118259
v -0.010784 0.794153 0.098031
v -0.009920 0.793372 0.097241
v -0.011675 0.793592 0.100356
v -0.010914 0.792795 0.099499
v -0.010051 0.792034 0.098700
v -0.006059 0.749596 0.142373
v -0.007189 0.749209 0.141475
v -0.008244 0.748752 0.140417
v -0.005823 0.748187 0.142476
v -0.006910 0.747830 0.141603
v -0.007928 0.747410 0.140577
v -0.005570 0.746840 0.142520
v -0.006610 0.746511 0.141679
v -0.007586 0.746126 0.140690
v -0.012049 0.790765 0.117507
v -0.012796 0.789883 0.116247
v -0.013339 0.789003 0.114975
v -0.012028 0.789033 0.118678
v -0.012764 0.788190 0.117421
v -0.013300 0.787345 0.116152
v -0.011995 0.787312 0.119825
v -0.012723 0.786504 0.118566
v -0.013252 0.785690 0.117296
v -0.009749 0.778341 0.128964
v -0.009667 0.776679 0.129913
v -0.009573 0.775089 0.130768
v -0.008514 0.778885 0.130126
v -0.008441 0.777201 0.131084
v -0.008357 0.775593 0.131943
v -0.007184 0.779348 0.131117
v -0.007123 0.777641 0.132079
v -0.007052 0.776012 0.132941
v -0.003892 0.779954 0.102518
v -0.002617 0.779769 0.102338
v -0.001315 0.779671 0.102260
v -0.003892 0.778461 0.103644
v -0.002618 0.778267 0.103468
v -0.001316 0.778162 0.103394
v -0.003884 0.776976 0.104716
v -0.002614 0.776772 0.104539
v -0.001314 0.776658 0.104464
v -0.012210 0.784363 0.108243
v -0.011419 0.783675 0.107293
v -0.010521 0.783006 0.106387
v -0.012205 0.782803 0.109403
v -0.011409 0.782138 0.108452
v -0.010504 0.781493 0.107544
v -0.012186 0.781240 0.110505
v -0.011386 0.780598 0.109554
v -0.010477 0.779975 0.108647
v -0.011969 0.771592 0.115899
v -0.011198 0.770976 0.114886
v -0.010326 0.770379 0.113933
v -0.011886 0.769977 0.116697
v -0.011122 0.769353 0.115681
v -0.010258 0.768750 0.114727
v -0.011788 0.768393 0.117462
v -0.011030 0.767761 0.116449
v -0.010175 0.767150 0.115498
v -0.011809 0.777055 0.126264
v -0.012578 0.776347 0.124808
v -0.013143 0.775623 0.123344
v -0.011724 0.775426 0.127187
v -0.012497 0.774728 0.125713
v -0.013066 0.774010 0.124229
v -0.011618 0.773864 0.128025
v -0.012390 0.773171 0.126540
v -0.012960 0.772456 0.125044
v -0.003805 0.767687 0.109895
v -0.002557 0.767495 0.109635
v -0.001285 0.767382 0.109490
v -0.003786 0.766064 0.110690
v -0.002545 0.765878 0.110426
v -0.001280 0.765770 0.110276
v -0.003766 0.764445 0.111464
v -0.002533 0.764264 0.111199
v -0.001274 0.764162 0.111050
v -0.006894 0.773095 0.134327
v -0.008168 0.772702 0.133324
v -0.009354 0.772220 0.132143
v -0.006815 0.771816 0.134868
v -0.008072 0.771426 0.133864
v -0.009242 0.770945 0.132679
v -0.006746 0.770632 0.135344
v -0.007986 0.770240 0.134339
v -0.009140 0.769752 0.133151
v -0.003888 0.744630 0.120953
v -0.002630 0.744493 0.120720
v -0.001326 0.744415 0.120584
v -0.003778 0.743959 0.121455
v -0.002552 0.743820 0.121236
v -0.001284 0.743740 0.121112
v -0.003642 0.743224 0.122039
v -0.002455 0.743086 0.121827
v -0.001234 0.743005 0.121707
v -0.011577 0.747398 0.126532
v -0.010843 0.746964 0.125511
v -0.010003 0.746558 0.124565
v -0.011350 0.746645 0.126922
v -0.010636 0.746230 0.125919
v -0.009818 0.745838 0.124989
v -0.011054 0.745790 0.127381
v -0.010361 0.745396 0.126403
v -0.009569 0.745022 0.125497
v -0.011060 0.752707 0.136916
v -0.011752 0.751903 0.135470
v -0.012273 0.751099 0.134008
v -0.010908 0.751566 0.137140
v -0.011597 0.750821 0.135711
v -0.012112 0.750078 0.134270
v -0.010664 0.750297 0.137400
v -0.011353 0.749615 0.135990
v -0.011867 0.748936 0.134570
v -0.006032 0.739210 0.138682
v -0.006396 0.738909 0.137869
v -0.006659 0.738617 0.137044
v -0.005472 0.738401 0.138608
v -0.005768 0.738118 0.137892
v -0.005976 0.737847 0.137161
v -0.004921 0.737674 0.138516
v -0.005153 0.737407 0.137889
v -0.005308 0.737157 0.137245
v -0.006248 0.758461 0.140174
v -0.007263 0.758121 0.139460
v -0.008208 0.757629 0.138542
v -0.006272 0.758182 0.140407
v -0.007280 0.757823 0.139707
v -0.008221 0.757316 0.138796
v -0.006336 0.757999 0.140611
v -0.007354 0.757612 0.139908
v -0.008304 0.757082 0.138988
v -0.002121 0.736324 0.129735
v -0.001425 0.736213 0.129647
v -0.000714 0.736139 0.129600
v -0.001991 0.735870 0.130592
v -0.001339 0.735747 0.130540
v -0.000671 0.735663 0.130515
v -0.001886 0.735485 0.131411
v -0.001269 0.735350 0.131393
v -0.000637 0.735256 0.131390
v -0.006238 0.737496 0.132628
v -0.005919 0.737366 0.132023
v -0.005541 0.737235 0.131479
v -0.005655 0.736947 0.133057
v -0.005401 0.736857 0.132490
v -0.005095 0.736764 0.131986
v -0.005083 0.736463 0.133418
v -0.004897 0.736417 0.132879
v -0.004678 0.736375 0.132405
v 0.001783 0.735498 0.136932
v 0.001757 0.735704 0.137340
v 0.001711 0.735906 0.137732
v 0.001194 0.735618 0.136784
v 0.001177 0.735842 0.137174
v 0.001148 0.736051 0.137554
v 0.000598 0.735741 0.136670
v 0.000591 0.735980 0.137046
v 0.000577 0.736197 0.137419
v -0.003487 0.748953 0.118780
v -0.002354 0.748844 0.118362
v -0.001184 0.748788 0.118095
v -0.003496 0.748584 0.119031
v -0.002362 0.748511 0.118576
v -0.001190 0.748479 0.118278
v -0.003512 0.748212 0.119281
v -0.002375 0.748169 0.118792
v -0.001199 0.748157 0.118467
v -0.010905 0.752134 0.124621
v -0.010145 0.751544 0.123792
v -0.009279 0.750996 0.123008
v -0.010890 0.751444 0.125017
v -0.010131 0.750887 0.124171
v -0.009267 0.750374 0.123370
v -0.010890 0.750802 0.125371
v -0.010130 0.750272 0.124510
v -0.009267 0.749788 0.123694
v -0.010401 0.758553 0.134480
v -0.011046 0.757628 0.133044
v -0.011542 0.756670 0.131589
v -0.010240 0.757808 0.134924
v -0.010914 0.756856 0.133491
v -0.011446 0.755872 0.132030
v -0.010091 0.757116 0.135364
v -0.010796 0.756144 0.133924
v -0.011366 0.755138 0.132449
v -0.009999 0.792442 0.119856
v -0.009992 0.790640 0.121035
v -0.009972 0.788852 0.122196
v -0.008744 0.793189 0.120877
v -0.008740 0.791359 0.122069
v -0.008722 0.789544 0.123243
v -0.007384 0.793837 0.121752
v -0.007380 0.791986 0.122959
v -0.007364 0.790148 0.124151
v -0.003721 0.740177 0.141384
v -0.004399 0.739995 0.140829
v -0.005022 0.739766 0.140182
v -0.003428 0.739308 0.141035
v -0.004044 0.739142 0.140530
v -0.004602 0.738928 0.139944
v -0.003143 0.738535 0.140678
v -0.003696 0.738379 0.140223
v -0.004188 0.738176 0.139697
v -0.013150 0.796108 0.103399
v -0.012815 0.795245 0.102304
v -0.006795 0.743752 0.140744
v -0.006355 0.742666 0.140680
v -0.005903 0.741641 0.140562
v -0.005922 0.744075 0.141636
v -0.005541 0.742960 0.141514
v -0.005152 0.741910 0.141334
v -0.004992 0.744350 0.142394
v -0.004672 0.743209 0.142223
v -0.004347 0.742134 0.141991
v -0.008107 0.790680 0.097220
v -0.007323 0.786498 0.126554
v -0.008677 0.785940 0.125612
v -0.009923 0.785301 0.124527
v -0.007301 0.784686 0.127761
v -0.008651 0.784151 0.126802
v -0.009897 0.783536 0.125694
v -0.007272 0.782886 0.128940
v -0.008618 0.782376 0.127967
v -0.009862 0.781784 0.126836
v -0.011887 0.797881 0.112411
v -0.012626 0.796831 0.111191
v -0.013154 0.795788 0.109945
v -0.011956 0.796092 0.113769
v -0.012704 0.795087 0.112535
v -0.013244 0.794087 0.111278
v -0.012013 0.794299 0.115062
v -0.012767 0.793336 0.113813
v -0.013314 0.792377 0.112546
v -0.001496 0.795103 0.123402
v -0.003000 0.794974 0.123242
v -0.004489 0.794733 0.122934
v -0.001494 0.793229 0.124687
v -0.002997 0.793100 0.124512
v -0.004486 0.792861 0.124184
v -0.001489 0.791364 0.125951
v -0.002988 0.791235 0.125762
v -0.004473 0.790999 0.125415
v -0.001471 0.800851 0.119341
v -0.002942 0.800717 0.119212
v -0.004404 0.800464 0.118948
v -0.001486 0.798906 0.120736
v -0.002974 0.798776 0.120600
v -0.004449 0.798529 0.120325
v -0.008516 0.781733 0.104704
v -0.007438 0.781156 0.103961
v -0.006309 0.780651 0.103327
v -0.008496 0.780251 0.105851
v -0.007422 0.779679 0.105099
v -0.006299 0.779173 0.104457
v -0.008468 0.778767 0.106946
v -0.007398 0.778203 0.106187
v -0.006281 0.777699 0.105538
v -0.008345 0.787817 0.099882
v -0.007270 0.787245 0.099169
v -0.006145 0.786752 0.098553
v -0.008430 0.786299 0.101130
v -0.007350 0.785725 0.100405
v -0.006218 0.785231 0.099779
v -0.008488 0.784762 0.102341
v -0.007406 0.784185 0.101609
v -0.006271 0.783686 0.100981
v -0.003764 0.786045 0.097762
v -0.002524 0.785837 0.097587
v -0.001265 0.785717 0.097511
v -0.003815 0.784542 0.098964
v -0.002560 0.784352 0.098776
v -0.001284 0.784247 0.098689
v -0.003855 0.783004 0.100164
v -0.002589 0.782823 0.099975
v -0.001299 0.782728 0.099887
v -0.013770 0.787327 0.112525
v -0.013660 0.786546 0.111378
v -0.013353 0.785796 0.110284
v -0.013736 0.785714 0.113701
v -0.013637 0.784944 0.112550
v -0.013342 0.784203 0.111450
v -0.013690 0.784100 0.114834
v -0.013601 0.783341 0.113673
v -0.013315 0.782610 0.112563
v -0.013539 0.793866 0.107481
v -0.013405 0.793006 0.106305
v -0.013081 0.792191 0.105188
v -0.013647 0.792234 0.108814
v -0.013517 0.791399 0.107646
v -0.013194 0.790605 0.106534
v -0.013729 0.790589 0.110085
v -0.013603 0.789777 0.108928
v -0.013282 0.789001 0.107826
v -0.011949 0.790627 0.103183
v -0.011184 0.789869 0.102292
v -0.010315 0.789141 0.101455
v -0.012057 0.789076 0.104513
v -0.011287 0.788334 0.103602
v -0.010411 0.787617 0.102741
v -0.012139 0.787504 0.105796
v -0.011362 0.786777 0.104866
v -0.010479 0.786072 0.103983
v -0.013574 0.774204 0.120570
v -0.013444 0.773528 0.119300
v -0.013116 0.772869 0.118103
v -0.013498 0.772598 0.121417
v -0.013365 0.771922 0.120130
v -0.013033 0.771262 0.118918
v -0.013393 0.771040 0.122207
v -0.013259 0.770360 0.120909
v -0.012927 0.769694 0.119689
v -0.013639 0.780827 0.116921
v -0.013549 0.780096 0.115730
v -0.013263 0.779391 0.114594
v -0.013639 0.779166 0.117879
v -0.013540 0.778453 0.116669
v -0.013244 0.777764 0.115519
v -0.013637 0.777501 0.118797
v -0.013526 0.776805 0.117567
v -0.013218 0.776131 0.116403
v -0.012137 0.778075 0.112499
v -0.011340 0.777461 0.111536
v -0.010434 0.776868 0.110619
v -0.012112 0.776468 0.113398
v -0.011320 0.775859 0.112421
v -0.010421 0.775270 0.111493
v -0.012079 0.774849 0.114253
v -0.011294 0.774240 0.113261
v -0.010404 0.773651 0.112322
v -0.011944 0.783869 0.122072
v -0.012672 0.783111 0.120770
v -0.013201 0.782343 0.119458
v -0.011928 0.782145 0.123171
v -0.012665 0.781403 0.121827
v -0.013202 0.780649 0.120475
v -0.011907 0.780428 0.124242
v -0.012656 0.779699 0.122854
v -0.013204 0.778957 0.121458
v -0.001463 0.780240 0.132996
v -0.002923 0.780150 0.132812
v -0.004369 0.779979 0.132459
v -0.001453 0.778476 0.133953
v -0.002900 0.778393 0.133771
v -0.004333 0.778235 0.133421
v -0.001440 0.776795 0.134813
v -0.002873 0.776718 0.134632
v -0.004292 0.776572 0.134284
v -0.001481 0.787631 0.128441
v -0.002970 0.787509 0.128240
v -0.004446 0.787287 0.127874
v -0.001478 0.785763 0.129658
v -0.002962 0.785648 0.129459
v -0.004433 0.785438 0.129093
v -0.001475 0.783902 0.130835
v -0.002954 0.783796 0.130640
v -0.004418 0.783599 0.130278
v -0.008364 0.769265 0.112209
v -0.007300 0.768767 0.111459
v -0.006183 0.768329 0.110810
v -0.008315 0.767629 0.113005
v -0.007259 0.767131 0.112257
v -0.006150 0.766696 0.111610
v -0.008253 0.766014 0.113782
v -0.007208 0.765511 0.113033
v -0.006111 0.765072 0.112385
v -0.008430 0.775717 0.108907
v -0.007362 0.775177 0.108142
v -0.006248 0.774691 0.107485
v -0.008423 0.774138 0.109775
v -0.007354 0.773612 0.109013
v -0.006237 0.773140 0.108357
v -0.008416 0.772532 0.110599
v -0.007345 0.772019 0.109841
v -0.006225 0.771561 0.109188
v -0.003861 0.773973 0.106631
v -0.002597 0.773759 0.106434
v -0.001306 0.773636 0.106344
v -0.003849 0.772440 0.107484
v -0.002588 0.772229 0.107269
v -0.001301 0.772106 0.107163
v -0.003836 0.770882 0.108297
v -0.002579 0.770676 0.108063
v -0.001296 0.770556 0.107941
v -0.001402 0.756121 0.143166
v -0.002792 0.756068 0.143046
v -0.004164 0.755937 0.142779
v -0.001368 0.754813 0.143463
v -0.002727 0.754756 0.143323
v -0.004071 0.754624 0.143031
v -0.001327 0.753339 0.143730
v -0.002646 0.753278 0.143573
v -0.003952 0.753145 0.143262
v -0.001411 0.758419 0.141999
v -0.002796 0.758370 0.141953
v -0.004133 0.758254 0.141800
v -0.001424 0.758227 0.142260
v -0.002826 0.758177 0.142201
v -0.004188 0.758055 0.142026
v -0.001430 0.757836 0.142549
v -0.002841 0.757786 0.142472
v -0.004220 0.757660 0.142266
v -0.006658 0.768478 0.136207
v -0.007872 0.768064 0.135206
v -0.008999 0.767542 0.134015
v -0.006642 0.767511 0.136608
v -0.007847 0.767081 0.135612
v -0.008966 0.766538 0.134420
v -0.006641 0.766647 0.136973
v -0.007841 0.766204 0.135982
v -0.008953 0.765643 0.134788
v -0.008169 0.745786 0.122948
v -0.007200 0.745426 0.122290
v -0.006175 0.745102 0.121736
v -0.008014 0.745090 0.123398
v -0.007050 0.744740 0.122751
v -0.006031 0.744425 0.122210
v -0.007803 0.744307 0.123942
v -0.006851 0.743974 0.123308
v -0.005844 0.743673 0.122776
v -0.007997 0.747322 0.122517
v -0.007055 0.747009 0.121816
v -0.006068 0.746744 0.121178
v -0.008132 0.747094 0.122466
v -0.007179 0.746759 0.121777
v -0.006177 0.746469 0.121166
v -0.008225 0.746787 0.122487
v -0.007263 0.746434 0.121809
v -0.006247 0.746123 0.121221
v -0.003849 0.746380 0.120103
v -0.002612 0.746280 0.119700
v -0.001321 0.746226 0.119432
v -0.003918 0.746061 0.120181
v -0.002658 0.745946 0.119830
v -0.001344 0.745883 0.119603
v -0.003958 0.745680 0.120321
v -0.002684 0.745555 0.120020
v -0.001356 0.745485 0.119832
v -0.012784 0.749623 0.131233
v -0.012765 0.748981 0.129961
v -0.012559 0.748398 0.128759
v -0.012592 0.748718 0.131538
v -0.012552 0.748125 0.130289
v -0.012328 0.747585 0.129109
v -0.012324 0.747697 0.131887
v -0.012265 0.747157 0.130665
v -0.012026 0.746664 0.129512
v -0.012646 0.751437 0.130624
v -0.012697 0.750713 0.129325
v -0.012528 0.750070 0.128124
v -0.012787 0.751212 0.130702
v -0.012825 0.750492 0.129401
v -0.012652 0.749849 0.128189
v -0.012876 0.750871 0.130817
v -0.012897 0.750163 0.129519
v -0.012717 0.749528 0.128301
v -0.011523 0.748972 0.125973
v -0.010743 0.748498 0.125007
v -0.009856 0.748067 0.124111
v -0.011653 0.748755 0.125992
v -0.010879 0.748287 0.124998
v -0.009997 0.747859 0.124078
v -0.011725 0.748450 0.126069
v -0.010961 0.747989 0.125054
v -0.010089 0.747565 0.124114
v -0.010495 0.755076 0.136617
v -0.011271 0.754133 0.135104
v -0.011912 0.753172 0.133549
v -0.010754 0.754769 0.136636
v -0.011504 0.753847 0.135136
v -0.012110 0.752912 0.133601
v -0.010970 0.754314 0.136670
v -0.011694 0.753421 0.135187
v -0.012262 0.752519 0.133678
v -0.006813 0.755311 0.141603
v -0.008051 0.754800 0.140675
v -0.009192 0.754183 0.139562
v -0.006683 0.754016 0.141818
v -0.007910 0.753530 0.140882
v -0.009045 0.752945 0.139767
v -0.006498 0.752565 0.142029
v -0.007701 0.752111 0.141098
v -0.008816 0.751569 0.139995
v -0.010024 0.747690 0.137927
v -0.010702 0.747122 0.136571
v -0.011208 0.746559 0.135207
v -0.009655 0.746438 0.138160
v -0.010316 0.745918 0.136843
v -0.010811 0.745404 0.135518
v -0.009246 0.745234 0.138361
v -0.009884 0.744758 0.137090
v -0.010363 0.744286 0.135812
v -0.000767 0.740391 0.142466
v -0.001525 0.740393 0.142354
v -0.002273 0.740370 0.142147
v -0.000709 0.739451 0.142009
v -0.001409 0.739467 0.141911
v -0.002098 0.739464 0.141727
v -0.000653 0.738642 0.141535
v -0.001298 0.738665 0.141454
v -0.001932 0.738671 0.141295
v -0.001235 0.750308 0.144100
v -0.002463 0.750242 0.143924
v -0.003680 0.750112 0.143596
v -0.001187 0.748863 0.144179
v -0.002367 0.748797 0.144001
v -0.003536 0.748670 0.143674
v -0.001137 0.747474 0.144175
v -0.002265 0.747410 0.144000
v -0.003383 0.747290 0.143680
v -0.004599 0.736939 0.130616
v -0.004042 0.736776 0.130302
v -0.003437 0.736614 0.130055
v -0.004283 0.736510 0.131242
v -0.003777 0.736347 0.130998
v -0.003219 0.736181 0.130814
v -0.004027 0.736170 0.131806
v -0.003566 0.735998 0.131653
v -0.003045 0.735821 0.131537
v -0.007311 0.742624 0.125143
v -0.006399 0.742332 0.124540
v -0.005435 0.742069 0.124032
v -0.007047 0.741775 0.125764
v -0.006162 0.741505 0.125181
v -0.005229 0.741261 0.124689
v -0.006760 0.740942 0.126407
v -0.005910 0.740693 0.125846
v -0.005011 0.740468 0.125374
v -0.003359 0.741666 0.123322
v -0.002259 0.741537 0.123115
v -0.001135 0.741459 0.122997
v -0.003224 0.740884 0.123997
v -0.002168 0.740761 0.123793
v -0.001090 0.740686 0.123677
v -0.003087 0.740116 0.124706
v -0.002076 0.740000 0.124507
v -0.001045 0.739929 0.124392
v -0.006870 0.738125 0.135442
v -0.006825 0.737936 0.134687
v -0.006697 0.737773 0.133966
v -0.006142 0.737416 0.135707
v -0.006111 0.737265 0.135003
v -0.006015 0.737143 0.134323
v -0.005431 0.736782 0.135928
v -0.005413 0.736665 0.135270
v -0.005347 0.736581 0.134626
v -0.011631 0.745537 0.132645
v -0.011548 0.745092 0.131485
v -0.011293 0.744682 0.130396
v -0.011217 0.744469 0.133030
v -0.011130 0.744061 0.131907
v -0.010876 0.743684 0.130852
v -0.010751 0.743427 0.133413
v -0.010663 0.743051 0.132330
v -0.010416 0.742704 0.131313
v -0.010355 0.743936 0.128388
v -0.009711 0.743589 0.127468
v -0.008977 0.743255 0.126614
v -0.009969 0.742994 0.128907
v -0.009353 0.742671 0.128015
v -0.008651 0.742361 0.127189
v -0.009548 0.742067 0.129437
v -0.008963 0.741769 0.128576
v -0.008295 0.741483 0.127778
v 0.000597 0.734743 0.135101
v 0.001193 0.734762 0.135122
v 0.001782 0.734815 0.135144
v 0.000600 0.734960 0.135519
v 0.001199 0.734938 0.135565
v 0.001792 0.734941 0.135621
v 0.000601 0.735216 0.135911
v 0.001202 0.735153 0.135984
v 0.001797 0.735106 0.136074
v 0.002954 0.735238 0.136213
v 0.002950 0.735151 0.135690
v 0.002936 0.735102 0.135151
v 0.003530 0.735464 0.136227
v 0.003527 0.735390 0.135674
v 0.003509 0.735355 0.135110
v 0.004125 0.735797 0.136190
v 0.004121 0.735722 0.135606
v 0.004094 0.735685 0.135019
v 0.004065 0.736094 0.137299
v 0.003986 0.736307 0.137816
v 0.003852 0.736541 0.138311
v 0.003489 0.735747 0.137265
v 0.003430 0.735946 0.137744
v 0.003326 0.736164 0.138199
v 0.002925 0.735530 0.137191
v 0.002879 0.735722 0.137642
v 0.002799 0.735928 0.138069
v 0.002870 0.735332 0.132859
v 0.003377 0.735551 0.132855
v 0.003846 0.735791 0.132819
v 0.002862 0.735196 0.133462
v 0.003388 0.735437 0.133422
v 0.003899 0.735716 0.133336
v 0.002882 0.735120 0.134039
v 0.003429 0.735375 0.133982
v 0.003973 0.735681 0.133876
v -0.002870 0.735332 0.132859
v -0.002862 0.735196 0.133462
v -0.002882 0.735119 0.134039
v -0.003377 0.735551 0.132855
v -0.003388 0.735437 0.133422
v -0.003428 0.735375 0.133982
v -0.003846 0.735791 0.132819
v -0.003899 0.735716 0.133336
v -0.003973 0.735681 0.133876
v -0.001356 0.761459 0.140490
v -0.002698 0.761448 0.140371
v -0.004012 0.761388 0.140113
v -0.001350 0.760649 0.140725
v -0.002681 0.760639 0.140605
v -0.003980 0.760583 0.140354
v -0.001345 0.759898 0.140955
v -0.002669 0.759886 0.140839
v -0.003954 0.759833 0.140600
v -0.001366 0.769109 0.138004
v -0.002725 0.769070 0.137843
v -0.004067 0.768969 0.137518
v -0.001365 0.768141 0.138343
v -0.002724 0.768107 0.138198
v -0.004063 0.768011 0.137892
v -0.001368 0.767275 0.138646
v -0.002728 0.767246 0.138516
v -0.004068 0.767154 0.138229
v -0.006666 0.765306 0.137541
v -0.007865 0.764863 0.136553
v -0.008970 0.764300 0.135355
v -0.006685 0.764807 0.137744
v -0.007887 0.764375 0.136755
v -0.008989 0.763827 0.135557
v -0.006700 0.764366 0.137911
v -0.007906 0.763946 0.136922
v -0.009007 0.763413 0.135725
v -0.007453 0.750059 0.121459
v -0.006528 0.749680 0.120694
v -0.005573 0.749367 0.119972
v -0.007449 0.749515 0.121794
v -0.006529 0.749179 0.121018
v -0.005578 0.748911 0.120282
v -0.007453 0.748995 0.122103
v -0.006539 0.748697 0.121323
v -0.005591 0.748467 0.120578
v -0.007819 0.757109 0.117748
v -0.006838 0.756509 0.117030
v -0.005811 0.755990 0.116396
v -0.007773 0.755773 0.118322
v -0.006786 0.755165 0.117634
v -0.005758 0.754640 0.117023
v -0.007727 0.754600 0.118834
v -0.006735 0.753989 0.118176
v -0.005707 0.753461 0.117587
v -0.003601 0.755311 0.115510
v -0.002426 0.755153 0.115271
v -0.001222 0.755080 0.115143
v -0.003559 0.753955 0.116152
v -0.002395 0.753797 0.115908
v -0.001204 0.753725 0.115774
v -0.003520 0.752771 0.116727
v -0.002366 0.752609 0.116477
v -0.001187 0.752535 0.116334
v -0.012066 0.754897 0.128857
v -0.012074 0.754128 0.127642
v -0.011891 0.753422 0.126530
v -0.012026 0.754087 0.129285
v -0.012047 0.753339 0.128065
v -0.011871 0.752664 0.126949
v -0.012005 0.753345 0.129677
v -0.012039 0.752614 0.128449
v -0.011869 0.751964 0.127326
v -0.012626 0.762910 0.125324
v -0.012552 0.762103 0.124095
v -0.012286 0.761319 0.122974
v -0.012609 0.761724 0.125676
v -0.012550 0.760885 0.124450
v -0.012296 0.760071 0.123340
v -0.012601 0.760686 0.125987
v -0.012556 0.759818 0.124760
v -0.012313 0.758978 0.123655
v -0.011237 0.759825 0.121007
v -0.010500 0.759115 0.120133
v -0.009664 0.758427 0.119309
v -0.011246 0.758532 0.121424
v -0.010496 0.757808 0.120588
v -0.009643 0.757108 0.119805
v -0.011259 0.757397 0.121783
v -0.010494 0.756658 0.120982
v -0.009624 0.755948 0.120239
v -0.010892 0.766197 0.131195
v -0.011611 0.765408 0.129663
v -0.012153 0.764578 0.128134
v -0.010847 0.765139 0.131584
v -0.011567 0.764320 0.130041
v -0.012112 0.763458 0.128499
v -0.010823 0.764203 0.131937
v -0.011539 0.763361 0.130382
v -0.012086 0.762475 0.128829
v -0.008285 0.743002 0.138638
v -0.008860 0.742600 0.137487
v -0.009290 0.742200 0.136327
v -0.007742 0.741976 0.138709
v -0.008275 0.741605 0.137631
v -0.008674 0.741236 0.136544
v -0.007175 0.741005 0.138738
v -0.007660 0.740660 0.137741
v -0.008022 0.740319 0.136734
v -0.006576 0.757715 0.140941
v -0.007666 0.757258 0.140179
v -0.008679 0.756668 0.139198
v -0.006716 0.757473 0.141086
v -0.007860 0.756984 0.140273
v -0.008917 0.756367 0.139249
v -0.006824 0.757046 0.141235
v -0.008017 0.756535 0.140372
v -0.009117 0.755900 0.139306
v -0.002778 0.738674 0.126263
v -0.001868 0.738572 0.126082
v -0.000940 0.738508 0.125975
v -0.002607 0.738015 0.127107
v -0.001752 0.737917 0.126940
v -0.000881 0.737855 0.126842
v -0.002436 0.737402 0.127976
v -0.001636 0.737305 0.127830
v -0.000821 0.737243 0.127744
v -0.008563 0.740322 0.130532
v -0.008048 0.740074 0.129747
v -0.007459 0.739836 0.129020
v -0.008004 0.739526 0.131085
v -0.007531 0.739304 0.130345
v -0.006987 0.739089 0.129662
v -0.007421 0.738787 0.131627
v -0.006993 0.738592 0.130934
v -0.006500 0.738403 0.130297
v -0.001022 0.744876 0.143895
v -0.002033 0.744823 0.143735
v -0.003035 0.744723 0.143443
v -0.000958 0.743668 0.143625
v -0.001905 0.743625 0.143475
v -0.002843 0.743540 0.143203
v -0.000893 0.742518 0.143287
v -0.001775 0.742487 0.143150
v -0.002648 0.742420 0.142899
v -0.006091 0.739382 0.127783
v -0.005325 0.739172 0.127282
v -0.004514 0.738979 0.126862
v -0.005715 0.738677 0.128506
v -0.004999 0.738482 0.128043
v -0.004238 0.738303 0.127656
v -0.005331 0.738031 0.129232
v -0.004667 0.737849 0.128812
v -0.003958 0.737680 0.128465
v -0.009637 0.741470 0.134150
v -0.009555 0.741151 0.133166
v -0.009333 0.740857 0.132241
v -0.008995 0.740565 0.134498
v -0.008918 0.740274 0.133571
v -0.008713 0.740007 0.132699
v -0.008311 0.739707 0.134830
v -0.008243 0.739446 0.133962
v -0.008058 0.739209 0.133143
v -0.001351 0.758900 0.141324
v -0.002676 0.758877 0.141234
v -0.003950 0.758812 0.141037
v -0.001362 0.758679 0.141465
v -0.002697 0.758647 0.141394
v -0.003977 0.758569 0.141223
v -0.001377 0.758568 0.141608
v -0.002725 0.758527 0.141555
v -0.004019 0.758434 0.141404
v -0.006502 0.760983 0.139003
v -0.007642 0.760593 0.138127
v -0.008686 0.760062 0.137064
v -0.006409 0.760212 0.139302
v -0.007513 0.759844 0.138472
v -0.008527 0.759331 0.137455
v -0.006325 0.759488 0.139611
v -0.007392 0.759141 0.138828
v -0.008376 0.758645 0.137855
v -0.007531 0.748188 0.122516
v -0.006619 0.747927 0.121750
v -0.005672 0.747732 0.121016
v -0.007613 0.747916 0.122600
v -0.006697 0.747654 0.121849
v -0.005745 0.747453 0.121134
v -0.007720 0.747700 0.122618
v -0.006798 0.747426 0.121885
v -0.005838 0.747210 0.121194
v -0.003578 0.747531 0.119698
v -0.002424 0.747505 0.119179
v -0.001227 0.747504 0.118827
v -0.003631 0.747230 0.119847
v -0.002462 0.747191 0.119337
v -0.001246 0.747180 0.118989
v -0.003696 0.746945 0.119960
v -0.002507 0.746886 0.119473
v -0.001269 0.746860 0.119142
v -0.012083 0.752285 0.130233
v -0.012138 0.751571 0.128981
v -0.011975 0.750945 0.127837
v -0.012189 0.751980 0.130388
v -0.012250 0.751265 0.129121
v -0.012087 0.750639 0.127964
v -0.012327 0.751769 0.130490
v -0.012389 0.751050 0.129209
v -0.012225 0.750419 0.128037
v -0.010987 0.749846 0.125834
v -0.010220 0.749351 0.124946
v -0.009350 0.748904 0.124110
v -0.011091 0.749547 0.125933
v -0.010317 0.749062 0.125032
v -0.009440 0.748623 0.124186
v -0.011221 0.749326 0.125973
v -0.010442 0.748845 0.125056
v -0.009559 0.748411 0.124199
v -0.009942 0.756090 0.136075
v -0.010704 0.755101 0.134603
v -0.011343 0.754080 0.133083
v -0.009972 0.755766 0.136312
v -0.010755 0.754782 0.134820
v -0.011417 0.753768 0.133278
v -0.010076 0.755519 0.136476
v -0.010870 0.754545 0.134968
v -0.011542 0.753544 0.133409
v -0.001410 0.773795 0.136206
v -0.002811 0.773731 0.136024
v -0.004198 0.773604 0.135674
v -0.001394 0.772487 0.136749
v -0.002780 0.772429 0.136567
v -0.004151 0.772310 0.136217
v -0.001380 0.771282 0.137217
v -0.002754 0.771230 0.137037
v -0.004111 0.771118 0.136689
v -0.009830 0.799850 0.114660
v -0.007272 0.799505 0.117860
v -0.008633 0.798801 0.117029
v -0.009893 0.797980 0.116048
v -0.007329 0.797595 0.119212
v -0.008689 0.796911 0.118369
v -0.009948 0.796115 0.117373
v -0.008101 0.762909 0.115223
v -0.007086 0.762379 0.114468
v -0.006019 0.761918 0.113812
v -0.008020 0.761424 0.115885
v -0.007020 0.760874 0.115128
v -0.005969 0.760396 0.114468
v -0.007942 0.759969 0.116521
v -0.006955 0.759399 0.115766
v -0.005917 0.758904 0.115107
v -0.003723 0.761282 0.112893
v -0.002508 0.761111 0.112638
v -0.001264 0.761020 0.112499
v -0.003700 0.759748 0.113552
v -0.002494 0.759582 0.113304
v -0.001258 0.759497 0.113171
v -0.003672 0.758243 0.114196
v -0.002476 0.758080 0.113955
v -0.001250 0.758001 0.113828
v -0.013100 0.768129 0.123529
v -0.012975 0.767424 0.122240
v -0.012657 0.766733 0.121034
v -0.012935 0.766772 0.124057
v -0.012819 0.766049 0.122785
v -0.012513 0.765340 0.121601
v -0.012787 0.765460 0.124520
v -0.012684 0.764713 0.123267
v -0.012391 0.763983 0.122107
v -0.011548 0.765387 0.118850
v -0.010807 0.764733 0.117860
v -0.009972 0.764099 0.116929
v -0.011425 0.763964 0.119463
v -0.010693 0.763298 0.118494
v -0.009866 0.762650 0.117579
v -0.011323 0.762572 0.120025
v -0.010595 0.761892 0.119082
v -0.009773 0.761230 0.118190
v -0.011352 0.771011 0.129377
v -0.012108 0.770313 0.127879
v -0.012667 0.769584 0.126372
v -0.011208 0.769723 0.129902
v -0.011950 0.769011 0.128397
v -0.012501 0.768265 0.126887
v -0.011074 0.768502 0.130361
v -0.011805 0.767770 0.128849
v -0.012347 0.767002 0.127335
v -0.003447 0.750122 0.118069
v -0.002326 0.749915 0.117752
v -0.001172 0.749795 0.117558
v -0.003457 0.749883 0.118199
v -0.002332 0.749689 0.117866
v -0.001174 0.749576 0.117662
v -0.003468 0.749610 0.118357
v -0.002340 0.749438 0.118003
v -0.001176 0.749338 0.117784
v -0.010950 0.754514 0.123168
v -0.010173 0.753777 0.122415
v -0.009291 0.753081 0.121718
v -0.010934 0.754027 0.123480
v -0.010162 0.753323 0.122709
v -0.009285 0.752660 0.121992
v -0.010929 0.753458 0.123832
v -0.010161 0.752792 0.123042
v -0.009288 0.752167 0.122301
v -0.010737 0.761176 0.133223
v -0.011337 0.760371 0.131692
v -0.011775 0.759519 0.130158
v -0.010702 0.760620 0.133453
v -0.011301 0.759792 0.131950
v -0.011737 0.758922 0.130445
v -0.010641 0.759990 0.133731
v -0.011247 0.759131 0.132258
v -0.011693 0.758234 0.130779
v -0.001377 0.764026 0.139801
v -0.002747 0.764008 0.139686
v -0.004098 0.763933 0.139419
v -0.001374 0.763510 0.139940
v -0.002740 0.763494 0.139825
v -0.004087 0.763421 0.139558
v -0.001370 0.762922 0.140094
v -0.002730 0.762908 0.139977
v -0.004069 0.762839 0.139712
v -0.007432 0.751826 0.120352
v -0.006495 0.751282 0.119678
v -0.005530 0.750809 0.119051
v -0.007436 0.751474 0.120577
v -0.006502 0.750965 0.119877
v -0.005540 0.750524 0.119225
v -0.007446 0.751061 0.120835
v -0.006515 0.750591 0.120110
v -0.005555 0.750188 0.119433
v -0.012198 0.757779 0.127328
v -0.012175 0.756926 0.126095
v -0.011970 0.756093 0.124991
v -0.012164 0.757182 0.127652
v -0.012145 0.756348 0.126426
v -0.011945 0.755543 0.125321
v -0.012138 0.756486 0.128021
v -0.012125 0.755673 0.126801
v -0.011930 0.754899 0.125695
v -0.006704 0.763477 0.138197
v -0.007913 0.763066 0.137218
v -0.009012 0.762541 0.136036
v -0.006685 0.762967 0.138347
v -0.007890 0.762553 0.137379
v -0.008984 0.762020 0.136215
v -0.006646 0.762390 0.138522
v -0.007839 0.761975 0.137574
v -0.008924 0.761434 0.136435
v -0.003462 0.751191 0.117513
v -0.002327 0.751011 0.117243
v -0.001168 0.750919 0.117082
v -0.003447 0.750786 0.117719
v -0.002319 0.750592 0.117439
v -0.001166 0.750488 0.117270
v -0.003440 0.750528 0.117854
v -0.002318 0.750323 0.117562
v -0.001167 0.750208 0.117385
v -0.011204 0.755891 0.122311
v -0.010420 0.755127 0.121560
v -0.009528 0.754398 0.120873
v -0.011131 0.755493 0.122505
v -0.010345 0.754723 0.121766
v -0.009452 0.753989 0.121090
v -0.011052 0.755200 0.122693
v -0.010268 0.754430 0.121956
v -0.009377 0.753698 0.121282
v -0.010797 0.762859 0.132481
v -0.011484 0.762016 0.130908
v -0.012005 0.761125 0.129337
v -0.010785 0.762420 0.132679
v -0.011446 0.761596 0.131104
v -0.011942 0.760721 0.129530
v -0.010772 0.762042 0.132854
v -0.011406 0.761237 0.131284
v -0.011877 0.760380 0.129715
v -0.001374 0.765914 0.139141
v -0.002741 0.765891 0.139029
v -0.004086 0.765806 0.138765
v -0.001377 0.765397 0.139338
v -0.002746 0.765375 0.139228
v -0.004095 0.765293 0.138966
v -0.001378 0.764937 0.139510
v -0.002749 0.764916 0.139399
v -0.004101 0.764837 0.139135
v -0.007612 0.753038 0.119568
v -0.006626 0.752430 0.118945
v -0.005613 0.751903 0.118377
v -0.007546 0.752632 0.119798
v -0.006573 0.752030 0.119175
v -0.005574 0.751508 0.118603
v -0.007488 0.752357 0.119982
v -0.006529 0.751766 0.119349
v -0.005545 0.751253 0.118764
v -0.012513 0.759302 0.126463
v -0.012484 0.758406 0.125228
v -0.012258 0.757533 0.124127
v -0.012426 0.758918 0.126649
v -0.012399 0.758024 0.125411
v -0.012180 0.757148 0.124309
v -0.012333 0.758605 0.126837
v -0.012306 0.757720 0.125598
v -0.012092 0.756850 0.124495
v 0.003142 0.738535 0.140678
v 0.003695 0.738379 0.140223
v 0.004188 0.738176 0.139697
v 0.003427 0.739308 0.141035
v 0.004044 0.739142 0.140530
v 0.004602 0.738928 0.139944
v 0.003720 0.740177 0.141384
v 0.004399 0.739994 0.140829
v 0.005022 0.739766 0.140182
v -0.001783 0.734815 0.135144
v -0.001194 0.734761 0.135122
v -0.000599 0.734743 0.135101
v -0.001794 0.734941 0.135621
v -0.001202 0.734937 0.135565
v -0.000604 0.734960 0.135519
v -0.001800 0.735106 0.136074
v -0.001207 0.735153 0.135984
v -0.000607 0.735216 0.135911
v -0.000601 0.735741 0.136670
v -0.000591 0.735980 0.137046
v -0.000574 0.736197 0.137419
v -0.001197 0.735619 0.136784
v -0.001178 0.735842 0.137174
v -0.001146 0.736051 0.137554
v -0.001784 0.735498 0.136932
v -0.001757 0.735704 0.137340
v -0.001710 0.735906 0.137732
v 0.011675 0.793592 0.100356
v 0.010784 0.794153 0.098031
v 0.010914 0.792794 0.099499
v 0.009921 0.793372 0.097241
v 0.010052 0.792034 0.098700
v 0.006059 0.749595 0.142373
v 0.005823 0.748187 0.142476
v 0.005569 0.746840 0.142520
v 0.007189 0.749206 0.141474
v 0.006910 0.747829 0.141603
v 0.006610 0.746511 0.141679
v 0.008244 0.748749 0.140416
v 0.007928 0.747409 0.140577
v 0.007586 0.746126 0.140690
v 0.012049 0.790765 0.117507
v 0.012028 0.789032 0.118678
v 0.011995 0.787312 0.119825
v 0.012796 0.789883 0.116247
v 0.012764 0.788190 0.117421
v 0.012723 0.786504 0.118566
v 0.013339 0.789003 0.114975
v 0.013300 0.787345 0.116152
v 0.013252 0.785690 0.117296
v 0.007052 0.775997 0.132939
v 0.008357 0.775581 0.131941
v 0.009573 0.775081 0.130766
v 0.007123 0.777618 0.132075
v 0.008441 0.777183 0.131081
v 0.009668 0.776667 0.129911
v 0.007185 0.779318 0.131112
v 0.008514 0.778862 0.130122
v 0.009749 0.778325 0.128961
v 0.003894 0.779953 0.102518
v 0.003893 0.778461 0.103644
v 0.003884 0.776976 0.104716
v 0.002619 0.779768 0.102339
v 0.002619 0.778267 0.103468
v 0.002614 0.776772 0.104539
v 0.001317 0.779671 0.102260
v 0.001317 0.778162 0.103394
v 0.001315 0.776658 0.104464
v 0.012210 0.784363 0.108243
v 0.012205 0.782803 0.109403
v 0.012186 0.781240 0.110505
v 0.011419 0.783675 0.107293
v 0.011409 0.782138 0.108452
v 0.011386 0.780598 0.109554
v 0.010521 0.783006 0.106387
v 0.010504 0.781493 0.107544
v 0.010477 0.779975 0.108647
v 0.011968 0.771577 0.115897
v 0.011886 0.769954 0.116693
v 0.011787 0.768364 0.117457
v 0.011198 0.770964 0.114884
v 0.011122 0.769336 0.115678
v 0.011029 0.767739 0.116445
v 0.010325 0.770371 0.113932
v 0.010258 0.768738 0.114725
v 0.010175 0.767135 0.115496
v 0.011809 0.777051 0.126263
v 0.011724 0.775423 0.127186
v 0.011618 0.773862 0.128024
v 0.012578 0.776345 0.124808
v 0.012497 0.774726 0.125713
v 0.012390 0.773170 0.126540
v 0.013143 0.775621 0.123344
v 0.013066 0.774007 0.124229
v 0.012960 0.772452 0.125044
v 0.003804 0.767687 0.109895
v 0.003784 0.766064 0.110690
v 0.003763 0.764445 0.111464
v 0.002555 0.767495 0.109635
v 0.002542 0.765878 0.110426
v 0.002528 0.764264 0.111199
v 0.001283 0.767382 0.109490
v 0.001276 0.765770 0.110276
v 0.001269 0.764162 0.111050
v 0.006746 0.770632 0.135344
v 0.007986 0.770240 0.134339
v 0.009140 0.769752 0.133151
v 0.006815 0.771815 0.134868
v 0.008072 0.771426 0.133863
v 0.009242 0.770944 0.132679
v 0.006894 0.773092 0.134326
v 0.008167 0.772699 0.133324
v 0.009354 0.772218 0.132142
v 0.003890 0.744630 0.120953
v 0.003781 0.743959 0.121455
v 0.003645 0.743224 0.122039
v 0.002633 0.744493 0.120720
v 0.002556 0.743820 0.121236
v 0.002461 0.743086 0.121827
v 0.001329 0.744415 0.120584
v 0.001290 0.743740 0.121112
v 0.001241 0.743005 0.121707
v 0.011577 0.747398 0.126532
v 0.011350 0.746645 0.126922
v 0.011054 0.745790 0.127381
v 0.010843 0.746964 0.125511
v 0.010636 0.746230 0.125919
v 0.010361 0.745396 0.126403
v 0.010003 0.746558 0.124565
v 0.009818 0.745838 0.124989
v 0.009569 0.745022 0.125497
v 0.011060 0.752679 0.136911
v 0.010908 0.751543 0.137136
v 0.010664 0.750283 0.137398
v 0.011752 0.751881 0.135466
v 0.011597 0.750803 0.135708
v 0.011353 0.749603 0.135988
v 0.012273 0.751085 0.134006
v 0.012112 0.750067 0.134267
v 0.011867 0.748929 0.134568
v 0.006032 0.739210 0.138682
v 0.005472 0.738401 0.138608
v 0.004921 0.737674 0.138516
v 0.006396 0.738909 0.137869
v 0.005768 0.738118 0.137892
v 0.005153 0.737407 0.137889
v 0.006659 0.738617 0.137044
v 0.005976 0.737847 0.137161
v 0.005308 0.737157 0.137245
v 0.006336 0.758012 0.140613
v 0.007354 0.757621 0.139910
v 0.008304 0.757086 0.138989
v 0.006272 0.758204 0.140411
v 0.007280 0.757840 0.139710
v 0.008221 0.757327 0.138798
v 0.006249 0.758489 0.140179
v 0.007264 0.758143 0.139464
v 0.008208 0.757644 0.138545
v 0.002124 0.736324 0.129735
v 0.001994 0.735870 0.130592
v 0.001888 0.735485 0.131411
v 0.001430 0.736213 0.129647
v 0.001343 0.735747 0.130540
v 0.001272 0.735349 0.131393
v 0.000721 0.736139 0.129600
v 0.000677 0.735663 0.130515
v 0.000641 0.735256 0.131390
v 0.006238 0.737496 0.132628
v 0.005655 0.736948 0.133057
v 0.005083 0.736463 0.133418
v 0.005919 0.737366 0.132023
v 0.005401 0.736858 0.132490
v 0.004897 0.736417 0.132879
v 0.005541 0.737235 0.131479
v 0.005095 0.736764 0.131986
v 0.004678 0.736375 0.132405
v -0.001770 0.734951 0.132876
v -0.001190 0.734803 0.132900
v -0.000597 0.734703 0.132923
v -0.001755 0.734807 0.133513
v -0.001178 0.734664 0.133542
v -0.000591 0.734571 0.133566
v -0.001758 0.734739 0.134097
v -0.001178 0.734613 0.134120
v -0.000590 0.734534 0.134136
v 0.003491 0.748953 0.118780
v 0.003498 0.748584 0.119031
v 0.003510 0.748212 0.119281
v 0.002360 0.748845 0.118362
v 0.002365 0.748511 0.118576
v 0.002373 0.748169 0.118792
v 0.001192 0.748788 0.118095
v 0.001193 0.748479 0.118278
v 0.001195 0.748157 0.118467
v 0.010905 0.752136 0.124621
v 0.010890 0.751445 0.125017
v 0.010890 0.750802 0.125371
v 0.010145 0.751546 0.123793
v 0.010131 0.750888 0.124171
v 0.010130 0.750272 0.124510
v 0.009279 0.751000 0.123008
v 0.009268 0.750375 0.123370
v 0.009267 0.749788 0.123694
v 0.010401 0.758554 0.134480
v 0.010241 0.757811 0.134925
v 0.010091 0.757120 0.135365
v 0.011046 0.757628 0.133044
v 0.010914 0.756857 0.133491
v 0.010796 0.756145 0.133924
v 0.011542 0.756670 0.131589
v 0.011446 0.755872 0.132030
v 0.011366 0.755138 0.132449
v 0.009972 0.788851 0.122195
v 0.009992 0.790639 0.121035
v 0.009999 0.792442 0.119856
v 0.008723 0.789541 0.123242
v 0.008741 0.791358 0.122069
v 0.008745 0.793189 0.120877
v 0.007368 0.790145 0.124150
v 0.007383 0.791985 0.122959
v 0.007387 0.793837 0.121752
v 0.004346 0.742134 0.141991
v 0.005151 0.741910 0.141334
v 0.005903 0.741641 0.140562
v 0.004671 0.743209 0.142223
v 0.005541 0.742960 0.141514
v 0.006355 0.742666 0.140680
v 0.004990 0.744350 0.142394
v 0.005922 0.744075 0.141636
v 0.006795 0.743752 0.140744
v 0.013150 0.796108 0.103399
v 0.012815 0.795245 0.102304
v 0.008108 0.790677 0.097221
v 0.007326 0.786483 0.126552
v 0.007303 0.784662 0.127757
v 0.007274 0.782857 0.128935
v 0.008678 0.785928 0.125610
v 0.008652 0.784133 0.126799
v 0.008618 0.782353 0.127963
v 0.009923 0.785293 0.124526
v 0.009897 0.783524 0.125692
v 0.009862 0.781769 0.126834
v 0.011887 0.797881 0.112411
v 0.011956 0.796092 0.113769
v 0.012013 0.794299 0.115062
v 0.012626 0.796831 0.111191
v 0.012704 0.795087 0.112535
v 0.012767 0.793336 0.113813
v 0.013154 0.795788 0.109945
v 0.013244 0.794087 0.111278
v 0.013314 0.792377 0.112546
v 0.001521 0.795102 0.123402
v 0.001521 0.793229 0.124687
v 0.001517 0.791363 0.125950
v 0.003020 0.794974 0.123242
v 0.003019 0.793099 0.124512
v 0.003010 0.791233 0.125761
v 0.004502 0.794733 0.122934
v 0.004500 0.792860 0.124184
v 0.004488 0.790996 0.125414
v 0.001481 0.800851 0.119341
v 0.001500 0.798906 0.120736
v 0.002950 0.800717 0.119212
v 0.002985 0.798776 0.120600
v 0.004410 0.800464 0.118948
v 0.004456 0.798529 0.120325
v 0.008517 0.781733 0.104705
v 0.008496 0.780251 0.105851
v 0.008468 0.778767 0.106946
v 0.007439 0.781155 0.103961
v 0.007423 0.779679 0.105099
v 0.007398 0.778203 0.106187
v 0.006310 0.780650 0.103327
v 0.006300 0.779173 0.104457
v 0.006281 0.777699 0.105538
v 0.008346 0.787814 0.099883
v 0.008431 0.786297 0.101131
v 0.008489 0.784760 0.102341
v 0.007273 0.787241 0.099170
v 0.007352 0.785722 0.100405
v 0.007407 0.784182 0.101610
v 0.006148 0.786746 0.098554
v 0.006221 0.785226 0.099780
v 0.006273 0.783684 0.100982
v 0.003770 0.786039 0.097763
v 0.003821 0.784538 0.098965
v 0.003859 0.783001 0.100165
v 0.002532 0.785833 0.097588
v 0.002567 0.784348 0.098777
v 0.002594 0.782821 0.099975
v 0.001273 0.785715 0.097511
v 0.001291 0.784245 0.098690
v 0.001304 0.782726 0.099888
v 0.013770 0.787327 0.112525
v 0.013736 0.785714 0.113701
v 0.013690 0.784100 0.114834
v 0.013660 0.786546 0.111378
v 0.013637 0.784944 0.112550
v 0.013601 0.783341 0.113673
v 0.013353 0.785796 0.110284
v 0.013342 0.784203 0.111450
v 0.013315 0.782610 0.112563
v 0.013539 0.793866 0.107481
v 0.013647 0.792234 0.108814
v 0.013729 0.790589 0.110085
v 0.013405 0.793006 0.106305
v 0.013517 0.791399 0.107646
v 0.013603 0.789777 0.108928
v 0.013081 0.792191 0.105188
v 0.013194 0.790605 0.106534
v 0.013282 0.789001 0.107826
v 0.011949 0.790627 0.103183
v 0.012057 0.789076 0.104513
v 0.012139 0.787505 0.105796
v 0.011184 0.789869 0.102292
v 0.011287 0.788334 0.103602
v 0.011362 0.786777 0.104866
v 0.010315 0.789140 0.101455
v 0.010412 0.787616 0.102741
v 0.010479 0.786072 0.103983
v 0.013574 0.774197 0.120569
v 0.013498 0.772586 0.121415
v 0.013393 0.771025 0.122204
v 0.013444 0.773516 0.119298
v 0.013364 0.771904 0.120127
v 0.013259 0.770337 0.120905
v 0.013116 0.772854 0.118100
v 0.013032 0.771240 0.118914
v 0.012927 0.769665 0.119684
v 0.013639 0.780827 0.116921
v 0.013639 0.779165 0.117878
v 0.013637 0.777500 0.118796
v 0.013549 0.780096 0.115730
v 0.013540 0.778452 0.116669
v 0.013526 0.776802 0.117567
v 0.013263 0.779391 0.114594
v 0.013244 0.777763 0.115519
v 0.013218 0.776128 0.116402
v 0.012137 0.778075 0.112499
v 0.012112 0.776467 0.113398
v 0.012079 0.774845 0.114252
v 0.011340 0.777461 0.111536
v 0.011320 0.775858 0.112420
v 0.011294 0.774237 0.113260
v 0.010434 0.776867 0.110619
v 0.010421 0.775269 0.111493
v 0.010404 0.773649 0.112322
v 0.011944 0.783867 0.122072
v 0.011928 0.782142 0.123171
v 0.011907 0.780425 0.124241
v 0.012672 0.783111 0.120770
v 0.012665 0.781402 0.121827
v 0.012656 0.779698 0.122853
v 0.013201 0.782343 0.119458
v 0.013202 0.780649 0.120475
v 0.013203 0.778956 0.121458
v 0.001470 0.780228 0.132994
v 0.001456 0.778467 0.133952
v 0.001440 0.776789 0.134812
v 0.002929 0.780128 0.132808
v 0.002903 0.778375 0.133768
v 0.002873 0.776707 0.134630
v 0.004373 0.779950 0.132454
v 0.004335 0.778211 0.133417
v 0.004291 0.776556 0.134281
v 0.001506 0.787625 0.128440
v 0.001500 0.785754 0.129657
v 0.001492 0.783891 0.130833
v 0.002989 0.787498 0.128238
v 0.002979 0.785631 0.129456
v 0.002967 0.783774 0.130637
v 0.004459 0.787272 0.127871
v 0.004445 0.785415 0.129089
v 0.004427 0.783569 0.130274
v 0.008364 0.769263 0.112208
v 0.008315 0.767626 0.113005
v 0.008253 0.766010 0.113781
v 0.007300 0.768767 0.111459
v 0.007259 0.767131 0.112257
v 0.007208 0.765510 0.113033
v 0.006183 0.768329 0.110810
v 0.006150 0.766696 0.111610
v 0.006110 0.765072 0.112385
v 0.008430 0.775717 0.108907
v 0.008423 0.774138 0.109775
v 0.008416 0.772531 0.110599
v 0.007362 0.775177 0.108142
v 0.007354 0.773612 0.109013
v 0.007345 0.772018 0.109841
v 0.006248 0.774691 0.107485
v 0.006237 0.773140 0.108357
v 0.006225 0.771561 0.109188
v 0.003861 0.773973 0.106631
v 0.003849 0.772440 0.107484
v 0.003836 0.770882 0.108297
v 0.002598 0.773759 0.106434
v 0.002589 0.772229 0.107269
v 0.002579 0.770676 0.108063
v 0.001306 0.773636 0.106344
v 0.001301 0.772106 0.107163
v 0.001296 0.770556 0.107941
v 0.001397 0.756121 0.143166
v 0.001365 0.754813 0.143463
v 0.001324 0.753339 0.143730
v 0.002788 0.756067 0.143045
v 0.002724 0.754756 0.143323
v 0.002644 0.753278 0.143573
v 0.004161 0.755934 0.142778
v 0.004069 0.754622 0.143031
v 0.003951 0.753144 0.143262
v 0.001408 0.758420 0.141999
v 0.001420 0.758228 0.142260
v 0.001424 0.757836 0.142549
v 0.002793 0.758372 0.141953
v 0.002822 0.758177 0.142201
v 0.002836 0.757785 0.142472
v 0.004132 0.758255 0.141800
v 0.004185 0.758053 0.142025
v 0.004217 0.757657 0.142266
v 0.006641 0.766647 0.136973
v 0.007841 0.766204 0.135982
v 0.008953 0.765643 0.134788
v 0.006642 0.767511 0.136608
v 0.007848 0.767081 0.135612
v 0.008966 0.766538 0.134420
v 0.006658 0.768478 0.136207
v 0.007872 0.768064 0.135206
v 0.008999 0.767542 0.134015
v 0.008169 0.745786 0.122948
v 0.008014 0.745090 0.123398
v 0.007803 0.744307 0.123942
v 0.007200 0.745426 0.122290
v 0.007050 0.744740 0.122751
v 0.006851 0.743974 0.123308
v 0.006176 0.745102 0.121736
v 0.006032 0.744425 0.122210
v 0.005845 0.743673 0.122776
v 0.007997 0.747322 0.122517
v 0.008132 0.747094 0.122466
v 0.008225 0.746787 0.122487
v 0.007055 0.747009 0.121816
v 0.007179 0.746759 0.121777
v 0.007262 0.746434 0.121809
v 0.006068 0.746744 0.121178
v 0.006176 0.746469 0.121166
v 0.006247 0.746123 0.121221
v 0.003846 0.746379 0.120103
v 0.003916 0.746060 0.120181
v 0.003957 0.745680 0.120321
v 0.002607 0.746280 0.119700
v 0.002655 0.745946 0.119830
v 0.002682 0.745555 0.120020
v 0.001315 0.746226 0.119432
v 0.001340 0.745883 0.119603
v 0.001354 0.745484 0.119832
v 0.012784 0.749620 0.131232
v 0.012592 0.748715 0.131538
v 0.012324 0.747695 0.131887
v 0.012765 0.748980 0.129961
v 0.012552 0.748124 0.130289
v 0.012265 0.747157 0.130665
v 0.012559 0.748398 0.128759
v 0.012328 0.747585 0.129109
v 0.012026 0.746664 0.129512
v 0.012646 0.751436 0.130624
v 0.012787 0.751210 0.130702
v 0.012876 0.750867 0.130816
v 0.012697 0.750713 0.129325
v 0.012825 0.750491 0.129401
v 0.012897 0.750162 0.129519
v 0.012528 0.750070 0.128124
v 0.012652 0.749849 0.128189
v 0.012717 0.749528 0.128301
v 0.011523 0.748972 0.125973
v 0.011653 0.748755 0.125992
v 0.011725 0.748450 0.126069
v 0.010743 0.748498 0.125007
v 0.010879 0.748287 0.124998
v 0.010961 0.747989 0.125054
v 0.009856 0.748067 0.124111
v 0.009997 0.747859 0.124078
v 0.010089 0.747565 0.124114
v 0.010495 0.755062 0.136614
v 0.010754 0.754747 0.136632
v 0.010970 0.754286 0.136665
v 0.011271 0.754121 0.135102
v 0.011504 0.753830 0.135133
v 0.011694 0.753398 0.135183
v 0.011912 0.753164 0.133548
v 0.012110 0.752901 0.133599
v 0.012262 0.752505 0.133675
v 0.008816 0.751554 0.139992
v 0.009044 0.752923 0.139763
v 0.009191 0.754154 0.139556
v 0.007700 0.752099 0.141096
v 0.007910 0.753512 0.140879
v 0.008051 0.754778 0.140671
v 0.006498 0.752558 0.142028
v 0.006682 0.754005 0.141816
v 0.006812 0.755296 0.141601
v 0.010024 0.747686 0.137926
v 0.009655 0.746437 0.138160
v 0.009246 0.745234 0.138361
v 0.010702 0.747119 0.136571
v 0.010316 0.745918 0.136843
v 0.009884 0.744758 0.137090
v 0.011208 0.746558 0.135207
v 0.010811 0.745403 0.135517
v 0.010363 0.744286 0.135812
v 0.000758 0.740391 0.142466
v 0.000702 0.739451 0.142009
v 0.000648 0.738642 0.141535
v 0.001518 0.740393 0.142354
v 0.001403 0.739467 0.141911
v 0.001294 0.738665 0.141454
v 0.002268 0.740370 0.142147
v 0.002095 0.739464 0.141727
v 0.001929 0.738671 0.141295
v 0.001232 0.750308 0.144100
v 0.001183 0.748863 0.144179
v 0.001130 0.747474 0.144175
v 0.002461 0.750242 0.143924
v 0.002363 0.748797 0.144001
v 0.002259 0.747410 0.144000
v 0.003679 0.750112 0.143596
v 0.003534 0.748670 0.143674
v 0.003380 0.747289 0.143680
v 0.004599 0.736939 0.130616
v 0.004283 0.736510 0.131242
v 0.004027 0.736171 0.131806
v 0.004042 0.736776 0.130302
v 0.003777 0.736347 0.130998
v 0.003566 0.735998 0.131653
v 0.003438 0.736614 0.130055
v 0.003220 0.736181 0.130814
v 0.003046 0.735821 0.131537
v 0.007311 0.742624 0.125143
v 0.007047 0.741775 0.125764
v 0.006760 0.740942 0.126407
v 0.006399 0.742332 0.124540
v 0.006162 0.741505 0.125181
v 0.005910 0.740693 0.125846
v 0.005435 0.742069 0.124032
v 0.005228 0.741261 0.124689
v 0.005011 0.740468 0.125374
v 0.003360 0.741666 0.123322
v 0.003224 0.740884 0.123997
v 0.003084 0.740116 0.124706
v 0.002262 0.741537 0.123115
v 0.002167 0.740761 0.123793
v 0.002072 0.740000 0.124507
v 0.001138 0.741459 0.122997
v 0.001089 0.740686 0.123677
v 0.001039 0.739929 0.124392
v 0.006870 0.738125 0.135442
v 0.006142 0.737416 0.135707
v 0.005431 0.736782 0.135928
v 0.006825 0.737936 0.134687
v 0.006111 0.737265 0.135003
v 0.005413 0.736665 0.135270
v 0.006697 0.737773 0.133966
v 0.006015 0.737144 0.134323
v 0.005347 0.736582 0.134626
v 0.011631 0.745537 0.132645
v 0.011217 0.744469 0.133030
v 0.010751 0.743427 0.133413
v 0.011548 0.745092 0.131485
v 0.011130 0.744061 0.131907
v 0.010663 0.743051 0.132330
v 0.011293 0.744682 0.130396
v 0.010876 0.743684 0.130852
v 0.010416 0.742704 0.131313
v 0.010355 0.743936 0.128388
v 0.009969 0.742994 0.128907
v 0.009548 0.742067 0.129437
v 0.009711 0.743589 0.127468
v 0.009353 0.742671 0.128015
v 0.008963 0.741769 0.128576
v 0.008977 0.743256 0.126614
v 0.008651 0.742361 0.127189
v 0.008295 0.741483 0.127778
v 0.000471 0.737081 0.139677
v 0.000929 0.737016 0.139703
v 0.001350 0.736937 0.139709
v 0.000503 0.737265 0.140120
v 0.000997 0.737228 0.140113
v 0.001468 0.737169 0.140066
v 0.000546 0.737555 0.140582
v 0.001087 0.737549 0.140546
v 0.001612 0.737520 0.140455
v 0.001547 0.736277 0.138455
v 0.001439 0.736446 0.138783
v 0.001340 0.736612 0.139088
v 0.001043 0.736412 0.138274
v 0.000977 0.736568 0.138619
v 0.000922 0.736715 0.138963
v 0.000526 0.736553 0.138143
v 0.000494 0.736697 0.138501
v 0.000468 0.736826 0.138870
v -0.001546 0.736277 0.138455
v -0.001041 0.736412 0.138274
v -0.000523 0.736553 0.138143
v -0.001440 0.736446 0.138783
v -0.000978 0.736568 0.138619
v -0.000495 0.736697 0.138501
v -0.001343 0.736612 0.139088
v -0.000926 0.736715 0.138963
v -0.000473 0.736826 0.138870
v 0.003359 0.736993 0.139241
v 0.002998 0.737184 0.139657
v 0.002578 0.737341 0.140012
v 0.002933 0.736591 0.139041
v 0.002640 0.736780 0.139412
v 0.002296 0.736945 0.139721
v 0.002492 0.736332 0.138849
v 0.002268 0.736519 0.139185
v 0.002011 0.736692 0.139462
v -0.000552 0.737555 0.140582
v -0.001092 0.737549 0.140546
v -0.001615 0.737520 0.140455
v -0.000510 0.737265 0.140120
v -0.001003 0.737228 0.140113
v -0.001472 0.737169 0.140066
v -0.000479 0.737081 0.139677
v -0.000936 0.737016 0.139703
v -0.001354 0.736937 0.139709
v 0.001355 0.761465 0.140491
v 0.001348 0.760658 0.140726
v 0.001344 0.759910 0.140957
v 0.002697 0.761459 0.140373
v 0.002680 0.760655 0.140608
v 0.002669 0.759907 0.140843
v 0.004011 0.761403 0.140116
v 0.003979 0.760605 0.140358
v 0.003953 0.759861 0.140605
v 0.001370 0.769109 0.138004
v 0.001370 0.768141 0.138343
v 0.001373 0.767275 0.138646
v 0.002728 0.769070 0.137843
v 0.002728 0.768107 0.138198
v 0.002732 0.767246 0.138516
v 0.004069 0.768969 0.137518
v 0.004066 0.768011 0.137892
v 0.004070 0.767154 0.138229
v 0.006701 0.764366 0.137911
v 0.007906 0.763946 0.136922
v 0.009007 0.763413 0.135725
v 0.006685 0.764807 0.137744
v 0.007887 0.764375 0.136755
v 0.008989 0.763827 0.135557
v 0.006667 0.765306 0.137541
v 0.007865 0.764863 0.136553
v 0.008970 0.764300 0.135355
v 0.007453 0.750062 0.121460
v 0.007449 0.749516 0.121795
v 0.007453 0.748995 0.122103
v 0.006529 0.749683 0.120694
v 0.006529 0.749180 0.121019
v 0.006538 0.748697 0.121323
v 0.005574 0.749369 0.119972
v 0.005578 0.748912 0.120282
v 0.005591 0.748467 0.120578
v 0.007819 0.757109 0.117748
v 0.007773 0.755774 0.118322
v 0.007727 0.754603 0.118834
v 0.006837 0.756509 0.117030
v 0.006786 0.755166 0.117635
v 0.006735 0.753992 0.118177
v 0.005810 0.755990 0.116396
v 0.005758 0.754641 0.117023
v 0.005708 0.753463 0.117587
v 0.003597 0.755311 0.115510
v 0.003559 0.753955 0.116152
v 0.003523 0.752771 0.116727
v 0.002421 0.755153 0.115271
v 0.002395 0.753797 0.115908
v 0.002370 0.752610 0.116477
v 0.001216 0.755080 0.115143
v 0.001204 0.753725 0.115774
v 0.001193 0.752535 0.116334
v 0.012066 0.754897 0.128857
v 0.012026 0.754087 0.129285
v 0.012005 0.753345 0.129677
v 0.012074 0.754128 0.127642
v 0.012047 0.753339 0.128065
v 0.012039 0.752614 0.128449
v 0.011891 0.753422 0.126531
v 0.011871 0.752664 0.126949
v 0.011869 0.751964 0.127326
v 0.012626 0.762908 0.125323
v 0.012609 0.761724 0.125676
v 0.012601 0.760686 0.125987
v 0.012552 0.762101 0.124095
v 0.012550 0.760884 0.124450
v 0.012556 0.759818 0.124760
v 0.012286 0.761315 0.122974
v 0.012296 0.760070 0.123340
v 0.012313 0.758978 0.123656
v 0.011237 0.759822 0.121007
v 0.011246 0.758532 0.121424
v 0.011259 0.757398 0.121783
v 0.010500 0.759113 0.120133
v 0.010496 0.757808 0.120588
v 0.010494 0.756661 0.120983
v 0.009664 0.758425 0.119308
v 0.009643 0.757109 0.119805
v 0.009624 0.755951 0.120240
v 0.010892 0.766197 0.131195
v 0.010847 0.765139 0.131584
v 0.010823 0.764203 0.131937
v 0.011611 0.765408 0.129663
v 0.011567 0.764320 0.130041
v 0.011539 0.763361 0.130382
v 0.012153 0.764578 0.128134
v 0.012112 0.763458 0.128499
v 0.012086 0.762475 0.128829
v 0.008285 0.743002 0.138638
v 0.007742 0.741976 0.138709
v 0.007175 0.741005 0.138738
v 0.008860 0.742600 0.137487
v 0.008275 0.741605 0.137631
v 0.007660 0.740660 0.137741
v 0.009290 0.742200 0.136327
v 0.008674 0.741236 0.136544
v 0.008022 0.740319 0.136734
v 0.006824 0.757031 0.141233
v 0.008017 0.756512 0.140368
v 0.009116 0.755872 0.139301
v 0.006716 0.757462 0.141084
v 0.007859 0.756967 0.140270
v 0.008916 0.756345 0.139245
v 0.006576 0.757710 0.140940
v 0.007666 0.757249 0.140177
v 0.008678 0.756655 0.139196
v 0.002775 0.738674 0.126263
v 0.002606 0.738015 0.127107
v 0.002437 0.737402 0.127976
v 0.001863 0.738572 0.126082
v 0.001750 0.737917 0.126940
v 0.001638 0.737305 0.127830
v 0.000934 0.738508 0.125975
v 0.000879 0.737855 0.126842
v 0.000823 0.737243 0.127744
v 0.008563 0.740322 0.130532
v 0.008004 0.739526 0.131085
v 0.007421 0.738787 0.131627
v 0.008048 0.740074 0.129747
v 0.007531 0.739304 0.130345
v 0.006993 0.738592 0.130934
v 0.007459 0.739836 0.129020
v 0.006987 0.739089 0.129662
v 0.006500 0.738403 0.130297
v 0.001011 0.744876 0.143895
v 0.000947 0.743668 0.143625
v 0.000882 0.742518 0.143287
v 0.002025 0.744823 0.143735
v 0.001896 0.743624 0.143475
v 0.001766 0.742487 0.143150
v 0.003029 0.744723 0.143443
v 0.002837 0.743540 0.143203
v 0.002642 0.742420 0.142898
v 0.006091 0.739383 0.127783
v 0.005715 0.738677 0.128506
v 0.005331 0.738031 0.129232
v 0.005325 0.739172 0.127282
v 0.004999 0.738482 0.128043
v 0.004667 0.737849 0.128812
v 0.004513 0.738979 0.126862
v 0.004238 0.738303 0.127656
v 0.003958 0.737680 0.128465
v 0.009637 0.741470 0.134150
v 0.008995 0.740565 0.134498
v 0.008311 0.739707 0.134830
v 0.009555 0.741151 0.133166
v 0.008918 0.740274 0.133571
v 0.008243 0.739446 0.133962
v 0.009333 0.740857 0.132241
v 0.008713 0.740007 0.132699
v 0.008058 0.739209 0.133143
v 0.001351 0.758912 0.141326
v 0.001362 0.758688 0.141466
v 0.001376 0.758574 0.141609
v 0.002676 0.758898 0.141237
v 0.002697 0.758663 0.141397
v 0.002725 0.758538 0.141557
v 0.003950 0.758840 0.141042
v 0.003977 0.758591 0.141227
v 0.004018 0.758448 0.141406
v 0.006326 0.759516 0.139617
v 0.007392 0.759163 0.138832
v 0.008376 0.758659 0.137857
v 0.006409 0.760234 0.139306
v 0.007513 0.759861 0.138475
v 0.008527 0.759342 0.137457
v 0.006502 0.760998 0.139006
v 0.007643 0.760604 0.138129
v 0.008686 0.760069 0.137065
v 0.007531 0.748188 0.122516
v 0.007613 0.747916 0.122600
v 0.007720 0.747700 0.122618
v 0.006618 0.747927 0.121750
v 0.006696 0.747654 0.121849
v 0.006798 0.747426 0.121885
v 0.005671 0.747732 0.121016
v 0.005744 0.747453 0.121134
v 0.005837 0.747209 0.121194
v 0.003572 0.747531 0.119698
v 0.003625 0.747230 0.119847
v 0.003690 0.746945 0.119960
v 0.002415 0.747505 0.119179
v 0.002453 0.747191 0.119337
v 0.002499 0.746886 0.119473
v 0.001215 0.747504 0.118827
v 0.001234 0.747180 0.118989
v 0.001258 0.746860 0.119142
v 0.012083 0.752285 0.130233
v 0.012189 0.751980 0.130388
v 0.012327 0.751768 0.130490
v 0.012138 0.751571 0.128981
v 0.012250 0.751265 0.129121
v 0.012389 0.751050 0.129209
v 0.011975 0.750945 0.127837
v 0.012087 0.750639 0.127964
v 0.012225 0.750419 0.128037
v 0.010987 0.749846 0.125834
v 0.011091 0.749547 0.125933
v 0.011221 0.749326 0.125973
v 0.010220 0.749351 0.124946
v 0.010317 0.749062 0.125032
v 0.010442 0.748845 0.125056
v 0.009350 0.748904 0.124110
v 0.009440 0.748623 0.124186
v 0.009559 0.748411 0.124199
v 0.009942 0.756093 0.136076
v 0.009972 0.755768 0.136313
v 0.010076 0.755517 0.136476
v 0.010704 0.755102 0.134603
v 0.010755 0.754782 0.134820
v 0.010870 0.754543 0.134968
v 0.011343 0.754080 0.133083
v 0.011417 0.753768 0.133278
v 0.011542 0.753543 0.133409
v 0.001408 0.773794 0.136206
v 0.001393 0.772486 0.136749
v 0.001381 0.771282 0.137217
v 0.002809 0.773729 0.136024
v 0.002780 0.772428 0.136567
v 0.002754 0.771230 0.137037
v 0.004197 0.773601 0.135674
v 0.004151 0.772309 0.136217
v 0.004112 0.771118 0.136689
v 0.007273 0.799505 0.117860
v 0.007331 0.797595 0.119212
v 0.008633 0.798801 0.117029
v 0.008690 0.796911 0.118369
v 0.009830 0.799850 0.114660
v 0.009893 0.797980 0.116048
v 0.009948 0.796115 0.117373
v 0.008101 0.762906 0.115222
v 0.008019 0.761422 0.115885
v 0.007942 0.759967 0.116521
v 0.007086 0.762378 0.114468
v 0.007020 0.760873 0.115127
v 0.006955 0.759398 0.115766
v 0.006018 0.761918 0.113812
v 0.005967 0.760396 0.114468
v 0.005915 0.758904 0.115107
v 0.003718 0.761281 0.112893
v 0.003693 0.759748 0.113552
v 0.003665 0.758243 0.114196
v 0.002499 0.761111 0.112638
v 0.002484 0.759582 0.113304
v 0.002466 0.758080 0.113955
v 0.001253 0.761020 0.112499
v 0.001245 0.759497 0.113171
v 0.001236 0.758001 0.113828
v 0.013099 0.768114 0.123527
v 0.012935 0.766761 0.124056
v 0.012787 0.765452 0.124519
v 0.012975 0.767401 0.122236
v 0.012819 0.766031 0.122782
v 0.012683 0.764701 0.123265
v 0.012656 0.766704 0.121029
v 0.012513 0.765318 0.121597
v 0.012390 0.763968 0.122105
v 0.011548 0.765358 0.118845
v 0.011425 0.763941 0.119459
v 0.011322 0.762557 0.120023
v 0.010807 0.764711 0.117856
v 0.010693 0.763280 0.118491
v 0.010595 0.761881 0.119080
v 0.009972 0.764084 0.116926
v 0.009866 0.762638 0.117577
v 0.009773 0.761223 0.118189
v 0.011352 0.771011 0.129377
v 0.011208 0.769722 0.129902
v 0.011074 0.768502 0.130361
v 0.012108 0.770312 0.127879
v 0.011950 0.769010 0.128397
v 0.011805 0.767769 0.128849
v 0.012667 0.769581 0.126372
v 0.012501 0.768263 0.126886
v 0.012347 0.767000 0.127335
v 0.003446 0.750125 0.118070
v 0.003458 0.749885 0.118200
v 0.003472 0.749611 0.118357
v 0.002324 0.749916 0.117752
v 0.002335 0.749690 0.117866
v 0.002346 0.749438 0.118003
v 0.001170 0.749795 0.117558
v 0.001177 0.749576 0.117662
v 0.001184 0.749338 0.117784
v 0.010950 0.754528 0.123171
v 0.010934 0.754039 0.123482
v 0.010929 0.753465 0.123833
v 0.010173 0.753799 0.122418
v 0.010162 0.753340 0.122712
v 0.010161 0.752803 0.123044
v 0.009291 0.753109 0.121722
v 0.009285 0.752682 0.121995
v 0.009288 0.752181 0.122303
v 0.010737 0.761176 0.133223
v 0.010702 0.760621 0.133453
v 0.010641 0.759991 0.133731
v 0.011337 0.760371 0.131692
v 0.011301 0.759793 0.131950
v 0.011247 0.759131 0.132258
v 0.011775 0.759519 0.130158
v 0.011737 0.758922 0.130445
v 0.011693 0.758235 0.130779
v 0.001379 0.764026 0.139801
v 0.001375 0.763510 0.139940
v 0.001369 0.762923 0.140094
v 0.002748 0.764008 0.139686
v 0.002741 0.763494 0.139825
v 0.002729 0.762910 0.139978
v 0.004099 0.763933 0.139419
v 0.004088 0.763422 0.139559
v 0.004069 0.762842 0.139713
v 0.007433 0.751854 0.120356
v 0.007436 0.751496 0.120580
v 0.007447 0.751075 0.120838
v 0.006495 0.751304 0.119681
v 0.006502 0.750982 0.119880
v 0.006516 0.750603 0.120112
v 0.005530 0.750824 0.119054
v 0.005541 0.750535 0.119227
v 0.005556 0.750196 0.119434
v 0.012198 0.757780 0.127328
v 0.012164 0.757182 0.127652
v 0.012138 0.756486 0.128021
v 0.012175 0.756927 0.126095
v 0.012145 0.756349 0.126426
v 0.012125 0.755674 0.126801
v 0.011970 0.756096 0.124991
v 0.011945 0.755545 0.125322
v 0.011930 0.754901 0.125696
v 0.006646 0.762393 0.138522
v 0.007839 0.761978 0.137575
v 0.008924 0.761436 0.136436
v 0.006685 0.762968 0.138347
v 0.007890 0.762554 0.137380
v 0.008984 0.762021 0.136216
v 0.006705 0.763477 0.138197
v 0.007914 0.763067 0.137218
v 0.009012 0.762541 0.136036
v 0.003465 0.751193 0.117513
v 0.003448 0.750788 0.117720
v 0.003439 0.750531 0.117855
v 0.002332 0.751011 0.117243
v 0.002321 0.750592 0.117439
v 0.002316 0.750324 0.117562
v 0.001174 0.750919 0.117082
v 0.001168 0.750488 0.117270
v 0.001164 0.750208 0.117385
v 0.011204 0.755898 0.122312
v 0.011131 0.755505 0.122507
v 0.011052 0.755214 0.122695
v 0.010420 0.755138 0.121562
v 0.010345 0.754740 0.121769
v 0.010268 0.754452 0.121960
v 0.009529 0.754413 0.120875
v 0.009452 0.754011 0.121094
v 0.009377 0.753726 0.121286
v 0.010797 0.762859 0.132481
v 0.010785 0.762420 0.132679
v 0.010772 0.762043 0.132854
v 0.011484 0.762016 0.130908
v 0.011446 0.761596 0.131104
v 0.011406 0.761237 0.131284
v 0.012005 0.761125 0.129337
v 0.011942 0.760722 0.129530
v 0.011877 0.760381 0.129715
v 0.001379 0.765914 0.139141
v 0.001381 0.765397 0.139338
v 0.001383 0.764937 0.139510
v 0.002745 0.765891 0.139029
v 0.002750 0.765375 0.139228
v 0.002753 0.764916 0.139399
v 0.004088 0.765806 0.138765
v 0.004097 0.765293 0.138966
v 0.004103 0.764837 0.139135
v 0.007612 0.753052 0.119570
v 0.007546 0.752654 0.119801
v 0.007488 0.752385 0.119986
v 0.006627 0.752441 0.118947
v 0.006574 0.752047 0.119178
v 0.006530 0.751788 0.119353
v 0.005613 0.751910 0.118378
v 0.005574 0.751519 0.118604
v 0.005545 0.751268 0.118767
v 0.012513 0.759303 0.126463
v 0.012426 0.758919 0.126649
v 0.012333 0.758605 0.126837
v 0.012484 0.758407 0.125228
v 0.012399 0.758025 0.125411
v 0.012306 0.757721 0.125598
v 0.012258 0.757535 0.124127
v 0.012180 0.757151 0.124310
v 0.012092 0.756854 0.124495
v -0.002579 0.737341 0.140012
v -0.002998 0.737184 0.139657
v -0.003359 0.736993 0.139241
v -0.002297 0.736945 0.139721
v -0.002640 0.736780 0.139412
v -0.002933 0.736591 0.139041
v -0.002012 0.736692 0.139462
v -0.002269 0.736518 0.139185
v -0.002492 0.736332 0.138849
v 0.000600 0.734703 0.132923
v 0.001192 0.734803 0.132900
v 0.001771 0.734951 0.132876
v 0.000593 0.734571 0.133566
v 0.001180 0.734664 0.133542
v 0.001756 0.734807 0.133513
v 0.000592 0.734534 0.134136
v 0.001179 0.734613 0.134120
v 0.001759 0.734739 0.134097
v -0.003852 0.736541 0.138311
v -0.003986 0.736307 0.137816
v -0.004065 0.736094 0.137299
v -0.003326 0.736164 0.138199
v -0.003430 0.735946 0.137744
v -0.003489 0.735747 0.137265
v -0.002799 0.735928 0.138069
v -0.002879 0.735722 0.137642
v -0.002925 0.735530 0.137191
v -0.004094 0.735684 0.135019
v -0.003509 0.735354 0.135110
v -0.002936 0.735101 0.135151
v -0.004121 0.735722 0.135606
v -0.003527 0.735390 0.135674
v -0.002951 0.735151 0.135690
v -0.004125 0.735797 0.136190
v -0.003530 0.735464 0.136227
v -0.002955 0.735238 0.136213
v -0.012237 0.795355 0.100290
v -0.010933 0.799420 0.113163
v -0.013295 0.797299 0.106446
v -0.012696 0.798231 0.109399
v 0.005826 0.800912 0.117889
v 0.012237 0.795355 0.100290
v 0.010933 0.799420 0.113163
v 0.000006 0.801289 0.119084
v 0.012696 0.798231 0.109399
v 0.013295 0.797299 0.106446
v -0.005824 0.800912 0.117889
v -0.010761 0.794510 0.097614
v -0.011462 0.794879 0.098784
v -0.011555 0.794926 0.098932
v -0.013040 0.797842 0.108167
v -0.013139 0.796280 0.103218
v -0.012772 0.795805 0.101715
v -0.013213 0.796488 0.103878
v -0.013321 0.796777 0.104795
v -0.011848 0.798916 0.111569
v -0.012554 0.798388 0.109896
v -0.001466 0.801274 0.119033
v -0.002932 0.801216 0.118850
v -0.004387 0.801100 0.118484
v -0.009733 0.799916 0.114735
v -0.007233 0.800641 0.117029
v -0.008582 0.800294 0.115931
v -0.009829 0.799884 0.114634
v 0.011555 0.794926 0.098932
v 0.011462 0.794879 0.098784
v 0.010761 0.794510 0.097614
v 0.013040 0.797842 0.108167
v 0.013213 0.796488 0.103878
v 0.013139 0.796280 0.103218
v 0.012772 0.795805 0.101715
v 0.013321 0.796777 0.104795
v 0.012554 0.798388 0.109896
v 0.011848 0.798916 0.111569
v 0.001476 0.801274 0.119033
v 0.002940 0.801216 0.118850
v 0.004392 0.801100 0.118484
v 0.007234 0.800641 0.117029
v 0.008582 0.800294 0.115931
v 0.009733 0.799916 0.114735
v 0.009829 0.799884 0.114634
f 3694 3693 1624
f 3694 1624 1627 1626 3695
f 1624 1625 1628 1627
f 232 233 1625
f 1628 783 5 784
f 1627 1628 784 785
f 1626 1627 785 786
f 256 1626 786 42
f 3682 3695 1626 256
f 1629 1630 1633 1632
f 1630 1631 1634 1633
f 1632 1633 1636 1635
f 1633 1634 1637 1636
f 23 259 1629 1148
f 259 258 1630 1629
f 258 257 1631 1630
f 257 20 260 1631
f 1631 260 261 1634
f 1634 261 262 1637
f 1637 262 60 263
f 1636 1637 263 264
f 1635 1636 264 265
f 1150 1635 265 61
f 1149 1632 1635 1150
f 1148 1629 1632 1149
f 3696 3684 4 606
f 3685 3696 606
f 1638 1639 1642 1641
f 1639 1640 1643 1642
f 1641 1642 1645 1644
f 1642 1643 1646 1645
f 48 1501 1638 1153
f 1501 1500 1639 1638
f 1500 1499 1640 1639
f 1499 36 958 1640
f 1640 958 957 1643
f 1643 957 956 1646
f 1646 956 6 959
f 1645 1646 959 960
f 1644 1645 960 961
f 1151 1644 961 44
f 1152 1641 1644 1151
f 1153 1638 1641 1152
f 1647 1648 1651 1650
f 1648 1649 1652 1651
f 1650 1651 1654 1653
f 1651 1652 1655 1654
f 53 1320 1647 438
f 1320 1319 1648 1647
f 1319 1318 1649 1648
f 1318 41 443 1649
f 1649 443 442 1652
f 1652 442 441 1655
f 1655 441 38 444
f 1654 1655 444 445
f 1653 1654 445 446
f 440 1653 446 54
f 439 1650 1653 440
f 438 1647 1650 439
f 1656 1657 1660 1659
f 1657 1658 1661 1660
f 1659 1660 1663 1662
f 1660 1661 1664 1663
f 50 1321 1656 1504
f 1321 1322 1657 1656
f 1322 1323 1658 1657
f 1323 158 789 1658
f 1658 789 788 1661
f 1661 788 787 1664
f 1664 787 106 1507
f 1663 1664 1507 1506
f 1662 1663 1506 1505
f 1502 1662 1505 46
f 1503 1659 1662 1502
f 1504 1656 1659 1503
f 1665 1666 1669 1668
f 1666 1667 1670 1669
f 1668 1669 1672 1671
f 1669 1670 1673 1672
f 51 1329 1665 1326
f 1329 1328 1666 1665
f 1328 1327 1667 1666
f 1327 35 1156 1667
f 1667 1156 1155 1670
f 1670 1155 1154 1673
f 1673 1154 7 1157
f 1672 1673 1157 1158
f 1671 1672 1158 1159
f 1324 1671 1159 45
f 1325 1668 1671 1324
f 1326 1665 1668 1325
f 1674 1675 1678 1677
f 1675 1676 1679 1678
f 1677 1678 1681 1680
f 1678 1679 1682 1681
f 52 612 1674 609
f 612 611 1675 1674
f 611 610 1676 1675
f 610 43 1510 1676
f 1676 1510 1509 1679
f 1679 1509 1508 1682
f 1682 1508 9 1511
f 1681 1682 1511 1512
f 1680 1681 1512 1513
f 607 1680 1513 39
f 608 1677 1680 607
f 609 1674 1677 608
f 1683 1684 1687 1686
f 1684 1685 1688 1687
f 1686 1687 1690 1689
f 1687 1688 1691 1690
f 53 268 1683 1320
f 268 267 1684 1683
f 267 266 1685 1684
f 266 37 1332 1685
f 1685 1332 1331 1688
f 1688 1331 1330 1691
f 1691 1330 8 1333
f 1690 1691 1333 1334
f 1689 1690 1334 1335
f 1318 1689 1335 41
f 1319 1686 1689 1318
f 1320 1683 1686 1319
f 2858 393 394 249 248
f 3693 255 232 1625 1624
f 1838 235 237 824 823
f 3712 2654 2656 241 254
f 1692 1693 1696 1695
f 1693 1694 1697 1696
f 1695 1696 1699 1698
f 1696 1697 1700 1699
f 55 793 1692 792
f 793 794 1693 1692
f 794 795 1694 1693
f 795 157 1516 1694
f 1694 1516 1515 1697
f 1697 1515 1514 1700
f 1700 1514 110 798
f 1699 1700 798 797
f 1698 1699 797 796
f 790 1698 796 40
f 791 1695 1698 790
f 792 1692 1695 791
f 1701 1702 1705 1704
f 1702 1703 1706 1705
f 1704 1705 1708 1707
f 1705 1706 1709 1708
f 38 441 1701 447
f 441 442 1702 1701
f 442 443 1703 1702
f 443 41 1336 1703
f 1703 1336 1337 1706
f 1706 1337 1338 1709
f 1709 1338 87 271
f 1708 1709 271 270
f 1707 1708 270 269
f 449 1707 269 84
f 448 1704 1707 449
f 447 1701 1704 448
f 1710 1711 1714 1713
f 1711 1712 1715 1714
f 1713 1714 1717 1716
f 1714 1715 1718 1717
f 57 1160 1710 801
f 1160 1161 1711 1710
f 1161 1162 1712 1711
f 1162 141 804 1712
f 1712 804 803 1715
f 1715 803 802 1718
f 1718 802 114 807
f 1717 1718 807 806
f 1716 1717 806 805
f 799 1716 805 22
f 800 1713 1716 799
f 801 1710 1713 800
f 1719 1720 1723 1722
f 1720 1721 1724 1723
f 1722 1723 1726 1725
f 1723 1724 1727 1726
f 58 1165 1719 452
f 1165 1164 1720 1719
f 1164 1163 1721 1720
f 1163 27 455 1721
f 1721 455 454 1724
f 1724 454 453 1727
f 1727 453 11 456
f 1726 1727 456 457
f 1725 1726 457 458
f 450 1725 458 21
f 451 1722 1725 450
f 452 1719 1722 451
f 1728 1729 1732 1731
f 1729 1730 1733 1732
f 1731 1732 1735 1734
f 1732 1733 1736 1735
f 59 461 1728 274
f 461 460 1729 1728
f 460 459 1730 1729
f 459 31 277 1730
f 1730 277 276 1733
f 1733 276 275 1736
f 1736 275 10 278
f 1735 1736 278 279
f 1734 1735 279 280
f 272 1734 280 20
f 273 1731 1734 272
f 274 1728 1731 273
f 1737 1738 1741 1740
f 1738 1739 1742 1741
f 1740 1741 1744 1743
f 1741 1742 1745 1744
f 72 810 1737 283
f 810 809 1738 1737
f 809 808 1739 1738
f 808 71 615 1739
f 1739 615 614 1742
f 1742 614 613 1745
f 1745 613 12 616
f 1744 1745 616 617
f 1743 1744 617 618
f 281 1743 618 30
f 282 1740 1743 281
f 283 1737 1740 282
f 1746 1747 1750 1749
f 1747 1748 1751 1750
f 1749 1750 1753 1752
f 1750 1751 1754 1753
f 18 965 1746 962
f 965 966 1747 1746
f 966 967 1748 1747
f 967 19 1166 1748
f 1748 1166 1167 1751
f 1751 1167 1168 1754
f 1754 1168 81 621
f 1753 1754 621 620
f 1752 1753 620 619
f 964 1752 619 78
f 963 1749 1752 964
f 962 1746 1749 963
f 1755 1756 1759 1758
f 1756 1757 1760 1759
f 1758 1759 1762 1761
f 1759 1760 1763 1762
f 74 1339 1755 1519
f 1339 1340 1756 1755
f 1340 1341 1757 1756
f 1341 195 1522 1757
f 1757 1522 1521 1760
f 1760 1521 1520 1763
f 1763 1520 118 1525
f 1762 1763 1525 1524
f 1761 1762 1524 1523
f 1517 1761 1523 29
f 1518 1758 1761 1517
f 1519 1755 1758 1518
f 1764 1765 1768 1767
f 1765 1766 1769 1768
f 1767 1768 1771 1770
f 1768 1769 1772 1771
f 75 627 1764 624
f 627 626 1765 1764
f 626 625 1766 1765
f 625 70 813 1766
f 1766 813 812 1769
f 1769 812 811 1772
f 1772 811 13 814
f 1771 1772 814 815
f 1770 1771 815 816
f 622 1770 816 32
f 623 1767 1770 622
f 624 1764 1767 623
f 1773 1774 1777 1776
f 1774 1775 1778 1777
f 1776 1777 1780 1779
f 1777 1778 1781 1780
f 244 286 1773 817
f 286 285 1774 1773
f 285 284 1775 1774
f 284 137 1528 1775
f 1775 1528 1527 1778
f 1778 1527 1526 1781
f 1781 1526 120 1529
f 1780 1781 1529 1530
f 1779 1780 1530 1531
f 819 1779 1531 245
f 818 1776 1779 819
f 817 1773 1776 818
f 1782 1783 1786 1785
f 1783 1784 1787 1786
f 1785 1786 1789 1788
f 1786 1787 1790 1789
f 91 1532 1782 630
f 1532 1533 1783 1782
f 1533 1534 1784 1783
f 1534 219 464 1784
f 1784 464 463 1787
f 1787 463 462 1790
f 1790 462 122 633
f 1789 1790 633 632
f 1788 1789 632 631
f 628 1788 631 16
f 629 1785 1788 628
f 630 1782 1785 629
f 1791 1792 1795 1794
f 1792 1793 1796 1795
f 1794 1795 1798 1797
f 1795 1796 1799 1798
f 92 970 1791 822
f 970 969 1792 1791
f 969 968 1793 1792
f 968 88 289 1793
f 1793 289 288 1796
f 1796 288 287 1799
f 1799 287 14 290
f 1798 1799 290 291
f 1797 1798 291 292
f 820 1797 292 17
f 821 1794 1797 820
f 822 1791 1794 821
f 1800 1801 1804 1803
f 1801 1802 1805 1804
f 1803 1804 1807 1806
f 1804 1805 1808 1807
f 93 1174 1800 1171
f 1174 1173 1801 1800
f 1173 1172 1802 1801
f 1172 89 467 1802
f 1802 467 466 1805
f 1805 466 465 1808
f 1808 465 15 468
f 1807 1808 468 469
f 1806 1807 469 470
f 1169 1806 470 19
f 1170 1803 1806 1169
f 1171 1800 1803 1170
f 1809 1810 1813 1812
f 1810 1811 1814 1813
f 1812 1813 1816 1815
f 1813 1814 1817 1816
f 48 1153 1809 971
f 1153 1152 1810 1809
f 1152 1151 1811 1810
f 1151 44 1175 1811
f 1811 1175 1176 1814
f 1814 1176 1177 1817
f 1817 1177 47 293
f 1816 1817 293 294
f 1815 1816 294 295
f 973 1815 295 49
f 972 1812 1815 973
f 971 1809 1812 972
f 1625 233 100 783 1628
f 395 2907 402 3 2
f 2656 2657 368 1 242
f 1818 1819 1822 1821
f 1819 1820 1823 1822
f 1821 1822 1825 1824
f 1822 1823 1826 1825
f 73 976 1818 1344
f 976 975 1819 1818
f 975 974 1820 1819
f 974 72 283 1820
f 1820 283 282 1823
f 1823 282 281 1826
f 1826 281 30 1347
f 1825 1826 1347 1346
f 1824 1825 1346 1345
f 1342 1824 1345 28
f 1343 1821 1824 1342
f 1344 1818 1821 1343
f 3699 3697 1827
f 3697 3698 1828 1827
f 3698 3682 256 1828
f 1828 256 42 636
f 1827 1828 636 635
f 3699 1827 635 634 3700
f 3684 3700 634 4
f 1829 1830 1833 1832
f 1830 1831 1834 1833
f 1832 1833 1836 1835
f 1833 1834 1837 1836
f 60 296 1829 263
f 296 297 1830 1829
f 297 298 1831 1830
f 298 72 974 1831
f 1831 974 975 1834
f 1834 975 976 1837
f 1837 976 73 473
f 1836 1837 473 472
f 1835 1836 472 471
f 265 1835 471 61
f 264 1832 1835 265
f 263 1829 1832 264
f 234 235 1838
f 236 101 825
f 237 236 825 824
f 783 1838 823 5
f 100 234 1838 783
f 1839 1840 1843 1842
f 1840 1841 1844 1843
f 1842 1843 1846 1845
f 1843 1844 1847 1846
f 47 1177 1839 299
f 1177 1176 1840 1839
f 1176 1175 1841 1840
f 1175 44 1178 1841
f 1841 1178 1179 1844
f 1844 1179 1180 1847
f 1847 1180 53 438
f 1846 1847 438 439
f 1845 1846 439 440
f 301 1845 440 54
f 300 1842 1845 301
f 299 1839 1842 300
f 1848 1849 1852 1851
f 1849 1850 1853 1852
f 1851 1852 1855 1854
f 1852 1853 1856 1855
f 3683 3701 1848 474
f 3701 3702 1849 1848
f 3685 606 1850 1849 3702
f 606 4 637 1850
f 1850 637 638 1853
f 1853 638 639 1856
f 1856 639 36 1499
f 1855 1856 1499 1500
f 1854 1855 1500 1501
f 476 1854 1501 48
f 475 1851 1854 476
f 474 1848 1851 475
f 1857 1858 1861 1860
f 1858 1859 1862 1861
f 1860 1861 1864 1863
f 1861 1862 1865 1864
f 152 1183 1857 479
f 1183 1182 1858 1857
f 1182 1181 1859 1858
f 1181 49 295 1859
f 1859 295 294 1862
f 1862 294 293 1865
f 1865 293 47 302
f 1864 1865 302 303
f 1863 1864 303 304
f 477 1863 304 104
f 478 1860 1863 477
f 479 1857 1860 478
f 3703 3704 1867 1866
f 3704 3705 1868 1867
f 1866 1867 1870 1869
f 1867 1868 1871 1870
f 3705 3692 1535 1868
f 1868 1535 1536 1871
f 1871 1536 49 1181
f 1870 1871 1181 1182
f 1869 1870 1182 1183
f 1185 1869 1183 152
f 1184 1866 1869 1185
f 3689 3703 1866 1184
f 1872 1873 1876 1875
f 1873 1874 1877 1876
f 1875 1876 1879 1878
f 1876 1877 1880 1879
f 35 1348 1872 1156
f 1348 1349 1873 1872
f 1349 1350 1874 1873
f 1350 50 1504 1874
f 1874 1504 1503 1877
f 1877 1503 1502 1880
f 1880 1502 46 1188
f 1879 1880 1188 1187
f 1878 1879 1187 1186
f 1154 1878 1186 7
f 1155 1875 1878 1154
f 1156 1872 1875 1155
f 1881 1882 1885 1884
f 1882 1883 1886 1885
f 1884 1885 1888 1887
f 1885 1886 1889 1888
f 5 823 1881 826
f 823 824 1882 1881
f 824 825 1883 1882
f 1883 1189 1190 1886
f 1886 1190 1191 1889
f 1889 1191 50 1350
f 1888 1889 1350 1349
f 1887 1888 1349 1348
f 828 1887 1348 35
f 827 1884 1887 828
f 826 1881 1884 827
f 1890 1891 1894 1893
f 1891 1892 1895 1894
f 1893 1894 1897 1896
f 1894 1895 1898 1897
f 151 238 1890 1189
f 238 239 1891 1890
f 239 240 1892 1891
f 240 169 1537 1892
f 1892 1537 1538 1895
f 1895 1538 1539 1898
f 1898 1539 158 1323
f 1897 1898 1323 1322
f 1896 1897 1322 1321
f 1191 1896 1321 50
f 1190 1893 1896 1191
f 1189 1890 1893 1190
f 1899 1900 1903 1902
f 1900 1901 1904 1903
f 1902 1903 1906 1905
f 1903 1904 1907 1906
f 36 1540 1899 958
f 1540 1541 1900 1899
f 1541 1542 1901 1900
f 1542 51 1326 1901
f 1901 1326 1325 1904
f 1904 1325 1324 1907
f 1907 1324 45 979
f 1906 1907 979 978
f 1905 1906 978 977
f 956 1905 977 6
f 957 1902 1905 956
f 958 1899 1902 957
f 1908 1909 1912 1911
f 1909 1910 1913 1912
f 1911 1912 1915 1914
f 1912 1913 1916 1915
f 4 634 1908 637
f 634 635 1909 1908
f 635 636 1910 1909
f 636 42 305 1910
f 1910 305 306 1913
f 1913 306 307 1916
f 1916 307 51 1542
f 1915 1916 1542 1541
f 1914 1915 1541 1540
f 639 1914 1540 36
f 638 1911 1914 639
f 637 1908 1911 638
f 1917 1918 1921 1920
f 1918 1919 1922 1921
f 1920 1921 1924 1923
f 1921 1922 1925 1924
f 42 786 1917 305
f 786 785 1918 1917
f 785 784 1919 1918
f 784 5 826 1919
f 1919 826 827 1922
f 1922 827 828 1925
f 1925 828 35 1327
f 1924 1925 1327 1328
f 1923 1924 1328 1329
f 307 1923 1329 51
f 306 1920 1923 307
f 305 1917 1920 306
f 1926 1927 1930 1929
f 1927 1928 1931 1930
f 1929 1930 1933 1932
f 1930 1931 1934 1933
f 37 308 1926 1332
f 308 309 1927 1926
f 309 310 1928 1927
f 310 52 609 1928
f 1928 609 608 1931
f 1931 608 607 1934
f 1934 607 39 1353
f 1933 1934 1353 1352
f 1932 1933 1352 1351
f 1330 1932 1351 8
f 1331 1929 1932 1330
f 1332 1926 1929 1331
f 1935 1936 1939 1938
f 1936 1937 1940 1939
f 1938 1939 1942 1941
f 1939 1940 1943 1942
f 6 977 1935 980
f 977 978 1936 1935
f 978 979 1937 1936
f 979 45 1354 1937
f 1937 1354 1355 1940
f 1940 1355 1356 1943
f 1943 1356 52 310
f 1942 1943 310 309
f 1941 1942 309 308
f 982 1941 308 37
f 981 1938 1941 982
f 980 1935 1938 981
f 1944 1945 1948 1947
f 1945 1946 1949 1948
f 1947 1948 1951 1950
f 1948 1949 1952 1951
f 45 1159 1944 1354
f 1159 1158 1945 1944
f 1158 1157 1946 1945
f 1157 7 1192 1946
f 1946 1192 1193 1949
f 1949 1193 1194 1952
f 1952 1194 43 610
f 1951 1952 610 611
f 1950 1951 611 612
f 1356 1950 612 52
f 1355 1947 1950 1356
f 1354 1944 1947 1355
f 1953 1954 1957 1956
f 1954 1955 1958 1957
f 1956 1957 1960 1959
f 1957 1958 1961 1960
f 44 961 1953 1178
f 961 960 1954 1953
f 960 959 1955 1954
f 959 6 980 1955
f 1955 980 981 1958
f 1958 981 982 1961
f 1961 982 37 266
f 1960 1961 266 267
f 1959 1960 267 268
f 1180 1959 268 53
f 1179 1956 1959 1180
f 1178 1953 1956 1179
f 1962 1963 1966 1965
f 1963 1964 1967 1966
f 1965 1966 1969 1968
f 1966 1967 1970 1969
f 155 642 1962 1197
f 642 641 1963 1962
f 641 640 1964 1963
f 640 54 446 1964
f 1964 446 445 1967
f 1967 445 444 1970
f 1970 444 38 480
f 1969 1970 480 481
f 1968 1969 481 482
f 1195 1968 482 108
f 1196 1965 1968 1195
f 1197 1962 1965 1196
f 1971 1972 1975 1974
f 1972 1973 1976 1975
f 1974 1975 1978 1977
f 1975 1976 1979 1978
f 104 304 1971 483
f 304 303 1972 1971
f 303 302 1973 1972
f 302 47 299 1973
f 1973 299 300 1976
f 1976 300 301 1979
f 1979 301 54 640
f 1978 1979 640 641
f 1977 1978 641 642
f 485 1977 642 155
f 484 1974 1977 485
f 483 1971 1974 484
f 1980 1981 1984 1983
f 1981 1982 1985 1984
f 1983 1984 1987 1986
f 1984 1985 1988 1987
f 43 643 1980 1510
f 643 644 1981 1980
f 644 645 1982 1981
f 645 55 792 1982
f 1982 792 791 1985
f 1985 791 790 1988
f 1988 790 40 1545
f 1987 1988 1545 1544
f 1986 1987 1544 1543
f 1508 1986 1543 9
f 1509 1983 1986 1508
f 1510 1980 1983 1509
f 1989 1990 1993 1992
f 1990 1991 1994 1993
f 1992 1993 1996 1995
f 1993 1994 1997 1996
f 7 1186 1989 1192
f 1186 1187 1990 1989
f 1187 1188 1991 1990
f 1188 46 1546 1991
f 1991 1546 1547 1994
f 1994 1547 1548 1997
f 1997 1548 55 645
f 1996 1997 645 644
f 1995 1996 644 643
f 1194 1995 643 43
f 1193 1992 1995 1194
f 1192 1989 1992 1193
f 1998 1999 2002 2001
f 1999 2000 2003 2002
f 2001 2002 2005 2004
f 2002 2003 2006 2005
f 46 1505 1998 1546
f 1505 1506 1999 1998
f 1506 1507 2000 1999
f 1507 106 829 2000
f 2000 829 830 2003
f 2003 830 831 2006
f 2006 831 157 795
f 2005 2006 795 794
f 2004 2005 794 793
f 1548 2004 793 55
f 1547 2001 2004 1548
f 1546 1998 2001 1547
f 2007 2008 2011 2010
f 2008 2009 2012 2011
f 2010 2011 2014 2013
f 2011 2012 2015 2014
f 146 985 2007 488
f 985 984 2008 2007
f 984 983 2009 2008
f 983 56 1200 2009
f 2009 1200 1199 2012
f 2012 1199 1198 2015
f 2015 1198 23 1201
f 2014 2015 1201 1202
f 2013 2014 1202 1203
f 486 2013 1203 112
f 487 2010 2013 486
f 488 2007 2010 487
f 2016 2017 2020 2019
f 2017 2018 2021 2020
f 2019 2020 2023 2022
f 2020 2021 2024 2023
f 203 651 2016 648
f 651 650 2017 2016
f 650 649 2018 2017
f 649 78 988 2018
f 2018 988 987 2021
f 2021 987 986 2024
f 2024 986 56 983
f 2023 2024 983 984
f 2022 2023 984 985
f 646 2022 985 146
f 647 2019 2022 646
f 648 2016 2019 647
f 2025 2026 2029 2028
f 2026 2027 2030 2029
f 2028 2029 2032 2031
f 2029 2030 2033 2032
f 84 269 2025 1359
f 269 270 2026 2025
f 270 271 2027 2026
f 271 87 491 2027
f 2027 491 490 2030
f 2030 490 489 2033
f 2033 489 69 1362
f 2032 2033 1362 1361
f 2031 2032 1361 1360
f 1357 2031 1360 66
f 1358 2028 2031 1357
f 1359 2025 2028 1358
f 2034 2035 2038 2037
f 2035 2036 2039 2038
f 2037 2038 2041 2040
f 2038 2039 2042 2041
f 27 1204 2034 455
f 1204 1205 2035 2034
f 1205 1206 2036 2035
f 1206 57 801 2036
f 2036 801 800 2039
f 2039 800 799 2042
f 2042 799 22 494
f 2041 2042 494 493
f 2040 2041 493 492
f 453 2040 492 11
f 454 2037 2040 453
f 455 2034 2037 454
f 2043 2044 2047 2046
f 2044 2045 2048 2047
f 2046 2047 2050 2049
f 2047 2048 2051 2050
f 76 311 2043 1209
f 311 312 2044 2043
f 312 313 2045 2044
f 313 79 1212 2045
f 2045 1212 1211 2048
f 2048 1211 1210 2051
f 2051 1210 57 1206
f 2050 2051 1206 1205
f 2049 2050 1205 1204
f 1207 2049 1204 27
f 1208 2046 2049 1207
f 1209 2043 2046 1208
f 2052 2053 2056 2055
f 2053 2054 2057 2056
f 2055 2056 2059 2058
f 2056 2057 2060 2059
f 79 832 2052 1212
f 832 833 2053 2052
f 833 834 2054 2053
f 834 201 1215 2054
f 2054 1215 1214 2057
f 2057 1214 1213 2060
f 2060 1213 141 1162
f 2059 2060 1162 1161
f 2058 2059 1161 1160
f 1210 2058 1160 57
f 1211 2055 2058 1210
f 1212 2052 2055 1211
f 2061 2062 2065 2064
f 2062 2063 2066 2065
f 2064 2065 2068 2067
f 2065 2066 2069 2068
f 31 495 2061 277
f 495 496 2062 2061
f 496 497 2063 2062
f 497 58 452 2063
f 2063 452 451 2066
f 2066 451 450 2069
f 2069 450 21 316
f 2068 2069 316 315
f 2067 2068 315 314
f 275 2067 314 10
f 276 2064 2067 275
f 277 2061 2064 276
f 2070 2071 2074 2073
f 2071 2072 2075 2074
f 2073 2074 2077 2076
f 2074 2075 2078 2077
f 77 501 2070 500
f 501 502 2071 2070
f 502 503 2072 2071
f 503 80 1365 2072
f 2072 1365 1364 2075
f 2075 1364 1363 2078
f 2078 1363 58 497
f 2077 2078 497 496
f 2076 2077 496 495
f 498 2076 495 31
f 499 2073 2076 498
f 500 2070 2073 499
f 2079 2080 2083 2082
f 2080 2081 2084 2083
f 2082 2083 2086 2085
f 2083 2084 2087 2086
f 80 319 2079 1365
f 319 318 2080 2079
f 318 317 2081 2080
f 317 76 1209 2081
f 2081 1209 1208 2084
f 2084 1208 1207 2087
f 2087 1207 27 1163
f 2086 2087 1163 1164
f 2085 2086 1164 1165
f 1363 2085 1165 58
f 1364 2082 2085 1363
f 1365 2079 2082 1364
f 2088 2089 2092 2091
f 2089 2090 2093 2092
f 2091 2092 2095 2094
f 2092 2093 2096 2095
f 81 506 2088 1551
f 506 505 2089 2088
f 505 504 2090 2089
f 504 77 500 2090
f 2090 500 499 2093
f 2093 499 498 2096
f 2096 498 31 459
f 2095 2096 459 460
f 2094 2095 460 461
f 1549 2094 461 59
f 1550 2091 2094 1549
f 1551 2088 2091 1550
f 2097 2098 2101 2100
f 2098 2099 2102 2101
f 2100 2101 2104 2103
f 2101 2102 2105 2104
f 56 989 2097 1200
f 989 990 2098 2097
f 990 991 2099 2098
f 991 59 274 2099
f 2099 274 273 2102
f 2102 273 272 2105
f 2105 272 20 257
f 2104 2105 257 258
f 2103 2104 258 259
f 1198 2103 259 23
f 1199 2100 2103 1198
f 1200 2097 2100 1199
f 2106 2107 2110 2109
f 2107 2108 2111 2110
f 2109 2110 2113 2112
f 2110 2111 2114 2113
f 20 280 2106 260
f 280 279 2107 2106
f 279 278 2108 2107
f 278 10 320 2108
f 2108 320 321 2111
f 2111 321 322 2114
f 2114 322 25 323
f 2113 2114 323 324
f 2112 2113 324 325
f 262 2112 325 60
f 261 2109 2112 262
f 260 2106 2109 261
f 2115 2116 2119 2118
f 2116 2117 2120 2119
f 2118 2119 2122 2121
f 2119 2120 2123 2122
f 192 1221 2115 1218
f 1221 1220 2116 2115
f 1220 1219 2117 2116
f 1219 73 1344 2117
f 2117 1344 1343 2120
f 2120 1343 1342 2123
f 2123 1342 28 1366
f 2122 2123 1366 1367
f 2121 2122 1367 1368
f 1216 2121 1368 116
f 1217 2118 2121 1216
f 1218 2115 2118 1217
f 2124 2125 2128 2127
f 2125 2126 2129 2128
f 2127 2128 2131 2130
f 2128 2129 2132 2131
f 112 1203 2124 507
f 1203 1202 2125 2124
f 1202 1201 2126 2125
f 1201 23 1148 2126
f 2126 1148 1149 2129
f 2129 1149 1150 2132
f 2132 1150 61 510
f 2131 2132 510 511
f 2130 2131 511 512
f 509 2130 512 133
f 508 2127 2130 509
f 507 2124 2127 508
f 2133 2134 2137 2136
f 2134 2135 2138 2137
f 2136 2137 2140 2139
f 2137 2138 2141 2140
f 70 652 2133 813
f 652 653 2134 2133
f 653 654 2135 2134
f 654 74 1519 2135
f 2135 1519 1518 2138
f 2138 1518 1517 2141
f 2141 1517 29 837
f 2140 2141 837 836
f 2139 2140 836 835
f 811 2139 835 13
f 812 2136 2139 811
f 813 2133 2136 812
f 2142 2143 2146 2145
f 2143 2144 2147 2146
f 2145 2146 2149 2148
f 2146 2147 2150 2149
f 11 492 2142 513
f 492 493 2143 2142
f 493 494 2144 2143
f 494 22 838 2144
f 2144 838 839 2147
f 2147 839 840 2150
f 2150 840 62 1371
f 2149 2150 1371 1370
f 2148 2149 1370 1369
f 515 2148 1369 24
f 514 2145 2148 515
f 513 2142 2145 514
f 2151 2152 2155 2154
f 2152 2153 2156 2155
f 2154 2155 2158 2157
f 2155 2156 2159 2158
f 22 805 2151 838
f 805 806 2152 2151
f 806 807 2153 2152
f 807 114 841 2153
f 2153 841 842 2156
f 2156 842 843 2159
f 2159 843 138 657
f 2158 2159 657 656
f 2157 2158 656 655
f 840 2157 655 62
f 839 2154 2157 840
f 838 2151 2154 839
f 2160 2161 2164 2163
f 2161 2162 2165 2164
f 2163 2164 2167 2166
f 2164 2165 2168 2167
f 71 844 2160 615
f 844 845 2161 2160
f 845 846 2162 2161
f 846 75 624 2162
f 2162 624 623 2165
f 2165 623 622 2168
f 2168 622 32 660
f 2167 2168 660 659
f 2166 2167 659 658
f 613 2166 658 12
f 614 2163 2166 613
f 615 2160 2163 614
f 2169 2170 2173 2172
f 2170 2171 2174 2173
f 2172 2173 2176 2175
f 2173 2174 2177 2176
f 10 314 2169 320
f 314 315 2170 2169
f 315 316 2171 2170
f 316 21 516 2171
f 2171 516 517 2174
f 2174 517 518 2177
f 2177 518 63 328
f 2176 2177 328 327
f 2175 2176 327 326
f 322 2175 326 25
f 321 2172 2175 322
f 320 2169 2172 321
f 2178 2179 2182 2181
f 2179 2180 2183 2182
f 2181 2182 2185 2184
f 2182 2183 2186 2185
f 21 458 2178 516
f 458 457 2179 2178
f 457 456 2180 2179
f 456 11 513 2180
f 2180 513 514 2183
f 2183 514 515 2186
f 2186 515 24 1372
f 2185 2186 1372 1373
f 2184 2185 1373 1374
f 518 2184 1374 63
f 517 2181 2184 518
f 516 2178 2181 517
f 2187 2188 2191 2190
f 2188 2189 2192 2191
f 2190 2191 2194 2193
f 2191 2192 2195 2194
f 64 521 2187 992
f 521 520 2188 2187
f 520 519 2189 2188
f 519 26 522 2189
f 2189 522 523 2192
f 2192 523 524 2195
f 2195 524 244 817
f 2194 2195 817 818
f 2193 2194 818 819
f 994 2193 819 245
f 993 2190 2193 994
f 992 2187 2190 993
f 2196 2197 2200 2199
f 2197 2198 2201 2200
f 2199 2200 2203 2202
f 2200 2201 2204 2203
f 244 524 2196 1377
f 524 523 2197 2196
f 523 522 2198 2197
f 522 26 525 2198
f 2198 525 526 2201
f 2201 526 527 2204
f 2204 527 145 1380
f 2203 2204 1380 1379
f 2202 2203 1379 1378
f 1375 2202 1378 117
f 1376 2199 2202 1375
f 1377 2196 2199 1376
f 2205 2206 2209 2208
f 2206 2207 2210 2209
f 2208 2209 2212 2211
f 2209 2210 2213 2212
f 117 1381 2205 1375
f 1381 1382 2206 2205
f 1382 1383 2207 2206
f 1383 143 331 2207
f 2207 331 330 2210
f 2210 330 329 2213
f 2213 329 137 284
f 2212 2213 284 285
f 2211 2212 285 286
f 1377 2211 286 244
f 1376 2208 2211 1377
f 1375 2205 2208 1376
f 2214 2215 2218 2217
f 2215 2216 2219 2218
f 2217 2218 2221 2220
f 2218 2219 2222 2221
f 142 334 2214 530
f 334 333 2215 2214
f 333 332 2216 2215
f 332 119 335 2216
f 2216 335 336 2219
f 2219 336 337 2222
f 2222 337 145 527
f 2221 2222 527 526
f 2220 2221 526 525
f 528 2220 525 26
f 529 2217 2220 528
f 530 2214 2217 529
f 2223 2224 2227 2226
f 2224 2225 2228 2227
f 2226 2227 2230 2229
f 2227 2228 2231 2230
f 29 1552 2223 837
f 1552 1553 2224 2223
f 1553 1554 2225 2224
f 1554 65 663 2225
f 2225 663 662 2228
f 2228 662 661 2231
f 2231 661 32 816
f 2230 2231 816 815
f 2229 2230 815 814
f 835 2229 814 13
f 836 2226 2229 835
f 837 2223 2226 836
f 2232 2233 2236 2235
f 2233 2234 2237 2236
f 2235 2236 2239 2238
f 2236 2237 2240 2239
f 217 1386 2232 340
f 1386 1385 2233 2232
f 1385 1384 2234 2233
f 1384 90 997 2234
f 2234 997 996 2237
f 2237 996 995 2240
f 2240 995 18 998
f 2239 2240 998 999
f 2238 2239 999 1000
f 338 2238 1000 121
f 339 2235 2238 338
f 340 2232 2235 339
f 2241 2242 2245 2244
f 2242 2243 2246 2245
f 2244 2245 2248 2247
f 2245 2246 2249 2248
f 209 343 2241 1003
f 343 342 2242 2241
f 342 341 2243 2242
f 341 84 1359 2243
f 2243 1359 1358 2246
f 2246 1358 1357 2249
f 2249 1357 66 1387
f 2248 2249 1387 1388
f 2247 2248 1388 1389
f 1001 2247 1389 148
f 1002 2244 2247 1001
f 1003 2241 2244 1002
f 2250 2251 2254 2253
f 2251 2252 2255 2254
f 2253 2254 2257 2256
f 2254 2255 2258 2257
f 66 1360 2250 1390
f 1360 1361 2251 2250
f 1361 1362 2252 2251
f 1362 69 531 2252
f 2252 531 532 2255
f 2255 532 533 2258
f 2258 533 99 1006
f 2257 2258 1006 1005
f 2256 2257 1005 1004
f 1392 2256 1004 96
f 1391 2253 2256 1392
f 1390 2250 2253 1391
f 2259 2260 2263 2262
f 2260 2261 2264 2263
f 2262 2263 2266 2265
f 2263 2264 2267 2266
f 88 1007 2259 289
f 1007 1008 2260 2259
f 1008 1009 2261 2260
f 1009 91 630 2261
f 2261 630 629 2264
f 2264 629 628 2267
f 2267 628 16 346
f 2266 2267 346 345
f 2265 2266 345 344
f 287 2265 344 14
f 288 2262 2265 287
f 289 2259 2262 288
f 2268 2269 2272 2271
f 2269 2270 2273 2272
f 2271 2272 2275 2274
f 2272 2273 2276 2275
f 82 1393 2268 849
f 1393 1394 2269 2268
f 1394 1395 2270 2269
f 1395 85 1557 2270
f 2270 1557 1556 2273
f 2273 1556 1555 2276
f 2276 1555 67 852
f 2275 2276 852 851
f 2274 2275 851 850
f 847 2274 850 33
f 848 2271 2274 847
f 849 2268 2271 848
f 2277 2278 2281 2280
f 2278 2279 2282 2281
f 2280 2281 2284 2283
f 2281 2282 2285 2284
f 85 534 2277 1557
f 534 535 2278 2277
f 535 536 2279 2278
f 536 211 1398 2279
f 2279 1398 1397 2282
f 2282 1397 1396 2285
f 2285 1396 150 1560
f 2284 2285 1560 1559
f 2283 2284 1559 1558
f 1555 2283 1558 67
f 1556 2280 2283 1555
f 1557 2277 2280 1556
f 2286 2287 2290 2289
f 2287 2288 2291 2290
f 2289 2290 2293 2292
f 2290 2291 2294 2293
f 89 1222 2286 467
f 1222 1223 2287 2286
f 1223 1224 2288 2287
f 1224 92 822 2288
f 2288 822 821 2291
f 2291 821 820 2294
f 2294 820 17 539
f 2293 2294 539 538
f 2292 2293 538 537
f 465 2292 537 15
f 466 2289 2292 465
f 467 2286 2289 466
f 2295 2296 2299 2298
f 2296 2297 2300 2299
f 2298 2299 2302 2301
f 2299 2300 2303 2302
f 83 1561 2295 1012
f 1561 1562 2296 2295
f 1562 1563 2297 2296
f 1563 86 349 2297
f 2297 349 348 2300
f 2300 348 347 2303
f 2303 347 68 1015
f 2302 2303 1015 1014
f 2301 2302 1014 1013
f 1010 2301 1013 34
f 1011 2298 2301 1010
f 1012 2295 2298 1011
f 2304 2305 2308 2307
f 2305 2306 2309 2308
f 2307 2308 2311 2310
f 2308 2309 2312 2311
f 86 1401 2304 349
f 1401 1400 2305 2304
f 1400 1399 2306 2305
f 1399 82 849 2306
f 2306 849 848 2309
f 2309 848 847 2312
f 2312 847 33 853
f 2311 2312 853 854
f 2310 2311 854 855
f 347 2310 855 68
f 348 2307 2310 347
f 349 2304 2307 348
f 2313 2314 2317 2316
f 2314 2315 2318 2317
f 2316 2317 2320 2319
f 2317 2318 2321 2320
f 87 1566 2313 491
f 1566 1565 2314 2313
f 1565 1564 2315 2314
f 1564 83 1012 2315
f 2315 1012 1011 2318
f 2318 1011 1010 2321
f 2321 1010 34 1016
f 2320 2321 1016 1017
f 2319 2320 1017 1018
f 489 2319 1018 69
f 490 2316 2319 489
f 491 2313 2316 490
f 2322 2323 2326 2325
f 2323 2324 2327 2326
f 2325 2326 2329 2328
f 2326 2327 2330 2329
f 60 325 2322 296
f 325 324 2323 2322
f 324 323 2324 2323
f 323 25 350 2324
f 2324 350 351 2327
f 2327 351 352 2330
f 2330 352 71 808
f 2329 2330 808 809
f 2328 2329 809 810
f 298 2328 810 72
f 297 2325 2328 298
f 296 2322 2325 297
f 2331 2332 2335 2334
f 2332 2333 2336 2335
f 2334 2335 2338 2337
f 2335 2336 2339 2338
f 78 619 2331 988
f 619 620 2332 2331
f 620 621 2333 2332
f 621 81 1551 2333
f 2333 1551 1550 2336
f 2336 1550 1549 2339
f 2339 1549 59 991
f 2338 2339 991 990
f 2337 2338 990 989
f 986 2337 989 56
f 987 2334 2337 986
f 988 2331 2334 987
f 2340 2341 2344 2343
f 2341 2342 2345 2344
f 2343 2344 2347 2346
f 2344 2345 2348 2347
f 62 655 2340 664
f 655 656 2341 2340
f 656 657 2342 2341
f 657 138 540 2342
f 2342 540 541 2345
f 2345 541 542 2348
f 2348 542 195 1341
f 2347 2348 1341 1340
f 2346 2347 1340 1339
f 666 2346 1339 74
f 665 2343 2346 666
f 664 2340 2343 665
f 2349 2350 2353 2352
f 2350 2351 2354 2353
f 2352 2353 2356 2355
f 2353 2354 2357 2356
f 63 1374 2349 856
f 1374 1373 2350 2349
f 1373 1372 2351 2350
f 1372 24 1402 2351
f 2351 1402 1403 2354
f 2354 1403 1404 2357
f 2357 1404 70 625
f 2356 2357 625 626
f 2355 2356 626 627
f 858 2355 627 75
f 857 2352 2355 858
f 856 2349 2352 857
f 2358 2359 2362 2361
f 2359 2360 2363 2362
f 2361 2362 2365 2364
f 2362 2363 2366 2365
f 133 512 2358 543
f 512 511 2359 2358
f 511 510 2360 2359
f 510 61 471 2360
f 2360 471 472 2363
f 2363 472 473 2366
f 2366 473 73 1219
f 2365 2366 1219 1220
f 2364 2365 1220 1221
f 545 2364 1221 192
f 544 2361 2364 545
f 543 2358 2361 544
f 2367 2368 2371 2370
f 2368 2369 2372 2371
f 2370 2371 2374 2373
f 2371 2372 2375 2374
f 24 1369 2367 1402
f 1369 1370 2368 2367
f 1370 1371 2369 2368
f 1371 62 664 2369
f 2369 664 665 2372
f 2372 665 666 2375
f 2375 666 74 654
f 2374 2375 654 653
f 2373 2374 653 652
f 1404 2373 652 70
f 1403 2370 2373 1404
f 1402 2367 2370 1403
f 2376 2377 2380 2379
f 2377 2378 2381 2380
f 2379 2380 2383 2382
f 2380 2381 2384 2383
f 25 326 2376 350
f 326 327 2377 2376
f 327 328 2378 2377
f 328 63 856 2378
f 2378 856 857 2381
f 2381 857 858 2384
f 2384 858 75 846
f 2383 2384 846 845
f 2382 2383 845 844
f 352 2382 844 71
f 351 2379 2382 352
f 350 2376 2379 351
f 2385 2386 2389 2388
f 2386 2387 2390 2389
f 2388 2389 2392 2391
f 2389 2390 2393 2392
f 121 1000 2385 353
f 1000 999 2386 2385
f 999 998 2387 2386
f 998 18 962 2387
f 2387 962 963 2390
f 2390 963 964 2393
f 2393 964 78 649
f 2392 2393 649 650
f 2391 2392 650 651
f 355 2391 651 203
f 354 2388 2391 355
f 353 2385 2388 354
f 2394 2395 2398 2397
f 2395 2396 2399 2398
f 2397 2398 2401 2400
f 2398 2399 2402 2401
f 90 1405 2394 997
f 1405 1406 2395 2394
f 1406 1407 2396 2395
f 1407 93 1171 2396
f 2396 1171 1170 2399
f 2399 1170 1169 2402
f 2402 1169 19 967
f 2401 2402 967 966
f 2400 2401 966 965
f 995 2400 965 18
f 996 2397 2400 995
f 997 2394 2397 996
f 2403 2404 2407 2406
f 2404 2405 2408 2407
f 2406 2407 2410 2409
f 2407 2408 2411 2410
f 14 344 2403 356
f 344 345 2404 2403
f 345 346 2405 2404
f 346 16 667 2405
f 2405 667 668 2408
f 2408 668 669 2411
f 2411 669 79 313
f 2410 2411 313 312
f 2409 2410 312 311
f 358 2409 311 76
f 357 2406 2409 358
f 356 2403 2406 357
f 2412 2413 2416 2415
f 2413 2414 2417 2416
f 2415 2416 2419 2418
f 2416 2417 2420 2419
f 16 631 2412 667
f 631 632 2413 2412
f 632 633 2414 2413
f 633 122 546 2414
f 2414 546 547 2417
f 2417 547 548 2420
f 2420 548 201 834
f 2419 2420 834 833
f 2418 2419 833 832
f 669 2418 832 79
f 668 2415 2418 669
f 667 2412 2415 668
f 2421 2422 2425 2424
f 2422 2423 2426 2425
f 2424 2425 2428 2427
f 2425 2426 2429 2428
f 15 537 2421 549
f 537 538 2422 2421
f 538 539 2423 2422
f 539 17 859 2423
f 2423 859 860 2426
f 2426 860 861 2429
f 2429 861 80 503
f 2428 2429 503 502
f 2427 2428 502 501
f 551 2427 501 77
f 550 2424 2427 551
f 549 2421 2424 550
f 2430 2431 2434 2433
f 2431 2432 2435 2434
f 2433 2434 2437 2436
f 2434 2435 2438 2437
f 17 292 2430 859
f 292 291 2431 2430
f 291 290 2432 2431
f 290 14 356 2432
f 2432 356 357 2435
f 2435 357 358 2438
f 2438 358 76 317
f 2437 2438 317 318
f 2436 2437 318 319
f 861 2436 319 80
f 860 2433 2436 861
f 859 2430 2433 860
f 2439 2440 2443 2442
f 2440 2441 2444 2443
f 2442 2443 2446 2445
f 2443 2444 2447 2446
f 19 470 2439 1166
f 470 469 2440 2439
f 469 468 2441 2440
f 468 15 549 2441
f 2441 549 550 2444
f 2444 550 551 2447
f 2447 551 77 504
f 2446 2447 504 505
f 2445 2446 505 506
f 1168 2445 506 81
f 1167 2442 2445 1168
f 1166 2439 2442 1167
f 2448 2449 2452 2451
f 2449 2450 2453 2452
f 2451 2452 2455 2454
f 2452 2453 2456 2455
f 108 482 2448 1225
f 482 481 2449 2448
f 481 480 2450 2449
f 480 38 447 2450
f 2450 447 448 2453
f 2453 448 449 2456
f 2456 449 84 341
f 2455 2456 341 342
f 2454 2455 342 343
f 1227 2454 343 209
f 1226 2451 2454 1227
f 1225 2448 2451 1226
f 3707 3708 2459 2458
f 3706 2457 2460 2459 3708
f 2458 2459 2462 2461
f 2459 2460 2463 2462
f 3706 3709 2457
f 3709 3683 474 2457
f 2457 474 475 2460
f 2460 475 476 2463
f 2463 476 48 971
f 2462 2463 971 972
f 2461 2462 972 973
f 1536 2461 973 49
f 1535 2458 2461 1536
f 3692 3707 2458 1535
f 2464 2465 2468 2467
f 2465 2466 2469 2468
f 2467 2468 2471 2470
f 2468 2469 2472 2471
f 9 1543 2464 1567
f 1543 1544 2465 2464
f 1544 1545 2466 2465
f 1545 40 862 2466
f 2466 862 863 2469
f 2469 863 864 2472
f 2472 864 85 1395
f 2471 2472 1395 1394
f 2470 2471 1394 1393
f 1569 2470 1393 82
f 1568 2467 2470 1569
f 1567 2464 2467 1568
f 2473 2474 2477 2476
f 2474 2475 2478 2477
f 2476 2477 2480 2479
f 2477 2478 2481 2480
f 40 796 2473 862
f 796 797 2474 2473
f 797 798 2475 2474
f 798 110 1570 2475
f 2475 1570 1571 2478
f 2478 1571 1572 2481
f 2481 1572 211 536
f 2480 2481 536 535
f 2479 2480 535 534
f 864 2479 534 85
f 863 2476 2479 864
f 862 2473 2476 863
f 2482 2483 2486 2485
f 2483 2484 2487 2486
f 2485 2486 2489 2488
f 2486 2487 2490 2489
f 8 1351 2482 1408
f 1351 1352 2483 2482
f 1352 1353 2484 2483
f 1353 39 670 2484
f 2484 670 671 2487
f 2487 671 672 2490
f 2490 672 86 1563
f 2489 2490 1563 1562
f 2488 2489 1562 1561
f 1410 2488 1561 83
f 1409 2485 2488 1410
f 1408 2482 2485 1409
f 2491 2492 2495 2494
f 2492 2493 2496 2495
f 2494 2495 2498 2497
f 2495 2496 2499 2498
f 39 1513 2491 670
f 1513 1512 2492 2491
f 1512 1511 2493 2492
f 1511 9 1567 2493
f 2493 1567 1568 2496
f 2496 1568 1569 2499
f 2499 1569 82 1399
f 2498 2499 1399 1400
f 2497 2498 1400 1401
f 672 2497 1401 86
f 671 2494 2497 672
f 670 2491 2494 671
f 2500 2501 2504 2503
f 2501 2502 2505 2504
f 2503 2504 2507 2506
f 2504 2505 2508 2507
f 41 1335 2500 1336
f 1335 1334 2501 2500
f 1334 1333 2502 2501
f 1333 8 1408 2502
f 2502 1408 1409 2505
f 2505 1409 1410 2508
f 2508 1410 83 1564
f 2507 2508 1564 1565
f 2506 2507 1565 1566
f 1338 2506 1566 87
f 1337 2503 2506 1338
f 1336 2500 2503 1337
f 2509 2510 2513 2512
f 2510 2511 2514 2513
f 2512 2513 2516 2515
f 2513 2514 2517 2516
f 97 1228 2509 1575
f 1228 1229 2510 2509
f 1229 1230 2511 2510
f 1230 227 1233 2511
f 2511 1233 1232 2514
f 2514 1232 1231 2517
f 2517 1231 219 1534
f 2516 2517 1534 1533
f 2515 2516 1533 1532
f 1573 2515 1532 91
f 1574 2512 2515 1573
f 1575 2509 2512 1574
f 2518 2519 2522 2521
f 2519 2520 2523 2522
f 2521 2522 2525 2524
f 2522 2523 2526 2525
f 98 675 2518 361
f 675 674 2519 2518
f 674 673 2520 2519
f 673 94 1021 2520
f 2520 1021 1020 2523
f 2523 1020 1019 2526
f 2526 1019 88 968
f 2525 2526 968 969
f 2524 2525 969 970
f 359 2524 970 92
f 360 2521 2524 359
f 361 2518 2521 360
f 2527 2528 2531 2530
f 2528 2529 2532 2531
f 2530 2531 2534 2533
f 2531 2532 2535 2534
f 99 867 2527 554
f 867 866 2528 2527
f 866 865 2529 2528
f 865 95 1236 2529
f 2529 1236 1235 2532
f 2532 1235 1234 2535
f 2535 1234 89 1172
f 2534 2535 1172 1173
f 2533 2534 1173 1174
f 552 2533 1174 93
f 553 2530 2533 552
f 554 2527 2530 553
f 2536 2537 2540 2539
f 2537 2538 2541 2540
f 2539 2540 2543 2542
f 2540 2541 2544 2543
f 225 1024 2536 870
f 1024 1023 2537 2536
f 1023 1022 2538 2537
f 1022 96 1413 2538
f 2538 1413 1412 2541
f 2541 1412 1411 2544
f 2544 1411 90 1384
f 2543 2544 1384 1385
f 2542 2543 1385 1386
f 868 2542 1386 217
f 869 2539 2542 868
f 870 2536 2539 869
f 2545 2546 2549 2548
f 2546 2547 2550 2549
f 2548 2549 2552 2551
f 2549 2550 2553 2552
f 94 676 2545 1021
f 676 677 2546 2545
f 677 678 2547 2546
f 678 97 1575 2547
f 2547 1575 1574 2550
f 2550 1574 1573 2553
f 2553 1573 91 1009
f 2552 2553 1009 1008
f 2551 2552 1008 1007
f 1019 2551 1007 88
f 1020 2548 2551 1019
f 1021 2545 2548 1020
f 2554 2555 2558 2557
f 2555 2556 2559 2558
f 2557 2558 2561 2560
f 2558 2559 2562 2561
f 95 871 2554 1236
f 871 872 2555 2554
f 872 873 2556 2555
f 873 98 361 2556
f 2556 361 360 2559
f 2559 360 359 2562
f 2562 359 92 1224
f 2561 2562 1224 1223
f 2560 2561 1223 1222
f 1234 2560 1222 89
f 1235 2557 2560 1234
f 1236 2554 2557 1235
f 2563 2564 2567 2566
f 2564 2565 2568 2567
f 2566 2567 2570 2569
f 2567 2568 2571 2570
f 96 1004 2563 1413
f 1004 1005 2564 2563
f 1005 1006 2565 2564
f 1006 99 554 2565
f 2565 554 553 2568
f 2568 553 552 2571
f 2571 552 93 1407
f 2570 2571 1407 1406
f 2569 2570 1406 1405
f 1411 2569 1405 90
f 1412 2566 2569 1411
f 1413 2563 2566 1412
f 2572 2573 2576 2575
f 2573 2574 2577 2576
f 2575 2576 2579 2578
f 2576 2577 2580 2579
f 67 1558 2572 1576
f 1558 1559 2573 2572
f 1559 1560 2574 2573
f 1560 150 1414 2574
f 2574 1414 1415 2577
f 2577 1415 1416 2580
f 2580 1416 227 1230
f 2579 2580 1230 1229
f 2578 2579 1229 1228
f 1578 2578 1228 97
f 1577 2575 2578 1578
f 1576 2572 2575 1577
f 2581 2582 2585 2584
f 2582 2583 2586 2585
f 2584 2585 2588 2587
f 2585 2586 2589 2588
f 68 855 2581 362
f 855 854 2582 2581
f 854 853 2583 2582
f 853 33 874 2583
f 2583 874 875 2586
f 2586 875 876 2589
f 2589 876 94 673
f 2588 2589 673 674
f 2587 2588 674 675
f 364 2587 675 98
f 363 2584 2587 364
f 362 2581 2584 363
f 2590 2591 2594 2593
f 2591 2592 2595 2594
f 2593 2594 2597 2596
f 2594 2595 2598 2597
f 69 1018 2590 531
f 1018 1017 2591 2590
f 1017 1016 2592 2591
f 1016 34 1025 2592
f 2592 1025 1026 2595
f 2595 1026 1027 2598
f 2598 1027 95 865
f 2597 2598 865 866
f 2596 2597 866 867
f 533 2596 867 99
f 532 2593 2596 533
f 531 2590 2593 532
f 2599 2600 2603 2602
f 2600 2601 2604 2603
f 2602 2603 2606 2605
f 2603 2604 2607 2606
f 148 1389 2599 1028
f 1389 1388 2600 2599
f 1388 1387 2601 2600
f 1387 66 1390 2601
f 2601 1390 1391 2604
f 2604 1391 1392 2607
f 2607 1392 96 1022
f 2606 2607 1022 1023
f 2605 2606 1023 1024
f 1030 2605 1024 225
f 1029 2602 2605 1030
f 1028 2599 2602 1029
f 2608 2609 2612 2611
f 2609 2610 2613 2612
f 2611 2612 2615 2614
f 2612 2613 2616 2615
f 33 850 2608 874
f 850 851 2609 2608
f 851 852 2610 2609
f 852 67 1576 2610
f 2610 1576 1577 2613
f 2613 1577 1578 2616
f 2616 1578 97 678
f 2615 2616 678 677
f 2614 2615 677 676
f 876 2614 676 94
f 875 2611 2614 876
f 874 2608 2611 875
f 2617 2618 2621 2620
f 2618 2619 2622 2621
f 2620 2621 2624 2623
f 2621 2622 2625 2624
f 34 1013 2617 1025
f 1013 1014 2618 2617
f 1014 1015 2619 2618
f 1015 68 362 2619
f 2619 362 363 2622
f 2622 363 364 2625
f 2625 364 98 873
f 2624 2625 873 872
f 2623 2624 872 871
f 1027 2623 871 95
f 1026 2620 2623 1027
f 1025 2617 2620 1026
f 2626 2627 2630 2629
f 2627 2628 2631 2630
f 2629 2630 2633 2632
f 2630 2631 2634 2633
f 140 1034 2626 1031
f 1034 1035 2627 2626
f 1035 1036 2628 2627
f 1036 143 1579 2628
f 2628 1579 1580 2631
f 2631 1580 1581 2634
f 2634 1581 196 1417
f 2633 2634 1417 1418
f 2632 2633 1418 1419
f 1033 2632 1419 197
f 1032 2629 2632 1033
f 1031 2626 2629 1032
f 2635 2636 2639 2638
f 2636 2637 2640 2639
f 2638 2639 2642 2641
f 2639 2640 2643 2642
f 65 1039 2635 1237
f 1039 1038 2636 2635
f 1038 1037 2637 2636
f 1037 64 992 2637
f 2637 992 993 2640
f 2640 993 994 2643
f 2643 994 245 1040
f 2642 2643 1040 1041
f 2641 2642 1041 1042
f 1239 2641 1042 246
f 1238 2638 2641 1239
f 1237 2635 2638 1238
f 2644 2645 2648 2647
f 2645 2646 2649 2648
f 2647 2648 2651 2650
f 2648 2649 2652 2651
f 245 1531 2644 1040
f 1531 1530 2645 2644
f 1530 1529 2646 2645
f 1529 120 1582 2646
f 2646 1582 1583 2649
f 2649 1583 1584 2652
f 2652 1584 187 1240
f 2651 2652 1240 1241
f 2650 2651 1241 1242
f 1042 2650 1242 246
f 1041 2647 2650 1042
f 1040 2644 2647 1041
f 3712 3711 2654
f 3710 2653 2655 2654 3711
f 2654 2655 2657 2656
f 3687 877 2653 3710
f 877 163 367 2653
f 2653 367 366 2655
f 2655 366 365 2657
f 2657 365 103 368
f 241 2656 242
f 2658 2659 2662 2661
f 2659 2660 2663 2662
f 2661 2662 2665 2664
f 2662 2663 2666 2665
f 132 1585 2658 681
f 1585 1586 2659 2658
f 1586 1587 2660 2659
f 1587 183 371 2660
f 2660 371 370 2663
f 2663 370 369 2666
f 2666 369 182 684
f 2665 2666 684 683
f 2664 2665 683 682
f 679 2664 682 129
f 680 2661 2664 679
f 681 2658 2661 680
f 3713 3690 1420
f 3713 1420 102 3691
f 2667 2668 2671 2670
f 2668 2669 2672 2671
f 2670 2671 2674 2673
f 2671 2672 2675 2674
f 170 374 2667 1590
f 374 373 2668 2667
f 373 372 2669 2668
f 372 165 687 2669
f 2669 687 686 2672
f 2672 686 685 2675
f 2675 685 105 688
f 2674 2675 688 689
f 2673 2674 689 690
f 1588 2673 690 154
f 1589 2670 2673 1588
f 1590 2667 2670 1589
f 2676 2677 2680 2679
f 2677 2678 2681 2680
f 2679 2680 2683 2682
f 2680 2681 2684 2683
f 159 1046 2676 1043
f 1046 1047 2677 2676
f 1047 1048 2678 2677
f 1048 162 555 2678
f 2678 555 556 2681
f 2681 556 557 2684
f 2684 557 175 558
f 2683 2684 558 559
f 2682 2683 559 560
f 1045 2682 560 176
f 1044 2679 2682 1045
f 1043 2676 2679 1044
f 2685 2686 2689 2688
f 2686 2687 2690 2689
f 2688 2689 2692 2691
f 2689 2690 2693 2692
f 172 693 2685 880
f 693 692 2686 2685
f 692 691 2687 2686
f 691 167 883 2687
f 2687 883 882 2690
f 2690 882 881 2693
f 2693 881 106 787
f 2692 2693 787 788
f 2691 2692 788 789
f 878 2691 789 158
f 879 2688 2691 878
f 880 2685 2688 879
f 2694 2695 2698 2697
f 2695 2696 2699 2698
f 2697 2698 2701 2700
f 2698 2699 2702 2701
f 173 563 2694 1423
f 563 562 2695 2694
f 562 561 2696 2695
f 561 166 1051 2696
f 2696 1051 1050 2699
f 2699 1050 1049 2702
f 2702 1049 107 1052
f 2701 2702 1052 1053
f 2700 2701 1053 1054
f 1421 2700 1054 153
f 1422 2697 2700 1421
f 1423 2694 2697 1422
f 2703 2704 2707 2706
f 2704 2705 2708 2707
f 2706 2707 2710 2709
f 2707 2708 2711 2710
f 174 1248 2703 1245
f 1248 1247 2704 2703
f 1247 1246 2705 2704
f 1246 160 377 2705
f 2705 377 376 2708
f 2708 376 375 2711
f 2711 375 111 378
f 2710 2711 378 379
f 2709 2710 379 380
f 1243 2709 380 164
f 1244 2706 2709 1243
f 1245 2703 2706 1244
f 2712 2713 2716 2715
f 2713 2714 2717 2716
f 2715 2716 2719 2718
f 2716 2717 2720 2719
f 175 557 2712 566
f 557 556 2713 2712
f 556 555 2714 2713
f 555 162 1426 2714
f 2714 1426 1425 2717
f 2717 1425 1424 2720
f 2720 1424 109 1427
f 2719 2720 1427 1428
f 2718 2719 1428 1429
f 564 2718 1429 156
f 565 2715 2718 564
f 566 2712 2715 565
f 2721 2722 2725 2724
f 2722 2723 2726 2725
f 2724 2725 2728 2727
f 2725 2726 2729 2728
f 177 1432 2721 696
f 1432 1431 2722 2721
f 1431 1430 2723 2722
f 1430 161 1593 2723
f 2723 1593 1592 2726
f 2726 1592 1591 2729
f 2729 1591 110 1514
f 2728 2729 1514 1515
f 2727 2728 1515 1516
f 694 2727 1516 157
f 695 2724 2727 694
f 696 2721 2724 695
f 2730 2731 2734 2733
f 2731 2732 2735 2734
f 2733 2734 2737 2736
f 2734 2735 2738 2737
f 212 1433 2730 1057
f 1433 1434 2731 2730
f 1434 1435 2732 2731
f 1435 215 569 2732
f 2732 569 568 2735
f 2735 568 567 2738
f 2738 567 162 1048
f 2737 2738 1048 1047
f 2736 2737 1047 1046
f 1055 2736 1046 159
f 1056 2733 2736 1055
f 1057 2730 2733 1056
f 2739 2740 2743 2742
f 2740 2741 2744 2743
f 2742 2743 2746 2745
f 2743 2744 2747 2746
f 179 1254 2739 1251
f 1254 1253 2740 2739
f 1253 1252 2741 2740
f 1252 131 886 2741
f 2741 886 885 2744
f 2744 885 884 2747
f 2747 884 114 802
f 2746 2747 802 803
f 2745 2746 803 804
f 1249 2745 804 141
f 1250 2742 2745 1249
f 1251 2739 2742 1250
f 2748 2749 2752 2751
f 2749 2750 2753 2752
f 2751 2752 2755 2754
f 2752 2753 2756 2755
f 180 892 2748 889
f 892 891 2749 2748
f 891 890 2750 2749
f 890 130 1060 2750
f 2750 1060 1059 2753
f 2753 1059 1058 2756
f 2756 1058 115 1061
f 2755 2756 1061 1062
f 2754 2755 1062 1063
f 887 2754 1063 139
f 888 2751 2754 887
f 889 2748 2751 888
f 2757 2758 2761 2760
f 2758 2759 2762 2761
f 2760 2761 2764 2763
f 2761 2762 2765 2764
f 181 699 2757 383
f 699 698 2758 2757
f 698 697 2759 2758
f 697 129 702 2759
f 2759 702 701 2762
f 2762 701 700 2765
f 2765 700 113 703
f 2764 2765 703 704
f 2763 2764 704 705
f 381 2763 705 144
f 382 2760 2763 381
f 383 2757 2760 382
f 2766 2767 2770 2769
f 2767 2768 2771 2770
f 2769 2770 2773 2772
f 2770 2771 2774 2773
f 196 1581 2766 1066
f 1581 1580 2767 2766
f 1580 1579 2768 2767
f 1579 143 1383 2768
f 2768 1383 1382 2771
f 2771 1382 1381 2774
f 2774 1381 117 1436
f 2773 2774 1436 1437
f 2772 2773 1437 1438
f 1064 2772 1438 194
f 1065 2769 2772 1064
f 1066 2766 2769 1065
f 2775 2776 2779 2778
f 2776 2777 2780 2779
f 2778 2779 2782 2781
f 2779 2780 2783 2782
f 204 1442 2775 1441
f 1442 1443 2776 2775
f 1443 1444 2777 2776
f 1444 207 1596 2777
f 2777 1596 1595 2780
f 2780 1595 1594 2783
f 2783 1594 128 1447
f 2782 2783 1447 1446
f 2781 2782 1446 1445
f 1439 2781 1445 127
f 1440 2778 2781 1439
f 1441 2775 2778 1440
f 2784 2785 2788 2787
f 2785 2786 2789 2788
f 2787 2788 2791 2790
f 2788 2789 2792 2791
f 198 1450 2784 1257
f 1450 1449 2785 2784
f 1449 1448 2786 2785
f 1448 142 1599 2786
f 2786 1599 1598 2789
f 2789 1598 1597 2792
f 2792 1597 118 1520
f 2791 2792 1520 1521
f 2790 2791 1521 1522
f 1255 2790 1522 195
f 1256 2787 2790 1255
f 1257 2784 2787 1256
f 2793 2794 2797 2796
f 2794 2795 2798 2797
f 2796 2797 2800 2799
f 2797 2798 2801 2800
f 199 572 2793 895
f 572 571 2794 2793
f 571 570 2795 2794
f 570 145 337 2795
f 2795 337 336 2798
f 2798 336 335 2801
f 2801 335 119 384
f 2800 2801 384 385
f 2799 2800 385 386
f 893 2799 386 193
f 894 2796 2799 893
f 895 2793 2796 894
f 2802 2803 2806 2805
f 2803 2804 2807 2806
f 2805 2806 2809 2808
f 2806 2807 2810 2809
f 29 1523 2802 1552
f 1523 1524 2803 2802
f 1524 1525 2804 2803
f 1525 118 1069 2804
f 2804 1069 1068 2807
f 2807 1068 1067 2810
f 2810 1067 64 1037
f 2809 2810 1037 1038
f 2808 2809 1038 1039
f 1554 2808 1039 65
f 1553 2805 2808 1554
f 1552 2802 2805 1553
f 2811 2812 2815 2814
f 2812 2813 2816 2815
f 2814 2815 2818 2817
f 2815 2816 2819 2818
f 221 1072 2811 1260
f 1072 1071 2812 2811
f 1071 1070 2813 2812
f 1070 125 575 2813
f 2813 575 574 2816
f 2816 574 573 2819
f 2819 573 122 462
f 2818 2819 462 463
f 2817 2818 463 464
f 1258 2817 464 219
f 1259 2814 2817 1258
f 1260 2811 2814 1259
f 2820 2821 2824 2823
f 2821 2822 2825 2824
f 2823 2824 2827 2826
f 2824 2825 2828 2827
f 222 1263 2820 708
f 1263 1262 2821 2820
f 1262 1261 2822 2821
f 1261 126 711 2822
f 2822 711 710 2825
f 2825 710 709 2828
f 2828 709 123 712
f 2827 2828 712 713
f 2826 2827 713 714
f 706 2826 714 216
f 707 2823 2826 706
f 708 2820 2823 707
f 2829 2830 2833 2832
f 2830 2831 2834 2833
f 2832 2833 2836 2835
f 2833 2834 2837 2836
f 223 1602 2829 1075
f 1602 1601 2830 2829
f 1601 1600 2831 2830
f 1600 128 898 2831
f 2831 898 897 2834
f 2834 897 896 2837
f 2837 896 124 899
f 2836 2837 899 900
f 2835 2836 900 901
f 1073 2835 901 218
f 1074 2832 2835 1073
f 1075 2829 2832 1074
f 2838 2839 2842 2841
f 2839 2840 2843 2842
f 2841 2842 2845 2844
f 2842 2843 2846 2845
f 165 372 2838 387
f 372 373 2839 2838
f 373 374 2840 2839
f 374 170 1076 2840
f 2840 1076 1077 2843
f 2843 1077 1078 2846
f 2846 1078 171 904
f 2845 2846 904 903
f 2844 2845 903 902
f 389 2844 902 168
f 388 2841 2844 389
f 387 2838 2841 388
f 2847 2848 2851 2850
f 2848 2849 2852 2851
f 2850 2851 2854 2853
f 2851 2852 2855 2854
f 197 1419 2847 578
f 1419 1418 2848 2847
f 1418 1417 2849 2848
f 1417 196 392 2849
f 2849 392 391 2852
f 2852 391 390 2855
f 2855 390 182 369
f 2854 2855 369 370
f 2853 2854 370 371
f 576 2853 371 183
f 577 2850 2853 576
f 578 2847 2850 577
f 3715 3714 2856
f 3715 2856 2857 3716
f 3691 102 1451 3717
f 3717 1451 1452 2856 3714
f 2856 1452 1453 2857
f 2857 1453 163 877
f 3716 2857 877 3687
f 247 2858 248
f 1 368 2858 247
f 368 103 393 2858
f 249 394 395 250
f 250 395 2
f 2859 2860 2863 2862
f 2860 2861 2864 2863
f 2862 2863 2866 2865
f 2863 2864 2867 2866
f 168 905 2859 389
f 905 906 2860 2859
f 906 907 2861 2860
f 907 176 560 2861
f 2861 560 559 2864
f 2864 559 558 2867
f 2867 558 175 398
f 2866 2867 398 397
f 2865 2866 397 396
f 387 2865 396 165
f 388 2862 2865 387
f 389 2859 2862 388
f 2868 2869 2872 2871
f 2869 2870 2873 2872
f 2871 2872 2875 2874
f 2872 2873 2876 2875
f 3688 1079 2868 3719
f 1079 1080 2869 2868
f 1080 1081 2870 2869
f 1081 170 1590 2870
f 2870 1590 1589 2873
f 2873 1589 1588 2876
f 2876 1588 154 1456
f 2875 2876 1456 1455
f 2874 2875 1455 1454
f 1420 2874 1454 102
f 3718 2871 2874 1420 3690
f 3719 2868 2871 3718
f 2877 2878 2881 2880
f 2878 2879 2882 2881
f 2880 2881 2884 2883
f 2881 2882 2885 2884
f 152 479 2877 1082
f 479 478 2878 2877
f 478 477 2879 2878
f 477 104 579 2879
f 2879 579 580 2882
f 2882 580 581 2885
f 2885 581 168 902
f 2884 2885 902 903
f 2883 2884 903 904
f 1084 2883 904 171
f 1083 2880 2883 1084
f 1082 2877 2880 1083
f 3720 2886 2888 3721
f 2886 2887 2889 2888
f 3721 2888 2890 3722
f 2888 2889 2891 2890
f 3689 1184 2886 3720
f 1184 1185 2887 2886
f 1185 152 1082 2887
f 2887 1082 1083 2889
f 2889 1083 1084 2891
f 2891 1084 171 716
f 2890 2891 716 715
f 3722 2890 715 3686
f 2892 2893 2896 2895
f 2893 2894 2897 2896
f 2895 2896 2899 2898
f 2896 2897 2900 2899
f 153 1054 2892 1457
f 1054 1053 2893 2892
f 1053 1052 2894 2893
f 1052 107 1085 2894
f 2894 1085 1086 2897
f 2897 1086 1087 2900
f 2900 1087 167 691
f 2899 2900 691 692
f 2898 2899 692 693
f 1459 2898 693 172
f 1458 2895 2898 1459
f 1457 2892 2895 1458
f 2901 2902 2905 2904
f 2902 2903 2906 2905
f 2904 2905 2908 2907
f 2905 2906 2909 2908
f 103 399 2901 393
f 399 400 2902 2901
f 400 401 2903 2902
f 401 153 1457 2903
f 2903 1457 1458 2906
f 2906 1458 1459 2909
f 2909 1459 172 404
f 2908 2909 404 403
f 2907 2908 403 402
f 394 2904 2907 395
f 393 2901 2904 394
f 2910 2911 2914 2913
f 2911 2912 2915 2914
f 2913 2914 2917 2916
f 2914 2915 2918 2917
f 3 402 2910 253
f 402 403 2911 2910
f 403 404 2912 2911
f 404 172 880 2912
f 2912 880 879 2915
f 2915 879 878 2918
f 2918 878 158 1539
f 2917 2918 1539 1538
f 2916 2917 1538 1537
f 251 2916 1537 169
f 252 2913 2916 251
f 253 2910 2913 252
f 2919 2920 2923 2922
f 2920 2921 2924 2923
f 2922 2923 2926 2925
f 2923 2924 2927 2926
f 154 690 2919 1603
f 690 689 2920 2919
f 689 688 2921 2920
f 688 105 717 2921
f 2921 717 718 2924
f 2924 718 719 2927
f 2927 719 166 561
f 2926 2927 561 562
f 2925 2926 562 563
f 1605 2925 563 173
f 1604 2922 2925 1605
f 1603 2919 2922 1604
f 2928 2929 2932 2931
f 2929 2930 2933 2932
f 2931 2932 2935 2934
f 2932 2933 2936 2935
f 102 1454 2928 1451
f 1454 1455 2929 2928
f 1455 1456 2930 2929
f 1456 154 1603 2930
f 2930 1603 1604 2933
f 2933 1604 1605 2936
f 2936 1605 173 910
f 2935 2936 910 909
f 2934 2935 909 908
f 1453 2934 908 163
f 1452 2931 2934 1453
f 1451 2928 2931 1452
f 2937 2938 2941 2940
f 2938 2939 2942 2941
f 2940 2941 2944 2943
f 2941 2942 2945 2944
f 163 908 2937 367
f 908 909 2938 2937
f 909 910 2939 2938
f 910 173 1423 2939
f 2939 1423 1422 2942
f 2942 1422 1421 2945
f 2945 1421 153 401
f 2944 2945 401 400
f 2943 2944 400 399
f 365 2943 399 103
f 366 2940 2943 365
f 367 2937 2940 366
f 2946 2947 2950 2949
f 2947 2948 2951 2950
f 2949 2950 2953 2952
f 2950 2951 2954 2953
f 156 1429 2946 582
f 1429 1428 2947 2946
f 1428 1427 2948 2947
f 1427 109 1460 2948
f 2948 1460 1461 2951
f 2951 1461 1462 2954
f 2954 1462 160 1246
f 2953 2954 1246 1247
f 2952 2953 1247 1248
f 584 2952 1248 174
f 583 2949 2952 584
f 582 2946 2949 583
f 2955 2956 2959 2958
f 2956 2957 2960 2959
f 2958 2959 2962 2961
f 2959 2960 2963 2962
f 105 720 2955 717
f 720 721 2956 2955
f 721 722 2957 2956
f 722 156 582 2957
f 2957 582 583 2960
f 2960 583 584 2963
f 2963 584 174 587
f 2962 2963 587 586
f 2961 2962 586 585
f 719 2961 585 166
f 718 2958 2961 719
f 717 2955 2958 718
f 2964 2965 2968 2967
f 2965 2966 2969 2968
f 2967 2968 2971 2970
f 2968 2969 2972 2971
f 166 585 2964 1051
f 585 586 2965 2964
f 586 587 2966 2965
f 587 174 1245 2966
f 2966 1245 1244 2969
f 2969 1244 1243 2972
f 2972 1243 164 1090
f 2971 2972 1090 1089
f 2970 2971 1089 1088
f 1049 2970 1088 107
f 1050 2967 2970 1049
f 1051 2964 2967 1050
f 2973 2974 2977 2976
f 2974 2975 2978 2977
f 2976 2977 2980 2979
f 2977 2978 2981 2980
f 165 396 2973 687
f 396 397 2974 2973
f 397 398 2975 2974
f 398 175 566 2975
f 2975 566 565 2978
f 2978 565 564 2981
f 2981 564 156 722
f 2980 2981 722 721
f 2979 2980 721 720
f 685 2979 720 105
f 686 2976 2979 685
f 687 2973 2976 686
f 2982 2983 2986 2985
f 2983 2984 2987 2986
f 2985 2986 2989 2988
f 2986 2987 2990 2989
f 155 1197 2982 405
f 1197 1196 2983 2982
f 1196 1195 2984 2983
f 1195 108 1264 2984
f 2984 1264 1265 2987
f 2987 1265 1266 2990
f 2990 1266 159 1043
f 2989 2990 1043 1044
f 2988 2989 1044 1045
f 407 2988 1045 176
f 406 2985 2988 407
f 405 2982 2985 406
f 2991 2992 2995 2994
f 2992 2993 2996 2995
f 2994 2995 2998 2997
f 2995 2996 2999 2998
f 104 483 2991 579
f 483 484 2992 2991
f 484 485 2993 2992
f 485 155 405 2993
f 2993 405 406 2996
f 2996 406 407 2999
f 2999 407 176 907
f 2998 2999 907 906
f 2997 2998 906 905
f 581 2997 905 168
f 580 2994 2997 581
f 579 2991 2994 580
f 3000 3001 3004 3003
f 3001 3002 3005 3004
f 3003 3004 3007 3006
f 3004 3005 3008 3007
f 164 380 3000 1267
f 380 379 3001 3000
f 379 378 3002 3001
f 378 111 408 3002
f 3002 408 409 3005
f 3005 409 410 3008
f 3008 410 161 1430
f 3007 3008 1430 1431
f 3006 3007 1431 1432
f 1269 3006 1432 177
f 1268 3003 3006 1269
f 1267 3000 3003 1268
f 3009 3010 3013 3012
f 3010 3011 3014 3013
f 3012 3013 3016 3015
f 3013 3014 3017 3016
f 107 1088 3009 1085
f 1088 1089 3010 3009
f 1089 1090 3011 3010
f 1090 164 1267 3011
f 3011 1267 1268 3014
f 3014 1268 1269 3017
f 3017 1269 177 725
f 3016 3017 725 724
f 3015 3016 724 723
f 1087 3015 723 167
f 1086 3012 3015 1087
f 1085 3009 3012 1086
f 3018 3019 3022 3021
f 3019 3020 3023 3022
f 3021 3022 3025 3024
f 3022 3023 3026 3025
f 167 723 3018 883
f 723 724 3019 3018
f 724 725 3020 3019
f 725 177 696 3020
f 3020 696 695 3023
f 3023 695 694 3026
f 3026 694 157 831
f 3025 3026 831 830
f 3024 3025 830 829
f 881 3024 829 106
f 882 3021 3024 881
f 883 3018 3021 882
f 3027 3028 3031 3030
f 3028 3029 3032 3031
f 3030 3031 3034 3033
f 3031 3032 3035 3034
f 146 488 3027 726
f 488 487 3028 3027
f 487 486 3029 3028
f 486 112 588 3029
f 3029 588 589 3032
f 3032 589 590 3035
f 3035 590 132 1606
f 3034 3035 1606 1607
f 3033 3034 1607 1608
f 728 3033 1608 178
f 727 3030 3033 728
f 726 3027 3030 727
f 3036 3037 3040 3039
f 3037 3038 3041 3040
f 3039 3040 3043 3042
f 3040 3041 3044 3043
f 203 648 3036 1270
f 648 647 3037 3036
f 647 646 3038 3037
f 646 146 726 3038
f 3038 726 727 3041
f 3041 727 728 3044
f 3044 728 178 1091
f 3043 3044 1091 1092
f 3042 3043 1092 1093
f 1272 3042 1093 204
f 1271 3039 3042 1272
f 1270 3036 3039 1271
f 3045 3046 3049 3048
f 3046 3047 3050 3049
f 3048 3049 3052 3051
f 3049 3050 3053 3052
f 188 1466 3045 1463
f 1466 1467 3046 3045
f 1467 1468 3047 3046
f 1468 191 591 3047
f 3047 591 592 3050
f 3050 592 593 3053
f 3053 593 215 1435
f 3052 3053 1435 1434
f 3051 3052 1434 1433
f 1465 3051 1433 212
f 1464 3048 3051 1465
f 1463 3045 3048 1464
f 3054 3055 3058 3057
f 3055 3056 3059 3058
f 3057 3058 3061 3060
f 3058 3059 3062 3061
f 139 1063 3054 911
f 1063 1062 3055 3054
f 1062 1061 3056 3055
f 1061 115 1094 3056
f 3056 1094 1095 3059
f 3059 1095 1096 3062
f 3062 1096 131 1252
f 3061 3062 1252 1253
f 3060 3061 1253 1254
f 913 3060 1254 179
f 912 3057 3060 913
f 911 3054 3057 912
f 3063 3064 3067 3066
f 3064 3065 3068 3067
f 3066 3067 3070 3069
f 3067 3068 3071 3070
f 200 916 3063 729
f 916 915 3064 3063
f 915 914 3065 3064
f 914 139 911 3065
f 3065 911 912 3068
f 3068 912 913 3071
f 3071 913 179 1273
f 3070 3071 1273 1274
f 3069 3070 1274 1275
f 731 3069 1275 205
f 730 3066 3069 731
f 729 3063 3066 730
f 3072 3073 3076 3075
f 3073 3074 3077 3076
f 3075 3076 3079 3078
f 3076 3077 3080 3079
f 205 1275 3072 919
f 1275 1274 3073 3072
f 1274 1273 3074 3073
f 1273 179 1251 3074
f 3074 1251 1250 3077
f 3077 1250 1249 3080
f 3080 1249 141 1213
f 3079 3080 1213 1214
f 3078 3079 1214 1215
f 917 3078 1215 201
f 918 3075 3078 917
f 919 3072 3075 918
f 3081 3082 3085 3084
f 3082 3083 3086 3085
f 3084 3085 3088 3087
f 3085 3086 3089 3088
f 144 705 3081 411
f 705 704 3082 3081
f 704 703 3083 3082
f 703 113 732 3083
f 3083 732 733 3086
f 3086 733 734 3089
f 3089 734 130 890
f 3088 3089 890 891
f 3087 3088 891 892
f 413 3087 892 180
f 412 3084 3087 413
f 411 3081 3084 412
f 3090 3091 3094 3093
f 3091 3092 3095 3094
f 3093 3094 3097 3096
f 3094 3095 3098 3097
f 202 416 3090 1097
f 416 415 3091 3090
f 415 414 3092 3091
f 414 144 411 3092
f 3092 411 412 3095
f 3095 412 413 3098
f 3098 413 180 1469
f 3097 3098 1469 1470
f 3096 3097 1470 1471
f 1099 3096 1471 206
f 1098 3093 3096 1099
f 1097 3090 3093 1098
f 3099 3100 3103 3102
f 3100 3101 3104 3103
f 3102 3103 3106 3105
f 3103 3104 3107 3106
f 206 1471 3099 737
f 1471 1470 3100 3099
f 1470 1469 3101 3100
f 1469 180 889 3101
f 3101 889 888 3104
f 3104 888 887 3107
f 3107 887 139 914
f 3106 3107 914 915
f 3105 3106 915 916
f 735 3105 916 200
f 736 3102 3105 735
f 737 3099 3102 736
f 3108 3109 3112 3111
f 3109 3110 3113 3112
f 3111 3112 3115 3114
f 3112 3113 3116 3115
f 207 1611 3108 1102
f 1611 1610 3109 3108
f 1610 1609 3110 3109
f 1609 181 383 3110
f 3110 383 382 3113
f 3113 382 381 3116
f 3116 381 144 414
f 3115 3116 414 415
f 3114 3115 415 416
f 1100 3114 416 202
f 1101 3111 3114 1100
f 1102 3108 3111 1101
f 3117 3118 3121 3120
f 3118 3119 3122 3121
f 3120 3121 3124 3123
f 3121 3122 3125 3124
f 129 697 3117 679
f 697 698 3118 3117
f 698 699 3119 3118
f 699 181 1105 3119
f 3119 1105 1104 3122
f 3122 1104 1103 3125
f 3125 1103 178 1608
f 3124 3125 1608 1607
f 3123 3124 1607 1606
f 681 3123 1606 132
f 680 3120 3123 681
f 679 3117 3120 680
f 3126 3127 3130 3129
f 3127 3128 3131 3130
f 3129 3130 3133 3132
f 3130 3131 3134 3133
f 129 682 3126 702
f 682 683 3127 3126
f 683 684 3128 3127
f 684 182 1108 3128
f 3128 1108 1107 3131
f 3131 1107 1106 3134
f 3134 1106 135 740
f 3133 3134 740 739
f 3132 3133 739 738
f 700 3132 738 113
f 701 3129 3132 700
f 702 3126 3129 701
f 3135 3136 3139 3138
f 3136 3137 3140 3139
f 3138 3139 3142 3141
f 3139 3140 3143 3142
f 192 1218 3135 741
f 1218 1217 3136 3135
f 1217 1216 3137 3136
f 1216 116 1276 3137
f 3137 1276 1277 3140
f 3140 1277 1278 3143
f 3143 1278 140 1031
f 3142 3143 1031 1032
f 3141 3142 1032 1033
f 743 3141 1033 197
f 742 3138 3141 743
f 741 3135 3138 742
f 3144 3145 3148 3147
f 3145 3146 3149 3148
f 3147 3148 3151 3150
f 3148 3149 3152 3151
f 112 507 3144 588
f 507 508 3145 3144
f 508 509 3146 3145
f 509 133 594 3146
f 3146 594 595 3149
f 3149 595 596 3152
f 3152 596 183 1587
f 3151 3152 1587 1586
f 3150 3151 1586 1585
f 590 3150 1585 132
f 589 3147 3150 590
f 588 3144 3147 589
f 3153 3154 3157 3156
f 3154 3155 3158 3157
f 3156 3157 3160 3159
f 3157 3158 3161 3160
f 193 386 3153 920
f 386 385 3154 3153
f 385 384 3155 3154
f 384 119 332 3155
f 3155 332 333 3158
f 3158 333 334 3161
f 3161 334 142 1448
f 3160 3161 1448 1449
f 3159 3160 1449 1450
f 922 3159 1450 198
f 921 3156 3159 922
f 920 3153 3156 921
f 3162 3163 3166 3165
f 3163 3164 3167 3166
f 3165 3166 3169 3168
f 3166 3167 3170 3169
f 115 1109 3162 1094
f 1109 1110 3163 3162
f 1110 1111 3164 3163
f 1111 134 744 3164
f 3164 744 745 3167
f 3167 745 746 3170
f 3170 746 184 1281
f 3169 3170 1281 1280
f 3168 3169 1280 1279
f 1096 3168 1279 131
f 1095 3165 3168 1096
f 1094 3162 3165 1095
f 3171 3172 3175 3174
f 3172 3173 3176 3175
f 3174 3175 3178 3177
f 3175 3176 3179 3178
f 131 1279 3171 886
f 1279 1280 3172 3171
f 1280 1281 3173 3172
f 1281 184 599 3173
f 3173 599 598 3176
f 3176 598 597 3179
f 3179 597 138 843
f 3178 3179 843 842
f 3177 3178 842 841
f 884 3177 841 114
f 885 3174 3177 884
f 886 3171 3174 885
f 3180 3181 3184 3183
f 3181 3182 3185 3184
f 3183 3184 3187 3186
f 3184 3185 3188 3187
f 194 1438 3180 1112
f 1438 1437 3181 3180
f 1437 1436 3182 3181
f 1436 117 1378 3182
f 3182 1378 1379 3185
f 3185 1379 1380 3188
f 3188 1380 145 570
f 3187 3188 570 571
f 3186 3187 571 572
f 1114 3186 572 199
f 1113 3183 3186 1114
f 1112 3180 3183 1113
f 3189 3190 3193 3192
f 3190 3191 3194 3193
f 3192 3193 3196 3195
f 3193 3194 3197 3196
f 113 738 3189 732
f 738 739 3190 3189
f 739 740 3191 3190
f 740 135 1115 3191
f 3191 1115 1116 3194
f 3194 1116 1117 3197
f 3197 1117 185 925
f 3196 3197 925 924
f 3195 3196 924 923
f 734 3195 923 130
f 733 3192 3195 734
f 732 3189 3192 733
f 3198 3199 3202 3201
f 3199 3200 3203 3202
f 3201 3202 3205 3204
f 3202 3203 3206 3205
f 130 923 3198 1060
f 923 924 3199 3198
f 924 925 3200 3199
f 925 185 749 3200
f 3200 749 748 3203
f 3203 748 747 3206
f 3206 747 134 1111
f 3205 3206 1111 1110
f 3204 3205 1110 1109
f 1058 3204 1109 115
f 1059 3201 3204 1058
f 1060 3198 3201 1059
f 3207 3208 3211 3210
f 3208 3209 3212 3211
f 3210 3211 3214 3213
f 3211 3212 3215 3214
f 136 1285 3207 1284
f 1285 1286 3208 3207
f 1286 1287 3209 3208
f 1287 186 1120 3209
f 3209 1120 1119 3212
f 3212 1119 1118 3215
f 3215 1118 140 1278
f 3214 3215 1278 1277
f 3213 3214 1277 1276
f 1282 3213 1276 116
f 1283 3210 3213 1282
f 1284 3207 3210 1283
f 3216 3217 3220 3219
f 3217 3218 3221 3220
f 3219 3220 3223 3222
f 3220 3221 3224 3223
f 137 417 3216 1528
f 417 418 3217 3216
f 418 419 3218 3217
f 419 186 1287 3218
f 3218 1287 1286 3221
f 3221 1286 1285 3224
f 3224 1285 136 1614
f 3223 3224 1614 1613
f 3222 3223 1613 1612
f 1526 3222 1612 120
f 1527 3219 3222 1526
f 1528 3216 3219 1527
f 3225 3226 3229 3228
f 3226 3227 3230 3229
f 3228 3229 3232 3231
f 3229 3230 3233 3232
f 187 1584 3225 1288
f 1584 1583 3226 3225
f 1583 1582 3227 3226
f 1582 120 1612 3227
f 3227 1612 1613 3230
f 3230 1613 1614 3233
f 3233 1614 136 1291
f 3232 3233 1291 1292
f 3231 3232 1292 1293
f 1290 3231 1293 243
f 1289 3228 3231 1290
f 1288 3225 3228 1289
f 3234 3235 3238 3237
f 3235 3236 3239 3238
f 3237 3238 3241 3240
f 3238 3239 3242 3241
f 143 1036 3234 331
f 1036 1035 3235 3234
f 1035 1034 3236 3235
f 1034 140 1118 3236
f 3236 1118 1119 3239
f 3239 1119 1120 3242
f 3242 1120 186 419
f 3241 3242 419 418
f 3240 3241 418 417
f 329 3240 417 137
f 330 3237 3240 329
f 331 3234 3237 330
f 3243 3244 3247 3246
f 3244 3245 3248 3247
f 3246 3247 3250 3249
f 3247 3248 3251 3250
f 116 1368 3243 1282
f 1368 1367 3244 3243
f 1367 1366 3245 3244
f 1366 28 1472 3245
f 3245 1472 1473 3248
f 3248 1473 1474 3251
f 3251 1474 243 1293
f 3250 3251 1293 1292
f 3249 3250 1292 1291
f 1284 3249 1291 136
f 1283 3246 3249 1284
f 1282 3243 3246 1283
f 3252 3253 3256 3255
f 3253 3254 3257 3256
f 3255 3256 3259 3258
f 3256 3257 3260 3259
f 217 340 3252 926
f 340 339 3253 3252
f 339 338 3254 3253
f 338 121 420 3254
f 3254 420 421 3257
f 3257 421 422 3260
f 3260 422 127 1475
f 3259 3260 1475 1476
f 3258 3259 1476 1477
f 928 3258 1477 220
f 927 3255 3258 928
f 926 3252 3255 927
f 3261 3262 3265 3264
f 3262 3263 3266 3265
f 3264 3265 3268 3267
f 3265 3266 3269 3268
f 209 1003 3261 929
f 1003 1002 3262 3261
f 1002 1001 3263 3262
f 1001 148 1121 3263
f 3263 1121 1122 3266
f 3266 1122 1123 3269
f 3269 1123 188 1463
f 3268 3269 1463 1464
f 3267 3268 1464 1465
f 931 3267 1465 212
f 930 3264 3267 931
f 929 3261 3264 930
f 3270 3271 3274 3273
f 3271 3272 3275 3274
f 3273 3274 3277 3276
f 3274 3275 3278 3277
f 228 1481 3270 1480
f 1481 1482 3271 3270
f 1482 1483 3272 3271
f 1483 231 602 3272
f 3272 602 601 3275
f 3275 601 600 3278
f 3278 600 191 1468
f 3277 3278 1468 1467
f 3276 3277 1467 1466
f 1478 3276 1466 188
f 1479 3273 3276 1478
f 1480 3270 3273 1479
f 3279 3280 3283 3282
f 3280 3281 3284 3283
f 3282 3283 3286 3285
f 3283 3284 3287 3286
f 216 714 3279 750
f 714 713 3280 3279
f 713 712 3281 3280
f 712 123 753 3281
f 3281 753 754 3284
f 3284 754 755 3287
f 3287 755 125 1070
f 3286 3287 1070 1071
f 3285 3286 1071 1072
f 752 3285 1072 221
f 751 3282 3285 752
f 750 3279 3282 751
f 3288 3289 3292 3291
f 3289 3290 3293 3292
f 3291 3292 3295 3294
f 3292 3293 3296 3295
f 208 934 3288 756
f 934 933 3289 3288
f 933 932 3290 3289
f 932 147 935 3290
f 3290 935 936 3293
f 3293 936 937 3296
f 3296 937 189 1615
f 3295 3296 1615 1616
f 3294 3295 1616 1617
f 758 3294 1617 213
f 757 3291 3294 758
f 756 3288 3291 757
f 3297 3298 3301 3300
f 3298 3299 3302 3301
f 3300 3301 3304 3303
f 3301 3302 3305 3304
f 213 1617 3297 1296
f 1617 1616 3298 3297
f 1616 1615 3299 3298
f 1615 189 1486 3299
f 3299 1486 1485 3302
f 3302 1485 1484 3305
f 3305 1484 150 1396
f 3304 3305 1396 1397
f 3303 3304 1397 1398
f 1294 3303 1398 211
f 1295 3300 3303 1294
f 1296 3297 3300 1295
f 3306 3307 3310 3309
f 3307 3308 3311 3310
f 3309 3310 3313 3312
f 3310 3311 3314 3313
f 218 901 3306 1124
f 901 900 3307 3306
f 900 899 3308 3307
f 899 124 938 3308
f 3308 938 939 3311
f 3311 939 940 3314
f 3314 940 126 1261
f 3313 3314 1261 1262
f 3312 3313 1262 1263
f 1126 3312 1263 222
f 1125 3309 3312 1126
f 1124 3306 3309 1125
f 3315 3316 3319 3318
f 3316 3317 3320 3319
f 3318 3319 3322 3321
f 3319 3320 3323 3322
f 210 1299 3315 1127
f 1299 1298 3316 3315
f 1298 1297 3317 3316
f 1297 149 1300 3317
f 3317 1300 1301 3320
f 3320 1301 1302 3323
f 3323 1302 190 423
f 3322 3323 423 424
f 3321 3322 424 425
f 1129 3321 425 214
f 1128 3318 3321 1129
f 1127 3315 3318 1128
f 3324 3325 3328 3327
f 3325 3326 3329 3328
f 3327 3328 3331 3330
f 3328 3329 3332 3331
f 214 425 3324 761
f 425 424 3325 3324
f 424 423 3326 3325
f 423 190 943 3326
f 3326 943 942 3329
f 3329 942 941 3332
f 3332 941 147 932
f 3331 3332 932 933
f 3330 3331 933 934
f 759 3330 934 208
f 760 3327 3330 759
f 761 3324 3327 760
f 3333 3334 3337 3336
f 3334 3335 3338 3337
f 3336 3337 3340 3339
f 3337 3338 3341 3340
f 215 593 3333 1132
f 593 592 3334 3333
f 592 591 3335 3334
f 591 191 1305 3335
f 3335 1305 1304 3338
f 3338 1304 1303 3341
f 3341 1303 149 1297
f 3340 3341 1297 1298
f 3339 3340 1298 1299
f 1130 3339 1299 210
f 1131 3336 3339 1130
f 1132 3333 3336 1131
f 3342 3343 3346 3345
f 3343 3344 3347 3346
f 3345 3346 3349 3348
f 3346 3347 3350 3349
f 182 390 3342 1108
f 390 391 3343 3342
f 391 392 3344 3343
f 392 196 1066 3344
f 3344 1066 1065 3347
f 3347 1065 1064 3350
f 3350 1064 194 1135
f 3349 3350 1135 1134
f 3348 3349 1134 1133
f 1106 3348 1133 135
f 1107 3345 3348 1106
f 1108 3342 3345 1107
f 3351 3352 3355 3354
f 3352 3353 3356 3355
f 3354 3355 3358 3357
f 3355 3356 3359 3358
f 178 1103 3351 1091
f 1103 1104 3352 3351
f 1104 1105 3353 3352
f 1105 181 1609 3353
f 3353 1609 1610 3356
f 3356 1610 1611 3359
f 3359 1611 207 1444
f 3358 3359 1444 1443
f 3357 3358 1443 1442
f 1093 3357 1442 204
f 1092 3354 3357 1093
f 1091 3351 3354 1092
f 3360 3361 3364 3363
f 3361 3362 3365 3364
f 3363 3364 3367 3366
f 3364 3365 3368 3367
f 184 762 3360 599
f 762 763 3361 3360
f 763 764 3362 3361
f 764 198 1257 3362
f 3362 1257 1256 3365
f 3365 1256 1255 3368
f 3368 1255 195 542
f 3367 3368 542 541
f 3366 3367 541 540
f 597 3366 540 138
f 598 3363 3366 597
f 599 3360 3363 598
f 3369 3370 3373 3372
f 3370 3371 3374 3373
f 3372 3373 3376 3375
f 3373 3374 3377 3376
f 185 944 3369 749
f 944 945 3370 3369
f 945 946 3371 3370
f 946 199 895 3371
f 3371 895 894 3374
f 3374 894 893 3377
f 3377 893 193 767
f 3376 3377 767 766
f 3375 3376 766 765
f 747 3375 765 134
f 748 3372 3375 747
f 749 3369 3372 748
f 3378 3379 3382 3381
f 3379 3380 3383 3382
f 3381 3382 3385 3384
f 3382 3383 3386 3385
f 133 543 3378 594
f 543 544 3379 3378
f 544 545 3380 3379
f 545 192 741 3380
f 3380 741 742 3383
f 3383 742 743 3386
f 3386 743 197 578
f 3385 3386 578 577
f 3384 3385 577 576
f 596 3384 576 183
f 595 3381 3384 596
f 594 3378 3381 595
f 3387 3388 3391 3390
f 3388 3389 3392 3391
f 3390 3391 3394 3393
f 3391 3392 3395 3394
f 134 765 3387 744
f 765 766 3388 3387
f 766 767 3389 3388
f 767 193 920 3389
f 3389 920 921 3392
f 3392 921 922 3395
f 3395 922 198 764
f 3394 3395 764 763
f 3393 3394 763 762
f 746 3393 762 184
f 745 3390 3393 746
f 744 3387 3390 745
f 3396 3397 3400 3399
f 3397 3398 3401 3400
f 3399 3400 3403 3402
f 3400 3401 3404 3403
f 135 1133 3396 1115
f 1133 1134 3397 3396
f 1134 1135 3398 3397
f 1135 194 1112 3398
f 3398 1112 1113 3401
f 3401 1113 1114 3404
f 3404 1114 199 946
f 3403 3404 946 945
f 3402 3403 945 944
f 1117 3402 944 185
f 1116 3399 3402 1117
f 1115 3396 3399 1116
f 3405 3406 3409 3408
f 3406 3407 3410 3409
f 3408 3409 3412 3411
f 3409 3410 3413 3412
f 121 353 3405 420
f 353 354 3406 3405
f 354 355 3407 3406
f 355 203 1270 3407
f 3407 1270 1271 3410
f 3410 1271 1272 3413
f 3413 1272 204 1441
f 3412 3413 1441 1440
f 3411 3412 1440 1439
f 422 3411 1439 127
f 421 3408 3411 422
f 420 3405 3408 421
f 3414 3415 3418 3417
f 3415 3416 3419 3418
f 3417 3418 3421 3420
f 3418 3419 3422 3421
f 127 1445 3414 1475
f 1445 1446 3415 3414
f 1446 1447 3416 3415
f 1447 128 1600 3416
f 3416 1600 1601 3419
f 3419 1601 1602 3422
f 3422 1602 223 1489
f 3421 3422 1489 1488
f 3420 3421 1488 1487
f 1477 3420 1487 220
f 1476 3417 3420 1477
f 1475 3414 3417 1476
f 3423 3424 3427 3426
f 3424 3425 3428 3427
f 3426 3427 3430 3429
f 3427 3428 3431 3430
f 123 768 3423 753
f 768 769 3424 3423
f 769 770 3425 3424
f 770 200 729 3425
f 3425 729 730 3428
f 3428 730 731 3431
f 3431 731 205 1138
f 3430 3431 1138 1137
f 3429 3430 1137 1136
f 755 3429 1136 125
f 754 3426 3429 755
f 753 3423 3426 754
f 3432 3433 3436 3435
f 3433 3434 3437 3436
f 3435 3436 3439 3438
f 3436 3437 3440 3439
f 125 1136 3432 575
f 1136 1137 3433 3432
f 1137 1138 3434 3433
f 1138 205 919 3434
f 3434 919 918 3437
f 3437 918 917 3440
f 3440 917 201 548
f 3439 3440 548 547
f 3438 3439 547 546
f 573 3438 546 122
f 574 3435 3438 573
f 575 3432 3435 574
f 3441 3442 3445 3444
f 3442 3443 3446 3445
f 3444 3445 3448 3447
f 3445 3446 3449 3448
f 124 947 3441 938
f 947 948 3442 3441
f 948 949 3443 3442
f 949 202 1097 3443
f 3443 1097 1098 3446
f 3446 1098 1099 3449
f 3449 1099 206 1308
f 3448 3449 1308 1307
f 3447 3448 1307 1306
f 940 3447 1306 126
f 939 3444 3447 940
f 938 3441 3444 939
f 3450 3451 3454 3453
f 3451 3452 3455 3454
f 3453 3454 3457 3456
f 3454 3455 3458 3457
f 126 1306 3450 711
f 1306 1307 3451 3450
f 1307 1308 3452 3451
f 1308 206 737 3452
f 3452 737 736 3455
f 3455 736 735 3458
f 3458 735 200 770
f 3457 3458 770 769
f 3456 3457 769 768
f 709 3456 768 123
f 710 3453 3456 709
f 711 3450 3453 710
f 3459 3460 3463 3462
f 3460 3461 3464 3463
f 3462 3463 3466 3465
f 3463 3464 3467 3466
f 128 1594 3459 898
f 1594 1595 3460 3459
f 1595 1596 3461 3460
f 1596 207 1102 3461
f 3461 1102 1101 3464
f 3464 1101 1100 3467
f 3467 1100 202 949
f 3466 3467 949 948
f 3465 3466 948 947
f 896 3465 947 124
f 897 3462 3465 896
f 898 3459 3462 897
f 3468 3469 3472 3471
f 3469 3470 3473 3472
f 3471 3472 3475 3474
f 3472 3473 3476 3475
f 108 1225 3468 1264
f 1225 1226 3469 3468
f 1226 1227 3470 3469
f 1227 209 929 3470
f 3470 929 930 3473
f 3473 930 931 3476
f 3476 931 212 1057
f 3475 3476 1057 1056
f 3474 3475 1056 1055
f 1266 3474 1055 159
f 1265 3471 3474 1266
f 1264 3468 3471 1265
f 3723 3477 3479 3724
f 3477 3478 3480 3479
f 3724 3479 3482 3481 3725
f 3479 3480 3483 3482
f 3686 715 3477 3723
f 715 716 3478 3477
f 716 171 1078 3478
f 3478 1078 1077 3480
f 3480 1077 1076 3483
f 3483 1076 170 1081
f 3482 3483 1081 1080
f 3481 3482 1080 1079
f 3726 3481 1079 3688
f 3726 3725 3481
f 3484 3485 3488 3487
f 3485 3486 3489 3488
f 3487 3488 3491 3490
f 3488 3489 3492 3491
f 111 426 3484 408
f 426 427 3485 3484
f 427 428 3486 3485
f 428 208 756 3486
f 3486 756 757 3489
f 3489 757 758 3492
f 3492 758 213 1492
f 3491 3492 1492 1491
f 3490 3491 1491 1490
f 410 3490 1490 161
f 409 3487 3490 410
f 408 3484 3487 409
f 3493 3494 3497 3496
f 3494 3495 3498 3497
f 3496 3497 3500 3499
f 3497 3498 3501 3500
f 161 1490 3493 1593
f 1490 1491 3494 3493
f 1491 1492 3495 3494
f 1492 213 1296 3495
f 3495 1296 1295 3498
f 3498 1295 1294 3501
f 3501 1294 211 1572
f 3500 3501 1572 1571
f 3499 3500 1571 1570
f 1591 3499 1570 110
f 1592 3496 3499 1591
f 1593 3493 3496 1592
f 3502 3503 3506 3505
f 3503 3504 3507 3506
f 3505 3506 3509 3508
f 3506 3507 3510 3509
f 109 1493 3502 1460
f 1493 1494 3503 3502
f 1494 1495 3504 3503
f 1495 210 1127 3504
f 3504 1127 1128 3507
f 3507 1128 1129 3510
f 3510 1129 214 1311
f 3509 3510 1311 1310
f 3508 3509 1310 1309
f 1462 3508 1309 160
f 1461 3505 3508 1462
f 1460 3502 3505 1461
f 3511 3512 3515 3514
f 3512 3513 3516 3515
f 3514 3515 3518 3517
f 3515 3516 3519 3518
f 160 1309 3511 377
f 1309 1310 3512 3511
f 1310 1311 3513 3512
f 1311 214 761 3513
f 3513 761 760 3516
f 3516 760 759 3519
f 3519 759 208 428
f 3518 3519 428 427
f 3517 3518 427 426
f 375 3517 426 111
f 376 3514 3517 375
f 377 3511 3514 376
f 3520 3521 3524 3523
f 3521 3522 3525 3524
f 3523 3524 3527 3526
f 3524 3525 3528 3527
f 162 567 3520 1426
f 567 568 3521 3520
f 568 569 3522 3521
f 569 215 1132 3522
f 3522 1132 1131 3525
f 3525 1131 1130 3528
f 3528 1130 210 1495
f 3527 3528 1495 1494
f 3526 3527 1494 1493
f 1424 3526 1493 109
f 1425 3523 3526 1424
f 1426 3520 3523 1425
f 3529 3530 3533 3532
f 3530 3531 3534 3533
f 3532 3533 3536 3535
f 3533 3534 3537 3536
f 229 1620 3529 1314
f 1620 1619 3530 3529
f 1619 1618 3531 3530
f 1618 221 1260 3531
f 3531 1260 1259 3534
f 3534 1259 1258 3537
f 3537 1258 219 1231
f 3536 3537 1231 1232
f 3535 3536 1232 1233
f 1312 3535 1233 227
f 1313 3532 3535 1312
f 1314 3529 3532 1313
f 3538 3539 3542 3541
f 3539 3540 3543 3542
f 3541 3542 3545 3544
f 3542 3543 3546 3545
f 230 431 3538 773
f 431 430 3539 3538
f 430 429 3540 3539
f 429 222 708 3540
f 3540 708 707 3543
f 3543 707 706 3546
f 3546 706 216 774
f 3545 3546 774 775
f 3544 3545 775 776
f 771 3544 776 224
f 772 3541 3544 771
f 773 3538 3541 772
f 3547 3548 3551 3550
f 3548 3549 3552 3551
f 3550 3551 3554 3553
f 3551 3552 3555 3554
f 231 605 3547 1141
f 605 604 3548 3547
f 604 603 3549 3548
f 603 223 1075 3549
f 3549 1075 1074 3552
f 3552 1074 1073 3555
f 3555 1073 218 1142
f 3554 3555 1142 1143
f 3553 3554 1143 1144
f 1139 3553 1144 226
f 1140 3550 3553 1139
f 1141 3547 3550 1140
f 3556 3557 3560 3559
f 3557 3558 3561 3560
f 3559 3560 3563 3562
f 3560 3561 3564 3563
f 225 870 3556 950
f 870 869 3557 3556
f 869 868 3558 3557
f 868 217 926 3558
f 3558 926 927 3561
f 3561 927 928 3564
f 3564 928 220 1496
f 3563 3564 1496 1497
f 3562 3563 1497 1498
f 952 3562 1498 228
f 951 3559 3562 952
f 950 3556 3559 951
f 3565 3566 3569 3568
f 3566 3567 3570 3569
f 3568 3569 3572 3571
f 3569 3570 3573 3572
f 224 776 3565 777
f 776 775 3566 3565
f 775 774 3567 3566
f 774 216 750 3567
f 3567 750 751 3570
f 3570 751 752 3573
f 3573 752 221 1618
f 3572 3573 1618 1619
f 3571 3572 1619 1620
f 779 3571 1620 229
f 778 3568 3571 779
f 777 3565 3568 778
f 3574 3575 3578 3577
f 3575 3576 3579 3578
f 3577 3578 3581 3580
f 3578 3579 3582 3581
f 226 1144 3574 1145
f 1144 1143 3575 3574
f 1143 1142 3576 3575
f 1142 218 1124 3576
f 3576 1124 1125 3579
f 3579 1125 1126 3582
f 3582 1126 222 429
f 3581 3582 429 430
f 3580 3581 430 431
f 1147 3580 431 230
f 1146 3577 3580 1147
f 1145 3574 3577 1146
f 3583 3584 3587 3586
f 3584 3585 3588 3587
f 3586 3587 3590 3589
f 3587 3588 3591 3590
f 220 1487 3583 1496
f 1487 1488 3584 3583
f 1488 1489 3585 3584
f 1489 223 603 3585
f 3585 603 604 3588
f 3588 604 605 3591
f 3591 605 231 1483
f 3590 3591 1483 1482
f 3589 3590 1482 1481
f 1498 3589 1481 228
f 1497 3586 3589 1498
f 1496 3583 3586 1497
f 3592 3593 3596 3595
f 3593 3594 3597 3596
f 3595 3596 3599 3598
f 3596 3597 3600 3599
f 189 1621 3592 1486
f 1621 1622 3593 3592
f 1622 1623 3594 3593
f 1623 229 1314 3594
f 3594 1314 1313 3597
f 3597 1313 1312 3600
f 3600 1312 227 1416
f 3599 3600 1416 1415
f 3598 3599 1415 1414
f 1484 3598 1414 150
f 1485 3595 3598 1484
f 1486 3592 3595 1485
f 3601 3602 3605 3604
f 3602 3603 3606 3605
f 3604 3605 3608 3607
f 3605 3606 3609 3608
f 190 432 3601 943
f 432 433 3602 3601
f 433 434 3603 3602
f 434 230 773 3603
f 3603 773 772 3606
f 3606 772 771 3609
f 3609 771 224 955
f 3608 3609 955 954
f 3607 3608 954 953
f 941 3607 953 147
f 942 3604 3607 941
f 943 3601 3604 942
f 3610 3611 3614 3613
f 3611 3612 3615 3614
f 3613 3614 3617 3616
f 3614 3615 3618 3617
f 191 600 3610 1305
f 600 601 3611 3610
f 601 602 3612 3611
f 602 231 1141 3612
f 3612 1141 1140 3615
f 3615 1140 1139 3618
f 3618 1139 226 1317
f 3617 3618 1317 1316
f 3616 3617 1316 1315
f 1303 3616 1315 149
f 1304 3613 3616 1303
f 1305 3610 3613 1304
f 3619 3620 3623 3622
f 3620 3621 3624 3623
f 3622 3623 3626 3625
f 3623 3624 3627 3626
f 148 1028 3619 1121
f 1028 1029 3620 3619
f 1029 1030 3621 3620
f 1030 225 950 3621
f 3621 950 951 3624
f 3624 951 952 3627
f 3627 952 228 1480
f 3626 3627 1480 1479
f 3625 3626 1479 1478
f 1123 3625 1478 188
f 1122 3622 3625 1123
f 1121 3619 3622 1122
f 3628 3629 3632 3631
f 3629 3630 3633 3632
f 3631 3632 3635 3634
f 3632 3633 3636 3635
f 147 953 3628 935
f 953 954 3629 3628
f 954 955 3630 3629
f 955 224 777 3630
f 3630 777 778 3633
f 3633 778 779 3636
f 3636 779 229 1623
f 3635 3636 1623 1622
f 3634 3635 1622 1621
f 937 3634 1621 189
f 936 3631 3634 937
f 935 3628 3631 936
f 3637 3638 3641 3640
f 3638 3639 3642 3641
f 3640 3641 3644 3643
f 3641 3642 3645 3644
f 149 1315 3637 1300
f 1315 1316 3638 3637
f 1316 1317 3639 3638
f 1317 226 1145 3639
f 3639 1145 1146 3642
f 3642 1146 1147 3645
f 3645 1147 230 434
f 3644 3645 434 433
f 3643 3644 433 432
f 1302 3643 432 190
f 1301 3640 3643 1302
f 1300 3637 3640 1301
f 3646 3647 3650 3649
f 3647 3648 3651 3650
f 3649 3650 3653 3652
f 3650 3651 3654 3653
f 28 1345 3646 1472
f 1345 1346 3647 3646
f 1346 1347 3648 3647
f 1347 30 435 3648
f 3648 435 436 3651
f 3651 436 437 3654
f 3654 437 187 1288
f 3653 3654 1288 1289
f 3652 3653 1289 1290
f 1474 3652 1290 243
f 1473 3649 3652 1474
f 1472 3646 3649 1473
f 3655 3656 3659 3658
f 3656 3657 3660 3659
f 3658 3659 3662 3661
f 3659 3660 3663 3662
f 118 1597 3655 1069
f 1597 1598 3656 3655
f 1598 1599 3657 3656
f 1599 142 530 3657
f 3657 530 529 3660
f 3660 529 528 3663
f 3663 528 26 519
f 3662 3663 519 520
f 3661 3662 520 521
f 1067 3661 521 64
f 1068 3658 3661 1067
f 1069 3655 3658 1068
f 3664 3665 3668 3667
f 3665 3666 3669 3668
f 3667 3668 3671 3670
f 3668 3669 3672 3671
f 30 618 3664 435
f 618 617 3665 3664
f 617 616 3666 3665
f 616 12 780 3666
f 3666 780 781 3669
f 3669 781 782 3672
f 3672 782 246 1242
f 3671 3672 1242 1241
f 3670 3671 1241 1240
f 437 3670 1240 187
f 436 3667 3670 437
f 435 3664 3667 436
f 3673 3674 3677 3676
f 3674 3675 3678 3677
f 3676 3677 3680 3679
f 3677 3678 3681 3680
f 32 661 3673 660
f 661 662 3674 3673
f 662 663 3675 3674
f 663 65 1237 3675
f 3675 1237 1238 3678
f 3678 1238 1239 3681
f 3681 1239 246 782
f 3680 3681 782 781
f 3679 3680 781 780
f 658 3679 780 12
f 659 3676 3679 658
f 660 3673 3676 659
f 825 101 151 1189 1883
