# scrotum, cut by scripts/blender/cut_male.py from adult_male_genitalia_breast_fix.obj (sha256 78092e99e7165d5ee6d0e48dca48ee360fbb73b61206325dca8746dcf65c8095)
# CC0: the source's page states CC0; see packs/adult-anatomy/source/PROVENANCE.md
v -0.004186 0.780807 0.085287
v -0.018136 0.776951 0.065193
v -0.004543 0.773869 0.069584
v -0.025385 0.756358 0.088152
v -0.006417 0.750056 0.088366
v -0.022892 0.752753 0.067108
v -0.005169 0.747499 0.072759
v -0.023361 0.745219 0.085973
v -0.010361 0.742795 0.086667
v -0.020359 0.741117 0.073321
v -0.009795 0.739347 0.075570
v -0.015334 0.783000 0.066582
v -0.007053 0.783000 0.067620
v -0.023545 0.770703 0.087657
v -0.004525 0.766134 0.088567
v -0.004723 0.760885 0.070136
v -0.021440 0.764574 0.065387
v 0.000024 0.783000 0.084396
v -0.002306 0.760611 0.071188
v -0.015118 0.762544 0.063752
v -0.008641 0.761264 0.066674
v -0.026560 0.767525 0.070777
v -0.009475 0.768054 0.090441
v -0.027488 0.770241 0.081048
v -0.017889 0.770154 0.090884
v -0.002006 0.765633 0.087983
v -0.002254 0.783000 0.068689
v 0.010184 0.783000 0.065874
v -0.019779 0.783000 0.069761
v -0.021899 0.783000 0.075940
v -0.010184 0.783000 0.065874
v 0.019780 0.783000 0.069761
v 0.021899 0.783000 0.075937
v 0.004305 0.783000 0.069378
v -0.022004 0.783000 0.077799
v -0.009743 0.783000 0.085637
v -0.008136 0.783000 0.085414
v -0.004305 0.783000 0.069378
v 0.005408 0.783000 0.068902
v 0.022006 0.783000 0.077800
v 0.008136 0.783000 0.085415
v 0.009733 0.783000 0.085637
v -0.004816 0.754165 0.070474
v -0.002225 0.748686 0.073538
v -0.024951 0.763727 0.088434
v -0.005393 0.758213 0.089296
v -0.022690 0.758891 0.065816
v -0.004748 0.766953 0.069515
v -0.021446 0.777719 0.085298
v -0.020277 0.770300 0.064870
v -0.004391 0.773504 0.087460
v -0.024309 0.743207 0.082832
v -0.022738 0.741134 0.076885
v -0.004296 0.782735 0.069655
v -0.001909 0.780311 0.085192
v -0.024857 0.749572 0.087210
v -0.008798 0.745299 0.087628
v -0.010136 0.748963 0.068275
v -0.009360 0.740665 0.084095
v -0.022015 0.745542 0.070055
v -0.013656 0.743546 0.087729
v -0.017158 0.739847 0.073362
v -0.019755 0.744590 0.087467
v -0.012405 0.739179 0.074309
v -0.003511 0.743974 0.077908
v -0.009101 0.739015 0.078660
v -0.011726 0.753259 0.091000
v -0.004153 0.745131 0.084588
v -0.002296 0.773793 0.070460
v -0.029156 0.755631 0.082017
v -0.007767 0.774202 0.066643
v -0.027936 0.754060 0.072526
v -0.019764 0.756050 0.091351
v -0.012443 0.775052 0.064080
v -0.008217 0.782434 0.085669
v -0.017489 0.750991 0.065582
v -0.007723 0.742075 0.073997
v -0.002794 0.751676 0.087580
v -0.021507 0.779928 0.069486
v -0.002248 0.781754 0.070148
v -0.001624 0.745320 0.077910
v -0.011292 0.742971 0.070713
v -0.019056 0.763054 0.091834
v -0.009267 0.755028 0.066929
v -0.027928 0.761111 0.071408
v -0.012743 0.738360 0.078662
v -0.026376 0.746568 0.074512
v -0.019987 0.749668 0.089880
v -0.006569 0.742507 0.084249
v -0.016735 0.756932 0.064087
v -0.029037 0.763288 0.081731
v -0.001981 0.746819 0.084594
v -0.013346 0.740487 0.084869
v -0.017406 0.744321 0.068794
v -0.012906 0.747707 0.089759
v -0.018548 0.738933 0.078082
v -0.019860 0.741233 0.084384
v -0.010490 0.760364 0.091401
v -0.002276 0.754139 0.071626
v -0.006076 0.741146 0.078183
v -0.002461 0.758327 0.088460
v -0.027774 0.748400 0.082274
v 0.001827 0.783000 0.084219
v 0.019526 0.783000 0.083186
v -0.005410 0.783000 0.068901
v -0.019518 0.783000 0.083175
v 0.002251 0.783000 0.068690
v 0.004011 0.783000 0.084439
v -0.016475 0.777291 0.088279
v -0.008277 0.767134 0.066280
v -0.024520 0.773515 0.069927
v -0.013978 0.768176 0.063387
v -0.024966 0.776957 0.079452
v -0.008959 0.775314 0.088535
v -0.002351 0.766848 0.070622
v -0.001959 0.772901 0.087151
v -0.001815 0.783000 0.084219
v -0.000008 0.783000 0.066217
v -0.004011 0.783000 0.084439
v -0.015088 0.783000 0.085662
v 0.015334 0.783000 0.066582
v 0.007053 0.783000 0.067620
v 0.015094 0.783000 0.085673
v -0.001348 0.783000 0.084265
v -0.000886 0.783000 0.084324
v -0.000428 0.783000 0.084375
v -0.001723 0.783000 0.067839
v -0.001163 0.783000 0.067099
v -0.000665 0.783000 0.066658
v -0.000589 0.783000 0.066544
v -0.018802 0.783000 0.068526
v -0.017741 0.783000 0.067629
v -0.016591 0.783000 0.067010
v -0.019216 0.783000 0.069055
v -0.006340 0.783000 0.068207
v -0.005622 0.783000 0.068756
v -0.020672 0.783000 0.071417
v -0.020944 0.783000 0.072147
v -0.021400 0.783000 0.073442
v -0.021878 0.783000 0.075652
v -0.003365 0.783000 0.084306
v -0.002801 0.783000 0.084231
v -0.002293 0.783000 0.084204
v -0.002260 0.783000 0.068699
v -0.002757 0.783000 0.069051
v -0.003246 0.783000 0.069303
v -0.003751 0.783000 0.069421
v -0.004934 0.783000 0.069157
v -0.009246 0.783000 0.066116
v -0.008455 0.783000 0.066521
v -0.007744 0.783000 0.067039
v 0.004186 0.780808 0.085287
v 0.018136 0.776960 0.065193
v 0.004543 0.773869 0.069584
v 0.025385 0.756359 0.088152
v 0.006417 0.750056 0.088366
v 0.022892 0.752753 0.067108
v 0.005169 0.747499 0.072759
v 0.023361 0.745219 0.085973
v 0.010361 0.742795 0.086667
v 0.020359 0.741117 0.073321
v 0.009795 0.739347 0.075570
v 0.000010 0.780253 0.085328
v -0.000002 0.752455 0.087578
v -0.000001 0.773306 0.070277
v 0.000000 0.748918 0.073467
v -0.013978 0.783000 0.066207
v -0.012611 0.783000 0.065948
v -0.011321 0.783000 0.065827
v -0.015260 0.783000 0.066566
v -0.006776 0.783000 0.085150
v -0.005670 0.783000 0.084882
v -0.004765 0.783000 0.084636
v -0.004684 0.783000 0.084614
v -0.017001 0.783000 0.085050
v -0.017638 0.783000 0.084741
v -0.018619 0.783000 0.084022
v -0.016488 0.783000 0.085299
v -0.009776 0.783000 0.085641
v -0.011581 0.783000 0.085789
v -0.013408 0.783000 0.085813
v -0.020392 0.783000 0.082212
v -0.021169 0.783000 0.081052
v -0.021742 0.783000 0.079605
v -0.020094 0.783000 0.082541
v 0.023545 0.770714 0.087658
v 0.004525 0.766134 0.088567
v 0.004723 0.760885 0.070136
v 0.021441 0.764582 0.065388
v 0.000002 0.765663 0.088068
v -0.000001 0.760437 0.071252
v 0.001371 0.783000 0.084265
v 0.000920 0.783000 0.084324
v 0.002305 0.760611 0.071188
v 0.015118 0.762546 0.063752
v 0.000473 0.783000 0.084375
v 0.001717 0.783000 0.067840
v 0.008641 0.761264 0.066674
v 0.001152 0.783000 0.067099
v 0.026560 0.767527 0.070777
v 0.000650 0.783000 0.066658
v 0.000000 0.747485 0.084650
v 0.000574 0.783000 0.066544
v 0.018802 0.783000 0.068526
v 0.009475 0.768056 0.090441
v 0.017742 0.783000 0.067629
v 0.016591 0.783000 0.067010
v 0.027488 0.770243 0.081048
v 0.017889 0.770165 0.090885
v 0.019216 0.783000 0.069054
v 0.005622 0.783000 0.068756
v 0.002007 0.765633 0.087983
v 0.006340 0.783000 0.068207
v 0.020672 0.783000 0.071417
v 0.020944 0.783000 0.072146
v 0.021879 0.783000 0.075652
v 0.021400 0.783000 0.073443
v 0.003365 0.783000 0.084306
v 0.002802 0.783000 0.084231
v 0.002298 0.783000 0.084204
v 0.003751 0.783000 0.069421
v 0.003246 0.783000 0.069303
v 0.002756 0.783000 0.069051
v 0.002257 0.783000 0.068699
v 0.004934 0.783000 0.069158
v -0.000002 0.766682 0.070655
v 0.000004 0.745641 0.077888
v 0.007744 0.783000 0.067039
v -0.000002 0.754151 0.071658
v 0.008455 0.783000 0.066521
v 0.009246 0.783000 0.066116
v 0.000001 0.758784 0.088423
v 0.015260 0.783000 0.066566
v 0.011321 0.783000 0.065827
v 0.012611 0.783000 0.065948
v 0.013978 0.783000 0.066207
v 0.004684 0.783000 0.084614
v 0.004765 0.783000 0.084636
v 0.005670 0.783000 0.084882
v 0.006776 0.783000 0.085151
v 0.016791 0.783000 0.085169
v 0.017646 0.783000 0.084754
v 0.018628 0.783000 0.084034
v 0.016496 0.783000 0.085312
v 0.013411 0.783000 0.085821
v 0.011583 0.783000 0.085794
v 0.009776 0.783000 0.085644
v 0.020295 0.783000 0.082335
v 0.021746 0.783000 0.079608
v 0.021174 0.783000 0.081057
v 0.020399 0.783000 0.082220
v 0.004816 0.754165 0.070474
v -0.000002 0.772825 0.087253
v -0.000004 0.780739 0.069946
v 0.002225 0.748686 0.073538
v 0.024951 0.763728 0.088434
v 0.005393 0.758213 0.089296
v 0.022690 0.758891 0.065816
v 0.004748 0.766953 0.069515
v 0.021447 0.777762 0.085303
v 0.020277 0.770334 0.064873
v 0.004391 0.773504 0.087460
v 0.024309 0.743207 0.082832
v 0.022738 0.741134 0.076885
v 0.004296 0.782736 0.069655
v 0.001914 0.780311 0.085192
v 0.024857 0.749571 0.087210
v 0.008798 0.745299 0.087628
v 0.010136 0.748963 0.068275
v 0.009360 0.740665 0.084095
v 0.022015 0.745542 0.070055
v 0.013656 0.743546 0.087729
v 0.017158 0.739847 0.073362
v 0.019755 0.744590 0.087467
v 0.012405 0.739179 0.074309
v 0.003511 0.743974 0.077908
v 0.009101 0.739015 0.078660
v 0.011726 0.753259 0.091000
v 0.004153 0.745131 0.084588
v 0.002296 0.773793 0.070460
v 0.029156 0.755631 0.082017
v 0.007767 0.774202 0.066643
v 0.027936 0.754060 0.072526
v 0.019764 0.756050 0.091351
v 0.012443 0.775055 0.064081
v 0.008217 0.782436 0.085669
v 0.017489 0.750991 0.065582
v 0.007723 0.742075 0.073997
v 0.002793 0.751677 0.087580
v 0.021508 0.779930 0.069486
v 0.002246 0.781755 0.070148
v 0.001625 0.745320 0.077910
v 0.011292 0.742971 0.070713
v 0.019056 0.763054 0.091834
v 0.009267 0.755028 0.066929
v 0.027928 0.761111 0.071408
v 0.012743 0.738360 0.078662
v 0.026376 0.746568 0.074512
v 0.019987 0.749668 0.089880
v 0.006569 0.742507 0.084249
v 0.016735 0.756932 0.064087
v 0.029037 0.763288 0.081731
v 0.001981 0.746819 0.084594
v 0.013346 0.740487 0.084869
v 0.017406 0.744321 0.068794
v 0.012906 0.747707 0.089759
v 0.018548 0.738933 0.078082
v 0.019860 0.741233 0.084384
v 0.010490 0.760364 0.091401
v 0.002275 0.754139 0.071626
v 0.006076 0.741146 0.078183
v 0.002462 0.758327 0.088460
v 0.027774 0.748400 0.082274
v 0.016476 0.777334 0.088284
v 0.008277 0.767134 0.066280
v 0.024520 0.773523 0.069928
v 0.013978 0.768185 0.063388
v 0.024966 0.776966 0.079453
v 0.008959 0.775322 0.088536
v 0.002350 0.766848 0.070622
v 0.001958 0.772901 0.087151
v -0.017249 0.778976 0.065696
v -0.016279 0.781049 0.066231
v -0.019275 0.777573 0.065899
v -0.020215 0.778264 0.066796
v -0.020959 0.779042 0.067965
v -0.007567 0.776548 0.067155
v -0.007359 0.778987 0.067654
v -0.007172 0.781291 0.067883
v -0.012196 0.739863 0.073368
v -0.011924 0.740723 0.072434
v -0.011614 0.741760 0.071538
v -0.008378 0.742321 0.073131
v -0.009157 0.742529 0.072285
v -0.010111 0.742735 0.071474
v -0.012535 0.738675 0.075245
v -0.012611 0.738362 0.076231
v -0.012669 0.738253 0.077345
v -0.020627 0.741722 0.072751
v -0.021054 0.742715 0.071925
v -0.021548 0.744005 0.070996
v -0.020739 0.740961 0.073872
v -0.021333 0.740862 0.074679
v -0.022031 0.740913 0.075672
v -0.023840 0.749743 0.088075
v -0.022732 0.749843 0.088830
v -0.021469 0.749831 0.089443
v -0.011005 0.755441 0.065955
v -0.012921 0.755914 0.065096
v -0.014877 0.756420 0.064443
v -0.008783 0.774347 0.065804
v -0.009895 0.774527 0.065045
v -0.011112 0.774757 0.064444
v -0.007934 0.772126 0.066325
v -0.008070 0.770301 0.066196
v -0.008182 0.768660 0.066200
v 0.000001 0.746612 0.083143
v 0.000002 0.745971 0.081397
v 0.000003 0.745626 0.079587
v -0.016811 0.776383 0.064620
v -0.015366 0.775871 0.064209
v -0.013883 0.775425 0.064012
v -0.019788 0.740792 0.073318
v -0.019023 0.740426 0.073308
v -0.018159 0.740112 0.073310
v -0.007151 0.741775 0.074881
v -0.006672 0.741474 0.075832
v -0.006306 0.741241 0.076912
v -0.025824 0.749358 0.086252
v -0.026686 0.749099 0.085153
v -0.027362 0.748784 0.083849
v -0.018865 0.775092 0.064885
v -0.019444 0.773390 0.064765
v -0.019905 0.771806 0.064778
v 0.005228 0.773906 0.069002
v 0.005992 0.773977 0.068289
v 0.006838 0.774078 0.067488
v 0.004453 0.776175 0.069966
v 0.004369 0.778576 0.070288
v 0.004310 0.780841 0.070276
v 0.008378 0.742321 0.073131
v 0.009157 0.742529 0.072285
v 0.010111 0.742735 0.071474
v 0.010205 0.739249 0.075360
v 0.010793 0.739166 0.075044
v 0.011511 0.739142 0.074678
v 0.009469 0.739703 0.075290
v 0.008965 0.740300 0.074883
v 0.008362 0.741096 0.074431
v 0.009893 0.750495 0.067830
v 0.009669 0.752001 0.067450
v 0.009461 0.753505 0.067145
v 0.028063 0.755904 0.072171
v 0.028109 0.757688 0.071869
v 0.028067 0.759421 0.071617
v 0.009674 0.739161 0.076041
v 0.009482 0.738991 0.076730
v 0.009270 0.738931 0.077586
v 0.000486 0.747437 0.084642
v 0.000976 0.747301 0.084623
v 0.001473 0.747091 0.084604
v 0.011005 0.755441 0.065955
v 0.012921 0.755914 0.065096
v 0.014877 0.756420 0.064443
v 0.011884 0.749417 0.067324
v 0.013791 0.749926 0.066516
v 0.015709 0.750461 0.065915
v 0.002296 0.749927 0.072874
v 0.002312 0.751247 0.072336
v 0.002297 0.752650 0.071921
v 0.021615 0.771032 0.065725
v 0.022784 0.771793 0.066787
v 0.023760 0.772623 0.068155
v 0.002323 0.762198 0.071083
v 0.002338 0.763754 0.070947
v 0.002347 0.765298 0.070790
v 0.003929 0.773866 0.070002
v 0.003367 0.773873 0.070270
v 0.002831 0.773859 0.070414
v 0.002084 0.747534 0.074340
v 0.001908 0.746537 0.075310
v 0.001740 0.745773 0.076487
v 0.002987 0.744470 0.077895
v 0.002504 0.744844 0.077897
v 0.002054 0.745119 0.077905
v 0.010399 0.747398 0.068775
v 0.010680 0.745841 0.069340
v 0.010979 0.744347 0.069982
v 0.027729 0.752155 0.072939
v 0.027420 0.750235 0.073409
v 0.026978 0.748354 0.073934
v 0.003459 0.743852 0.079566
v 0.003561 0.744029 0.081338
v 0.003798 0.744467 0.083064
v 0.004085 0.743346 0.077942
v 0.004707 0.742629 0.078000
v 0.005372 0.741877 0.078080
v 0.002287 0.758981 0.071261
v 0.002273 0.757336 0.071332
v 0.002267 0.755711 0.071440
v 0.007151 0.741775 0.074881
v 0.006672 0.741474 0.075832
v 0.006306 0.741241 0.076912
v 0.004620 0.771841 0.069362
v 0.004680 0.770064 0.069307
v 0.004724 0.768460 0.069374
v 0.018799 0.769699 0.064161
v 0.017224 0.769127 0.063631
v 0.015601 0.768622 0.063350
v 0.000593 0.766699 0.070664
v 0.001186 0.766741 0.070676
v 0.001772 0.766795 0.070669
v 0.000020 0.782196 0.084661
v -0.001722 0.781410 0.070100
v -0.001166 0.781082 0.070032
v -0.000590 0.780836 0.069972
v -0.004453 0.776175 0.069966
v -0.004369 0.778576 0.070288
v -0.004310 0.780840 0.070276
v -0.005228 0.773906 0.069002
v -0.005992 0.773977 0.068289
v -0.006838 0.774078 0.067488
v -0.009469 0.739703 0.075290
v -0.008965 0.740300 0.074883
v -0.008362 0.741096 0.074431
v -0.010205 0.739249 0.075360
v -0.010793 0.739166 0.075044
v -0.011511 0.739142 0.074678
v -0.028063 0.755904 0.072171
v -0.028109 0.757688 0.071869
v -0.028067 0.759421 0.071617
v -0.009674 0.739161 0.076041
v -0.009482 0.738991 0.076730
v -0.009270 0.738930 0.077586
v -0.008116 0.744597 0.086984
v -0.007510 0.743870 0.086258
v -0.006991 0.743160 0.085372
v -0.001473 0.747091 0.084604
v -0.000976 0.747301 0.084623
v -0.000486 0.747437 0.084642
v -0.028729 0.761732 0.073808
v -0.029200 0.762335 0.076489
v -0.029312 0.762870 0.079209
v -0.020386 0.777712 0.086264
v -0.019263 0.777663 0.087100
v -0.017988 0.777534 0.087779
v -0.003929 0.773866 0.070002
v -0.003367 0.773873 0.070270
v -0.002831 0.773859 0.070414
v -0.002987 0.744470 0.077895
v -0.002504 0.744843 0.077897
v -0.002053 0.745119 0.077905
v -0.027729 0.752155 0.072939
v -0.027420 0.750235 0.073409
v -0.026978 0.748354 0.073934
v -0.004085 0.743346 0.077942
v -0.004707 0.742629 0.078000
v -0.005372 0.741877 0.078080
v -0.003459 0.743852 0.079566
v -0.003561 0.744029 0.081338
v -0.003798 0.744467 0.083064
v -0.009559 0.745945 0.088249
v -0.010453 0.746547 0.088833
v -0.011546 0.747127 0.089347
v -0.004620 0.771841 0.069362
v -0.004680 0.770064 0.069307
v -0.004724 0.768461 0.069374
v -0.022503 0.777702 0.084207
v -0.023499 0.777612 0.082925
v -0.024348 0.777386 0.081368
v 0.000004 0.778349 0.085931
v 0.000000 0.776483 0.086454
v -0.000001 0.774645 0.086895
v 0.000480 0.780254 0.085312
v 0.000952 0.780261 0.085275
v 0.001429 0.780278 0.085231
v 0.019629 0.757767 0.091571
v 0.019468 0.759514 0.091732
v 0.019278 0.761280 0.091823
v 0.024174 0.756443 0.089216
v 0.022887 0.756457 0.090131
v 0.021444 0.756344 0.090856
v 0.025358 0.758200 0.088287
v 0.025282 0.760056 0.088383
v 0.025148 0.761906 0.088435
v 0.009861 0.738718 0.078721
v 0.010674 0.738514 0.078741
v 0.011611 0.738397 0.078722
v 0.008619 0.740973 0.084032
v 0.007909 0.741393 0.084057
v 0.007226 0.741910 0.084140
v 0.019876 0.754371 0.091081
v 0.019956 0.752742 0.090753
v 0.019996 0.751171 0.090357
v 0.008338 0.739412 0.078561
v 0.007571 0.739903 0.078439
v 0.006812 0.740483 0.078307
v 0.009169 0.740122 0.082843
v 0.009054 0.739642 0.081420
v 0.009028 0.739261 0.079976
v 0.000402 0.745623 0.077892
v 0.000803 0.745567 0.077900
v 0.001210 0.745467 0.077908
v 0.028729 0.761732 0.073808
v 0.029200 0.762335 0.076489
v 0.029312 0.762870 0.079209
v 0.022333 0.770675 0.088762
v 0.021051 0.770595 0.089692
v 0.019602 0.770437 0.090413
v 0.023075 0.772463 0.087193
v 0.022567 0.774225 0.086627
v 0.022024 0.775994 0.085988
v 0.003673 0.773251 0.087289
v 0.003045 0.773079 0.087191
v 0.002481 0.772968 0.087151
v 0.014783 0.763933 0.063670
v 0.014496 0.765324 0.063572
v 0.014235 0.766736 0.063472
v 0.013410 0.762148 0.064132
v 0.011711 0.761794 0.064811
v 0.010096 0.761495 0.065691
v 0.015514 0.761152 0.063808
v 0.015942 0.759750 0.063862
v 0.016362 0.758342 0.063945
v 0.023975 0.768981 0.088002
v 0.024358 0.767251 0.088234
v 0.024686 0.765505 0.088372
v 0.010142 0.740479 0.084261
v 0.011024 0.740402 0.084486
v 0.012069 0.740411 0.084709
v 0.025366 0.754554 0.087984
v 0.025284 0.752807 0.087776
v 0.025121 0.751139 0.087520
v 0.026572 0.756246 0.086961
v 0.027663 0.756100 0.085590
v 0.028558 0.755901 0.083966
v 0.024751 0.770733 0.086401
v 0.025880 0.770696 0.084932
v 0.026827 0.770550 0.083174
v 0.005227 0.773851 0.087710
v 0.006231 0.774282 0.088004
v 0.007457 0.774778 0.088295
v -0.002254 0.782996 0.068699
v -0.019629 0.757767 0.091571
v -0.019468 0.759514 0.091732
v -0.019278 0.761280 0.091823
v -0.025358 0.758200 0.088287
v -0.025282 0.760056 0.088383
v -0.025148 0.761906 0.088435
v -0.024174 0.756443 0.089216
v -0.022887 0.756457 0.090131
v -0.021444 0.756345 0.090856
v -0.009893 0.750495 0.067830
v -0.009669 0.752001 0.067450
v -0.009461 0.753505 0.067145
v -0.009861 0.738718 0.078721
v -0.010674 0.738514 0.078741
v -0.011611 0.738398 0.078722
v -0.019876 0.754372 0.091081
v -0.019956 0.752742 0.090753
v -0.019996 0.751171 0.090357
v -0.002667 0.750246 0.087144
v -0.002461 0.748947 0.086556
v -0.002218 0.747798 0.085734
v -0.000002 0.751039 0.087164
v -0.000001 0.749724 0.086596
v -0.000001 0.748532 0.085787
v -0.002076 0.751984 0.087549
v -0.001375 0.752231 0.087552
v -0.000686 0.752395 0.087568
v -0.011884 0.749417 0.067324
v -0.013791 0.749926 0.066516
v -0.015709 0.750461 0.065915
v -0.008338 0.739412 0.078561
v -0.007571 0.739903 0.078439
v -0.006812 0.740483 0.078307
v -0.002296 0.749927 0.072874
v -0.002313 0.751247 0.072336
v -0.002298 0.752650 0.071921
v -0.014885 0.740610 0.084918
v -0.016579 0.740777 0.084849
v -0.018284 0.740985 0.084669
v -0.002812 0.753218 0.087931
v -0.002740 0.754853 0.088203
v -0.002612 0.756562 0.088383
v -0.008535 0.762752 0.066600
v -0.008445 0.764209 0.066500
v -0.008362 0.765661 0.066388
v -0.021614 0.771000 0.065722
v -0.022783 0.771769 0.066785
v -0.023760 0.772606 0.068154
v -0.002084 0.747534 0.074340
v -0.001907 0.746537 0.075310
v -0.001739 0.745773 0.076487
v -0.001660 0.748790 0.073535
v -0.001103 0.748862 0.073509
v -0.000550 0.748904 0.073480
v -0.010399 0.747398 0.068775
v -0.010680 0.745841 0.069340
v -0.010979 0.744347 0.069982
v -0.008769 0.759728 0.066713
v -0.008918 0.758161 0.066744
v -0.009085 0.756586 0.066805
v -0.014107 0.738395 0.078563
v -0.015612 0.738502 0.078430
v -0.017134 0.738681 0.078268
v -0.012860 0.738685 0.080216
v -0.013011 0.739184 0.081881
v -0.013178 0.739803 0.083488
v -0.027986 0.768551 0.081299
v -0.028419 0.766840 0.081486
v -0.028773 0.765091 0.081626
v -0.026934 0.771925 0.080724
v -0.026329 0.773606 0.080338
v -0.025672 0.775283 0.079909
v -0.025366 0.754554 0.087984
v -0.025284 0.752807 0.087776
v -0.025121 0.751139 0.087520
v -0.026572 0.756246 0.086961
v -0.027663 0.756100 0.085590
v -0.028558 0.755901 0.083966
v -0.000001 0.753951 0.087908
v -0.000001 0.755513 0.088164
v 0.000000 0.757128 0.088338
v -0.018798 0.769668 0.064159
v -0.017223 0.769103 0.063629
v -0.015600 0.768605 0.063349
v -0.001774 0.766795 0.070669
v -0.001188 0.766741 0.070676
v -0.000597 0.766699 0.070664
v 0.023678 0.763694 0.089580
v 0.022334 0.763602 0.090558
v 0.020825 0.763404 0.091324
v 0.023162 0.745767 0.070816
v 0.024321 0.745989 0.071778
v 0.025418 0.746244 0.072993
v 0.013622 0.754074 0.091380
v 0.015706 0.754856 0.091587
v 0.017809 0.755538 0.091588
v 0.012034 0.751719 0.090766
v 0.012336 0.750286 0.090488
v 0.012628 0.748951 0.090156
v 0.002666 0.750246 0.087144
v 0.002460 0.748947 0.086556
v 0.002218 0.747798 0.085734
v 0.000682 0.752395 0.087568
v 0.001372 0.752231 0.087552
v 0.002074 0.751984 0.087549
v 0.012962 0.773074 0.063621
v 0.013371 0.771304 0.063398
v 0.013699 0.769692 0.063343
v 0.014885 0.740610 0.084918
v 0.016579 0.740777 0.084849
v 0.018284 0.740985 0.084669
v 0.002811 0.753218 0.087931
v 0.002739 0.754853 0.088203
v 0.002612 0.756562 0.088383
v 0.005244 0.750542 0.088018
v 0.004343 0.750950 0.087803
v 0.003540 0.751329 0.087661
v 0.006231 0.752308 0.088839
v 0.005977 0.754293 0.089114
v 0.005688 0.756249 0.089266
v 0.025271 0.744202 0.082590
v 0.026203 0.745423 0.082436
v 0.027054 0.746834 0.082341
v 0.024190 0.742615 0.081446
v 0.023862 0.742035 0.079898
v 0.023365 0.741523 0.078330
v 0.001964 0.767460 0.087814
v 0.001948 0.769278 0.087635
v 0.001949 0.771090 0.087423
v 0.003773 0.765888 0.088279
v 0.003121 0.765739 0.088102
v 0.002542 0.765662 0.088012
v 0.004440 0.768032 0.088327
v 0.004401 0.769886 0.088078
v 0.004391 0.771706 0.087797
v 0.023348 0.742460 0.083178
v 0.022336 0.741919 0.083588
v 0.021197 0.741529 0.084009
v 0.011805 0.777257 0.064785
v 0.011126 0.779533 0.065505
v 0.010507 0.781692 0.065954
v 0.012860 0.738685 0.080216
v 0.013011 0.739184 0.081881
v 0.013178 0.739803 0.083488
v 0.014107 0.738395 0.078563
v 0.015612 0.738502 0.078430
v 0.017134 0.738681 0.078268
v 0.005724 0.748324 0.087536
v 0.005136 0.747048 0.086743
v 0.004606 0.745991 0.085796
v 0.007188 0.748495 0.088233
v 0.007776 0.747294 0.088072
v 0.008303 0.746239 0.087871
v 0.026214 0.763734 0.087142
v 0.027389 0.763688 0.085646
v 0.028366 0.763552 0.083869
v 0.020931 0.745283 0.069457
v 0.019855 0.744990 0.069031
v 0.018707 0.744668 0.068802
v 0.007651 0.750926 0.089165
v 0.008819 0.751695 0.089858
v 0.010143 0.752466 0.090481
v 0.011414 0.754911 0.091197
v 0.011102 0.756658 0.091341
v 0.010793 0.758483 0.091416
v 0.005411 0.766493 0.088977
v 0.006489 0.766949 0.089465
v 0.007822 0.767478 0.089972
v 0.004671 0.764184 0.088813
v 0.004872 0.762199 0.089039
v 0.005116 0.760201 0.089211
v 0.000567 0.754152 0.071666
v 0.001136 0.754153 0.071676
v 0.001706 0.754150 0.071669
v 0.002083 0.763796 0.088160
v 0.002188 0.761957 0.088320
v 0.002317 0.760129 0.088431
v 0.000478 0.772827 0.087239
v 0.000962 0.772837 0.087209
v 0.001454 0.772860 0.087175
v -0.020541 0.781676 0.069644
v -0.008619 0.740973 0.084032
v -0.007909 0.741393 0.084057
v -0.007226 0.741910 0.084140
v -0.012034 0.751719 0.090766
v -0.012336 0.750286 0.090488
v -0.012628 0.748951 0.090156
v -0.013622 0.754074 0.091380
v -0.015706 0.754856 0.091587
v -0.017809 0.755538 0.091588
v -0.021861 0.780920 0.071392
v -0.022009 0.781940 0.073523
v -0.021940 0.782892 0.075670
v -0.022385 0.778240 0.069453
v -0.023174 0.776616 0.069542
v -0.023882 0.775044 0.069712
v -0.012962 0.773070 0.063621
v -0.013371 0.771298 0.063398
v -0.013699 0.769684 0.063343
v -0.009169 0.740122 0.082843
v -0.009054 0.739642 0.081420
v -0.009028 0.739261 0.079976
v -0.006231 0.752308 0.088839
v -0.005977 0.754293 0.089114
v -0.005688 0.756249 0.089266
v -0.005244 0.750542 0.088018
v -0.004343 0.750950 0.087803
v -0.003541 0.751329 0.087661
v -0.027128 0.746983 0.076350
v -0.027633 0.747458 0.078372
v -0.027859 0.747946 0.080404
v -0.001597 0.745236 0.079583
v -0.001656 0.745491 0.081368
v -0.001788 0.746035 0.083096
v -0.001207 0.745467 0.077908
v -0.000798 0.745567 0.077900
v -0.000396 0.745623 0.077892
v -0.017558 0.771935 0.090362
v -0.017215 0.773719 0.089739
v -0.016855 0.775505 0.089037
v -0.018210 0.768376 0.091287
v -0.018516 0.766602 0.091574
v -0.018800 0.764828 0.091754
v -0.003673 0.773250 0.087289
v -0.003045 0.773078 0.087191
v -0.002482 0.772968 0.087151
v -0.000001 0.775264 0.070499
v -0.000001 0.777253 0.070680
v -0.000002 0.779127 0.070577
v -0.011805 0.777256 0.064785
v -0.011126 0.779533 0.065505
v -0.010507 0.781692 0.065954
v -0.010142 0.740479 0.084261
v -0.011024 0.740402 0.084486
v -0.012069 0.740411 0.084709
v -0.005724 0.748324 0.087536
v -0.005136 0.747048 0.086743
v -0.004606 0.745991 0.085796
v -0.007188 0.748495 0.088233
v -0.007776 0.747294 0.088072
v -0.008303 0.746239 0.087871
v -0.007651 0.750926 0.089165
v -0.008819 0.751695 0.089858
v -0.010143 0.752466 0.090481
v -0.011414 0.754910 0.091197
v -0.011102 0.756658 0.091341
v -0.010793 0.758483 0.091416
v -0.001708 0.754150 0.071669
v -0.001139 0.754153 0.071676
v -0.000571 0.754152 0.071666
v -0.005227 0.773851 0.087710
v -0.006231 0.774280 0.088004
v -0.007457 0.774774 0.088294
v -0.000001 0.771495 0.070208
v -0.000001 0.769818 0.070284
v -0.000002 0.768229 0.070452
v -0.001456 0.772860 0.087175
v -0.000965 0.772837 0.087209
v -0.000481 0.772827 0.087239
v 0.020541 0.781677 0.069644
v 0.024236 0.753085 0.068038
v 0.025591 0.753396 0.069207
v 0.026857 0.753712 0.070680
v 0.022942 0.754420 0.066642
v 0.022934 0.755975 0.066282
v 0.022855 0.757453 0.066012
v 0.023719 0.742183 0.076363
v 0.024693 0.743454 0.075766
v 0.025599 0.744924 0.075134
v 0.021861 0.780921 0.071392
v 0.022009 0.781941 0.073523
v 0.021940 0.782893 0.075670
v 0.022385 0.778244 0.069454
v 0.023174 0.776622 0.069542
v 0.023882 0.775052 0.069713
v 0.015095 0.743829 0.087855
v 0.016684 0.744112 0.087853
v 0.018283 0.744373 0.087724
v 0.013669 0.742704 0.087225
v 0.013609 0.741926 0.086653
v 0.013496 0.741192 0.085904
v 0.004560 0.758065 0.088940
v 0.003807 0.758067 0.088697
v 0.003115 0.758170 0.088545
v 0.027128 0.746983 0.076350
v 0.027633 0.747458 0.078372
v 0.027859 0.747946 0.080404
v 0.001598 0.745236 0.079583
v 0.001657 0.745491 0.081368
v 0.001789 0.746035 0.083096
v 0.005482 0.760940 0.069457
v 0.006362 0.761006 0.068616
v 0.007403 0.761107 0.067670
v 0.004735 0.762465 0.070024
v 0.004747 0.763986 0.069867
v 0.004754 0.765473 0.069689
v 0.009316 0.769924 0.090045
v 0.009190 0.771755 0.089599
v 0.009077 0.773552 0.089097
v 0.011469 0.768656 0.090815
v 0.013660 0.769237 0.091046
v 0.015862 0.769754 0.091085
v 0.009679 0.766148 0.090788
v 0.009923 0.764217 0.091074
v 0.010197 0.762282 0.091284
v 0.004051 0.760823 0.070614
v 0.003440 0.760754 0.070920
v 0.002866 0.760682 0.071096
v 0.000588 0.773363 0.070307
v 0.001171 0.773499 0.070371
v 0.001742 0.773660 0.070434
v 0.021788 0.740321 0.077299
v 0.020821 0.739713 0.077620
v 0.019765 0.739265 0.077872
v 0.013559 0.744465 0.088249
v 0.013389 0.745465 0.088780
v 0.013165 0.746545 0.089293
v 0.004719 0.759230 0.070191
v 0.004730 0.757531 0.070229
v 0.004760 0.755829 0.070305
v 0.022792 0.750958 0.067691
v 0.022626 0.749101 0.068385
v 0.022374 0.747267 0.069177
v 0.004730 0.744515 0.084537
v 0.005324 0.743847 0.084458
v 0.005936 0.743164 0.084359
v 0.021625 0.752377 0.066368
v 0.020368 0.751955 0.065840
v 0.019023 0.751492 0.065565
v 0.003589 0.745663 0.084609
v 0.003039 0.746114 0.084608
v 0.002503 0.746496 0.084598
v 0.006336 0.758546 0.089775
v 0.007452 0.759040 0.090328
v 0.008813 0.759658 0.090891
v -0.023678 0.763694 0.089580
v -0.022334 0.763602 0.090558
v -0.020825 0.763404 0.091324
v -0.005643 0.754274 0.069762
v -0.006625 0.754449 0.068894
v -0.007814 0.754698 0.067930
v -0.022942 0.754420 0.066642
v -0.022934 0.755975 0.066282
v -0.022855 0.757453 0.066012
v -0.024236 0.753085 0.068038
v -0.025591 0.753396 0.069207
v -0.026857 0.753712 0.070680
v -0.023162 0.745767 0.070816
v -0.024321 0.745989 0.071778
v -0.025418 0.746244 0.072993
v -0.018257 0.749330 0.090117
v -0.016397 0.748855 0.090163
v -0.014562 0.748297 0.090038
v -0.022548 0.781983 0.078060
v -0.023404 0.780301 0.078516
v -0.024210 0.778628 0.078983
v -0.004094 0.754114 0.070986
v -0.003446 0.754105 0.071322
v -0.002849 0.754119 0.071522
v -0.024190 0.742615 0.081446
v -0.023862 0.742035 0.079898
v -0.023365 0.741523 0.078330
v -0.025271 0.744202 0.082590
v -0.026203 0.745423 0.082436
v -0.027054 0.746834 0.082341
v -0.023074 0.772442 0.087191
v -0.022566 0.774194 0.086624
v -0.022023 0.775954 0.085983
v -0.022333 0.770663 0.088760
v -0.021051 0.770583 0.089691
v -0.019602 0.770425 0.090411
v -0.026107 0.769037 0.070588
v -0.025623 0.770528 0.070377
v -0.025097 0.772015 0.070154
v -0.014676 0.776911 0.088582
v -0.012714 0.776425 0.088708
v -0.010754 0.775877 0.088683
v -0.001964 0.767460 0.087814
v -0.001948 0.769278 0.087635
v -0.001950 0.771090 0.087423
v -0.023348 0.742460 0.083178
v -0.022336 0.741919 0.083588
v -0.021197 0.741529 0.084009
v 0.000001 0.747785 0.074264
v 0.000002 0.746800 0.075244
v 0.000003 0.746055 0.076440
v -0.023975 0.768976 0.088001
v -0.024358 0.767249 0.088234
v -0.024686 0.765505 0.088372
v -0.027290 0.768327 0.073151
v -0.027704 0.769084 0.075818
v -0.027779 0.769741 0.078532
v -0.026986 0.765976 0.070938
v -0.027370 0.764390 0.071086
v -0.027691 0.762768 0.071236
v -0.022792 0.750958 0.067691
v -0.022626 0.749101 0.068385
v -0.022374 0.747267 0.069177
v -0.004730 0.744515 0.084537
v -0.005324 0.743846 0.084458
v -0.005936 0.743164 0.084359
v -0.021625 0.752377 0.066368
v -0.020368 0.751955 0.065840
v -0.019023 0.751492 0.065565
v -0.026214 0.763734 0.087142
v -0.027389 0.763688 0.085646
v -0.028366 0.763552 0.083869
v -0.024751 0.770724 0.086400
v -0.025880 0.770689 0.084931
v -0.026827 0.770546 0.083173
v -0.003589 0.745663 0.084609
v -0.003039 0.746114 0.084608
v -0.002503 0.746496 0.084598
v -0.020931 0.745283 0.069457
v -0.019855 0.744990 0.069031
v -0.018707 0.744668 0.068802
v -0.000001 0.750121 0.072820
v -0.000001 0.751388 0.072311
v -0.000002 0.752728 0.071927
v -0.001490 0.765631 0.087993
v -0.000986 0.765642 0.088023
v -0.000490 0.765656 0.088054
v -0.002081 0.763796 0.088160
v -0.002187 0.761957 0.088320
v -0.002316 0.760130 0.088431
v -0.008454 0.780602 0.086476
v -0.008653 0.778820 0.087224
v -0.008820 0.777065 0.087911
v 0.004932 0.782903 0.069251
v 0.006311 0.747925 0.071523
v 0.007413 0.748252 0.070401
v 0.008659 0.748584 0.069311
v 0.005094 0.749388 0.071856
v 0.004999 0.750995 0.071236
v 0.004901 0.752566 0.070779
v 0.024128 0.759407 0.066771
v 0.025542 0.759947 0.067958
v 0.026839 0.760514 0.069471
v 0.018257 0.749330 0.090117
v 0.016397 0.748855 0.090163
v 0.014562 0.748297 0.090038
v 0.022548 0.781987 0.078060
v 0.023404 0.780308 0.078516
v 0.024210 0.778636 0.078984
v 0.004165 0.748037 0.073179
v 0.003434 0.748340 0.073392
v 0.002804 0.748544 0.073500
v 0.008535 0.762752 0.066600
v 0.008445 0.764209 0.066500
v 0.008362 0.765661 0.066388
v 0.022922 0.765246 0.066295
v 0.024313 0.765968 0.067425
v 0.025548 0.766733 0.068884
v 0.021145 0.766001 0.065269
v 0.020870 0.767427 0.065134
v 0.020590 0.768869 0.064998
v 0.014677 0.776946 0.088586
v 0.012715 0.776451 0.088711
v 0.010754 0.775894 0.088685
v 0.017102 0.740655 0.072217
v 0.017160 0.741679 0.071040
v 0.017279 0.742905 0.069882
v 0.015991 0.739617 0.073494
v 0.014739 0.739423 0.073703
v 0.013507 0.739275 0.073978
v 0.003734 0.782543 0.069929
v 0.003226 0.782320 0.070087
v 0.002741 0.782060 0.070152
v 0.004550 0.746132 0.074075
v 0.004082 0.745147 0.075235
v 0.003727 0.744416 0.076480
v 0.000551 0.748904 0.073480
v 0.001103 0.748862 0.073509
v 0.001661 0.748790 0.073535
v 0.005880 0.745874 0.073051
v 0.006493 0.744489 0.073323
v 0.007101 0.743216 0.073630
v 0.008769 0.759728 0.066713
v 0.008918 0.758161 0.066744
v 0.009085 0.756586 0.066805
v 0.021773 0.763163 0.065484
v 0.022117 0.761742 0.065573
v 0.022435 0.760319 0.065676
v 0.021291 0.758396 0.065022
v 0.019883 0.757912 0.064427
v 0.018390 0.757427 0.064094
v 0.019923 0.763989 0.064628
v 0.018370 0.763458 0.064056
v 0.016772 0.762981 0.063740
v 0.017366 0.739267 0.074449
v 0.017697 0.738918 0.075540
v 0.018106 0.738806 0.076722
v 0.008454 0.780606 0.086477
v 0.008653 0.778826 0.087225
v 0.008820 0.777073 0.087912
v -0.005094 0.749388 0.071856
v -0.004999 0.750995 0.071236
v -0.004901 0.752566 0.070779
v -0.006311 0.747925 0.071523
v -0.007413 0.748252 0.070401
v -0.008659 0.748584 0.069311
v -0.023719 0.742183 0.076363
v -0.024693 0.743454 0.075766
v -0.025599 0.744924 0.075134
v -0.017394 0.752575 0.065057
v -0.017244 0.754074 0.064636
v -0.017028 0.755517 0.064314
v -0.009519 0.767294 0.065333
v -0.010904 0.767521 0.064467
v -0.012401 0.767815 0.063784
v -0.006254 0.741950 0.082849
v -0.006059 0.741520 0.081277
v -0.005996 0.741243 0.079674
v -0.004165 0.748037 0.073179
v -0.003434 0.748340 0.073392
v -0.002804 0.748544 0.073500
v -0.015095 0.743829 0.087855
v -0.016684 0.744112 0.087853
v -0.018283 0.744373 0.087724
v -0.013669 0.742704 0.087225
v -0.013609 0.741926 0.086653
v -0.013496 0.741192 0.085904
v -0.004560 0.758065 0.088940
v -0.003807 0.758067 0.088697
v -0.003114 0.758170 0.088545
v -0.004440 0.768032 0.088327
v -0.004401 0.769885 0.088078
v -0.004391 0.771705 0.087797
v -0.003773 0.765888 0.088279
v -0.003121 0.765739 0.088102
v -0.002542 0.765662 0.088012
v -0.021788 0.740321 0.077299
v -0.020821 0.739713 0.077620
v -0.019765 0.739265 0.077872
v -0.004550 0.746132 0.074075
v -0.004082 0.745147 0.075235
v -0.003727 0.744416 0.076480
v -0.013559 0.744465 0.088249
v -0.013389 0.745465 0.088780
v -0.013165 0.746546 0.089293
v -0.005880 0.745874 0.073051
v -0.006493 0.744489 0.073323
v -0.007101 0.743216 0.073630
v -0.017537 0.749312 0.066215
v -0.017539 0.747592 0.066959
v -0.017495 0.745905 0.067818
v -0.006336 0.758546 0.089775
v -0.007452 0.759040 0.090328
v -0.008813 0.759658 0.090891
v -0.004671 0.764184 0.088813
v -0.004872 0.762199 0.089039
v -0.005116 0.760201 0.089211
v -0.005411 0.766493 0.088977
v -0.006488 0.766948 0.089465
v -0.007822 0.767477 0.089972
v 0.000002 0.763911 0.088215
v 0.000002 0.762178 0.088339
v 0.000002 0.760468 0.088417
v 0.000001 0.767433 0.087915
v 0.000000 0.769218 0.087743
v -0.000001 0.771017 0.087529
v 0.001854 0.782257 0.084482
v 0.000583 0.780836 0.069972
v 0.001161 0.781082 0.070032
v 0.001718 0.781411 0.070100
v 0.019776 0.745688 0.088079
v 0.019845 0.746911 0.088709
v 0.019927 0.748243 0.089322
v 0.022810 0.745063 0.086262
v 0.021997 0.744900 0.086669
v 0.020989 0.744754 0.087096
v 0.023655 0.745864 0.086170
v 0.024064 0.746875 0.086481
v 0.024487 0.748132 0.086847
v 0.017394 0.752575 0.065057
v 0.017244 0.754074 0.064636
v 0.017028 0.755517 0.064314
v 0.009519 0.767295 0.065333
v 0.010904 0.767522 0.064467
v 0.012401 0.767819 0.063784
v 0.006254 0.741950 0.082849
v 0.006059 0.741520 0.081277
v 0.005996 0.741243 0.079674
v 0.019802 0.743625 0.086887
v 0.019874 0.742767 0.086252
v 0.019913 0.741981 0.085454
v 0.005464 0.766963 0.068876
v 0.006272 0.766984 0.068097
v 0.007201 0.767035 0.067218
v 0.004099 0.766941 0.069988
v 0.003496 0.766920 0.070310
v 0.002919 0.766890 0.070512
v 0.002278 0.775907 0.070734
v 0.002262 0.778056 0.070945
v 0.002251 0.780064 0.070836
v 0.017537 0.749312 0.066215
v 0.017539 0.747592 0.066959
v 0.017495 0.745905 0.067818
v 0.023618 0.744816 0.085510
v 0.023940 0.744302 0.084822
v 0.024202 0.743767 0.083947
v 0.000605 0.758744 0.088417
v 0.001213 0.758639 0.088412
v 0.001830 0.758492 0.088422
v 0.000493 0.765656 0.088054
v 0.000989 0.765642 0.088023
v 0.001492 0.765631 0.087993
v 0.020190 0.781293 0.083880
v 0.020838 0.779526 0.084597
v 0.002314 0.771855 0.070330
v 0.002331 0.770082 0.070346
v 0.002344 0.768429 0.070460
v 0.001950 0.778409 0.085822
v 0.001965 0.776549 0.086356
v 0.001966 0.774717 0.086797
v -0.004932 0.782902 0.069251
v -0.024128 0.759407 0.066771
v -0.025542 0.759947 0.067958
v -0.026839 0.760514 0.069471
v -0.023655 0.745864 0.086170
v -0.024064 0.746875 0.086481
v -0.024487 0.748132 0.086847
v -0.022810 0.745063 0.086262
v -0.021997 0.744900 0.086669
v -0.020989 0.744754 0.087096
v -0.025040 0.774480 0.072147
v -0.025301 0.775432 0.074632
v -0.025283 0.776286 0.077145
v -0.004735 0.762465 0.070024
v -0.004747 0.763986 0.069867
v -0.004754 0.765473 0.069689
v -0.005482 0.760940 0.069457
v -0.006362 0.761006 0.068616
v -0.007403 0.761107 0.067670
v -0.002323 0.762198 0.071083
v -0.002338 0.763754 0.070947
v -0.002348 0.765298 0.070790
v -0.004051 0.760823 0.070614
v -0.003440 0.760754 0.070920
v -0.002866 0.760682 0.071096
v -0.012722 0.743263 0.070023
v -0.014303 0.743600 0.069443
v -0.015907 0.743959 0.069019
v -0.015991 0.739617 0.073494
v -0.014739 0.739423 0.073703
v -0.013507 0.739275 0.073978
v -0.017102 0.740655 0.072217
v -0.017160 0.741679 0.071040
v -0.017279 0.742905 0.069882
v -0.001743 0.773660 0.070434
v -0.001172 0.773499 0.070371
v -0.000590 0.773363 0.070307
v -0.002278 0.775907 0.070734
v -0.002263 0.778056 0.070945
v -0.002252 0.780064 0.070836
v -0.003734 0.782543 0.069929
v -0.003226 0.782320 0.070087
v -0.002741 0.782059 0.070152
v -0.018981 0.739293 0.079665
v -0.019367 0.739837 0.081350
v -0.019671 0.740503 0.082977
v -0.004719 0.759230 0.070191
v -0.004730 0.757531 0.070229
v -0.004760 0.755829 0.070305
v -0.021291 0.758396 0.065022
v -0.019883 0.757912 0.064427
v -0.018390 0.757427 0.064094
v -0.017366 0.739267 0.074449
v -0.017697 0.738918 0.075540
v -0.018106 0.738806 0.076722
v -0.023618 0.744816 0.085510
v -0.023940 0.744302 0.084822
v -0.024202 0.743767 0.083947
v -0.002288 0.758981 0.071261
v -0.002273 0.757336 0.071332
v -0.002268 0.755711 0.071440
v -0.001739 0.760544 0.071234
v -0.001164 0.760489 0.071252
v -0.000584 0.760451 0.071254
v -0.000001 0.758831 0.071322
v -0.000002 0.757228 0.071389
v -0.000002 0.755658 0.071489
v -0.001829 0.758492 0.088422
v -0.001211 0.758639 0.088412
v -0.000602 0.758744 0.088417
v -0.020190 0.781262 0.083876
v -0.020837 0.779487 0.084593
v -0.002315 0.771855 0.070330
v -0.002332 0.770082 0.070346
v -0.002345 0.768429 0.070460
v -0.000001 0.762022 0.071149
v -0.000001 0.763588 0.071012
v -0.000002 0.765139 0.070846
v 0.002251 0.782996 0.068699
v 0.012196 0.739863 0.073368
v 0.011924 0.740723 0.072434
v 0.011614 0.741760 0.071538
v 0.012535 0.738675 0.075245
v 0.012611 0.738362 0.076231
v 0.012669 0.738253 0.077345
v 0.023840 0.749743 0.088075
v 0.022732 0.749843 0.088830
v 0.021469 0.749831 0.089443
v 0.010164 0.742373 0.086319
v 0.009893 0.741816 0.085783
v 0.009612 0.741237 0.085063
v 0.010098 0.743163 0.086821
v 0.009716 0.743738 0.087063
v 0.009274 0.744459 0.087347
v 0.025041 0.774484 0.072147
v 0.025301 0.775434 0.074632
v 0.025283 0.776289 0.077146
v 0.029251 0.757566 0.081955
v 0.029269 0.759503 0.081890
v 0.029200 0.761419 0.081817
v 0.029378 0.755280 0.079718
v 0.029230 0.754876 0.077231
v 0.028740 0.754457 0.074764
v 0.026107 0.769041 0.070589
v 0.025623 0.770534 0.070378
v 0.025097 0.772022 0.070155
v 0.012722 0.743263 0.070023
v 0.014303 0.743599 0.069443
v 0.015907 0.743959 0.069019
v 0.004032 0.782750 0.084533
v 0.003530 0.780597 0.085213
v 0.002946 0.780455 0.085176
v 0.002414 0.780365 0.085171
v 0.018981 0.739293 0.079665
v 0.019367 0.739837 0.081350
v 0.019671 0.740503 0.082977
v 0.027290 0.768327 0.073151
v 0.027704 0.769085 0.075818
v 0.027779 0.769742 0.078532
v 0.027986 0.768552 0.081299
v 0.028419 0.766840 0.081486
v 0.028773 0.765091 0.081626
v 0.026986 0.765977 0.070938
v 0.027370 0.764390 0.071086
v 0.027691 0.762768 0.071236
v 0.026934 0.771929 0.080724
v 0.026329 0.773612 0.080339
v 0.025673 0.775291 0.079910
v 0.028985 0.753725 0.082081
v 0.028717 0.751869 0.082145
v 0.028323 0.750087 0.082210
v 0.010826 0.742892 0.086881
v 0.011545 0.743060 0.087181
v 0.012477 0.743283 0.087486
v 0.004938 0.781098 0.085397
v 0.005830 0.781469 0.085519
v 0.006907 0.781916 0.085621
v 0.000582 0.760451 0.071254
v 0.001163 0.760489 0.071252
v 0.001738 0.760544 0.071234
v 0.025824 0.749358 0.086252
v 0.026686 0.749099 0.085153
v 0.027362 0.748784 0.083849
v 0.004291 0.778925 0.085963
v 0.004353 0.777094 0.086549
v 0.004382 0.775294 0.087046
v -0.001844 0.782257 0.084482
v -0.001419 0.780278 0.085231
v -0.000937 0.780261 0.085275
v -0.000461 0.780254 0.085312
v -0.000008 0.782883 0.066658
v -0.000006 0.781979 0.068612
v -0.019776 0.745688 0.088079
v -0.019845 0.746911 0.088709
v -0.019927 0.748243 0.089322
v -0.010098 0.743163 0.086821
v -0.009716 0.743739 0.087063
v -0.009274 0.744459 0.087347
v -0.010164 0.742373 0.086319
v -0.009893 0.741816 0.085783
v -0.009612 0.741237 0.085063
v -0.019802 0.743625 0.086887
v -0.019874 0.742767 0.086252
v -0.019913 0.741981 0.085454
v -0.029378 0.755280 0.079718
v -0.029230 0.754876 0.077231
v -0.028740 0.754457 0.074764
v -0.029251 0.757566 0.081955
v -0.029269 0.759503 0.081890
v -0.029200 0.761419 0.081817
v -0.005464 0.766963 0.068876
v -0.006272 0.766984 0.068097
v -0.007201 0.767035 0.067218
v -0.021145 0.765985 0.065267
v -0.020870 0.767403 0.065132
v -0.020589 0.768838 0.064995
v -0.022922 0.765238 0.066294
v -0.024313 0.765961 0.067425
v -0.025548 0.766729 0.068884
v -0.011469 0.768652 0.090815
v -0.013660 0.769230 0.091045
v -0.015862 0.769745 0.091084
v -0.009316 0.769920 0.090044
v -0.009189 0.771749 0.089598
v -0.009077 0.773544 0.089096
v -0.009679 0.766147 0.090788
v -0.009923 0.764216 0.091074
v -0.010197 0.762282 0.091284
v -0.016981 0.762523 0.092060
v -0.014738 0.761857 0.092033
v -0.012513 0.761116 0.091797
v -0.004099 0.766941 0.069988
v -0.003496 0.766920 0.070310
v -0.002919 0.766890 0.070512
v -0.013410 0.762147 0.064132
v -0.011711 0.761793 0.064811
v -0.010096 0.761495 0.065691
v -0.014783 0.763929 0.063670
v -0.014496 0.765318 0.063571
v -0.014235 0.766728 0.063471
v -0.004032 0.782750 0.084533
v -0.003529 0.780597 0.085213
v -0.002945 0.780455 0.085176
v -0.002412 0.780365 0.085171
v -0.015514 0.761151 0.063808
v -0.015942 0.759749 0.063862
v -0.016362 0.758342 0.063945
v -0.021773 0.763160 0.065484
v -0.022117 0.761741 0.065573
v -0.022435 0.760319 0.065676
v -0.028985 0.753725 0.082081
v -0.028717 0.751869 0.082145
v -0.028323 0.750086 0.082210
v -0.019923 0.763981 0.064627
v -0.018370 0.763452 0.064055
v -0.016772 0.762977 0.063740
v -0.010826 0.742892 0.086881
v -0.011545 0.743060 0.087181
v -0.012477 0.743283 0.087486
v -0.004938 0.781098 0.085397
v -0.005830 0.781469 0.085519
v -0.006907 0.781915 0.085620
v -0.015171 0.782693 0.085808
v -0.015635 0.780876 0.086659
v -0.016069 0.779079 0.087484
v -0.004291 0.778925 0.085963
v -0.004353 0.777094 0.086549
v -0.004382 0.775294 0.087046
v -0.001948 0.778409 0.085822
v -0.001965 0.776549 0.086356
v -0.001966 0.774717 0.086797
v 0.019275 0.777581 0.065899
v 0.020215 0.778270 0.066796
v 0.020959 0.779046 0.067965
v 0.017249 0.778980 0.065697
v 0.016279 0.781050 0.066231
v 0.007567 0.776548 0.067155
v 0.007359 0.778987 0.067654
v 0.007172 0.781291 0.067883
v 0.005643 0.754274 0.069762
v 0.006625 0.754449 0.068894
v 0.007814 0.754698 0.067930
v 0.020739 0.740961 0.073872
v 0.021333 0.740862 0.074679
v 0.022031 0.740913 0.075672
v 0.020627 0.741722 0.072751
v 0.021054 0.742715 0.071925
v 0.021548 0.744005 0.070996
v 0.008116 0.744597 0.086984
v 0.007510 0.743870 0.086258
v 0.006991 0.743160 0.085372
v 0.008783 0.774348 0.065804
v 0.009895 0.774528 0.065045
v 0.011112 0.774758 0.064444
v 0.007934 0.772126 0.066325
v 0.008070 0.770301 0.066196
v 0.008182 0.768660 0.066200
v 0.004094 0.754114 0.070986
v 0.003446 0.754105 0.071322
v 0.002848 0.754119 0.071522
v 0.020387 0.777760 0.086270
v 0.019264 0.777712 0.087105
v 0.017990 0.777582 0.087785
v 0.017559 0.771955 0.090364
v 0.017216 0.773750 0.089742
v 0.016857 0.775544 0.089041
v 0.016981 0.762523 0.092060
v 0.014738 0.761857 0.092033
v 0.012513 0.761116 0.091798
v 0.018210 0.768381 0.091287
v 0.018516 0.766603 0.091574
v 0.018800 0.764828 0.091754
v 0.016811 0.776390 0.064620
v 0.015366 0.775877 0.064209
v 0.013883 0.775429 0.064012
v 0.019788 0.740792 0.073318
v 0.019023 0.740426 0.073308
v 0.018159 0.740112 0.073310
v 0.009559 0.745945 0.088249
v 0.010453 0.746547 0.088833
v 0.011546 0.747127 0.089347
v 0.015172 0.782713 0.085810
v 0.015636 0.780906 0.086662
v 0.016070 0.779118 0.087488
v 0.018865 0.775108 0.064887
v 0.019445 0.773415 0.064767
v 0.019906 0.771837 0.064781
v 0.022504 0.777737 0.084211
v 0.023499 0.777638 0.082928
v 0.024349 0.777402 0.081370
v -0.001371 0.782223 0.084534
v -0.000903 0.782205 0.084593
v -0.000439 0.782197 0.084641
v -0.001719 0.782644 0.068688
v -0.001162 0.782315 0.068657
v -0.000588 0.782073 0.068626
v -0.000588 0.782970 0.066659
v -0.018986 0.782680 0.068508
v -0.018262 0.782056 0.067525
v -0.017359 0.781525 0.066788
v -0.020003 0.780850 0.068233
v -0.019275 0.780144 0.067152
v -0.018358 0.779529 0.066331
v -0.006421 0.781206 0.068556
v -0.005674 0.781099 0.069213
v -0.004960 0.780976 0.069802
v -0.006549 0.778887 0.068396
v -0.005766 0.778782 0.069117
v -0.005033 0.778676 0.069765
v -0.006695 0.776434 0.067954
v -0.005879 0.776329 0.068722
v -0.005129 0.776240 0.069409
v -0.010533 0.741575 0.072202
v -0.009665 0.741422 0.072914
v -0.008959 0.741273 0.073660
v -0.010934 0.740590 0.072998
v -0.010144 0.740495 0.073601
v -0.009501 0.740411 0.074228
v -0.011274 0.739780 0.073832
v -0.010538 0.739746 0.074315
v -0.009941 0.739742 0.074792
v -0.021036 0.761631 0.091310
v -0.022539 0.761820 0.090545
v -0.023879 0.761895 0.089572
v -0.021206 0.759856 0.091220
v -0.022695 0.760025 0.090463
v -0.024025 0.760074 0.089503
v -0.021340 0.758090 0.091066
v -0.022810 0.758233 0.090322
v -0.024121 0.758251 0.089382
v -0.007976 0.753145 0.068162
v -0.006758 0.752870 0.069151
v -0.005751 0.752677 0.070046
v -0.008168 0.751623 0.068484
v -0.006926 0.751326 0.069511
v -0.005887 0.751109 0.070460
v -0.008393 0.750109 0.068876
v -0.007136 0.749790 0.069946
v -0.006053 0.749527 0.070983
v -0.026974 0.758894 0.069685
v -0.025677 0.758397 0.068166
v -0.024272 0.757920 0.066972
v -0.027016 0.757233 0.069952
v -0.025723 0.756806 0.068436
v -0.024330 0.756393 0.067240
v -0.026974 0.755511 0.070282
v -0.025691 0.755148 0.068779
v -0.024314 0.754792 0.067590
v -0.011617 0.738291 0.077475
v -0.011637 0.738387 0.076435
v -0.011619 0.738674 0.075527
v -0.010747 0.738411 0.077571
v -0.010836 0.738492 0.076611
v -0.010875 0.738747 0.075791
v -0.009988 0.738620 0.077615
v -0.010140 0.738687 0.076724
v -0.010242 0.738902 0.075987
v -0.024694 0.744614 0.073718
v -0.023673 0.744385 0.072587
v -0.022604 0.744197 0.071694
v -0.023851 0.743168 0.074444
v -0.022926 0.742983 0.073387
v -0.021981 0.742856 0.072556
v -0.022945 0.741928 0.075115
v -0.022136 0.741807 0.074109
v -0.021363 0.741779 0.073315
v -0.021333 0.748387 0.088904
v -0.022522 0.748398 0.088332
v -0.023554 0.748305 0.087637
v -0.021175 0.747049 0.088311
v -0.022286 0.747081 0.087788
v -0.023232 0.747026 0.087172
v -0.021043 0.745833 0.087698
v -0.022087 0.745912 0.087229
v -0.022949 0.745944 0.086720
v -0.007610 0.742523 0.085217
v -0.008084 0.743176 0.086060
v -0.008642 0.743834 0.086745
v -0.008248 0.741978 0.085087
v -0.008667 0.742586 0.085884
v -0.009154 0.743187 0.086519
v -0.008913 0.741542 0.085023
v -0.009263 0.742124 0.085774
v -0.009650 0.742685 0.086354
v -0.013880 0.752502 0.091130
v -0.015912 0.753249 0.091324
v -0.017965 0.753895 0.091318
v -0.014125 0.751018 0.090830
v -0.016099 0.751713 0.091006
v -0.018096 0.752309 0.090989
v -0.014353 0.749617 0.090469
v -0.016262 0.750248 0.090623
v -0.018195 0.750786 0.090593
v -0.022857 0.781217 0.075991
v -0.022924 0.780275 0.073721
v -0.022762 0.779251 0.071469
v -0.023720 0.779561 0.076355
v -0.023776 0.778638 0.073988
v -0.023589 0.777626 0.071641
v -0.024528 0.777919 0.076745
v -0.024568 0.777026 0.074299
v -0.024347 0.776038 0.071877
v -0.020889 0.782629 0.071414
v -0.001649 0.748094 0.085737
v -0.001092 0.748326 0.085756
v -0.000544 0.748478 0.085777
v -0.001829 0.749258 0.086549
v -0.001212 0.749504 0.086564
v -0.000604 0.749666 0.086585
v -0.001982 0.750562 0.087124
v -0.001313 0.750813 0.087134
v -0.000655 0.750979 0.087153
v -0.011236 0.753948 0.066169
v -0.011457 0.752462 0.066471
v -0.011672 0.750959 0.066858
v -0.013186 0.754451 0.065314
v -0.013416 0.752981 0.065624
v -0.013616 0.751481 0.066025
v -0.015166 0.754984 0.064668
v -0.015395 0.753529 0.064987
v -0.015574 0.752030 0.065402
v -0.011542 0.772745 0.064000
v -0.010228 0.772487 0.064638
v -0.009024 0.772284 0.065443
v -0.011884 0.770954 0.063788
v -0.010495 0.770679 0.064448
v -0.009219 0.770463 0.065284
v -0.012162 0.769329 0.063738
v -0.010714 0.769043 0.064413
v -0.009380 0.768821 0.065267
v -0.006943 0.741371 0.082790
v -0.007660 0.740864 0.082756
v -0.008402 0.740443 0.082766
v -0.006773 0.740935 0.081274
v -0.007514 0.740420 0.081290
v -0.008276 0.739985 0.081336
v -0.006725 0.740630 0.079733
v -0.007480 0.740090 0.079804
v -0.008251 0.739630 0.079885
v -0.002881 0.752599 0.071827
v -0.002905 0.751163 0.072258
v -0.002890 0.749811 0.072816
v -0.003493 0.752551 0.071634
v -0.003533 0.751072 0.072084
v -0.003530 0.749663 0.072670
v -0.004158 0.752531 0.071300
v -0.004223 0.750998 0.071764
v -0.004254 0.749489 0.072385
v -0.018324 0.743410 0.087156
v -0.018364 0.742544 0.086533
v -0.018364 0.741746 0.085742
v -0.016717 0.743174 0.087304
v -0.016723 0.742323 0.086696
v -0.016683 0.741532 0.085916
v -0.015118 0.742934 0.087328
v -0.015091 0.742114 0.086738
v -0.015013 0.741346 0.085972
v -0.003306 0.756350 0.088476
v -0.004038 0.756188 0.088639
v -0.004826 0.756134 0.088894
v -0.003469 0.754588 0.088299
v -0.004240 0.754357 0.088466
v -0.005074 0.754225 0.088728
v -0.003562 0.752905 0.088023
v -0.004366 0.752595 0.088186
v -0.005252 0.752339 0.088441
v -0.026326 0.745342 0.076846
v -0.025390 0.743866 0.077359
v -0.024382 0.742583 0.077862
v -0.026834 0.745833 0.078727
v -0.025898 0.744366 0.079104
v -0.024887 0.743089 0.079497
v -0.027088 0.746346 0.080612
v -0.026181 0.744902 0.080847
v -0.025196 0.743647 0.081121
v -0.000438 0.746572 0.083137
v -0.000880 0.746457 0.083123
v -0.001329 0.746275 0.083108
v -0.000404 0.745940 0.081394
v -0.000814 0.745846 0.081387
v -0.001230 0.745696 0.081377
v -0.000389 0.745602 0.079587
v -0.000785 0.745530 0.079588
v -0.001186 0.745408 0.079586
v -0.028872 0.759978 0.073997
v -0.028917 0.758180 0.074217
v -0.028871 0.756340 0.074471
v -0.029349 0.760528 0.076646
v -0.029399 0.758676 0.076820
v -0.029357 0.756788 0.077014
v -0.029468 0.761024 0.079331
v -0.029525 0.759131 0.079453
v -0.029493 0.757210 0.079581
v -0.018426 0.775748 0.088545
v -0.019750 0.775880 0.087853
v -0.020919 0.775937 0.086990
v -0.018840 0.773966 0.089256
v -0.020210 0.774104 0.088555
v -0.021421 0.774168 0.087667
v -0.019231 0.772191 0.089887
v -0.020644 0.772337 0.089177
v -0.021893 0.772409 0.088267
v -0.007252 0.765562 0.067344
v -0.006301 0.765512 0.068242
v -0.005478 0.765490 0.069038
v -0.007298 0.764101 0.067473
v -0.006321 0.764043 0.068391
v -0.005482 0.764013 0.069205
v -0.007346 0.762624 0.067588
v -0.006339 0.762550 0.068523
v -0.005480 0.762505 0.069353
v -0.024266 0.771128 0.068343
v -0.023214 0.770300 0.066947
v -0.021977 0.769536 0.065864
v -0.024723 0.769667 0.068535
v -0.023600 0.768853 0.067115
v -0.022300 0.768095 0.066014
v -0.025145 0.768207 0.068718
v -0.023960 0.767412 0.067278
v -0.022607 0.766667 0.066162
v -0.014991 0.775129 0.089311
v -0.015288 0.773341 0.089982
v -0.015576 0.771546 0.090579
v -0.012959 0.774649 0.089391
v -0.013191 0.772859 0.090015
v -0.013420 0.771053 0.090569
v -0.010931 0.774106 0.089308
v -0.011099 0.772314 0.089873
v -0.011273 0.770497 0.090377
v -0.011698 0.766777 0.091185
v -0.013918 0.767390 0.091433
v -0.016152 0.767939 0.091483
v -0.011954 0.764885 0.091478
v -0.014189 0.765541 0.091729
v -0.016440 0.766130 0.091777
v -0.012229 0.762993 0.091685
v -0.014466 0.763693 0.091930
v -0.016719 0.764324 0.091968
v -0.002917 0.765354 0.070681
v -0.002905 0.763821 0.070844
v -0.002887 0.762272 0.070988
v -0.003494 0.765404 0.070484
v -0.003481 0.763887 0.070656
v -0.003462 0.762345 0.070807
v -0.004100 0.765445 0.070164
v -0.004088 0.763944 0.070343
v -0.004070 0.762412 0.070500
v -0.002471 0.771157 0.087427
v -0.003034 0.771270 0.087478
v -0.003666 0.771446 0.087595
v -0.002469 0.769341 0.087646
v -0.003034 0.769450 0.087708
v -0.003668 0.769625 0.087846
v -0.002489 0.767511 0.087832
v -0.003058 0.767609 0.087908
v -0.003699 0.767776 0.088065
v -0.009649 0.765827 0.065427
v -0.009781 0.764387 0.065528
v -0.009926 0.762951 0.065621
v -0.011083 0.766061 0.064553
v -0.011268 0.764634 0.064649
v -0.011472 0.763219 0.064740
v -0.012626 0.766362 0.063867
v -0.012856 0.764946 0.063963
v -0.013111 0.763548 0.064057
v -0.012933 0.741998 0.070940
v -0.013139 0.740909 0.071929
v -0.013333 0.740000 0.072954
v -0.014398 0.742280 0.070440
v -0.014494 0.741140 0.071511
v -0.014603 0.740185 0.072612
v -0.015887 0.742589 0.070075
v -0.015872 0.741401 0.071205
v -0.015896 0.740407 0.072360
v -0.003400 0.782546 0.084474
v -0.002839 0.782405 0.084447
v -0.002328 0.782313 0.084451
v -0.001736 0.775717 0.070686
v -0.001730 0.777804 0.070883
v -0.001726 0.779757 0.070771
v -0.001170 0.775506 0.070607
v -0.001170 0.777542 0.070794
v -0.001169 0.779453 0.070685
v -0.000589 0.775334 0.070532
v -0.000590 0.777336 0.070715
v -0.000591 0.779220 0.070609
v -0.003855 0.776133 0.070357
v -0.003786 0.778483 0.070647
v -0.003740 0.780694 0.070595
v -0.003312 0.776094 0.070598
v -0.003263 0.778381 0.070857
v -0.003230 0.780525 0.070777
v -0.002796 0.776028 0.070714
v -0.002765 0.778246 0.070946
v -0.002745 0.780320 0.070847
v -0.023197 0.741828 0.081826
v -0.022859 0.741222 0.080300
v -0.022376 0.740701 0.078743
v -0.022163 0.741247 0.082233
v -0.021826 0.740616 0.080687
v -0.021366 0.740085 0.079100
v -0.021013 0.740822 0.082629
v -0.020687 0.740170 0.081043
v -0.020259 0.739631 0.079405
v -0.002628 0.747375 0.074317
v -0.002406 0.746366 0.075298
v -0.002196 0.745589 0.076480
v -0.003213 0.747137 0.074252
v -0.002932 0.746110 0.075269
v -0.002674 0.745325 0.076468
v -0.003860 0.746766 0.074146
v -0.003492 0.745726 0.075235
v -0.003182 0.744945 0.076463
v -0.000513 0.747771 0.074277
v -0.000468 0.746786 0.075254
v -0.000425 0.746040 0.076448
v -0.001031 0.747726 0.074304
v -0.000941 0.746740 0.075277
v -0.000856 0.745991 0.076464
v -0.001553 0.747648 0.074330
v -0.001420 0.746659 0.075300
v -0.001293 0.745904 0.076480
v -0.018278 0.747948 0.089560
v -0.018276 0.746652 0.088951
v -0.018271 0.745456 0.088326
v -0.016502 0.747536 0.089625
v -0.016581 0.746300 0.089037
v -0.016639 0.745155 0.088434
v -0.014748 0.747054 0.089532
v -0.014903 0.745891 0.088977
v -0.015021 0.744815 0.088407
v -0.007913 0.781356 0.067242
v -0.008187 0.779078 0.066943
v -0.008492 0.776669 0.066375
v -0.008681 0.781425 0.066678
v -0.009063 0.779182 0.066315
v -0.009489 0.776814 0.065678
v -0.009528 0.781527 0.066234
v -0.010029 0.779325 0.065819
v -0.010585 0.777003 0.065126
v -0.008971 0.747039 0.069773
v -0.007776 0.746715 0.070832
v -0.006751 0.746369 0.071931
v -0.009322 0.745514 0.070274
v -0.008203 0.745217 0.071264
v -0.007271 0.744899 0.072289
v -0.009703 0.744062 0.070834
v -0.008666 0.743807 0.071740
v -0.007814 0.743539 0.072678
v -0.013764 0.760729 0.064181
v -0.011995 0.760341 0.064855
v -0.010299 0.760002 0.065731
v -0.014147 0.759297 0.064229
v -0.012306 0.758868 0.064895
v -0.010526 0.758483 0.065766
v -0.014529 0.757859 0.064305
v -0.012622 0.757389 0.064965
v -0.010765 0.756956 0.065830
v -0.019952 0.768669 0.090809
v -0.021429 0.768841 0.090075
v -0.022737 0.768931 0.089126
v -0.020277 0.766918 0.091086
v -0.021773 0.767104 0.090338
v -0.023101 0.767201 0.089374
v -0.020570 0.765165 0.091253
v -0.022077 0.765361 0.090494
v -0.023417 0.765460 0.089519
v -0.014301 0.738732 0.080162
v -0.014510 0.739252 0.081867
v -0.014711 0.739897 0.083508
v -0.015889 0.738848 0.080048
v -0.016159 0.739383 0.081769
v -0.016398 0.740045 0.083426
v -0.017492 0.739035 0.079880
v -0.017824 0.739577 0.081595
v -0.018098 0.740247 0.083247
v -0.011662 0.738707 0.080209
v -0.010670 0.738806 0.080155
v -0.009815 0.738988 0.080071
v -0.011764 0.739180 0.081812
v -0.010735 0.739248 0.081690
v -0.009855 0.739399 0.081547
v -0.011905 0.739765 0.083367
v -0.010858 0.739796 0.083187
v -0.009968 0.739909 0.082996
v -0.028273 0.768078 0.078759
v -0.028184 0.767456 0.076022
v -0.027746 0.766737 0.073333
v -0.028703 0.766387 0.078938
v -0.028603 0.765793 0.076191
v -0.028150 0.765110 0.073492
v -0.029054 0.764655 0.079083
v -0.028947 0.764088 0.076341
v -0.028483 0.763442 0.073645
v -0.007475 0.759531 0.067710
v -0.006397 0.759395 0.068660
v -0.005492 0.759301 0.069506
v -0.007566 0.757917 0.067740
v -0.006449 0.757741 0.068690
v -0.005519 0.757618 0.069539
v -0.007679 0.756296 0.067800
v -0.006523 0.756081 0.068753
v -0.005567 0.755929 0.069607
v -0.025676 0.772944 0.072421
v -0.026258 0.771416 0.072687
v -0.026794 0.769882 0.072933
v -0.025979 0.773850 0.074963
v -0.026603 0.772272 0.075278
v -0.027177 0.770686 0.075567
v -0.025985 0.774656 0.077538
v -0.026634 0.773025 0.077910
v -0.027232 0.771388 0.078246
v -0.025939 0.765220 0.069026
v -0.024671 0.764488 0.067550
v -0.023258 0.763797 0.066405
v -0.026300 0.763679 0.069160
v -0.025014 0.762993 0.067668
v -0.023592 0.762344 0.066507
v -0.026608 0.762109 0.069302
v -0.025313 0.761478 0.067798
v -0.023893 0.760880 0.066623
v -0.026668 0.751828 0.071155
v -0.025427 0.751540 0.069727
v -0.024103 0.751260 0.068593
v -0.026383 0.749912 0.071702
v -0.025178 0.749637 0.070334
v -0.023896 0.749377 0.069248
v -0.025976 0.748029 0.072316
v -0.024819 0.747762 0.071021
v -0.023590 0.747519 0.069993
v -0.021518 0.754633 0.090598
v -0.022930 0.754713 0.089894
v -0.024187 0.754669 0.089010
v -0.021555 0.752967 0.090283
v -0.022928 0.753018 0.089605
v -0.024146 0.752947 0.088757
v -0.021542 0.751362 0.089902
v -0.022866 0.751389 0.089254
v -0.024036 0.751299 0.088448
v -0.005201 0.745325 0.085741
v -0.005765 0.746293 0.086695
v -0.006416 0.747389 0.087495
v -0.005793 0.744601 0.085645
v -0.006362 0.745465 0.086586
v -0.007022 0.746390 0.087367
v -0.006388 0.743865 0.085519
v -0.006939 0.744643 0.086438
v -0.007580 0.745452 0.087195
v -0.029183 0.753362 0.079869
v -0.029020 0.752954 0.077474
v -0.028527 0.752540 0.075097
v -0.028884 0.751482 0.080033
v -0.028704 0.751054 0.077745
v -0.028206 0.750625 0.075473
v -0.028453 0.749667 0.080211
v -0.028252 0.749210 0.078044
v -0.027750 0.748758 0.075891
v -0.004026 0.743263 0.079576
v -0.004126 0.743453 0.081322
v -0.004366 0.743881 0.083027
v -0.004641 0.742602 0.079597
v -0.004733 0.742816 0.081305
v -0.004965 0.743241 0.082974
v -0.005299 0.741913 0.079629
v -0.005378 0.742159 0.081288
v -0.005595 0.742585 0.082913
v -0.021491 0.756987 0.065223
v -0.020123 0.756514 0.064638
v -0.018664 0.756027 0.064316
v -0.021603 0.755539 0.065504
v -0.020274 0.755078 0.064936
v -0.018853 0.754591 0.064629
v -0.021643 0.754014 0.065881
v -0.020351 0.753570 0.065333
v -0.018968 0.753090 0.065043
v -0.020275 0.762587 0.064712
v -0.018751 0.762070 0.064129
v -0.017174 0.761595 0.063805
v -0.020647 0.761192 0.064790
v -0.019159 0.760686 0.064198
v -0.017606 0.760210 0.063866
v -0.020999 0.759795 0.064885
v -0.019551 0.759300 0.064288
v -0.018026 0.758820 0.063953
v -0.014140 0.782626 0.066212
v -0.012887 0.782258 0.065964
v -0.011648 0.781940 0.065869
v -0.015037 0.780599 0.065804
v -0.013706 0.780184 0.065521
v -0.012374 0.779822 0.065411
v -0.015963 0.778463 0.065196
v -0.014569 0.777997 0.064851
v -0.013155 0.777590 0.064700
v -0.026404 0.761889 0.087156
v -0.027571 0.761825 0.085678
v -0.028539 0.761679 0.083925
v -0.026522 0.760010 0.087126
v -0.027671 0.759921 0.085676
v -0.028623 0.759761 0.083956
v -0.026575 0.758121 0.087059
v -0.027699 0.758003 0.085645
v -0.028626 0.757826 0.083968
v -0.025206 0.769002 0.086722
v -0.026356 0.768972 0.085230
v -0.027319 0.768838 0.083448
v -0.025607 0.767275 0.086941
v -0.026773 0.767246 0.085437
v -0.027747 0.767117 0.083645
v -0.025946 0.765525 0.087075
v -0.027121 0.765491 0.085570
v -0.028100 0.765361 0.083780
v -0.004003 0.746562 0.085804
v -0.003399 0.747043 0.085783
v -0.002802 0.747450 0.085753
v -0.004466 0.747663 0.086720
v -0.003782 0.748163 0.086658
v -0.003112 0.748584 0.086596
v -0.004925 0.748980 0.087441
v -0.004126 0.749467 0.087310
v -0.003377 0.749882 0.087206
v -0.012477 0.742501 0.087006
v -0.012387 0.741771 0.086450
v -0.012240 0.741079 0.085718
v -0.011526 0.742352 0.086729
v -0.011398 0.741678 0.086187
v -0.011216 0.741030 0.085470
v -0.010770 0.742288 0.086470
v -0.010587 0.741679 0.085939
v -0.010361 0.741073 0.085229
v -0.016182 0.739040 0.074580
v -0.014910 0.738863 0.074761
v -0.013659 0.738740 0.074985
v -0.016453 0.738687 0.075681
v -0.015116 0.738515 0.075847
v -0.013798 0.738406 0.076032
v -0.016779 0.738564 0.076882
v -0.015352 0.738391 0.077043
v -0.013943 0.738287 0.077199
v -0.020548 0.743774 0.070459
v -0.019552 0.743507 0.070086
v -0.018487 0.743214 0.069888
v -0.020158 0.742502 0.071475
v -0.019251 0.742239 0.071183
v -0.018274 0.741961 0.071035
v -0.019865 0.741503 0.072436
v -0.019044 0.741208 0.072269
v -0.018140 0.740922 0.072192
v -0.021557 0.750612 0.066976
v -0.020335 0.750219 0.066468
v -0.019027 0.749784 0.066202
v -0.021429 0.748784 0.067700
v -0.020245 0.748424 0.067212
v -0.018978 0.748025 0.066954
v -0.021226 0.746979 0.068530
v -0.020088 0.746653 0.068068
v -0.018873 0.746294 0.067821
v -0.009986 0.745026 0.087921
v -0.010830 0.745547 0.088457
v -0.011868 0.746046 0.088925
v -0.010369 0.744213 0.087572
v -0.011161 0.744638 0.088044
v -0.012149 0.745049 0.088458
v -0.010671 0.743513 0.087230
v -0.011414 0.743815 0.087616
v -0.012361 0.744130 0.087971
v -0.008133 0.749401 0.088960
v -0.009225 0.750190 0.089647
v -0.010498 0.750951 0.090260
v -0.008636 0.748106 0.088762
v -0.009645 0.748849 0.089419
v -0.010855 0.749566 0.090006
v -0.009110 0.746965 0.088529
v -0.010056 0.747642 0.089152
v -0.011206 0.748296 0.089706
v -0.002020 0.745009 0.079576
v -0.002094 0.745232 0.081362
v -0.002260 0.745743 0.083092
v -0.002465 0.744714 0.079569
v -0.002552 0.744910 0.081356
v -0.002749 0.745391 0.083090
v -0.002941 0.744334 0.079565
v -0.003038 0.744513 0.081348
v -0.003260 0.744970 0.083084
v -0.021143 0.740132 0.076077
v -0.020528 0.740142 0.075051
v -0.020040 0.740356 0.074156
v -0.020237 0.739550 0.076358
v -0.019688 0.739608 0.075273
v -0.019256 0.739896 0.074286
v -0.019247 0.739122 0.076558
v -0.018764 0.739214 0.075418
v -0.018381 0.739543 0.074364
v -0.022908 0.744339 0.085730
v -0.023117 0.743692 0.085076
v -0.023298 0.743076 0.084248
v -0.022062 0.744037 0.086100
v -0.022206 0.743283 0.085453
v -0.022328 0.742590 0.084645
v -0.021042 0.743819 0.086513
v -0.021145 0.742997 0.085871
v -0.021223 0.742246 0.085070
v -0.006649 0.756579 0.089761
v -0.007772 0.757092 0.090328
v -0.009129 0.757742 0.090902
v -0.006968 0.754638 0.089637
v -0.008105 0.755198 0.090233
v -0.009457 0.755887 0.090822
v -0.007287 0.752726 0.089420
v -0.008449 0.753380 0.090063
v -0.009795 0.754119 0.090674
v -0.005570 0.764538 0.089247
v -0.006660 0.765000 0.089760
v -0.008007 0.765545 0.090294
v -0.005784 0.762546 0.089490
v -0.006885 0.763016 0.090021
v -0.008242 0.763583 0.090569
v -0.006044 0.760541 0.089677
v -0.007153 0.761022 0.090219
v -0.008514 0.761613 0.090775
v -0.002847 0.759040 0.071167
v -0.002834 0.757374 0.071232
v -0.002833 0.755721 0.071336
v -0.003423 0.759102 0.070986
v -0.003414 0.757416 0.071042
v -0.003420 0.755737 0.071138
v -0.004039 0.759165 0.070675
v -0.004038 0.757466 0.070722
v -0.004054 0.755769 0.070808
v -0.000578 0.758843 0.071325
v -0.000574 0.757238 0.071393
v -0.000571 0.755664 0.071495
v -0.001153 0.758877 0.071324
v -0.001144 0.757263 0.071395
v -0.001138 0.755678 0.071501
v -0.001724 0.758925 0.071307
v -0.001711 0.757298 0.071380
v -0.001704 0.755695 0.071488
v -0.000574 0.752725 0.071937
v -0.000576 0.751380 0.072323
v -0.000570 0.750109 0.072834
v -0.001147 0.752713 0.071953
v -0.001152 0.751355 0.072345
v -0.001141 0.750074 0.072861
v -0.001721 0.752689 0.071955
v -0.001730 0.751312 0.072356
v -0.001716 0.750014 0.072881
v -0.007835 0.740876 0.075228
v -0.007388 0.740659 0.076099
v -0.007039 0.740508 0.077105
v -0.008503 0.740136 0.075582
v -0.008108 0.739972 0.076371
v -0.007788 0.739876 0.077303
v -0.009112 0.739566 0.075881
v -0.008808 0.739417 0.076599
v -0.008537 0.739349 0.077475
v -0.005208 0.745112 0.074168
v -0.004692 0.744333 0.075304
v -0.004313 0.743718 0.076533
v -0.005845 0.743949 0.074355
v -0.005325 0.743379 0.075433
v -0.004939 0.742909 0.076624
v -0.006488 0.742814 0.074590
v -0.005983 0.742400 0.075609
v -0.005605 0.742060 0.076750
v -0.000640 0.757081 0.088333
v -0.001285 0.756954 0.088328
v -0.001941 0.756773 0.088339
v -0.000672 0.755460 0.088157
v -0.001348 0.755316 0.088150
v -0.002036 0.755106 0.088159
v -0.000690 0.753894 0.087900
v -0.001383 0.753737 0.087888
v -0.002089 0.753504 0.087892
v -0.000508 0.763897 0.088203
v -0.001023 0.763864 0.088178
v -0.001546 0.763826 0.088158
v -0.000534 0.762156 0.088330
v -0.001075 0.762100 0.088313
v -0.001625 0.762028 0.088304
v -0.000566 0.760437 0.088410
v -0.001139 0.760356 0.088400
v -0.001721 0.760247 0.088402
v -0.002637 0.763790 0.088202
v -0.003235 0.763833 0.088308
v -0.003904 0.763955 0.088503
v -0.002769 0.761906 0.088377
v -0.003393 0.761908 0.088500
v -0.004086 0.761994 0.088712
v -0.002931 0.760028 0.088503
v -0.003587 0.759979 0.088641
v -0.004308 0.760024 0.088869
v -0.025361 0.747900 0.085977
v -0.026127 0.747609 0.084979
v -0.026716 0.747256 0.083788
v -0.024816 0.746622 0.085715
v -0.025459 0.746285 0.084826
v -0.025944 0.745885 0.083753
v -0.024235 0.745579 0.085530
v -0.024723 0.745171 0.084752
v -0.025092 0.744710 0.083791
v -0.026514 0.754411 0.086837
v -0.027565 0.754237 0.085517
v -0.028421 0.754014 0.083955
v -0.026385 0.752638 0.086681
v -0.027386 0.752435 0.085423
v -0.028194 0.752185 0.083934
v -0.026162 0.750946 0.086488
v -0.027101 0.750716 0.085303
v -0.027850 0.750434 0.083899
v -0.017221 0.760735 0.092056
v -0.017438 0.758968 0.091968
v -0.017634 0.757232 0.091808
v -0.015000 0.760043 0.092037
v -0.015249 0.758264 0.091956
v -0.015484 0.756531 0.091801
v -0.012797 0.759271 0.091810
v -0.013078 0.757472 0.091733
v -0.013354 0.755734 0.091585
v -0.016505 0.782947 0.085324
v -0.017031 0.781126 0.086163
v -0.018201 0.781249 0.085522
v -0.019226 0.781282 0.084754
v -0.017524 0.779325 0.086983
v -0.018748 0.779451 0.086320
v -0.019824 0.779492 0.085516
v -0.010067 0.781180 0.086475
v -0.011823 0.781759 0.086372
v -0.013574 0.782283 0.086154
v -0.010326 0.779394 0.087264
v -0.012149 0.779964 0.087195
v -0.013970 0.780475 0.086999
v -0.010554 0.777634 0.088001
v -0.012445 0.778192 0.087975
v -0.014336 0.778689 0.087809
v -0.006959 0.772002 0.067203
v -0.006089 0.771913 0.068028
v -0.005314 0.771859 0.068761
v -0.007058 0.770186 0.067098
v -0.006168 0.770111 0.067943
v -0.005382 0.770072 0.068692
v -0.007137 0.768555 0.067121
v -0.006228 0.768494 0.067982
v -0.005432 0.768467 0.068746
v -0.021805 0.777321 0.067844
v -0.021025 0.776498 0.066604
v -0.020044 0.775759 0.065647
v -0.022544 0.775686 0.067864
v -0.021709 0.774844 0.066570
v -0.020674 0.774081 0.065567
v -0.023191 0.774120 0.067982
v -0.022288 0.773275 0.066645
v -0.021188 0.772506 0.065609
v -0.019085 0.768209 0.064270
v -0.017501 0.767650 0.063728
v -0.015873 0.767157 0.063438
v -0.019350 0.766782 0.064394
v -0.017767 0.766232 0.063842
v -0.016142 0.765745 0.063545
v -0.019620 0.765376 0.064519
v -0.018047 0.764836 0.063957
v -0.016433 0.764356 0.063650
v -0.017499 0.774486 0.064257
v -0.016010 0.773944 0.063797
v -0.014473 0.773471 0.063565
v -0.018038 0.772765 0.064098
v -0.016511 0.772205 0.063604
v -0.014933 0.771715 0.063350
v -0.018460 0.771173 0.064085
v -0.016904 0.770607 0.063569
v -0.015298 0.770110 0.063300
v -0.023124 0.775950 0.084843
v -0.024160 0.775879 0.083506
v -0.025040 0.775678 0.081888
v -0.023707 0.774201 0.085438
v -0.024779 0.774145 0.084049
v -0.025685 0.773967 0.082376
v -0.024250 0.772457 0.085966
v -0.025353 0.772414 0.084532
v -0.026281 0.772255 0.082811
v -0.020403 0.782974 0.082222
v -0.021259 0.782812 0.081117
v -0.021997 0.782502 0.079757
v -0.021148 0.781208 0.082889
v -0.022052 0.781073 0.081723
v -0.022828 0.780793 0.080294
v -0.021846 0.779453 0.083552
v -0.022797 0.779342 0.082328
v -0.023611 0.779089 0.080833
v -0.005242 0.772061 0.088091
v -0.006269 0.772500 0.088439
v -0.007529 0.773001 0.088791
v -0.005264 0.770246 0.088416
v -0.006311 0.770691 0.088817
v -0.007600 0.771199 0.089229
v -0.005314 0.768394 0.088704
v -0.006377 0.768844 0.089153
v -0.007691 0.769361 0.089619
v -0.005067 0.779229 0.086101
v -0.005987 0.779615 0.086256
v -0.007099 0.780075 0.086392
v -0.005151 0.777413 0.086719
v -0.006100 0.777815 0.086914
v -0.007250 0.778288 0.087096
v -0.005201 0.775628 0.087255
v -0.006178 0.776045 0.087497
v -0.007367 0.776529 0.087730
v -0.002864 0.771889 0.070260
v -0.002891 0.770107 0.070257
v -0.002910 0.768459 0.070357
v -0.003416 0.771881 0.070092
v -0.003455 0.770099 0.070070
v -0.003482 0.768467 0.070159
v -0.003994 0.771855 0.069801
v -0.004045 0.770079 0.069762
v -0.004080 0.768464 0.069840
v -0.000591 0.771539 0.070232
v -0.000593 0.769850 0.070303
v -0.000596 0.768252 0.070465
v -0.001176 0.771643 0.070283
v -0.001182 0.769926 0.070340
v -0.001186 0.768307 0.070489
v -0.001753 0.771762 0.070327
v -0.001762 0.770014 0.070364
v -0.001770 0.768373 0.070496
v -0.000596 0.765153 0.070851
v -0.000593 0.763602 0.071016
v -0.000589 0.762037 0.071151
v -0.001187 0.765190 0.070856
v -0.001182 0.763638 0.071016
v -0.001174 0.762074 0.071150
v -0.001772 0.765241 0.070842
v -0.001764 0.763691 0.070998
v -0.001753 0.762130 0.071131
v -0.000478 0.771018 0.087515
v -0.000959 0.771027 0.087482
v -0.001449 0.771049 0.087446
v -0.000477 0.769219 0.087728
v -0.000958 0.769224 0.087694
v -0.001447 0.769242 0.087657
v -0.000480 0.767431 0.087900
v -0.000965 0.767429 0.087866
v -0.001458 0.767436 0.087831
v -0.000475 0.778351 0.085919
v -0.000958 0.778358 0.085888
v -0.001448 0.778376 0.085852
v -0.000482 0.776485 0.086442
v -0.000968 0.776493 0.086414
v -0.001461 0.776513 0.086382
v -0.000483 0.774647 0.086883
v -0.000969 0.774656 0.086854
v -0.001462 0.774678 0.086822
v -0.002463 0.778465 0.085809
v -0.003012 0.778558 0.085822
v -0.003615 0.778706 0.085871
v -0.002487 0.776608 0.086348
v -0.003044 0.776707 0.086370
v -0.003659 0.776863 0.086433
v -0.002490 0.774781 0.086794
v -0.003052 0.774886 0.086825
v -0.003675 0.775050 0.086904
v -0.015807 0.748811 0.066528
v -0.013945 0.748307 0.067097
v -0.012093 0.747826 0.067866
v -0.015872 0.747133 0.067246
v -0.014079 0.746671 0.067775
v -0.012302 0.746231 0.068491
v -0.015904 0.745493 0.068075
v -0.014198 0.745081 0.068554
v -0.012511 0.744691 0.069207
v 0.001390 0.782223 0.084534
v 0.000931 0.782205 0.084593
v 0.000476 0.782198 0.084641
v 0.001714 0.782644 0.068688
v 0.001153 0.782316 0.068657
v 0.000577 0.782073 0.068626
v 0.000574 0.782970 0.066659
v 0.018986 0.782681 0.068508
v 0.020003 0.780852 0.068233
v 0.018262 0.782057 0.067525
v 0.019276 0.780147 0.067152
v 0.017359 0.781526 0.066788
v 0.018358 0.779532 0.066331
v 0.006421 0.781206 0.068556
v 0.006549 0.778888 0.068396
v 0.006695 0.776434 0.067954
v 0.005674 0.781100 0.069213
v 0.005766 0.778782 0.069117
v 0.005879 0.776329 0.068722
v 0.004960 0.780976 0.069802
v 0.005033 0.778676 0.069765
v 0.005129 0.776240 0.069409
v 0.010533 0.741575 0.072202
v 0.010934 0.740590 0.072998
v 0.011274 0.739780 0.073832
v 0.009665 0.741422 0.072914
v 0.010144 0.740495 0.073601
v 0.010538 0.739746 0.074315
v 0.008959 0.741273 0.073660
v 0.009501 0.740411 0.074228
v 0.009941 0.739742 0.074792
v 0.021036 0.761631 0.091310
v 0.021206 0.759856 0.091220
v 0.021340 0.758090 0.091066
v 0.022539 0.761820 0.090545
v 0.022695 0.760025 0.090463
v 0.022810 0.758233 0.090322
v 0.023879 0.761895 0.089572
v 0.024025 0.760075 0.089503
v 0.024121 0.758251 0.089382
v 0.007976 0.753145 0.068162
v 0.008168 0.751623 0.068484
v 0.008393 0.750109 0.068876
v 0.006758 0.752870 0.069151
v 0.006926 0.751326 0.069511
v 0.007136 0.749790 0.069946
v 0.005751 0.752677 0.070046
v 0.005887 0.751109 0.070460
v 0.006053 0.749527 0.070983
v 0.026974 0.758894 0.069685
v 0.027016 0.757232 0.069952
v 0.026974 0.755511 0.070282
v 0.025677 0.758397 0.068166
v 0.025723 0.756806 0.068436
v 0.025691 0.755148 0.068779
v 0.024272 0.757920 0.066972
v 0.024330 0.756393 0.067240
v 0.024314 0.754792 0.067590
v 0.011617 0.738291 0.077475
v 0.010747 0.738410 0.077571
v 0.009988 0.738620 0.077615
v 0.011637 0.738387 0.076435
v 0.010836 0.738492 0.076611
v 0.010140 0.738687 0.076724
v 0.011619 0.738674 0.075527
v 0.010875 0.738747 0.075791
v 0.010242 0.738902 0.075987
v 0.024694 0.744614 0.073718
v 0.023851 0.743168 0.074444
v 0.022945 0.741928 0.075115
v 0.023673 0.744385 0.072587
v 0.022926 0.742983 0.073387
v 0.022136 0.741807 0.074109
v 0.022604 0.744197 0.071694
v 0.021981 0.742856 0.072556
v 0.021363 0.741779 0.073315
v 0.021333 0.748387 0.088904
v 0.021175 0.747049 0.088311
v 0.021043 0.745833 0.087698
v 0.022522 0.748398 0.088332
v 0.022286 0.747081 0.087788
v 0.022087 0.745912 0.087229
v 0.023554 0.748305 0.087637
v 0.023232 0.747026 0.087172
v 0.022949 0.745944 0.086720
v 0.007610 0.742523 0.085217
v 0.008248 0.741978 0.085087
v 0.008913 0.741542 0.085023
v 0.008084 0.743176 0.086060
v 0.008667 0.742586 0.085884
v 0.009263 0.742124 0.085774
v 0.008642 0.743834 0.086745
v 0.009154 0.743187 0.086519
v 0.009650 0.742685 0.086354
v 0.013880 0.752502 0.091130
v 0.014125 0.751018 0.090830
v 0.014353 0.749617 0.090469
v 0.015912 0.753249 0.091324
v 0.016099 0.751713 0.091006
v 0.016262 0.750248 0.090623
v 0.017965 0.753895 0.091318
v 0.018096 0.752309 0.090989
v 0.018195 0.750786 0.090593
v 0.022857 0.781219 0.075991
v 0.023720 0.779564 0.076356
v 0.024528 0.777923 0.076746
v 0.022924 0.780276 0.073721
v 0.023776 0.778640 0.073988
v 0.024568 0.777028 0.074300
v 0.022762 0.779252 0.071469
v 0.023589 0.777628 0.071641
v 0.024347 0.776041 0.071878
v 0.020889 0.782630 0.071414
v 0.001648 0.748094 0.085737
v 0.001828 0.749258 0.086549
v 0.001980 0.750562 0.087124
v 0.001091 0.748326 0.085756
v 0.001210 0.749504 0.086564
v 0.001310 0.750813 0.087134
v 0.000543 0.748478 0.085777
v 0.000602 0.749666 0.086585
v 0.000651 0.750979 0.087153
v 0.011236 0.753948 0.066169
v 0.013186 0.754451 0.065314
v 0.015166 0.754984 0.064668
v 0.011457 0.752462 0.066471
v 0.013416 0.752981 0.065624
v 0.015395 0.753529 0.064987
v 0.011672 0.750959 0.066858
v 0.013616 0.751481 0.066025
v 0.015574 0.752030 0.065402
v 0.011542 0.772747 0.064001
v 0.011884 0.770957 0.063788
v 0.012162 0.769332 0.063738
v 0.010228 0.772488 0.064638
v 0.010495 0.770679 0.064449
v 0.010714 0.769044 0.064413
v 0.009024 0.772284 0.065443
v 0.009219 0.770463 0.065284
v 0.009380 0.768821 0.065267
v 0.006943 0.741371 0.082790
v 0.006773 0.740935 0.081274
v 0.006725 0.740630 0.079733
v 0.007660 0.740864 0.082756
v 0.007514 0.740420 0.081290
v 0.007480 0.740090 0.079804
v 0.008402 0.740443 0.082766
v 0.008276 0.739985 0.081336
v 0.008251 0.739631 0.079885
v 0.002880 0.752599 0.071827
v 0.003492 0.752551 0.071634
v 0.004158 0.752532 0.071300
v 0.002905 0.751163 0.072258
v 0.003533 0.751072 0.072084
v 0.004223 0.750998 0.071764
v 0.002890 0.749811 0.072816
v 0.003530 0.749663 0.072670
v 0.004254 0.749489 0.072385
v 0.018324 0.743410 0.087156
v 0.016717 0.743174 0.087304
v 0.015118 0.742934 0.087328
v 0.018364 0.742544 0.086533
v 0.016723 0.742323 0.086696
v 0.015091 0.742114 0.086738
v 0.018364 0.741746 0.085742
v 0.016683 0.741532 0.085916
v 0.015013 0.741346 0.085972
v 0.003306 0.756350 0.088476
v 0.003469 0.754588 0.088299
v 0.003562 0.752905 0.088023
v 0.004038 0.756188 0.088639
v 0.004240 0.754357 0.088466
v 0.004366 0.752595 0.088186
v 0.004826 0.756134 0.088894
v 0.005074 0.754225 0.088728
v 0.005252 0.752339 0.088441
v 0.026326 0.745342 0.076846
v 0.026834 0.745833 0.078727
v 0.027088 0.746346 0.080612
v 0.025390 0.743866 0.077359
v 0.025898 0.744366 0.079104
v 0.026181 0.744902 0.080847
v 0.024382 0.742583 0.077862
v 0.024887 0.743089 0.079497
v 0.025196 0.743647 0.081121
v 0.000440 0.746572 0.083137
v 0.000409 0.745940 0.081394
v 0.000395 0.745602 0.079587
v 0.000882 0.746457 0.083123
v 0.000818 0.745846 0.081387
v 0.000789 0.745530 0.079588
v 0.001330 0.746275 0.083108
v 0.001233 0.745696 0.081377
v 0.001190 0.745408 0.079586
v 0.028872 0.759978 0.073997
v 0.029349 0.760528 0.076646
v 0.029468 0.761024 0.079331
v 0.028917 0.758180 0.074217
v 0.029399 0.758676 0.076820
v 0.029525 0.759131 0.079453
v 0.028871 0.756340 0.074471
v 0.029356 0.756788 0.077014
v 0.029493 0.757210 0.079581
v 0.018427 0.775792 0.088550
v 0.018841 0.774000 0.089260
v 0.019232 0.772214 0.089890
v 0.019751 0.775926 0.087858
v 0.020211 0.774139 0.088559
v 0.020645 0.772361 0.089180
v 0.020920 0.775981 0.086995
v 0.021422 0.774203 0.087671
v 0.021894 0.772432 0.088269
v 0.007252 0.765562 0.067344
v 0.007298 0.764100 0.067473
v 0.007346 0.762624 0.067588
v 0.006301 0.765512 0.068242
v 0.006321 0.764043 0.068391
v 0.006339 0.762550 0.068523
v 0.005478 0.765490 0.069038
v 0.005482 0.764013 0.069205
v 0.005480 0.762505 0.069353
v 0.024266 0.771143 0.068345
v 0.024723 0.769679 0.068536
v 0.025145 0.768214 0.068719
v 0.023215 0.770323 0.066948
v 0.023600 0.768871 0.067116
v 0.023960 0.767424 0.067279
v 0.021978 0.769564 0.065866
v 0.022301 0.768118 0.066016
v 0.022608 0.766682 0.066163
v 0.014992 0.775161 0.089315
v 0.012960 0.774672 0.089393
v 0.010931 0.774121 0.089310
v 0.015289 0.773366 0.089985
v 0.013191 0.772877 0.090017
v 0.011099 0.772326 0.089875
v 0.015577 0.771563 0.090581
v 0.013421 0.771065 0.090571
v 0.011273 0.770505 0.090377
v 0.011698 0.766778 0.091185
v 0.011954 0.764886 0.091478
v 0.012229 0.762993 0.091685
v 0.013918 0.767393 0.091433
v 0.014189 0.765541 0.091729
v 0.014466 0.763693 0.091930
v 0.016152 0.767943 0.091484
v 0.016440 0.766131 0.091777
v 0.016719 0.764324 0.091968
v 0.002916 0.765354 0.070681
v 0.003494 0.765404 0.070484
v 0.004100 0.765445 0.070164
v 0.002904 0.763822 0.070844
v 0.003481 0.763887 0.070656
v 0.004088 0.763944 0.070343
v 0.002887 0.762272 0.070988
v 0.003461 0.762345 0.070807
v 0.004070 0.762412 0.070500
v 0.002471 0.771158 0.087427
v 0.002469 0.769341 0.087646
v 0.002489 0.767511 0.087832
v 0.003034 0.771270 0.087478
v 0.003034 0.769450 0.087708
v 0.003058 0.767609 0.087908
v 0.003666 0.771446 0.087595
v 0.003668 0.769625 0.087846
v 0.003699 0.767776 0.088065
v 0.009649 0.765827 0.065427
v 0.011083 0.766062 0.064553
v 0.012626 0.766366 0.063868
v 0.009781 0.764387 0.065528
v 0.011268 0.764635 0.064649
v 0.012856 0.764949 0.063963
v 0.009926 0.762951 0.065621
v 0.011472 0.763220 0.064740
v 0.013111 0.763550 0.064057
v 0.012933 0.741998 0.070940
v 0.014398 0.742280 0.070440
v 0.015887 0.742588 0.070075
v 0.013139 0.740909 0.071929
v 0.014494 0.741140 0.071511
v 0.015872 0.741401 0.071205
v 0.013333 0.740000 0.072954
v 0.014603 0.740185 0.072612
v 0.015896 0.740407 0.072360
v 0.003400 0.782546 0.084474
v 0.002840 0.782405 0.084447
v 0.002332 0.782314 0.084451
v 0.001735 0.775717 0.070686
v 0.001169 0.775506 0.070607
v 0.000588 0.775334 0.070532
v 0.001729 0.777804 0.070883
v 0.001168 0.777542 0.070794
v 0.000588 0.777336 0.070715
v 0.001724 0.779757 0.070771
v 0.001165 0.779453 0.070685
v 0.000587 0.779220 0.070609
v 0.003855 0.776134 0.070357
v 0.003312 0.776094 0.070598
v 0.002796 0.776028 0.070714
v 0.003786 0.778484 0.070647
v 0.003263 0.778381 0.070857
v 0.002765 0.778246 0.070946
v 0.003740 0.780694 0.070595
v 0.003230 0.780526 0.070777
v 0.002744 0.780320 0.070847
v 0.023197 0.741827 0.081826
v 0.022163 0.741247 0.082233
v 0.021013 0.740822 0.082629
v 0.022859 0.741222 0.080300
v 0.021826 0.740616 0.080687
v 0.020687 0.740170 0.081043
v 0.022376 0.740701 0.078743
v 0.021366 0.740085 0.079100
v 0.020259 0.739631 0.079405
v 0.002629 0.747375 0.074317
v 0.003213 0.747137 0.074252
v 0.003860 0.746766 0.074146
v 0.002407 0.746366 0.075298
v 0.002932 0.746110 0.075269
v 0.003492 0.745726 0.075235
v 0.002197 0.745589 0.076480
v 0.002675 0.745324 0.076468
v 0.003182 0.744945 0.076463
v 0.000516 0.747771 0.074277
v 0.001033 0.747726 0.074304
v 0.001555 0.747648 0.074330
v 0.000472 0.746786 0.075254
v 0.000945 0.746740 0.075277
v 0.001422 0.746659 0.075300
v 0.000431 0.746040 0.076448
v 0.000861 0.745991 0.076464
v 0.001296 0.745904 0.076480
v 0.018278 0.747948 0.089560
v 0.016502 0.747536 0.089625
v 0.014748 0.747054 0.089532
v 0.018276 0.746652 0.088951
v 0.016581 0.746300 0.089037
v 0.014903 0.745891 0.088977
v 0.018271 0.745456 0.088326
v 0.016639 0.745155 0.088434
v 0.015021 0.744815 0.088407
v 0.007913 0.781356 0.067242
v 0.008681 0.781425 0.066678
v 0.009528 0.781527 0.066234
v 0.008187 0.779078 0.066943
v 0.009063 0.779182 0.066315
v 0.010029 0.779325 0.065819
v 0.008492 0.776669 0.066375
v 0.009489 0.776814 0.065678
v 0.010585 0.777003 0.065126
v 0.008971 0.747039 0.069773
v 0.009322 0.745514 0.070274
v 0.009703 0.744062 0.070834
v 0.007776 0.746715 0.070832
v 0.008203 0.745217 0.071264
v 0.008666 0.743807 0.071740
v 0.006751 0.746369 0.071931
v 0.007271 0.744899 0.072289
v 0.007814 0.743539 0.072678
v 0.013764 0.760730 0.064181
v 0.014147 0.759298 0.064229
v 0.014529 0.757859 0.064305
v 0.011995 0.760341 0.064855
v 0.012306 0.758868 0.064895
v 0.012622 0.757389 0.064965
v 0.010299 0.760002 0.065731
v 0.010526 0.758483 0.065766
v 0.010765 0.756956 0.065830
v 0.019953 0.768674 0.090810
v 0.020277 0.766919 0.091086
v 0.020570 0.765165 0.091253
v 0.021429 0.768846 0.090076
v 0.021773 0.767106 0.090338
v 0.022077 0.765362 0.090494
v 0.022737 0.768936 0.089127
v 0.023101 0.767203 0.089374
v 0.023417 0.765461 0.089519
v 0.014301 0.738732 0.080162
v 0.015889 0.738848 0.080048
v 0.017492 0.739035 0.079880
v 0.014510 0.739252 0.081867
v 0.016159 0.739383 0.081769
v 0.017824 0.739577 0.081595
v 0.014711 0.739897 0.083508
v 0.016398 0.740045 0.083426
v 0.018098 0.740247 0.083247
v 0.011662 0.738707 0.080209
v 0.011764 0.739180 0.081812
v 0.011905 0.739765 0.083367
v 0.010670 0.738806 0.080155
v 0.010735 0.739248 0.081690
v 0.010858 0.739796 0.083187
v 0.009815 0.738988 0.080071
v 0.009855 0.739399 0.081547
v 0.009968 0.739910 0.082996
v 0.028273 0.768078 0.078759
v 0.028703 0.766387 0.078938
v 0.029054 0.764655 0.079083
v 0.028184 0.767456 0.076022
v 0.028603 0.765793 0.076191
v 0.028947 0.764088 0.076342
v 0.027746 0.766738 0.073333
v 0.028150 0.765110 0.073492
v 0.028483 0.763442 0.073645
v 0.007475 0.759531 0.067710
v 0.007566 0.757917 0.067740
v 0.007679 0.756296 0.067800
v 0.006397 0.759395 0.068660
v 0.006449 0.757741 0.068690
v 0.006523 0.756081 0.068753
v 0.005492 0.759301 0.069506
v 0.005519 0.757618 0.069539
v 0.005567 0.755929 0.069607
v 0.025676 0.772947 0.072422
v 0.025979 0.773852 0.074963
v 0.025985 0.774659 0.077539
v 0.026259 0.771419 0.072687
v 0.026603 0.772273 0.075279
v 0.026634 0.773028 0.077910
v 0.026794 0.769884 0.072934
v 0.027177 0.770687 0.075567
v 0.027232 0.771390 0.078246
v 0.025939 0.765221 0.069026
v 0.026300 0.763679 0.069160
v 0.026608 0.762109 0.069302
v 0.024671 0.764491 0.067550
v 0.025014 0.762994 0.067668
v 0.025313 0.761478 0.067798
v 0.023258 0.763800 0.066405
v 0.023592 0.762345 0.066507
v 0.023893 0.760880 0.066623
v 0.026668 0.751828 0.071155
v 0.026383 0.749912 0.071702
v 0.025976 0.748029 0.072316
v 0.025427 0.751540 0.069727
v 0.025178 0.749637 0.070334
v 0.024819 0.747762 0.071021
v 0.024103 0.751260 0.068593
v 0.023896 0.749377 0.069248
v 0.023590 0.747519 0.069993
v 0.021518 0.754633 0.090598
v 0.021555 0.752967 0.090283
v 0.021542 0.751362 0.089902
v 0.022930 0.754713 0.089894
v 0.022928 0.753018 0.089605
v 0.022866 0.751389 0.089254
v 0.024187 0.754669 0.089010
v 0.024146 0.752947 0.088757
v 0.024036 0.751299 0.088448
v 0.005201 0.745325 0.085741
v 0.005793 0.744601 0.085645
v 0.006388 0.743865 0.085519
v 0.005765 0.746293 0.086695
v 0.006362 0.745465 0.086586
v 0.006939 0.744643 0.086438
v 0.006416 0.747389 0.087495
v 0.007022 0.746390 0.087367
v 0.007580 0.745452 0.087195
v 0.029183 0.753362 0.079869
v 0.028884 0.751482 0.080033
v 0.028453 0.749667 0.080211
v 0.029020 0.752954 0.077474
v 0.028704 0.751054 0.077745
v 0.028252 0.749210 0.078044
v 0.028527 0.752540 0.075097
v 0.028206 0.750625 0.075473
v 0.027750 0.748758 0.075891
v 0.004026 0.743263 0.079576
v 0.004641 0.742602 0.079597
v 0.005299 0.741913 0.079629
v 0.004126 0.743452 0.081322
v 0.004733 0.742816 0.081305
v 0.005378 0.742159 0.081288
v 0.004366 0.743881 0.083027
v 0.004965 0.743241 0.082974
v 0.005595 0.742585 0.082913
v 0.021491 0.756987 0.065223
v 0.021603 0.755539 0.065504
v 0.021643 0.754014 0.065881
v 0.020123 0.756514 0.064638
v 0.020274 0.755078 0.064936
v 0.020351 0.753570 0.065333
v 0.018664 0.756026 0.064316
v 0.018853 0.754591 0.064629
v 0.018968 0.753090 0.065043
v 0.020275 0.762590 0.064712
v 0.020647 0.761193 0.064790
v 0.020999 0.759795 0.064885
v 0.018751 0.762072 0.064129
v 0.019159 0.760687 0.064198
v 0.019551 0.759300 0.064288
v 0.017174 0.761597 0.063805
v 0.017606 0.760210 0.063866
v 0.018026 0.758820 0.063953
v 0.014140 0.782626 0.066212
v 0.015037 0.780600 0.065804
v 0.015963 0.778467 0.065196
v 0.012887 0.782258 0.065964
v 0.013706 0.780185 0.065521
v 0.014569 0.778000 0.064851
v 0.011648 0.781940 0.065869
v 0.012374 0.779823 0.065411
v 0.013155 0.777592 0.064700
v 0.026404 0.761889 0.087156
v 0.026522 0.760010 0.087126
v 0.026575 0.758121 0.087059
v 0.027571 0.761825 0.085678
v 0.027671 0.759921 0.085676
v 0.027699 0.758003 0.085645
v 0.028539 0.761679 0.083925
v 0.028623 0.759761 0.083956
v 0.028626 0.757826 0.083968
v 0.025206 0.769005 0.086722
v 0.025607 0.767276 0.086941
v 0.025946 0.765525 0.087075
v 0.026356 0.768975 0.085230
v 0.026773 0.767247 0.085437
v 0.027121 0.765491 0.085570
v 0.027319 0.768840 0.083448
v 0.027747 0.767117 0.083645
v 0.028100 0.765361 0.083780
v 0.004003 0.746562 0.085804
v 0.004466 0.747663 0.086720
v 0.004925 0.748980 0.087441
v 0.003399 0.747043 0.085783
v 0.003782 0.748163 0.086658
v 0.004126 0.749467 0.087310
v 0.002802 0.747450 0.085753
v 0.003111 0.748584 0.086596
v 0.003376 0.749882 0.087206
v 0.012477 0.742501 0.087006
v 0.011526 0.742351 0.086729
v 0.010770 0.742288 0.086470
v 0.012387 0.741772 0.086450
v 0.011398 0.741678 0.086187
v 0.010587 0.741679 0.085939
v 0.012240 0.741079 0.085718
v 0.011216 0.741030 0.085470
v 0.010361 0.741073 0.085229
v 0.016182 0.739040 0.074580
v 0.016453 0.738687 0.075681
v 0.016779 0.738564 0.076882
v 0.014910 0.738863 0.074761
v 0.015116 0.738515 0.075847
v 0.015352 0.738391 0.077043
v 0.013659 0.738740 0.074985
v 0.013798 0.738406 0.076032
v 0.013943 0.738287 0.077199
v 0.020548 0.743774 0.070459
v 0.020158 0.742502 0.071475
v 0.019865 0.741503 0.072436
v 0.019552 0.743507 0.070086
v 0.019251 0.742239 0.071183
v 0.019044 0.741208 0.072269
v 0.018487 0.743214 0.069888
v 0.018274 0.741961 0.071035
v 0.018140 0.740922 0.072192
v 0.021557 0.750612 0.066976
v 0.021429 0.748784 0.067700
v 0.021226 0.746979 0.068530
v 0.020335 0.750219 0.066468
v 0.020245 0.748424 0.067212
v 0.020088 0.746653 0.068068
v 0.019027 0.749784 0.066202
v 0.018978 0.748025 0.066954
v 0.018873 0.746294 0.067821
v 0.009986 0.745026 0.087921
v 0.010369 0.744213 0.087572
v 0.010671 0.743513 0.087230
v 0.010830 0.745547 0.088457
v 0.011161 0.744638 0.088044
v 0.011414 0.743815 0.087616
v 0.011868 0.746046 0.088925
v 0.012149 0.745049 0.088458
v 0.012361 0.744130 0.087971
v 0.008133 0.749401 0.088960
v 0.008636 0.748106 0.088762
v 0.009110 0.746965 0.088529
v 0.009225 0.750190 0.089647
v 0.009645 0.748849 0.089419
v 0.010056 0.747642 0.089152
v 0.010498 0.750951 0.090260
v 0.010855 0.749566 0.090006
v 0.011206 0.748296 0.089706
v 0.002021 0.745009 0.079576
v 0.002465 0.744714 0.079569
v 0.002941 0.744334 0.079565
v 0.002094 0.745232 0.081362
v 0.002552 0.744910 0.081356
v 0.003038 0.744513 0.081348
v 0.002260 0.745743 0.083092
v 0.002749 0.745391 0.083090
v 0.003260 0.744969 0.083084
v 0.021143 0.740132 0.076077
v 0.020237 0.739550 0.076358
v 0.019247 0.739122 0.076558
v 0.020528 0.740142 0.075051
v 0.019688 0.739608 0.075273
v 0.018764 0.739214 0.075418
v 0.020040 0.740356 0.074156
v 0.019256 0.739896 0.074286
v 0.018381 0.739543 0.074364
v 0.022908 0.744339 0.085730
v 0.022062 0.744037 0.086100
v 0.021042 0.743819 0.086513
v 0.023117 0.743692 0.085076
v 0.022206 0.743283 0.085453
v 0.021145 0.742996 0.085871
v 0.023298 0.743076 0.084248
v 0.022328 0.742590 0.084645
v 0.021223 0.742246 0.085070
v 0.006649 0.756579 0.089761
v 0.006968 0.754638 0.089637
v 0.007287 0.752726 0.089420
v 0.007772 0.757092 0.090328
v 0.008105 0.755198 0.090233
v 0.008449 0.753380 0.090063
v 0.009129 0.757742 0.090902
v 0.009457 0.755887 0.090822
v 0.009795 0.754119 0.090674
v 0.005570 0.764538 0.089247
v 0.005784 0.762546 0.089490
v 0.006044 0.760541 0.089677
v 0.006660 0.765000 0.089761
v 0.006885 0.763016 0.090021
v 0.007153 0.761022 0.090219
v 0.008007 0.765545 0.090294
v 0.008242 0.763583 0.090569
v 0.008514 0.761613 0.090775
v 0.002847 0.759040 0.071167
v 0.003423 0.759102 0.070986
v 0.004039 0.759165 0.070675
v 0.002834 0.757374 0.071232
v 0.003414 0.757416 0.071042
v 0.004037 0.757466 0.070722
v 0.002833 0.755721 0.071336
v 0.003420 0.755737 0.071138
v 0.004054 0.755769 0.070808
v 0.000576 0.758843 0.071325
v 0.001152 0.758877 0.071324
v 0.001723 0.758925 0.071307
v 0.000571 0.757238 0.071393
v 0.001142 0.757263 0.071395
v 0.001709 0.757298 0.071380
v 0.000567 0.755664 0.071495
v 0.001135 0.755678 0.071501
v 0.001702 0.755695 0.071488
v 0.000571 0.752725 0.071937
v 0.001144 0.752713 0.071953
v 0.001719 0.752689 0.071955
v 0.000573 0.751380 0.072323
v 0.001150 0.751355 0.072345
v 0.001729 0.751312 0.072356
v 0.000569 0.750109 0.072834
v 0.001140 0.750074 0.072861
v 0.001715 0.750014 0.072881
v 0.007835 0.740876 0.075228
v 0.008503 0.740136 0.075582
v 0.009112 0.739566 0.075881
v 0.007388 0.740659 0.076099
v 0.008108 0.739972 0.076371
v 0.008808 0.739417 0.076599
v 0.007039 0.740508 0.077105
v 0.007788 0.739877 0.077303
v 0.008537 0.739349 0.077475
v 0.005208 0.745112 0.074168
v 0.005845 0.743949 0.074355
v 0.006488 0.742814 0.074590
v 0.004692 0.744333 0.075304
v 0.005325 0.743379 0.075433
v 0.005983 0.742400 0.075609
v 0.004313 0.743718 0.076533
v 0.004939 0.742909 0.076624
v 0.005605 0.742060 0.076750
v 0.000641 0.757081 0.088333
v 0.000671 0.755460 0.088157
v 0.000687 0.753894 0.087900
v 0.001286 0.756954 0.088328
v 0.001347 0.755316 0.088150
v 0.001381 0.753737 0.087888
v 0.001941 0.756773 0.088339
v 0.002035 0.755105 0.088159
v 0.002087 0.753504 0.087892
v 0.000513 0.763897 0.088203
v 0.000539 0.762156 0.088330
v 0.000570 0.760437 0.088410
v 0.001027 0.763864 0.088178
v 0.001079 0.762100 0.088313
v 0.001142 0.760356 0.088400
v 0.001549 0.763826 0.088158
v 0.001627 0.762028 0.088304
v 0.001723 0.760247 0.088402
v 0.002637 0.763790 0.088202
v 0.002770 0.761906 0.088377
v 0.002931 0.760028 0.088503
v 0.003235 0.763834 0.088308
v 0.003394 0.761908 0.088500
v 0.003587 0.759979 0.088641
v 0.003904 0.763955 0.088503
v 0.004086 0.761994 0.088712
v 0.004308 0.760024 0.088869
v 0.025361 0.747900 0.085977
v 0.024816 0.746622 0.085715
v 0.024235 0.745579 0.085530
v 0.026127 0.747609 0.084979
v 0.025459 0.746285 0.084826
v 0.024723 0.745171 0.084752
v 0.026716 0.747256 0.083788
v 0.025944 0.745885 0.083753
v 0.025092 0.744710 0.083791
v 0.026514 0.754411 0.086837
v 0.026385 0.752638 0.086681
v 0.026162 0.750946 0.086488
v 0.027565 0.754237 0.085517
v 0.027386 0.752435 0.085423
v 0.027101 0.750716 0.085303
v 0.028421 0.754014 0.083955
v 0.028194 0.752185 0.083934
v 0.027850 0.750434 0.083899
v 0.017221 0.760735 0.092056
v 0.015000 0.760044 0.092037
v 0.012797 0.759271 0.091810
v 0.017438 0.758968 0.091968
v 0.015249 0.758264 0.091956
v 0.013078 0.757472 0.091733
v 0.017634 0.757232 0.091808
v 0.015484 0.756531 0.091801
v 0.013354 0.755734 0.091585
v 0.016505 0.782969 0.085326
v 0.017032 0.781161 0.086167
v 0.017526 0.779369 0.086988
v 0.018202 0.781285 0.085526
v 0.018749 0.779496 0.086325
v 0.019227 0.781317 0.084758
v 0.019825 0.779536 0.085521
v 0.010067 0.781187 0.086476
v 0.010326 0.779406 0.087265
v 0.010554 0.777649 0.088003
v 0.011823 0.781772 0.086374
v 0.012150 0.779982 0.087197
v 0.012446 0.778215 0.087977
v 0.013574 0.782300 0.086156
v 0.013970 0.780501 0.087002
v 0.014337 0.778722 0.087813
v 0.006959 0.772002 0.067203
v 0.007058 0.770186 0.067098
v 0.007137 0.768555 0.067121
v 0.006089 0.771913 0.068028
v 0.006168 0.770111 0.067943
v 0.006228 0.768494 0.067982
v 0.005314 0.771859 0.068761
v 0.005382 0.770072 0.068692
v 0.005432 0.768467 0.068746
v 0.021805 0.777329 0.067845
v 0.022545 0.775697 0.067865
v 0.023191 0.774135 0.067983
v 0.021025 0.776510 0.066605
v 0.021710 0.774861 0.066571
v 0.022289 0.773298 0.066647
v 0.020045 0.775774 0.065648
v 0.020674 0.774104 0.065569
v 0.021189 0.772534 0.065611
v 0.019086 0.768238 0.064272
v 0.019351 0.766805 0.064396
v 0.019620 0.765391 0.064520
v 0.017502 0.767672 0.063729
v 0.017767 0.766249 0.063843
v 0.018048 0.764848 0.063958
v 0.015873 0.767172 0.063440
v 0.016142 0.765757 0.063545
v 0.016433 0.764364 0.063651
v 0.017499 0.774501 0.064258
v 0.018038 0.772787 0.064100
v 0.018460 0.771202 0.064087
v 0.016010 0.773956 0.063798
v 0.016512 0.772223 0.063606
v 0.016905 0.770630 0.063571
v 0.014473 0.773478 0.063565
v 0.014933 0.771727 0.063350
v 0.015298 0.770125 0.063301
v 0.023124 0.775983 0.084847
v 0.023707 0.774226 0.085441
v 0.024250 0.772474 0.085968
v 0.024160 0.775903 0.083508
v 0.024779 0.774164 0.084051
v 0.025353 0.772426 0.084534
v 0.025040 0.775693 0.081890
v 0.025685 0.773978 0.082377
v 0.026281 0.772263 0.082812
v 0.020404 0.782990 0.082223
v 0.021148 0.781233 0.082892
v 0.021846 0.779485 0.083556
v 0.021259 0.782824 0.081118
v 0.022052 0.781092 0.081725
v 0.022797 0.779366 0.082330
v 0.021997 0.782510 0.079758
v 0.022828 0.780805 0.080295
v 0.023612 0.779104 0.080835
v 0.005242 0.772062 0.088091
v 0.005264 0.770246 0.088416
v 0.005314 0.768394 0.088704
v 0.006269 0.772501 0.088439
v 0.006311 0.770692 0.088817
v 0.006377 0.768845 0.089153
v 0.007529 0.773004 0.088791
v 0.007600 0.771202 0.089229
v 0.007691 0.769362 0.089619
v 0.005067 0.779230 0.086101
v 0.005151 0.777414 0.086719
v 0.005201 0.775628 0.087255
v 0.005987 0.779616 0.086256
v 0.006100 0.777816 0.086915
v 0.006178 0.776046 0.087497
v 0.007099 0.780077 0.086393
v 0.007250 0.778290 0.087096
v 0.007367 0.776532 0.087730
v 0.002863 0.771889 0.070260
v 0.003416 0.771881 0.070092
v 0.003994 0.771856 0.069801
v 0.002890 0.770107 0.070257
v 0.003455 0.770099 0.070070
v 0.004045 0.770079 0.069762
v 0.002910 0.768458 0.070357
v 0.003482 0.768467 0.070159
v 0.004080 0.768464 0.069840
v 0.000589 0.771539 0.070232
v 0.001175 0.771643 0.070283
v 0.001752 0.771762 0.070327
v 0.000591 0.769850 0.070303
v 0.001180 0.769926 0.070340
v 0.001761 0.770014 0.070364
v 0.000593 0.768252 0.070465
v 0.001184 0.768307 0.070489
v 0.001769 0.768373 0.070496
v 0.000593 0.765153 0.070851
v 0.001184 0.765190 0.070856
v 0.001770 0.765241 0.070842
v 0.000590 0.763602 0.071016
v 0.001180 0.763638 0.071016
v 0.001763 0.763691 0.070998
v 0.000587 0.762037 0.071151
v 0.001172 0.762074 0.071150
v 0.001752 0.762130 0.071131
v 0.000477 0.771018 0.087515
v 0.000477 0.769219 0.087728
v 0.000482 0.767431 0.087900
v 0.000958 0.771027 0.087482
v 0.000958 0.769224 0.087694
v 0.000967 0.767429 0.087866
v 0.001448 0.771049 0.087446
v 0.001447 0.769242 0.087657
v 0.001459 0.767436 0.087831
v 0.000482 0.778351 0.085919
v 0.000482 0.776485 0.086442
v 0.000480 0.774647 0.086883
v 0.000964 0.778358 0.085888
v 0.000968 0.776493 0.086414
v 0.000966 0.774656 0.086854
v 0.001452 0.778376 0.085852
v 0.001461 0.776513 0.086382
v 0.001460 0.774678 0.086822
v 0.002464 0.778465 0.085809
v 0.002487 0.776608 0.086348
v 0.002490 0.774781 0.086794
v 0.003012 0.778558 0.085822
v 0.003044 0.776707 0.086370
v 0.003052 0.774886 0.086825
v 0.003615 0.778706 0.085871
v 0.003659 0.776863 0.086433
v 0.003675 0.775051 0.086904
v 0.015807 0.748811 0.066528
v 0.015872 0.747133 0.067246
v 0.015904 0.745493 0.068075
v 0.013945 0.748307 0.067097
v 0.014079 0.746671 0.067775
v 0.014198 0.745081 0.068554
v 0.012093 0.747826 0.067866
v 0.012302 0.746231 0.068491
v 0.012511 0.744691 0.069207
f 124 1489 1490 125
f 125 1490 1491 126
f 117 1345 1489 124
f 1345 55 1346 1489
f 1489 1346 1347 1490
f 1490 1347 1348 1491
f 1491 1348 163 453
f 126 1491 453 18
f 129 130 1495
f 80 583 1492 454
f 1494 1495 1349 1350
f 456 1494 1350 254
f 455 1493 1494 456
f 454 1492 1493 455
f 131 132 1497 1496
f 132 133 1498 1497
f 1496 1497 1500 1499
f 1497 1498 1501 1500
f 133 12 323 1498
f 1498 323 322 1501
f 1501 322 2 324
f 1500 1501 324 325
f 1499 1500 325 326
f 764 1499 326 79
f 134 1496 1499 764 29
f 134 131 1496
f 1502 1503 1506 1505
f 1503 1504 1507 1506
f 1505 1506 1509 1508
f 1506 1507 1510 1509
f 13 135 1502 329
f 135 136 1503 1502
f 105 1199 1504 1503 136
f 1199 54 459 1504
f 1504 459 458 1507
f 1507 458 457 1510
f 1510 457 3 460
f 1509 1510 460 461
f 1508 1509 461 462
f 327 1508 462 71
f 328 1505 1508 327
f 329 1502 1505 328
f 1511 1512 1515 1514
f 1512 1513 1516 1515
f 1514 1515 1518 1517
f 1515 1516 1519 1518
f 82 335 1511 332
f 335 334 1512 1511
f 334 333 1513 1512
f 333 77 465 1513
f 1513 465 464 1516
f 1516 464 463 1519
f 1519 463 11 466
f 1518 1519 466 467
f 1517 1518 467 468
f 330 1517 468 64
f 331 1514 1517 330
f 332 1511 1514 331
f 1520 1521 1524 1523
f 1521 1522 1525 1524
f 1523 1524 1527 1526
f 1524 1525 1528 1527
f 83 921 1520 586
f 921 920 1521 1520
f 920 919 1522 1521
f 919 45 589 1522
f 1522 589 588 1525
f 1525 588 587 1528
f 1528 587 4 590
f 1527 1528 590 591
f 1526 1527 591 592
f 584 1526 592 73
f 585 1523 1526 584
f 586 1520 1523 585
f 1529 1530 1533 1532
f 1530 1531 1534 1533
f 1532 1533 1536 1535
f 1533 1534 1537 1536
f 84 924 1529 595
f 924 923 1530 1529
f 923 922 1531 1530
f 922 43 1081 1531
f 1531 1081 1080 1534
f 1534 1080 1079 1537
f 1537 1079 7 1082
f 1536 1537 1082 1083
f 1535 1536 1083 1084
f 593 1535 1084 58
f 594 1532 1535 593
f 595 1529 1532 594
f 1538 1539 1542 1541
f 1539 1540 1543 1542
f 1541 1542 1545 1544
f 1542 1543 1546 1545
f 85 1202 1538 471
f 1202 1201 1539 1538
f 1201 1200 1540 1539
f 1200 47 927 1540
f 1540 927 926 1543
f 1543 926 925 1546
f 1546 925 6 928
f 1545 1546 928 929
f 1544 1545 929 930
f 469 1544 930 72
f 470 1541 1544 469
f 471 1538 1541 470
f 1547 1548 1551 1550
f 1548 1549 1552 1551
f 1550 1551 1554 1553
f 1551 1552 1555 1554
f 86 338 1547 598
f 338 337 1548 1547
f 337 336 1549 1548
f 336 64 468 1549
f 1549 468 467 1552
f 1552 467 466 1555
f 1555 466 11 472
f 1554 1555 472 473
f 1553 1554 473 474
f 596 1553 474 66
f 597 1550 1553 596
f 598 1547 1550 597
f 1556 1557 1560 1559
f 1557 1558 1561 1560
f 1559 1560 1563 1562
f 1560 1561 1564 1563
f 87 933 1556 1087
f 933 932 1557 1556
f 932 931 1558 1557
f 931 60 341 1558
f 1558 341 340 1561
f 1561 340 339 1564
f 1564 339 10 342
f 1563 1564 342 343
f 1562 1563 343 344
f 1085 1562 344 53
f 1086 1559 1562 1085
f 1087 1556 1559 1086
f 1565 1566 1569 1568
f 1566 1567 1570 1569
f 1568 1569 1572 1571
f 1569 1570 1573 1572
f 88 347 1565 1353
f 347 346 1566 1565
f 346 345 1567 1566
f 345 56 1205 1567
f 1567 1205 1204 1570
f 1570 1204 1203 1573
f 1573 1203 8 1206
f 1572 1573 1206 1207
f 1571 1572 1207 1208
f 1351 1571 1208 63
f 1352 1568 1571 1351
f 1353 1565 1568 1352
f 1574 1575 1578 1577
f 1575 1576 1579 1578
f 1577 1578 1581 1580
f 1578 1579 1582 1581
f 89 477 1574 767
f 477 476 1575 1574
f 476 475 1576 1575
f 475 57 1356 1576
f 1576 1356 1355 1579
f 1579 1355 1354 1582
f 1582 1354 9 1357
f 1581 1582 1357 1358
f 1580 1581 1358 1359
f 765 1580 1359 59
f 766 1577 1580 765
f 767 1574 1577 766
f 1583 1584 1587 1586
f 1584 1585 1588 1587
f 1586 1587 1590 1589
f 1587 1588 1591 1590
f 67 771 1583 768
f 771 772 1584 1583
f 772 773 1585 1584
f 773 73 599 1585
f 1585 599 600 1588
f 1588 600 601 1591
f 1591 601 88 934
f 1590 1591 934 935
f 1589 1590 935 936
f 770 1589 936 95
f 769 1586 1589 770
f 768 1583 1586 769
f 1592 1593 1596 1595
f 1593 1594 1597 1596
f 1595 1596 1599 1598
f 1596 1597 1600 1599
f 30 776 1592 937 35
f 776 775 1593 1592
f 775 774 1594 1593
f 774 79 777 1594
f 1594 777 778 1597
f 1597 778 779 1600
f 1600 779 111 1209
f 1599 1600 1209 1210
f 1598 1599 1210 1211
f 939 1598 1211 113
f 938 1595 1598 939
f 937 1592 1595 938
f 137 1601 138
f 29 764 1601 137
f 764 79 774 1601
f 139 775 776 140
f 140 776 30
f 1602 1603 1606 1605
f 1603 1604 1607 1606
f 1605 1606 1609 1608
f 1606 1607 1610 1609
f 92 478 1602 604
f 478 479 1603 1602
f 479 480 1604 1603
f 480 202 607 1604
f 1604 607 606 1607
f 1607 606 605 1610
f 1610 605 164 610
f 1609 1610 610 609
f 1608 1609 609 608
f 602 1608 608 78
f 603 1605 1608 602
f 604 1602 1605 603
f 37 36 75
f 1611 1612 1615 1614
f 1612 1613 1616 1615
f 1614 1615 1618 1617
f 1615 1616 1619 1618
f 84 595 1611 348
f 595 594 1612 1611
f 594 593 1613 1612
f 593 58 611 1613
f 1613 611 612 1616
f 1616 612 613 1619
f 1619 613 76 1088
f 1618 1619 1088 1089
f 1617 1618 1089 1090
f 350 1617 1090 90
f 349 1614 1617 350
f 348 1611 1614 349
f 1620 1621 1624 1623
f 1621 1622 1625 1624
f 1623 1624 1627 1626
f 1624 1625 1628 1627
f 74 353 1620 780
f 353 352 1621 1620
f 352 351 1622 1621
f 351 71 354 1622
f 1622 354 355 1625
f 1625 355 356 1628
f 1628 356 110 1091
f 1627 1628 1091 1092
f 1626 1627 1092 1093
f 782 1626 1093 112
f 781 1623 1626 782
f 780 1620 1623 781
f 1629 1630 1633 1632
f 1630 1631 1634 1633
f 1632 1633 1636 1635
f 1633 1634 1637 1636
f 89 767 1629 1094
f 767 766 1630 1629
f 766 765 1631 1630
f 765 59 783 1631
f 1631 783 784 1634
f 1634 784 785 1637
f 1637 785 66 614
f 1636 1637 614 615
f 1635 1636 615 616
f 1096 1635 616 100
f 1095 1632 1635 1096
f 1094 1629 1632 1095
f 1638 1639 1642 1641
f 1639 1640 1643 1642
f 1641 1642 1645 1644
f 1642 1643 1646 1645
f 99 619 1638 942
f 619 618 1639 1638
f 618 617 1640 1639
f 617 44 1099 1640
f 1640 1099 1098 1643
f 1643 1098 1097 1646
f 1646 1097 7 1079
f 1645 1646 1079 1080
f 1644 1645 1080 1081
f 940 1644 1081 43
f 941 1641 1644 940
f 942 1638 1641 941
f 1647 1648 1651 1650
f 1648 1649 1652 1651
f 1650 1651 1654 1653
f 1651 1652 1655 1654
f 63 1360 1647 1102
f 1360 1361 1648 1647
f 1361 1362 1649 1648
f 1362 97 622 1649
f 1649 622 621 1652
f 1652 621 620 1655
f 1655 620 93 1105
f 1654 1655 1105 1104
f 1653 1654 1104 1103
f 1100 1653 1103 61
f 1101 1650 1653 1100
f 1102 1647 1650 1101
f 1656 1657 1660 1659
f 1657 1658 1661 1660
f 1659 1660 1663 1662
f 1660 1661 1664 1663
f 101 1108 1656 625
f 1108 1107 1657 1656
f 1107 1106 1658 1657
f 1106 46 788 1658
f 1658 788 787 1661
f 1661 787 786 1664
f 1664 786 5 789
f 1663 1664 789 790
f 1662 1663 790 791
f 623 1662 791 78
f 624 1659 1662 623
f 625 1656 1659 624
f 1665 1666 1669 1668
f 1666 1667 1670 1669
f 1668 1669 1672 1671
f 1669 1670 1673 1672
f 87 1087 1665 792
f 1087 1086 1666 1665
f 1086 1085 1667 1666
f 1085 53 945 1667
f 1667 945 944 1670
f 1670 944 943 1673
f 1673 943 52 946
f 1672 1673 946 947
f 1671 1672 947 948
f 794 1671 948 102
f 793 1668 1671 794
f 792 1665 1668 793
f 1674 1675 1678 1677
f 1675 1676 1679 1678
f 1677 1678 1681 1680
f 1678 1679 1682 1681
f 202 480 1674 357
f 480 479 1675 1674
f 479 478 1676 1675
f 478 92 797 1676
f 1676 797 796 1679
f 1679 796 795 1682
f 1682 795 81 798
f 1681 1682 798 799
f 1680 1681 799 800
f 359 1680 800 227
f 358 1677 1680 359
f 357 1674 1677 358
f 1683 1684 1687 1686
f 1684 1685 1688 1687
f 1686 1687 1690 1689
f 1687 1688 1691 1690
f 85 471 1683 481
f 471 470 1684 1683
f 470 469 1685 1684
f 469 72 1365 1685
f 1685 1365 1364 1688
f 1688 1364 1363 1691
f 1691 1363 70 1366
f 1690 1691 1366 1367
f 1689 1690 1367 1368
f 483 1689 1368 91
f 482 1686 1689 483
f 481 1683 1686 482
f 1692 1693 1696 1695
f 1693 1694 1697 1696
f 1695 1696 1699 1698
f 1696 1697 1700 1699
f 109 486 1692 803
f 486 485 1693 1692
f 485 484 1694 1693
f 484 49 951 1694
f 1694 951 950 1697
f 1697 950 949 1700
f 1700 949 14 952
f 1699 1700 952 953
f 1698 1699 953 954
f 801 1698 954 25
f 802 1695 1698 801
f 803 1692 1695 802
f 1701 1702 1705 1704
f 1702 1703 1706 1705
f 1704 1705 1708 1707
f 1705 1706 1709 1708
f 110 1371 1701 628
f 1371 1370 1702 1701
f 1370 1369 1703 1702
f 1369 48 1214 1703
f 1703 1214 1213 1706
f 1706 1213 1212 1709
f 1709 1212 16 1215
f 1708 1709 1215 1216
f 1707 1708 1216 1217
f 626 1707 1217 21
f 627 1704 1707 626
f 628 1701 1704 627
f 1710 1711 1714 1713
f 1711 1712 1715 1714
f 1713 1714 1717 1716
f 1714 1715 1718 1717
f 111 631 1710 957
f 631 630 1711 1710
f 630 629 1712 1711
f 629 50 1374 1712
f 1712 1374 1373 1715
f 1715 1373 1372 1718
f 1718 1372 17 1375
f 1717 1718 1375 1376
f 1716 1717 1376 1377
f 955 1716 1377 22
f 956 1713 1716 955
f 957 1710 1713 956
f 1719 1720 1723 1722
f 1720 1721 1724 1723
f 1722 1723 1726 1725
f 1723 1724 1727 1726
f 109 803 1719 958
f 803 802 1720 1719
f 802 801 1721 1720
f 801 25 1380 1721
f 1721 1380 1379 1724
f 1724 1379 1378 1727
f 1727 1378 23 1381
f 1726 1727 1381 1382
f 1725 1726 1382 1383
f 960 1725 1383 114
f 959 1722 1725 960
f 958 1719 1722 959
f 1728 1729 1732 1731
f 1729 1730 1733 1732
f 1731 1732 1735 1734
f 1732 1733 1736 1735
f 23 1378 1728 1384
f 1378 1379 1729 1728
f 1379 1380 1730 1729
f 1380 25 804 1730
f 1730 804 805 1733
f 1733 805 806 1736
f 1736 806 83 1387
f 1735 1736 1387 1388
f 1734 1735 1388 1389
f 1386 1734 1389 98
f 1385 1731 1734 1386
f 1384 1728 1731 1385
f 1737 1738 1741 1740
f 1738 1739 1742 1741
f 1740 1741 1744 1743
f 1741 1742 1745 1744
f 115 1220 1737 1392
f 1220 1219 1738 1737
f 1219 1218 1739 1738
f 1218 19 1223 1739
f 1739 1223 1222 1742
f 1742 1222 1221 1745
f 1745 1221 16 1212
f 1744 1745 1212 1213
f 1743 1744 1213 1214
f 1390 1743 1214 48
f 1391 1740 1743 1390
f 1392 1737 1740 1391
f 1746 1747 1750 1749
f 1747 1748 1751 1750
f 1749 1750 1753 1752
f 1750 1751 1754 1753
f 116 809 1746 963
f 809 808 1747 1746
f 808 807 1748 1747
f 807 51 1111 1748
f 1748 1111 1110 1751
f 1751 1110 1109 1754
f 1754 1109 15 1112
f 1753 1754 1112 1113
f 1752 1753 1113 1114
f 961 1752 1114 26
f 962 1749 1752 961
f 963 1746 1749 962
f 1755 1756 1759 1758
f 1756 1757 1760 1759
f 1758 1759 1762 1761
f 1759 1760 1763 1762
f 110 628 1755 1091
f 628 627 1756 1755
f 627 626 1757 1756
f 626 21 1395 1757
f 1757 1395 1394 1760
f 1760 1394 1393 1763
f 1763 1393 20 1396
f 1762 1763 1396 1397
f 1761 1762 1397 1398
f 1093 1761 1398 112
f 1092 1758 1761 1093
f 1091 1755 1758 1092
f 1764 1765 1768 1767
f 1765 1766 1769 1768
f 1767 1768 1771 1770
f 1768 1769 1772 1771
f 82 332 1764 1224
f 332 331 1765 1764
f 331 330 1766 1765
f 330 64 1229 1766
f 1766 1229 1228 1769
f 1769 1228 1227 1772
f 1772 1227 62 1230
f 1771 1772 1230 1231
f 1770 1771 1231 1232
f 1226 1770 1232 94
f 1225 1767 1770 1226
f 1224 1764 1767 1225
f 141 1773 1774 142
f 142 1774 1775 143
f 119 1399 1773 141
f 1399 1 1400 1773
f 1773 1400 1401 1774
f 1774 1401 1402 1775
f 1775 1402 55 1345
f 143 1775 1345 117
f 1776 1777 1780 1779
f 1777 1778 1781 1780
f 1779 1780 1783 1782
f 1780 1781 1784 1783
f 69 1236 1776 1233
f 1236 1237 1777 1776
f 1237 1238 1778 1777
f 1238 80 454 1778
f 1778 454 455 1781
f 1781 455 456 1784
f 1784 456 254 812
f 1783 1784 812 811
f 1782 1783 811 810
f 1235 1782 810 165
f 1234 1779 1782 1235
f 1233 1776 1779 1234
f 1785 1786 1789 1788
f 1786 1787 1790 1789
f 1788 1789 1792 1791
f 1789 1790 1793 1792
f 3 457 1785 487
f 457 458 1786 1785
f 458 459 1787 1786
f 459 54 1239 1787
f 1787 1239 1240 1790
f 1790 1240 1241 1793
f 1793 1241 80 1238
f 1792 1793 1238 1237
f 1791 1792 1237 1236
f 489 1791 1236 69
f 488 1788 1791 489
f 487 1785 1788 488
f 144 27 583
f 1794 1795 1798 1797
f 1795 1796 1799 1798
f 1797 1798 1801 1800
f 1798 1799 1802 1801
f 52 943 1794 964
f 943 944 1795 1794
f 944 945 1796 1795
f 945 53 1115 1796
f 1796 1115 1116 1799
f 1799 1116 1117 1802
f 1802 1117 96 1242
f 1801 1802 1242 1243
f 1800 1801 1243 1244
f 966 1800 1244 97
f 965 1797 1800 966
f 964 1794 1797 965
f 1803 1804 1807 1806
f 1804 1805 1808 1807
f 1806 1807 1810 1809
f 1807 1808 1811 1810
f 44 632 1803 1099
f 632 633 1804 1803
f 633 634 1805 1804
f 634 81 492 1805
f 1805 492 491 1808
f 1808 491 490 1811
f 1811 490 65 1120
f 1810 1811 1120 1119
f 1809 1810 1119 1118
f 1097 1809 1118 7
f 1098 1806 1809 1097
f 1099 1803 1806 1098
f 1812 1813 1816 1815
f 1813 1814 1817 1816
f 1815 1816 1819 1818
f 1816 1817 1820 1819
f 166 967 1812 637
f 967 968 1813 1812
f 968 969 1814 1813
f 969 227 800 1814
f 1814 800 799 1817
f 1817 799 798 1820
f 1820 798 81 634
f 1819 1820 634 633
f 1818 1819 633 632
f 635 1818 632 44
f 636 1815 1818 635
f 637 1812 1815 636
f 1821 1822 1825 1824
f 1822 1823 1826 1825
f 1824 1825 1828 1827
f 1825 1826 1829 1828
f 88 1353 1821 934
f 1353 1352 1822 1821
f 1352 1351 1823 1822
f 1351 63 1102 1823
f 1823 1102 1101 1826
f 1826 1101 1100 1829
f 1829 1100 61 1121
f 1828 1829 1121 1122
f 1827 1828 1122 1123
f 936 1827 1123 95
f 935 1824 1827 936
f 934 1821 1824 935
f 148 38 54 1199
f 105 148 1199
f 1830 1831 1834 1833
f 1831 1832 1835 1834
f 1833 1834 1837 1836
f 1834 1835 1838 1837
f 13 329 1830 151
f 329 328 1831 1830
f 328 327 1832 1831
f 327 71 351 1832
f 1832 351 352 1835
f 1835 352 353 1838
f 1838 353 74 813
f 1837 1838 813 814
f 1836 1837 814 815
f 149 1836 815 31
f 150 1833 1836 149
f 151 1830 1833 150
f 1839 1840 1843 1842
f 1840 1841 1844 1843
f 1842 1843 1846 1845
f 1843 1844 1847 1846
f 58 1084 1839 638
f 1084 1083 1840 1839
f 1083 1082 1841 1840
f 1082 7 1124 1841
f 1841 1124 1125 1844
f 1844 1125 1126 1847
f 1847 1126 77 333
f 1846 1847 333 334
f 1845 1846 334 335
f 640 1845 335 82
f 639 1842 1845 640
f 638 1839 1842 639
f 1848 1849 1852 1851
f 1849 1850 1853 1852
f 1851 1852 1855 1854
f 1852 1853 1856 1855
f 20 1393 1848 1403
f 1393 1394 1849 1848
f 1394 1395 1850 1849
f 1395 21 641 1850
f 1850 641 642 1853
f 1853 642 643 1856
f 1856 643 84 348
f 1855 1856 348 349
f 1854 1855 349 350
f 1405 1854 350 90
f 1404 1851 1854 1405
f 1403 1848 1851 1404
f 1857 1858 1861 1860
f 1858 1859 1862 1861
f 1860 1861 1864 1863
f 1861 1862 1865 1864
f 25 954 1857 804
f 954 953 1858 1857
f 953 952 1859 1858
f 952 14 970 1859
f 1859 970 971 1862
f 1862 971 972 1865
f 1865 972 45 919
f 1864 1865 919 920
f 1863 1864 920 921
f 806 1863 921 83
f 805 1860 1863 806
f 804 1857 1860 805
f 1866 1867 1870 1869
f 1867 1868 1871 1870
f 1869 1870 1873 1872
f 1870 1871 1874 1873
f 86 647 1866 644
f 647 648 1867 1866
f 648 649 1868 1867
f 649 93 620 1868
f 1868 620 621 1871
f 1871 621 622 1874
f 1874 622 97 1244
f 1873 1874 1244 1243
f 1872 1873 1243 1242
f 646 1872 1242 96
f 645 1869 1872 646
f 644 1866 1869 645
f 1875 1876 1879 1878
f 1876 1877 1880 1879
f 1878 1879 1882 1881
f 1879 1880 1883 1882
f 86 598 1875 647
f 598 597 1876 1875
f 597 596 1877 1876
f 596 66 785 1877
f 1877 785 784 1880
f 1880 784 783 1883
f 1883 783 59 816
f 1882 1883 816 817
f 1881 1882 817 818
f 649 1881 818 93
f 648 1878 1881 649
f 647 1875 1878 648
f 1884 1885 1888 1887
f 1885 1886 1889 1888
f 1887 1888 1891 1890
f 1888 1889 1892 1891
f 24 975 1884 650
f 975 974 1885 1884
f 974 973 1886 1885
f 973 22 976 1886
f 1886 976 977 1889
f 1889 977 978 1892
f 1892 978 85 481
f 1891 1892 481 482
f 1890 1891 482 483
f 652 1890 483 91
f 651 1887 1890 652
f 650 1884 1887 651
f 1893 1894 1897 1896
f 1894 1895 1898 1897
f 1896 1897 1900 1899
f 1897 1898 1901 1900
f 21 1217 1893 641
f 1217 1216 1894 1893
f 1216 1215 1895 1894
f 1215 16 1245 1895
f 1895 1245 1246 1898
f 1898 1246 1247 1901
f 1901 1247 43 922
f 1900 1901 922 923
f 1899 1900 923 924
f 643 1899 924 84
f 642 1896 1899 643
f 641 1893 1896 642
f 1902 1903 1906 1905
f 1903 1904 1907 1906
f 1905 1906 1909 1908
f 1906 1907 1910 1909
f 111 957 1902 1209
f 957 956 1903 1902
f 956 955 1904 1903
f 955 22 973 1904
f 1904 973 974 1907
f 1907 974 975 1910
f 1910 975 24 653
f 1909 1910 653 654
f 1908 1909 654 655
f 1211 1908 655 113
f 1210 1905 1908 1211
f 1209 1902 1905 1210
f 1911 1912 1915 1914
f 1912 1913 1916 1915
f 1914 1915 1918 1917
f 1915 1916 1919 1918
f 22 1377 1911 976
f 1377 1376 1912 1911
f 1376 1375 1913 1912
f 1375 17 1406 1913
f 1913 1406 1407 1916
f 1916 1407 1408 1919
f 1919 1408 47 1200
f 1918 1919 1200 1201
f 1917 1918 1201 1202
f 978 1917 1202 85
f 977 1914 1917 978
f 976 1911 1914 977
f 1920 1921 1924 1923
f 1921 1922 1925 1924
f 1923 1924 1927 1926
f 1924 1925 1928 1927
f 72 930 1920 493
f 930 929 1921 1920
f 929 928 1922 1921
f 928 6 979 1922
f 1922 979 980 1925
f 1925 980 981 1928
f 1928 981 60 931
f 1927 1928 931 932
f 1926 1927 932 933
f 495 1926 933 87
f 494 1923 1926 495
f 493 1920 1923 494
f 1929 1930 1933 1932
f 1930 1931 1934 1933
f 1932 1933 1936 1935
f 1933 1934 1937 1936
f 73 592 1929 599
f 592 591 1930 1929
f 591 590 1931 1930
f 590 4 656 1931
f 1931 656 657 1934
f 1934 657 658 1937
f 1937 658 56 345
f 1936 1937 345 346
f 1935 1936 346 347
f 601 1935 347 88
f 600 1932 1935 601
f 599 1929 1932 600
f 1938 1939 1942 1941
f 1939 1940 1943 1942
f 1941 1942 1945 1944
f 1942 1943 1946 1945
f 68 821 1938 982
f 821 820 1939 1938
f 820 819 1940 1939
f 819 5 822 1940
f 1940 822 823 1943
f 1943 823 824 1946
f 1946 824 57 475
f 1945 1946 475 476
f 1944 1945 476 477
f 984 1944 477 89
f 983 1941 1944 984
f 982 1938 1941 983
f 1947 1948 1951 1950
f 1948 1949 1952 1951
f 1950 1951 1954 1953
f 1951 1952 1955 1954
f 70 1363 1947 1409
f 1363 1364 1948 1947
f 1364 1365 1949 1948
f 1365 72 493 1949
f 1949 493 494 1952
f 1952 494 495 1955
f 1955 495 87 792
f 1954 1955 792 793
f 1953 1954 793 794
f 1411 1953 794 102
f 1410 1950 1953 1411
f 1409 1947 1950 1410
f 1956 1957 1960 1959
f 1957 1958 1961 1960
f 1959 1960 1963 1962
f 1960 1961 1964 1963
f 65 499 1956 496
f 499 500 1957 1956
f 500 501 1958 1957
f 501 68 982 1958
f 1958 982 983 1961
f 1961 983 984 1964
f 1964 984 89 1094
f 1963 1964 1094 1095
f 1962 1963 1095 1096
f 498 1962 1096 100
f 497 1959 1962 498
f 496 1956 1959 497
f 1965 1966 1969 1968
f 1966 1967 1970 1969
f 1968 1969 1972 1971
f 1969 1970 1973 1972
f 47 1248 1965 927
f 1248 1249 1966 1965
f 1249 1250 1967 1966
f 1250 90 1090 1967
f 1967 1090 1089 1970
f 1970 1089 1088 1973
f 1973 1088 76 987
f 1972 1973 987 986
f 1971 1972 986 985
f 925 1971 985 6
f 926 1968 1971 925
f 927 1965 1968 926
f 1974 1975 1978 1977
f 1975 1976 1979 1978
f 1977 1978 1981 1980
f 1978 1979 1982 1981
f 17 1412 1974 1406
f 1412 1413 1975 1974
f 1413 1414 1976 1975
f 1414 20 1403 1976
f 1976 1403 1404 1979
f 1979 1404 1405 1982
f 1982 1405 90 1250
f 1981 1982 1250 1249
f 1980 1981 1249 1248
f 1408 1980 1248 47
f 1407 1977 1980 1408
f 1406 1974 1977 1407
f 1983 1984 1987 1986
f 1984 1985 1988 1987
f 1986 1987 1990 1989
f 1987 1988 1991 1990
f 170 167 1983
f 167 168 1984 1983
f 168 169 1985 1984
f 169 31 815 1985
f 1985 815 814 1988
f 1988 814 813 1991
f 1991 813 74 362
f 1990 1991 362 361
f 1989 1990 361 360
f 322 1989 360 2
f 323 1986 1989 322
f 170 1983 1986 323 12
f 1992 1993 1996 1995
f 1993 1994 1997 1996
f 1995 1996 1999 1998
f 1996 1997 2000 1999
f 45 988 1992 589
f 988 989 1993 1992
f 989 990 1994 1993
f 990 91 1368 1994
f 1994 1368 1367 1997
f 1997 1367 1366 2000
f 2000 1366 70 661
f 1999 2000 661 660
f 1998 1999 660 659
f 587 1998 659 4
f 588 1995 1998 587
f 589 1992 1995 588
f 2001 2002 2005 2004
f 2002 2003 2006 2005
f 2004 2005 2008 2007
f 2005 2006 2009 2008
f 14 991 2001 970
f 991 992 2002 2001
f 992 993 2003 2002
f 993 24 650 2003
f 2003 650 651 2006
f 2006 651 652 2009
f 2009 652 91 990
f 2008 2009 990 989
f 2007 2008 989 988
f 972 2007 988 45
f 971 2004 2007 972
f 970 2001 2004 971
f 2010 2011 2014 2013
f 2011 2012 2015 2014
f 2013 2014 2017 2016
f 2014 2015 2018 2017
f 68 994 2010 821
f 994 995 2011 2010
f 995 996 2012 2011
f 996 92 604 2012
f 2012 604 603 2015
f 2015 603 602 2018
f 2018 602 78 791
f 2017 2018 791 790
f 2016 2017 790 789
f 819 2016 789 5
f 820 2013 2016 819
f 821 2010 2013 820
f 2019 2020 2023 2022
f 2020 2021 2024 2023
f 2022 2023 2026 2025
f 2023 2024 2027 2026
f 61 1103 2019 1417
f 1103 1104 2020 2019
f 1104 1105 2021 2020
f 1105 93 818 2021
f 2021 818 817 2024
f 2024 817 816 2027
f 2027 816 59 1359
f 2026 2027 1359 1358
f 2025 2026 1358 1357
f 1415 2025 1357 9
f 1416 2022 2025 1415
f 1417 2019 2022 1416
f 2028 2029 2032 2031
f 2029 2030 2033 2032
f 2031 2032 2035 2034
f 2032 2033 2036 2035
f 62 1227 2028 1251
f 1227 1228 2029 2028
f 1228 1229 2030 2029
f 1229 64 336 2030
f 2030 336 337 2033
f 2033 337 338 2036
f 2036 338 86 644
f 2035 2036 644 645
f 2034 2035 645 646
f 1253 2034 646 96
f 1252 2031 2034 1253
f 1251 2028 2031 1252
f 2037 2038 2041 2040
f 2038 2039 2042 2041
f 2040 2041 2044 2043
f 2041 2042 2045 2044
f 60 997 2037 341
f 997 998 2038 2037
f 998 999 2039 2038
f 999 94 1232 2039
f 2039 1232 1231 2042
f 2042 1231 1230 2045
f 2045 1230 62 365
f 2044 2045 365 364
f 2043 2044 364 363
f 339 2043 363 10
f 340 2040 2043 339
f 341 2037 2040 340
f 2046 2047 2050 2049
f 2047 2048 2051 2050
f 2049 2050 2053 2052
f 2050 2051 2054 2053
f 6 985 2046 979
f 985 986 2047 2046
f 986 987 2048 2047
f 987 76 1127 2048
f 2048 1127 1128 2051
f 2051 1128 1129 2054
f 2054 1129 94 999
f 2053 2054 999 998
f 2052 2053 998 997
f 981 2052 997 60
f 980 2049 2052 981
f 979 2046 2049 980
f 171 37 75 1420
f 172 171 1420 1419
f 173 172 1419 1418
f 119 174 1399
f 2055 2056 2059 2058
f 2056 2057 2060 2059
f 2058 2059 2062 2061
f 2059 2060 2063 2062
f 57 502 2055 1356
f 502 503 2056 2055
f 503 504 2057 2056
f 504 95 1123 2057
f 2057 1123 1122 2060
f 2060 1122 1121 2063
f 2063 1121 61 1417
f 2062 2063 1417 1416
f 2061 2062 1416 1415
f 1354 2061 1415 9
f 1355 2058 2061 1354
f 1356 2055 2058 1355
f 2064 2065 2068 2067
f 2065 2066 2069 2068
f 2067 2068 2071 2070
f 2068 2069 2072 2071
f 5 825 2064 822
f 825 826 2065 2064
f 826 827 2066 2065
f 827 67 768 2066
f 2066 768 769 2069
f 2069 769 770 2072
f 2072 770 95 504
f 2071 2072 504 503
f 2070 2071 503 502
f 824 2070 502 57
f 823 2067 2070 824
f 822 2064 2067 823
f 2073 2074 2077 2076
f 2074 2075 2078 2077
f 2076 2077 2080 2079
f 2077 2078 2081 2080
f 81 795 2073 492
f 795 796 2074 2073
f 796 797 2075 2074
f 797 92 996 2075
f 2075 996 995 2078
f 2078 995 994 2081
f 2081 994 68 501
f 2080 2081 501 500
f 2079 2080 500 499
f 490 2079 499 65
f 491 2076 2079 490
f 492 2073 2076 491
f 2082 2083 2086 2085
f 2083 2084 2087 2086
f 2085 2086 2089 2088
f 2086 2087 2090 2089
f 53 344 2082 1115
f 344 343 2083 2082
f 343 342 2084 2083
f 342 10 363 2084
f 2084 363 364 2087
f 2087 364 365 2090
f 2090 365 62 1251
f 2089 2090 1251 1252
f 2088 2089 1252 1253
f 1117 2088 1253 96
f 1116 2085 2088 1117
f 1115 2082 2085 1116
f 2091 2092 2095 2094
f 2092 2093 2096 2095
f 2094 2095 2098 2097
f 2095 2096 2099 2098
f 8 1254 2091 1206
f 1254 1255 2092 2091
f 1255 1256 2093 2092
f 1256 52 964 2093
f 2093 964 965 2096
f 2096 965 966 2099
f 2099 966 97 1362
f 2098 2099 1362 1361
f 2097 2098 1361 1360
f 1208 2097 1360 63
f 1207 2094 2097 1208
f 1206 2091 2094 1207
f 2100 2101 2104 2103
f 2101 2102 2105 2104
f 2103 2104 2107 2106
f 2104 2105 2108 2107
f 46 1130 2100 788
f 1130 1131 2101 2100
f 1131 1132 2102 2101
f 1132 98 830 2102
f 2102 830 829 2105
f 2105 829 828 2108
f 2108 828 67 827
f 2107 2108 827 826
f 2106 2107 826 825
f 786 2106 825 5
f 787 2103 2106 786
f 788 2100 2103 787
f 2109 2110 2113 2112
f 2110 2111 2114 2113
f 2112 2113 2116 2115
f 2113 2114 2117 2116
f 15 1136 2109 1133
f 1136 1137 2110 2109
f 1137 1138 2111 2110
f 1138 23 1384 2111
f 2111 1384 1385 2114
f 2114 1385 1386 2117
f 2117 1386 98 1132
f 2116 2117 1132 1131
f 2115 2116 1131 1130
f 1135 2115 1130 46
f 1134 2112 2115 1135
f 1133 2109 2112 1134
f 2118 2119 2122 2121
f 2119 2120 2123 2122
f 2121 2122 2125 2124
f 2122 2123 2126 2125
f 19 1257 2118 1223
f 1257 1258 2119 2118
f 1258 1259 2120 2119
f 1259 99 942 2120
f 2120 942 941 2123
f 2123 941 940 2126
f 2126 940 43 1247
f 2125 2126 1247 1246
f 2124 2125 1246 1245
f 1221 2124 1245 16
f 1222 2121 2124 1221
f 1223 2118 2121 1222
f 2127 2128 2131 2130
f 2128 2129 2132 2131
f 2130 2131 2134 2133
f 2131 2132 2135 2134
f 191 1263 2127 1262
f 1263 1264 2128 2127
f 1264 1265 2129 2128
f 1265 229 833 2129
f 2129 833 832 2132
f 2132 832 831 2135
f 2135 831 99 1259
f 2134 2135 1259 1258
f 2133 2134 1258 1257
f 1260 2133 1257 19
f 1261 2130 2133 1260
f 1262 2127 2130 1261
f 2136 2137 2140 2139
f 2137 2138 2141 2140
f 2139 2140 2143 2142
f 2140 2141 2144 2143
f 229 1002 2136 833
f 1002 1001 2137 2136
f 1001 1000 2138 2137
f 1000 166 637 2138
f 2138 637 636 2141
f 2141 636 635 2144
f 2144 635 44 617
f 2143 2144 617 618
f 2142 2143 618 619
f 831 2142 619 99
f 832 2139 2142 831
f 833 2136 2139 832
f 2145 2146 2149 2148
f 2146 2147 2150 2149
f 2148 2149 2152 2151
f 2149 2150 2153 2152
f 77 366 2145 465
f 366 367 2146 2145
f 367 368 2147 2146
f 368 100 616 2147
f 2147 616 615 2150
f 2150 615 614 2153
f 2153 614 66 474
f 2152 2153 474 473
f 2151 2152 473 472
f 463 2151 472 11
f 464 2148 2151 463
f 465 2145 2148 464
f 2154 2155 2158 2157
f 2155 2156 2159 2158
f 2157 2158 2161 2160
f 2158 2159 2162 2161
f 7 1118 2154 1124
f 1118 1119 2155 2154
f 1119 1120 2156 2155
f 1120 65 496 2156
f 2156 496 497 2159
f 2159 497 498 2162
f 2162 498 100 368
f 2161 2162 368 367
f 2160 2161 367 366
f 1126 2160 366 77
f 1125 2157 2160 1126
f 1124 2154 2157 1125
f 2163 2164 2167 2166
f 2164 2165 2168 2167
f 2166 2167 2170 2169
f 2167 2168 2171 2170
f 232 1268 2163 664
f 1268 1267 2164 2163
f 1267 1266 2165 2164
f 1266 101 625 2165
f 2165 625 624 2168
f 2168 624 623 2171
f 2171 623 78 608
f 2170 2171 608 609
f 2169 2170 609 610
f 662 2169 610 164
f 663 2166 2169 662
f 664 2163 2166 663
f 2172 2173 2176 2175
f 2173 2174 2177 2176
f 2175 2176 2179 2178
f 2176 2177 2180 2179
f 190 1005 2172 1139
f 1005 1004 2173 2172
f 1004 1003 2174 2173
f 1003 26 1006 2174
f 2174 1006 1007 2177
f 2177 1007 1008 2180
f 2180 1008 101 1266
f 2179 2180 1266 1267
f 2178 2179 1267 1268
f 1141 2178 1268 232
f 1140 2175 2178 1141
f 1139 2172 2175 1140
f 2181 2182 2185 2184
f 2182 2183 2186 2185
f 2184 2185 2188 2187
f 2185 2186 2189 2188
f 26 1114 2181 1006
f 1114 1113 2182 2181
f 1113 1112 2183 2182
f 1112 15 1133 2183
f 2183 1133 1134 2186
f 2186 1134 1135 2189
f 2189 1135 46 1106
f 2188 2189 1106 1107
f 2187 2188 1107 1108
f 1008 2187 1108 101
f 1007 2184 2187 1008
f 1006 2181 2184 1007
f 2190 2191 2194 2193
f 2191 2192 2195 2194
f 2193 2194 2197 2196
f 2194 2195 2198 2197
f 56 369 2190 1205
f 369 370 2191 2190
f 370 371 2192 2191
f 371 102 948 2192
f 2192 948 947 2195
f 2195 947 946 2198
f 2198 946 52 1256
f 2197 2198 1256 1255
f 2196 2197 1255 1254
f 1203 2196 1254 8
f 1204 2193 2196 1203
f 1205 2190 2193 1204
f 2199 2200 2203 2202
f 2200 2201 2204 2203
f 2202 2203 2206 2205
f 2203 2204 2207 2206
f 4 659 2199 656
f 659 660 2200 2199
f 660 661 2201 2200
f 661 70 1409 2201
f 2201 1409 1410 2204
f 2204 1410 1411 2207
f 2207 1411 102 371
f 2206 2207 371 370
f 2205 2206 370 369
f 658 2205 369 56
f 657 2202 2205 658
f 656 2199 2202 657
f 265 1049 221 34
f 2208 2209 2212 2211
f 2209 2210 2213 2212
f 2211 2212 2215 2214
f 2212 2213 2216 2215
f 83 586 2208 1387
f 586 585 2209 2208
f 585 584 2210 2209
f 584 73 773 2210
f 2210 773 772 2213
f 2213 772 771 2216
f 2216 771 67 828
f 2215 2216 828 829
f 2214 2215 829 830
f 1389 2214 830 98
f 1388 2211 2214 1389
f 1387 2208 2211 1388
f 176 177 2220 2219
f 2218 2219 2222 2221
f 2219 2220 2223 2222
f 120 178 2217 1421
f 178 175 2217
f 177 106 1269 2220
f 2220 1269 1270 2223
f 2223 1270 49 484
f 2222 2223 484 485
f 2221 2222 485 486
f 1423 2221 486 109
f 1422 2218 2221 1423
f 1421 2217 2218 1422
f 2224 2225 2228 2227
f 2225 2226 2229 2228
f 2227 2228 2231 2230
f 2228 2229 2232 2231
f 179 180 2225 2224
f 180 181 2226 2225
f 181 120 1421 2226
f 2226 1421 1422 2229
f 2229 1422 1423 2232
f 2232 1423 109 958
f 2231 2232 958 959
f 2230 2231 959 960
f 1011 2230 960 114
f 1010 2227 2230 1011
f 1009 2224 2227 1010
f 2233 2234 2237 2236
f 2234 2235 2238 2237
f 2236 2237 2240 2239
f 2237 2238 2241 2240
f 71 462 2233 354
f 462 461 2234 2233
f 461 460 2235 2234
f 460 3 505 2235
f 2235 505 506 2238
f 2238 506 507 2241
f 2241 507 48 1369
f 2240 2241 1369 1370
f 2239 2240 1370 1371
f 356 2239 1371 110
f 355 2236 2239 356
f 354 2233 2236 355
f 2242 2243 2246 2245
f 2243 2244 2247 2246
f 2245 2246 2249 2248
f 2246 2247 2250 2249
f 79 326 2242 777
f 326 325 2243 2242
f 325 324 2244 2243
f 324 2 372 2244
f 2244 372 373 2247
f 2247 373 374 2250
f 2250 374 50 629
f 2249 2250 629 630
f 2248 2249 630 631
f 779 2248 631 111
f 778 2245 2248 779
f 777 2242 2245 778
f 2251 2252 2255 2254
f 2252 2253 2256 2255
f 2254 2255 2258 2257
f 2255 2256 2259 2258
f 50 665 2251 1374
f 665 666 2252 2251
f 666 667 2253 2252
f 667 112 1398 2253
f 2253 1398 1397 2256
f 2256 1397 1396 2259
f 2259 1396 20 1414
f 2258 2259 1414 1413
f 2257 2258 1413 1412
f 1372 2257 1412 17
f 1373 2254 2257 1372
f 1374 2251 2254 1373
f 2260 2261 2264 2263
f 2261 2262 2265 2264
f 2263 2264 2267 2266
f 2264 2265 2268 2267
f 2 360 2260 372
f 360 361 2261 2260
f 361 362 2262 2261
f 362 74 780 2262
f 2262 780 781 2265
f 2265 781 782 2268
f 2268 782 112 667
f 2267 2268 667 666
f 2266 2267 666 665
f 374 2266 665 50
f 373 2263 2266 374
f 372 2260 2263 373
f 2269 2270 2273 2272
f 2270 2271 2274 2273
f 2272 2273 2276 2275
f 2273 2274 2277 2276
f 49 508 2269 951
f 508 509 2270 2269
f 509 510 2271 2270
f 510 113 655 2271
f 2271 655 654 2274
f 2274 654 653 2277
f 2277 653 24 993
f 2276 2277 993 992
f 2275 2276 992 991
f 949 2275 991 14
f 950 2272 2275 949
f 951 2269 2272 950
f 2278 2279 2282 2281
f 2279 2280 2283 2282
f 2281 2282 2285 2284
f 2282 2283 2286 2285
f 185 182 2278
f 182 183 2279 2278
f 183 184 2280 2279
f 184 35 937 2280
f 2280 937 938 2283
f 2283 938 939 2286
f 2286 939 113 510
f 2285 2286 510 509
f 2284 2285 509 508
f 1270 2284 508 49
f 1269 2281 2284 1270
f 185 2278 2281 1269 106
f 2287 2288 2291 2290
f 2288 2289 2292 2291
f 2290 2291 2294 2293
f 2291 2292 2295 2294
f 51 834 2287 1111
f 834 835 2288 2287
f 835 836 2289 2288
f 836 114 1383 2289
f 2289 1383 1382 2292
f 2292 1382 1381 2295
f 2295 1381 23 1138
f 2294 2295 1138 1137
f 2293 2294 1137 1136
f 1109 2293 1136 15
f 1110 2290 2293 1109
f 1111 2287 2290 1110
f 2296 2297 2300 2299
f 2297 2298 2301 2300
f 2299 2300 2303 2302
f 2300 2301 2304 2303
f 1 1418 2296 1424
f 1418 1419 2297 2296
f 1419 1420 2298 2297
f 1420 75 1009 2298
f 2298 1009 1010 2301
f 2301 1010 1011 2304
f 2304 1011 114 836
f 2303 2304 836 835
f 2302 2303 835 834
f 1426 2302 834 51
f 1425 2299 2302 1426
f 1424 2296 2299 1425
f 2305 2306 2309 2308
f 2306 2307 2310 2309
f 2308 2309 2312 2311
f 2309 2310 2313 2312
f 69 1271 2305 489
f 1271 1272 2306 2305
f 1272 1273 2307 2306
f 1273 115 1392 2307
f 2307 1392 1391 2310
f 2310 1391 1390 2313
f 2313 1390 48 507
f 2312 2313 507 506
f 2311 2312 506 505
f 487 2311 505 3
f 488 2308 2311 487
f 489 2305 2308 488
f 2314 2315 2318 2317
f 2315 2316 2319 2318
f 2317 2318 2321 2320
f 2318 2319 2322 2321
f 165 837 2314 1235
f 837 838 2315 2314
f 838 839 2316 2315
f 839 226 670 2316
f 2316 670 669 2319
f 2319 669 668 2322
f 2322 668 115 1273
f 2321 2322 1273 1272
f 2320 2321 1272 1271
f 1233 2320 1271 69
f 1234 2317 2320 1233
f 1235 2314 2317 1234
f 2323 2324 2327 2326
f 2324 2325 2328 2327
f 2326 2327 2330 2329
f 2327 2328 2331 2330
f 226 1276 2323 670
f 1276 1275 2324 2323
f 1275 1274 2325 2324
f 1274 191 1262 2325
f 2325 1262 1261 2328
f 2328 1261 1260 2331
f 2331 1260 19 1218
f 2330 2331 1218 1219
f 2329 2330 1219 1220
f 668 2329 1220 115
f 669 2326 2329 668
f 670 2323 2326 669
f 2332 2333 2336 2335
f 2333 2334 2337 2336
f 2335 2336 2339 2338
f 2336 2337 2340 2339
f 253 842 2332 1144
f 842 841 2333 2332
f 841 840 2334 2333
f 840 116 963 2334
f 2334 963 962 2337
f 2337 962 961 2340
f 2340 961 26 1003
f 2339 2340 1003 1004
f 2338 2339 1004 1005
f 1142 2338 1005 190
f 1143 2335 2338 1142
f 1144 2332 2335 1143
f 2341 2342 2345 2344
f 2342 2343 2346 2345
f 2344 2345 2348 2347
f 2345 2346 2349 2348
f 163 1348 2341 511
f 1348 1347 2342 2341
f 1347 1346 2343 2342
f 1346 55 1427 2343
f 2343 1427 1428 2346
f 2346 1428 1429 2349
f 2349 1429 116 840
f 2348 2349 840 841
f 2347 2348 841 842
f 513 2347 842 253
f 512 2344 2347 513
f 511 2341 2344 512
f 2350 2351 2354 2353
f 2351 2352 2355 2354
f 2353 2354 2357 2356
f 2354 2355 2358 2357
f 55 1402 2350 1427
f 1402 1401 2351 2350
f 1401 1400 2352 2351
f 1400 1 1424 2352
f 2352 1424 1425 2355
f 2355 1425 1426 2358
f 2358 1426 51 807
f 2357 2358 807 808
f 2356 2357 808 809
f 1429 2356 809 116
f 1428 2353 2356 1429
f 1427 2350 2353 1428
f 2359 2360 2363 2362
f 2360 2361 2364 2363
f 2362 2363 2366 2365
f 2363 2364 2367 2366
f 76 613 2359 1127
f 613 612 2360 2359
f 612 611 2361 2360
f 611 58 638 2361
f 2361 638 639 2364
f 2364 639 640 2367
f 2367 640 82 1224
f 2366 2367 1224 1225
f 2365 2366 1225 1226
f 1129 2365 1226 94
f 1128 2362 2365 1129
f 1127 2359 2362 1128
f 192 193 2369 2368
f 193 196 2370 2369
f 196 18 453 2370
f 2370 453 163 514
f 2369 2370 514 515
f 2368 2369 515 516
f 1145 2368 516 266
f 103 192 2368 1145
f 201 2374 203
f 291 1148 2371 1277
f 1148 1147 2372 2371
f 1147 1146 2373 2372
f 1146 254 1350 2373
f 2373 1350 1349 2374
f 204 2375 2377 206
f 2375 2376 2378 2377
f 206 2377 2379 207
f 2377 2378 2380 2379
f 204 210 2375
f 32 843 2376 2375 210
f 843 290 1432 2376
f 2376 1432 1431 2378
f 2378 1431 1430 2380
f 2380 1430 153 1433
f 2379 2380 1433 1434
f 207 2379 1434 121
f 2381 2382 2385 2384
f 2382 2383 2386 2385
f 2384 2385 2388 2387
f 2385 2386 2389 2388
f 122 1437 2381 213
f 1437 1436 2382 2381
f 1436 1435 2383 2382
f 1435 282 377 2383
f 2383 377 376 2386
f 2386 376 375 2389
f 2389 375 154 378
f 2388 2389 378 379
f 2387 2388 379 380
f 1012 2387 380 265
f 211 2384 2387 1012 39
f 213 2381 2384 211
f 2390 2391 2394 2393
f 2391 2392 2395 2394
f 2393 2394 2397 2396
f 2394 2395 2398 2397
f 293 1280 2390 383
f 1280 1279 2391 2390
f 1279 1278 2392 2391
f 1278 275 386 2392
f 2392 386 385 2395
f 2395 385 384 2398
f 2398 384 162 387
f 2397 2398 387 388
f 2396 2397 388 389
f 381 2396 389 288
f 382 2393 2396 381
f 383 2390 2393 382
f 2399 2400 2403 2402
f 2400 2401 2404 2403
f 2402 2403 2406 2405
f 2403 2404 2407 2406
f 294 519 2399 673
f 519 518 2400 2399
f 518 517 2401 2400
f 517 284 522 2401
f 2401 522 521 2404
f 2404 521 520 2407
f 2407 520 155 523
f 2406 2407 523 524
f 2405 2406 524 525
f 671 2405 525 256
f 672 2402 2405 671
f 673 2399 2402 672
f 2408 2409 2412 2411
f 2409 2410 2413 2412
f 2411 2412 2415 2414
f 2412 2413 2416 2415
f 295 392 2408 1440
f 392 391 2409 2408
f 391 390 2410 2409
f 390 269 1015 2410
f 2410 1015 1014 2413
f 2413 1014 1013 2416
f 2416 1013 158 1016
f 2415 2416 1016 1017
f 2414 2415 1017 1018
f 1438 2414 1018 252
f 1439 2411 2414 1438
f 1440 2408 2411 1439
f 2417 2418 2421 2420
f 2418 2419 2422 2421
f 2420 2421 2424 2423
f 2421 2422 2425 2424
f 296 395 2417 1021
f 395 394 2418 2417
f 394 393 2419 2418
f 393 283 846 2419
f 2419 846 845 2422
f 2422 845 844 2425
f 2425 844 157 847
f 2424 2425 847 848
f 2423 2424 848 849
f 1019 2423 849 258
f 1020 2420 2423 1019
f 1021 2417 2420 1020
f 2426 2427 2430 2429
f 2427 2428 2431 2430
f 2429 2430 2433 2432
f 2430 2431 2434 2433
f 297 528 2426 1283
f 528 527 2427 2426
f 527 526 2428 2427
f 526 277 398 2428
f 2428 398 397 2431
f 2431 397 396 2434
f 2434 396 162 384
f 2433 2434 384 385
f 2432 2433 385 386
f 1281 2432 386 275
f 1282 2429 2432 1281
f 1283 2426 2429 1282
f 2435 2436 2439 2438
f 2436 2437 2440 2439
f 2438 2439 2442 2441
f 2439 2440 2443 2442
f 298 852 2435 676
f 852 851 2436 2435
f 851 850 2437 2436
f 850 264 1443 2437
f 2437 1443 1442 2440
f 2440 1442 1441 2443
f 2443 1441 161 1444
f 2442 2443 1444 1445
f 2441 2442 1445 1446
f 674 2441 1446 271
f 675 2438 2441 674
f 676 2435 2438 675
f 2444 2445 2448 2447
f 2445 2446 2449 2448
f 2447 2448 2451 2450
f 2448 2449 2452 2451
f 299 1151 2444 1286
f 1151 1150 2445 2444
f 1150 1149 2446 2445
f 1149 274 1154 2446
f 2446 1154 1153 2449
f 2449 1153 1152 2452
f 2452 1152 159 1155
f 2451 2452 1155 1156
f 2450 2451 1156 1157
f 1284 2450 1157 267
f 1285 2447 2450 1284
f 1286 2444 2447 1285
f 2453 2454 2457 2456
f 2454 2455 2458 2457
f 2456 2457 2460 2459
f 2457 2458 2461 2460
f 300 531 2453 1449
f 531 530 2454 2453
f 530 529 2455 2454
f 529 270 1289 2455
f 2455 1289 1288 2458
f 2458 1288 1287 2461
f 2461 1287 160 1290
f 2460 2461 1290 1291
f 2459 2460 1291 1292
f 1447 2459 1292 268
f 1448 2456 2459 1447
f 1449 2453 2456 1448
f 2462 2463 2466 2465
f 2463 2464 2467 2466
f 2465 2466 2469 2468
f 2466 2467 2470 2469
f 278 680 2462 677
f 680 681 2463 2462
f 681 682 2464 2463
f 682 306 1024 2464
f 2464 1024 1023 2467
f 2467 1023 1022 2470
f 2470 1022 299 534
f 2469 2470 534 533
f 2468 2469 533 532
f 679 2468 532 284
f 678 2465 2468 679
f 677 2462 2465 678
f 2471 2472 2475 2474
f 2472 2473 2476 2475
f 2474 2475 2478 2477
f 2475 2476 2479 2478
f 40 1025 2471 855 33
f 1025 1026 2472 2471
f 1026 1027 2473 2472
f 1027 318 1295 2473
f 2473 1295 1294 2476
f 2476 1294 1293 2479
f 2479 1293 316 858
f 2478 2479 858 857
f 2477 2478 857 856
f 853 2477 856 290
f 854 2474 2477 853
f 855 2471 2474 854
f 214 215 2480
f 216 33 855
f 217 216 855 854
f 843 2480 853 290
f 32 214 2480 843
f 2481 2482 2485 2484
f 2482 2483 2486 2485
f 2484 2485 2488 2487
f 2485 2486 2489 2488
f 303 685 2481 401
f 685 684 2482 2481
f 684 683 2483 2482
f 683 289 688 2483
f 2483 688 687 2486
f 2486 687 686 2489
f 2489 686 164 605
f 2488 2489 605 606
f 2487 2488 606 607
f 399 2487 607 202
f 400 2484 2487 399
f 401 2481 2484 400
f 42 41 286
f 2490 2491 2494 2493
f 2491 2492 2495 2494
f 2493 2494 2497 2496
f 2494 2495 2498 2497
f 295 402 2490 392
f 402 403 2491 2490
f 403 404 2492 2491
f 404 301 1160 2492
f 2492 1160 1159 2495
f 2495 1159 1158 2498
f 2498 1158 287 407
f 2497 2498 407 406
f 2496 2497 406 405
f 390 2496 405 269
f 391 2493 2496 390
f 392 2490 2493 391
f 2499 2500 2503 2502
f 2500 2501 2504 2503
f 2502 2503 2506 2505
f 2503 2504 2507 2506
f 285 689 2499 1452
f 689 690 2500 2499
f 690 691 2501 2500
f 691 317 1163 2501
f 2501 1163 1162 2504
f 2504 1162 1161 2507
f 2507 1161 315 1455
f 2506 2507 1455 1454
f 2505 2506 1454 1453
f 1450 2505 1453 282
f 1451 2502 2505 1450
f 1452 2499 2502 1451
f 2508 2509 2512 2511
f 2509 2510 2513 2512
f 2511 2512 2515 2514
f 2512 2513 2516 2515
f 300 1164 2508 531
f 1164 1165 2509 2508
f 1165 1166 2510 2509
f 1166 311 537 2510
f 2510 537 536 2513
f 2513 536 535 2516
f 2516 535 277 540
f 2515 2516 540 539
f 2514 2515 539 538
f 529 2514 538 270
f 530 2511 2514 529
f 531 2508 2511 530
f 2517 2518 2521 2520
f 2518 2519 2522 2521
f 2520 2521 2524 2523
f 2521 2522 2525 2524
f 310 1458 2517 410
f 1458 1457 2518 2517
f 1457 1456 2519 2518
f 1456 252 1018 2519
f 2519 1018 1017 2522
f 2522 1017 1016 2525
f 2525 1016 158 1028
f 2524 2525 1028 1029
f 2523 2524 1029 1030
f 408 2523 1030 255
f 409 2520 2523 408
f 410 2517 2520 409
f 2526 2527 2530 2529
f 2527 2528 2531 2530
f 2529 2530 2533 2532
f 2530 2531 2534 2533
f 274 861 2526 1167
f 861 860 2527 2526
f 860 859 2528 2527
f 859 272 862 2528
f 2528 862 863 2531
f 2531 863 864 2534
f 2534 864 304 692
f 2533 2534 692 693
f 2532 2533 693 694
f 1169 2532 694 308
f 1168 2529 2532 1169
f 1167 2526 2529 1168
f 2535 2536 2539 2538
f 2536 2537 2540 2539
f 2538 2539 2542 2541
f 2539 2540 2543 2542
f 312 697 2535 867
f 697 696 2536 2535
f 696 695 2537 2536
f 695 289 700 2537
f 2537 700 699 2540
f 2540 699 698 2543
f 2543 698 156 701
f 2542 2543 701 702
f 2541 2542 702 703
f 865 2541 703 257
f 866 2538 2541 865
f 867 2535 2538 866
f 2544 2545 2548 2547
f 2545 2546 2549 2548
f 2547 2548 2551 2550
f 2548 2549 2552 2551
f 298 868 2544 852
f 868 869 2545 2544
f 869 870 2546 2545
f 870 313 706 2546
f 2546 706 705 2549
f 2549 705 704 2552
f 2552 704 263 707
f 2551 2552 707 708
f 2550 2551 708 709
f 850 2550 709 264
f 851 2547 2550 850
f 852 2544 2547 851
f 2553 2554 2557 2556
f 2554 2555 2558 2557
f 2556 2557 2560 2559
f 2557 2558 2561 2560
f 202 357 2553 399
f 357 358 2554 2553
f 358 359 2555 2554
f 359 227 541 2555
f 2555 541 542 2558
f 2558 542 543 2561
f 2561 543 292 871
f 2560 2561 871 872
f 2559 2560 872 873
f 401 2559 873 303
f 400 2556 2559 401
f 399 2553 2556 400
f 2562 2563 2566 2565
f 2563 2564 2567 2566
f 2565 2566 2569 2568
f 2566 2567 2570 2569
f 296 544 2562 395
f 544 545 2563 2562
f 545 546 2564 2563
f 546 302 1298 2564
f 2564 1298 1297 2567
f 2567 1297 1296 2570
f 2570 1296 281 1299
f 2569 2570 1299 1300
f 2568 2569 1300 1301
f 393 2568 1301 283
f 394 2565 2568 393
f 395 2562 2565 394
f 2571 2572 2575 2574
f 2572 2573 2576 2575
f 2574 2575 2578 2577
f 2575 2576 2579 2578
f 314 1464 2571 1461
f 1464 1463 2572 2571
f 1463 1462 2573 2572
f 1462 209 549 2573
f 2573 549 548 2576
f 2576 548 547 2579
f 2579 547 186 550
f 2578 2579 550 551
f 2577 2578 551 552
f 1459 2577 552 260
f 1460 2574 2577 1459
f 1461 2571 2574 1460
f 2580 2581 2584 2583
f 2581 2582 2585 2584
f 2583 2584 2587 2586
f 2584 2585 2588 2587
f 315 1033 2580 1172
f 1033 1032 2581 2580
f 1032 1031 2582 2581
f 1031 198 876 2582
f 2582 876 875 2585
f 2585 875 874 2588
f 2588 874 188 877
f 2587 2588 877 878
f 2586 2587 878 879
f 1170 2586 879 259
f 1171 2583 2586 1170
f 1172 2580 2583 1171
f 2589 2590 2593 2592
f 2590 2591 2594 2593
f 2592 2593 2596 2595
f 2593 2594 2597 2596
f 316 1304 2589 413
f 1304 1303 2590 2589
f 1303 1302 2591 2590
f 1302 200 1036 2591
f 2591 1036 1035 2594
f 2594 1035 1034 2597
f 2597 1034 189 1037
f 2596 2597 1037 1038
f 2595 2596 1038 1039
f 411 2595 1039 261
f 412 2592 2595 411
f 413 2589 2592 412
f 2598 2599 2602 2601
f 2599 2600 2603 2602
f 2601 2602 2605 2604
f 2602 2603 2606 2605
f 314 1040 2598 1464
f 1040 1041 2599 2598
f 1041 1042 2600 2599
f 1042 319 882 2600
f 2600 882 881 2603
f 2603 881 880 2606
f 2606 880 205 883
f 2605 2606 883 884
f 2604 2605 884 885
f 1462 2604 885 209
f 1463 2601 2604 1462
f 1464 2598 2601 1463
f 2607 2608 2611 2610
f 2608 2609 2612 2611
f 2610 2611 2614 2613
f 2611 2612 2615 2614
f 205 886 2607 883
f 886 887 2608 2607
f 887 888 2609 2608
f 888 309 1467 2609
f 2609 1467 1466 2612
f 2612 1466 1465 2615
f 2615 1465 294 1470
f 2614 2615 1470 1469
f 2613 2614 1469 1468
f 885 2613 1468 209
f 884 2610 2613 885
f 883 2607 2610 884
f 2616 2617 2620 2619
f 2617 2618 2621 2620
f 2619 2620 2623 2622
f 2620 2621 2624 2623
f 320 1175 2616 416
f 1175 1174 2617 2616
f 1174 1173 2618 2617
f 1173 259 879 2618
f 2618 879 878 2621
f 2621 878 877 2624
f 2624 877 188 889
f 2623 2624 889 890
f 2622 2623 890 891
f 414 2622 891 194
f 415 2619 2622 414
f 416 2616 2619 415
f 2625 2626 2629 2628
f 2626 2627 2630 2629
f 2628 2629 2632 2631
f 2629 2630 2633 2632
f 321 712 2625 555
f 712 711 2626 2625
f 711 710 2627 2626
f 710 212 715 2627
f 2627 715 714 2630
f 2630 714 713 2633
f 2633 713 187 716
f 2632 2633 716 717
f 2631 2632 717 718
f 553 2631 718 262
f 554 2628 2631 553
f 555 2625 2628 554
f 2634 2635 2638 2637
f 2635 2636 2639 2638
f 2637 2638 2641 2640
f 2638 2639 2642 2641
f 315 1161 2634 1033
f 1161 1162 2635 2634
f 1162 1163 2636 2635
f 1163 317 558 2636
f 2636 558 557 2639
f 2639 557 556 2642
f 2642 556 195 559
f 2641 2642 559 560
f 2640 2641 560 561
f 1031 2640 561 198
f 1032 2637 2640 1031
f 1033 2634 2637 1032
f 2643 2644 2647 2646
f 2644 2645 2648 2647
f 2646 2647 2650 2649
f 2647 2648 2651 2650
f 293 1305 2643 1280
f 1305 1306 2644 2643
f 1306 1307 2645 2644
f 1307 305 1045 2645
f 2645 1045 1044 2648
f 2648 1044 1043 2651
f 2651 1043 273 1046
f 2650 2651 1046 1047
f 2649 2650 1047 1048
f 1278 2649 1048 275
f 1279 2646 2649 1278
f 1280 2643 2646 1279
f 218 219 2653 2652
f 219 220 2654 2653
f 220 103 1145 2654
f 2654 1145 266 1311
f 2653 2654 1311 1310
f 2652 2653 1310 1309
f 1308 2652 1309 152
f 108 218 2652 1308
f 2655 2656 2659 2658
f 2656 2657 2660 2659
f 2658 2659 2662 2661
f 2659 2660 2663 2662
f 280 894 2655 1176
f 894 893 2656 2655
f 893 892 2657 2656
f 892 165 810 2657
f 2657 810 811 2660
f 2660 811 812 2663
f 2663 812 254 1146
f 2662 2663 1146 1147
f 2661 2662 1147 1148
f 1178 2661 1148 291
f 1177 2658 2661 1178
f 1176 2655 2658 1177
f 2664 2665 2668 2667
f 2665 2666 2669 2668
f 2667 2668 2671 2670
f 2668 2669 2672 2671
f 154 417 2664 378
f 417 418 2665 2664
f 418 419 2666 2665
f 419 280 1176 2666
f 2666 1176 1177 2669
f 2669 1177 1178 2672
f 2672 1178 291 1051
f 2671 2672 1051 1050
f 2670 2671 1050 1049
f 380 2670 1049 265
f 379 2667 2670 380
f 378 2664 2667 379
f 224 1277 107
f 2673 2674 2677 2676
f 2674 2675 2678 2677
f 2676 2677 2680 2679
f 2677 2678 2681 2680
f 263 719 2673 707
f 719 720 2674 2673
f 720 721 2675 2674
f 721 308 1314 2675
f 2675 1314 1313 2678
f 2678 1313 1312 2681
f 2681 1312 307 897
f 2680 2681 897 896
f 2679 2680 896 895
f 709 2679 895 264
f 708 2676 2679 709
f 707 2673 2676 708
f 2682 2683 2686 2685
f 2683 2684 2687 2686
f 2685 2686 2689 2688
f 2686 2687 2690 2689
f 255 1030 2682 420
f 1030 1029 2683 2682
f 1029 1028 2684 2683
f 1028 158 1052 2684
f 2684 1052 1053 2687
f 2687 1053 1054 2690
f 2690 1054 276 423
f 2689 2690 423 424
f 2688 2689 424 425
f 422 2688 425 292
f 421 2685 2688 422
f 420 2682 2685 421
f 2691 2692 2695 2694
f 2692 2693 2696 2695
f 2694 2695 2698 2697
f 2695 2696 2699 2698
f 166 1055 2691 967
f 1055 1056 2692 2691
f 1056 1057 2693 2692
f 1057 255 420 2693
f 2693 420 421 2696
f 2696 421 422 2699
f 2699 422 292 543
f 2698 2699 543 542
f 2697 2698 542 541
f 969 2697 541 227
f 968 2694 2697 969
f 967 2691 2694 968
f 2700 2701 2704 2703
f 2701 2702 2705 2704
f 2703 2704 2707 2706
f 2704 2705 2708 2707
f 299 1022 2700 1151
f 1022 1023 2701 2700
f 1023 1024 2702 2701
f 1024 306 900 2702
f 2702 900 899 2705
f 2705 899 898 2708
f 2708 898 272 859
f 2707 2708 859 860
f 2706 2707 860 861
f 1149 2706 861 274
f 1150 2703 2706 1149
f 1151 2700 2703 1150
f 225 39 1012
f 225 1012 265 34
f 2709 2710 2713 2712
f 2710 2711 2714 2713
f 2712 2713 2716 2715
f 2713 2714 2717 2716
f 122 228 2709 1437
f 228 230 2710 2709
f 230 231 2711 2710
f 231 28 724 2711
f 2711 724 723 2714
f 2714 723 722 2717
f 2717 722 285 1452
f 2716 2717 1452 1451
f 2715 2716 1451 1450
f 1435 2715 1450 282
f 1436 2712 2715 1435
f 1437 2709 2712 1436
f 2718 2719 2722 2721
f 2719 2720 2723 2722
f 2721 2722 2725 2724
f 2722 2723 2726 2725
f 269 426 2718 1015
f 426 427 2719 2718
f 427 428 2720 2719
f 428 293 383 2720
f 2720 383 382 2723
f 2723 382 381 2726
f 2726 381 288 1060
f 2725 2726 1060 1059
f 2724 2725 1059 1058
f 1013 2724 1058 158
f 1014 2721 2724 1013
f 1015 2718 2721 1014
f 2727 2728 2731 2730
f 2728 2729 2732 2731
f 2730 2731 2734 2733
f 2731 2732 2735 2734
f 195 562 2727 559
f 562 563 2728 2727
f 563 564 2729 2728
f 564 301 404 2729
f 2729 404 403 2732
f 2732 403 402 2735
f 2735 402 295 1063
f 2734 2735 1063 1062
f 2733 2734 1062 1061
f 561 2733 1061 198
f 560 2730 2733 561
f 559 2727 2730 560
f 2736 2737 2740 2739
f 2737 2738 2741 2740
f 2739 2740 2743 2742
f 2740 2741 2744 2743
f 209 1468 2736 549
f 1468 1469 2737 2736
f 1469 1470 2738 2737
f 1470 294 673 2738
f 2738 673 672 2741
f 2741 672 671 2744
f 2744 671 256 567
f 2743 2744 567 566
f 2742 2743 566 565
f 547 2742 565 186
f 548 2739 2742 547
f 549 2736 2739 548
f 2745 2746 2749 2748
f 2746 2747 2750 2749
f 2748 2749 2752 2751
f 2749 2750 2753 2752
f 297 728 2745 725
f 728 729 2746 2745
f 729 730 2747 2746
f 730 307 1312 2747
f 2747 1312 1313 2750
f 2750 1313 1314 2753
f 2753 1314 308 694
f 2752 2753 694 693
f 2751 2752 693 692
f 727 2751 692 304
f 726 2748 2751 727
f 725 2745 2748 726
f 2754 2755 2758 2757
f 2755 2756 2759 2758
f 2757 2758 2761 2760
f 2758 2759 2762 2761
f 297 725 2754 528
f 725 726 2755 2754
f 726 727 2756 2755
f 727 304 570 2756
f 2756 570 569 2759
f 2759 569 568 2762
f 2762 568 270 538
f 2761 2762 538 539
f 2760 2761 539 540
f 526 2760 540 277
f 527 2757 2760 526
f 528 2754 2757 527
f 2763 2764 2767 2766
f 2764 2765 2768 2767
f 2766 2767 2770 2769
f 2767 2768 2771 2770
f 208 1318 2763 1317
f 1318 1319 2764 2763
f 1319 1320 2765 2764
f 1320 302 546 2765
f 2765 546 545 2768
f 2768 545 544 2771
f 2771 544 296 1323
f 2770 2771 1323 1322
f 2769 2770 1322 1321
f 1315 2769 1321 200
f 1316 2766 2769 1315
f 1317 2763 2766 1316
f 2772 2773 2776 2775
f 2773 2774 2777 2776
f 2775 2776 2779 2778
f 2776 2777 2780 2779
f 198 1061 2772 876
f 1061 1062 2773 2772
f 1062 1063 2774 2773
f 1063 295 1440 2774
f 2774 1440 1439 2777
f 2777 1439 1438 2780
f 2780 1438 252 903
f 2779 2780 903 902
f 2778 2779 902 901
f 874 2778 901 188
f 875 2775 2778 874
f 876 2772 2775 875
f 2781 2782 2785 2784
f 2782 2783 2786 2785
f 2784 2785 2788 2787
f 2785 2786 2789 2788
f 316 1293 2781 1304
f 1293 1294 2782 2781
f 1294 1295 2783 2782
f 1295 318 1326 2783
f 2783 1326 1325 2786
f 2786 1325 1324 2789
f 2789 1324 208 1317
f 2788 2789 1317 1316
f 2787 2788 1316 1315
f 1302 2787 1315 200
f 1303 2784 2787 1302
f 1304 2781 2784 1303
f 2790 2791 2794 2793
f 2791 2792 2795 2794
f 2793 2794 2797 2796
f 2794 2795 2798 2797
f 200 1321 2790 1036
f 1321 1322 2791 2790
f 1322 1323 2792 2791
f 1323 296 1021 2792
f 2792 1021 1020 2795
f 2795 1020 1019 2798
f 2798 1019 258 1066
f 2797 2798 1066 1065
f 2796 2797 1065 1064
f 1034 2796 1064 189
f 1035 2793 2796 1034
f 1036 2790 2793 1035
f 2799 2800 2803 2802
f 2800 2801 2804 2803
f 2802 2803 2806 2805
f 2803 2804 2807 2806
f 283 429 2799 846
f 429 430 2800 2799
f 430 431 2801 2800
f 431 298 676 2801
f 2801 676 675 2804
f 2804 675 674 2807
f 2807 674 271 906
f 2806 2807 906 905
f 2805 2806 905 904
f 844 2805 904 157
f 845 2802 2805 844
f 846 2799 2802 845
f 2808 2809 2812 2811
f 2809 2810 2813 2812
f 2811 2812 2815 2814
f 2812 2813 2816 2815
f 284 532 2808 522
f 532 533 2809 2808
f 533 534 2810 2809
f 534 299 1286 2810
f 2810 1286 1285 2813
f 2813 1285 1284 2816
f 2816 1284 267 573
f 2815 2816 573 572
f 2814 2815 572 571
f 520 2814 571 155
f 521 2811 2814 520
f 522 2808 2811 521
f 2817 2818 2821 2820
f 2818 2819 2822 2821
f 2820 2821 2824 2823
f 2821 2822 2825 2824
f 279 907 2817 733
f 907 908 2818 2817
f 908 909 2819 2818
f 909 300 1449 2819
f 2819 1449 1448 2822
f 2822 1448 1447 2825
f 2825 1447 268 736
f 2824 2825 736 735
f 2823 2824 735 734
f 731 2823 734 156
f 732 2820 2823 731
f 733 2817 2820 732
f 2826 2827 2830 2829
f 2827 2828 2831 2830
f 2829 2830 2833 2832
f 2830 2831 2834 2833
f 281 1327 2826 1299
f 1327 1328 2827 2826
f 1328 1329 2828 2827
f 1329 313 870 2828
f 2828 870 869 2831
f 2831 869 868 2834
f 2834 868 298 431
f 2833 2834 431 430
f 2832 2833 430 429
f 1301 2832 429 283
f 1300 2829 2832 1301
f 1299 2826 2829 1300
f 2835 2836 2839 2838
f 2836 2837 2840 2839
f 2838 2839 2842 2841
f 2839 2840 2843 2842
f 276 435 2835 432
f 435 436 2836 2835
f 436 437 2837 2836
f 437 311 1166 2837
f 2837 1166 1165 2840
f 2840 1165 1164 2843
f 2843 1164 300 909
f 2842 2843 909 908
f 2841 2842 908 907
f 434 2841 907 279
f 433 2838 2841 434
f 432 2835 2838 433
f 2844 2845 2848 2847
f 2845 2846 2849 2848
f 2847 2848 2851 2850
f 2848 2849 2852 2851
f 258 849 2844 1067
f 849 848 2845 2844
f 848 847 2846 2845
f 847 157 910 2846
f 2846 910 911 2849
f 2849 911 912 2852
f 2852 912 287 1158
f 2851 2852 1158 1159
f 2850 2851 1159 1160
f 1069 2850 1160 301
f 1068 2847 2850 1069
f 1067 2844 2847 1068
f 2853 2854 2857 2856
f 2854 2855 2858 2857
f 2856 2857 2860 2859
f 2857 2858 2861 2860
f 189 1064 2853 1070
f 1064 1065 2854 2853
f 1065 1066 2855 2854
f 1066 258 1067 2855
f 2855 1067 1068 2858
f 2858 1068 1069 2861
f 2861 1069 301 564
f 2860 2861 564 563
f 2859 2860 563 562
f 1072 2859 562 195
f 1071 2856 2859 1072
f 1070 2853 2856 1071
f 2862 2863 2866 2865
f 2863 2864 2867 2866
f 2865 2866 2869 2868
f 2866 2867 2870 2869
f 236 233 2862
f 121 1434 2863 2862 233
f 1434 1433 2864 2863
f 1433 153 1471 2864
f 2864 1471 1472 2867
f 2867 1472 1473 2870
f 2870 1473 285 722
f 2869 2870 722 723
f 2868 2869 723 724
f 234 2868 724 28
f 235 2865 2868 234
f 236 2862 2865 235
f 2871 2872 2875 2874
f 2872 2873 2876 2875
f 2874 2875 2878 2877
f 2875 2876 2879 2878
f 256 525 2871 737
f 525 524 2872 2871
f 524 523 2873 2872
f 523 155 574 2873
f 2873 574 575 2876
f 2876 575 576 2879
f 2879 576 281 1296
f 2878 2879 1296 1297
f 2877 2878 1297 1298
f 739 2877 1298 302
f 738 2874 2877 739
f 737 2871 2874 738
f 2880 2881 2884 2883
f 2881 2882 2885 2884
f 2883 2884 2887 2886
f 2884 2885 2888 2887
f 186 565 2880 577
f 565 566 2881 2880
f 566 567 2882 2881
f 567 256 737 2882
f 2882 737 738 2885
f 2885 738 739 2888
f 2888 739 302 1320
f 2887 2888 1320 1319
f 2886 2887 1319 1318
f 579 2886 1318 208
f 578 2883 2886 579
f 577 2880 2883 578
f 2889 2890 2893 2892
f 2890 2891 2894 2893
f 2892 2893 2896 2895
f 2893 2894 2897 2896
f 279 733 2889 913
f 733 732 2890 2889
f 732 731 2891 2890
f 731 156 698 2891
f 2891 698 699 2894
f 2894 699 700 2897
f 2897 700 289 683
f 2896 2897 683 684
f 2895 2896 684 685
f 915 2895 685 303
f 914 2892 2895 915
f 913 2889 2892 914
f 2898 2899 2902 2901
f 2899 2900 2903 2902
f 2901 2902 2905 2904
f 2902 2903 2906 2905
f 272 1332 2898 862
f 1332 1331 2899 2898
f 1331 1330 2900 2899
f 1330 160 1287 2900
f 2900 1287 1288 2903
f 2903 1288 1289 2906
f 2906 1289 270 568
f 2905 2906 568 569
f 2904 2905 569 570
f 864 2904 570 304
f 863 2901 2904 864
f 862 2898 2901 863
f 2907 2908 2911 2910
f 2908 2909 2912 2911
f 2910 2911 2914 2913
f 2911 2912 2915 2914
f 273 1073 2907 1046
f 1073 1074 2908 2907
f 1074 1075 2909 2908
f 1075 307 730 2909
f 2909 730 729 2912
f 2912 729 728 2915
f 2915 728 297 1283
f 2914 2915 1283 1282
f 2913 2914 1282 1281
f 1048 2913 1281 275
f 1047 2910 2913 1048
f 1046 2907 2910 1047
f 2916 2917 2920 2919
f 2917 2918 2921 2920
f 2919 2920 2923 2922
f 2920 2921 2924 2923
f 271 1446 2916 740
f 1446 1445 2917 2916
f 1445 1444 2918 2917
f 1444 161 1474 2918
f 2918 1474 1475 2921
f 2921 1475 1476 2924
f 2924 1476 273 1043
f 2923 2924 1043 1044
f 2922 2923 1044 1045
f 742 2922 1045 305
f 741 2919 2922 742
f 740 2916 2919 741
f 2925 2926 2929 2928
f 2926 2927 2930 2929
f 2928 2929 2932 2931
f 2929 2930 2933 2932
f 157 904 2925 910
f 904 905 2926 2925
f 905 906 2927 2926
f 906 271 740 2927
f 2927 740 741 2930
f 2930 741 742 2933
f 2933 742 305 1181
f 2932 2933 1181 1180
f 2931 2932 1180 1179
f 912 2931 1179 287
f 911 2928 2931 912
f 910 2925 2928 911
f 108 1308 237
f 238 1333 1334 239
f 239 1334 1335 240
f 240 1335 286 41
f 2934 2935 2938 2937
f 2935 2936 2939 2938
f 2937 2938 2941 2940
f 2938 2939 2942 2941
f 268 1292 2934 1477
f 1292 1291 2935 2934
f 1291 1290 2936 2935
f 1290 160 1330 2936
f 2936 1330 1331 2939
f 2939 1331 1332 2942
f 2942 1332 272 898
f 2941 2942 898 899
f 2940 2941 899 900
f 1479 2940 900 306
f 1478 2937 2940 1479
f 1477 2934 2937 1478
f 2943 2944 2947 2946
f 2944 2945 2948 2947
f 2946 2947 2950 2949
f 2947 2948 2951 2950
f 156 734 2943 743
f 734 735 2944 2943
f 735 736 2945 2944
f 736 268 1477 2945
f 2945 1477 1478 2948
f 2948 1478 1479 2951
f 2951 1479 306 682
f 2950 2951 682 681
f 2949 2950 681 680
f 745 2949 680 278
f 744 2946 2949 745
f 743 2943 2946 744
f 2952 2953 2956 2955
f 2953 2954 2957 2956
f 2955 2956 2959 2958
f 2956 2957 2960 2959
f 292 425 2952 871
f 425 424 2953 2952
f 424 423 2954 2953
f 423 276 432 2954
f 2954 432 433 2957
f 2957 433 434 2960
f 2960 434 279 913
f 2959 2960 913 914
f 2958 2959 914 915
f 873 2958 915 303
f 872 2955 2958 873
f 871 2952 2955 872
f 2961 2962 2965 2964
f 2962 2963 2966 2965
f 2964 2965 2968 2967
f 2965 2966 2969 2968
f 264 895 2961 1443
f 895 896 2962 2961
f 896 897 2963 2962
f 897 307 1075 2963
f 2963 1075 1074 2966
f 2966 1074 1073 2969
f 2969 1073 273 1476
f 2968 2969 1476 1475
f 2967 2968 1475 1474
f 1441 2967 1474 161
f 1442 2964 2967 1441
f 1443 2961 2964 1442
f 2970 2971 2974 2973
f 2971 2972 2975 2974
f 2973 2974 2977 2976
f 2974 2975 2978 2977
f 159 1152 2970 1182
f 1152 1153 2971 2970
f 1153 1154 2972 2971
f 1154 274 1167 2972
f 2972 1167 1168 2975
f 2975 1168 1169 2978
f 2978 1169 308 721
f 2977 2978 721 720
f 2976 2977 720 719
f 1184 2976 719 263
f 1183 2973 2976 1184
f 1182 2970 2973 1183
f 2979 2980 2983 2982
f 2980 2981 2984 2983
f 2982 2983 2986 2985
f 2983 2984 2987 2986
f 257 703 2979 916
f 703 702 2980 2979
f 702 701 2981 2980
f 701 156 743 2981
f 2981 743 744 2984
f 2984 744 745 2987
f 2987 745 278 746
f 2986 2987 746 747
f 2985 2986 747 748
f 918 2985 748 309
f 917 2982 2985 918
f 916 2979 2982 917
f 2988 2989 2992 2991
f 2989 2990 2993 2992
f 2991 2992 2995 2994
f 2992 2993 2996 2995
f 187 752 2988 749
f 752 753 2989 2988
f 753 754 2990 2989
f 754 257 916 2990
f 2990 916 917 2993
f 2993 917 918 2996
f 2996 918 309 888
f 2995 2996 888 887
f 2994 2995 887 886
f 751 2994 886 205
f 750 2991 2994 751
f 749 2988 2991 750
f 2997 2998 3001 3000
f 2998 2999 3002 3001
f 3000 3001 3004 3003
f 3001 3002 3005 3004
f 194 891 2997 438
f 891 890 2998 2997
f 890 889 2999 2998
f 889 188 901 2999
f 2999 901 902 3002
f 3002 902 903 3005
f 3005 903 252 1456
f 3004 3005 1456 1457
f 3003 3004 1457 1458
f 440 3003 1458 310
f 439 3000 3003 440
f 438 2997 3000 439
f 3006 3007 3010 3009
f 3007 3008 3011 3010
f 3009 3010 3013 3012
f 3010 3011 3014 3013
f 191 1336 3006 1263
f 1336 1337 3007 3006
f 1337 1338 3008 3007
f 1338 194 438 3008
f 3008 438 439 3011
f 3011 439 440 3014
f 3014 440 310 757
f 3013 3014 757 756
f 3012 3013 756 755
f 1265 3012 755 229
f 1264 3009 3012 1265
f 1263 3006 3009 1264
f 3015 3016 3019 3018
f 3016 3017 3020 3019
f 3018 3019 3022 3021
f 3019 3020 3023 3022
f 229 755 3015 1002
f 755 756 3016 3015
f 756 757 3017 3016
f 757 310 410 3017
f 3017 410 409 3020
f 3020 409 408 3023
f 3023 408 255 1057
f 3022 3023 1057 1056
f 3021 3022 1056 1055
f 1000 3021 1055 166
f 1001 3018 3021 1000
f 1002 3015 3018 1001
f 3024 3025 3028 3027
f 3025 3026 3029 3028
f 3027 3028 3031 3030
f 3028 3029 3032 3031
f 288 389 3024 441
f 389 388 3025 3024
f 388 387 3026 3025
f 387 162 396 3026
f 3026 396 397 3029
f 3029 397 398 3032
f 3032 398 277 535
f 3031 3032 535 536
f 3030 3031 536 537
f 443 3030 537 311
f 442 3027 3030 443
f 441 3024 3027 442
f 3033 3034 3037 3036
f 3034 3035 3038 3037
f 3036 3037 3040 3039
f 3037 3038 3041 3040
f 158 1058 3033 1052
f 1058 1059 3034 3033
f 1059 1060 3035 3034
f 1060 288 441 3035
f 3035 441 442 3038
f 3038 442 443 3041
f 3041 443 311 437
f 3040 3041 437 436
f 3039 3040 436 435
f 1054 3039 435 276
f 1053 3036 3039 1054
f 1052 3033 3036 1053
f 3042 3043 3046 3045
f 3043 3044 3047 3046
f 3045 3046 3049 3048
f 3046 3047 3050 3049
f 232 664 3042 1185
f 664 663 3043 3042
f 663 662 3044 3043
f 662 164 686 3044
f 3044 686 687 3047
f 3047 687 688 3050
f 3050 688 289 695
f 3049 3050 695 696
f 3048 3049 696 697
f 1187 3048 697 312
f 1186 3045 3048 1187
f 1185 3042 3045 1186
f 3051 3052 3055 3054
f 3052 3053 3056 3055
f 3054 3055 3058 3057
f 3055 3056 3059 3058
f 190 1139 3051 1188
f 1139 1140 3052 3051
f 1140 1141 3053 3052
f 1141 232 1185 3053
f 3053 1185 1186 3056
f 3056 1186 1187 3059
f 3059 1187 312 760
f 3058 3059 760 759
f 3057 3058 759 758
f 1190 3057 758 212
f 1189 3054 3057 1190
f 1188 3051 3054 1189
f 3060 3061 3064 3063
f 3061 3062 3065 3064
f 3063 3064 3067 3066
f 3064 3065 3068 3067
f 212 758 3060 715
f 758 759 3061 3060
f 759 760 3062 3061
f 760 312 867 3062
f 3062 867 866 3065
f 3065 866 865 3068
f 3068 865 257 754
f 3067 3068 754 753
f 3066 3067 753 752
f 713 3066 752 187
f 714 3063 3066 713
f 715 3060 3063 714
f 3069 3070 3073 3072
f 3070 3071 3074 3073
f 3072 3073 3076 3075
f 3073 3074 3077 3076
f 267 1157 3069 1339
f 1157 1156 3070 3069
f 1156 1155 3071 3070
f 1155 159 1182 3071
f 3071 1182 1183 3074
f 3074 1183 1184 3077
f 3077 1184 263 704
f 3076 3077 704 705
f 3075 3076 705 706
f 1341 3075 706 313
f 1340 3072 3075 1341
f 1339 3069 3072 1340
f 3078 3079 3082 3081
f 3079 3080 3083 3082
f 3081 3082 3085 3084
f 3082 3083 3086 3085
f 155 571 3078 574
f 571 572 3079 3078
f 572 573 3080 3079
f 573 267 1339 3080
f 3080 1339 1340 3083
f 3083 1340 1341 3086
f 3086 1341 313 1329
f 3085 3086 1329 1328
f 3084 3085 1328 1327
f 576 3084 1327 281
f 575 3081 3084 576
f 574 3078 3081 575
f 3087 3088 3091 3090
f 3088 3089 3092 3091
f 3090 3091 3094 3093
f 3091 3092 3095 3094
f 294 1465 3087 519
f 1465 1466 3088 3087
f 1466 1467 3089 3088
f 1467 309 748 3089
f 3089 748 747 3092
f 3092 747 746 3095
f 3095 746 278 677
f 3094 3095 677 678
f 3093 3094 678 679
f 517 3093 679 284
f 518 3090 3093 517
f 519 3087 3090 518
f 3097 3098 3100 3099
f 242 3099 3101 243
f 3099 3100 3102 3101
f 123 1480 3096 244
f 1480 1481 3097 3096
f 1481 1482 3098 3097
f 1482 314 1461 3098
f 3098 1461 1460 3100
f 3100 1460 1459 3102
f 3102 1459 260 1192
f 3101 3102 1192 1191
f 243 3101 1191 104
f 244 3096 241
f 3103 3104 3107 3106
f 3104 3105 3108 3107
f 3106 3107 3110 3109
f 3107 3108 3111 3110
f 1076 1077 3104 3103
f 1077 1078 3105 3104
f 1078 319 1042 3105
f 3105 1042 1041 3108
f 3108 1041 1040 3111
f 3111 1040 314 1482
f 3110 3111 1482 1481
f 3109 3110 1481 1480
f 245 3109 1480 123
f 246 3106 3109 245
f 247 3103 3106 246
f 3112 3113 3116 3115
f 3113 3114 3117 3116
f 3115 3116 3119 3118
f 3116 3117 3120 3119
f 282 1453 3112 377
f 1453 1454 3113 3112
f 1454 1455 3114 3113
f 1455 315 1172 3114
f 3114 1172 1171 3117
f 3117 1171 1170 3120
f 3120 1170 259 446
f 3119 3120 446 445
f 3118 3119 445 444
f 375 3118 444 154
f 376 3115 3118 375
f 377 3112 3115 376
f 3121 3122 3125 3124
f 3122 3123 3126 3125
f 3124 3125 3128 3127
f 3125 3126 3129 3128
f 290 856 3121 1432
f 856 857 3122 3121
f 857 858 3123 3122
f 858 316 413 3123
f 3123 413 412 3126
f 3126 412 411 3129
f 3129 411 261 1485
f 3128 3129 1485 1484
f 3127 3128 1484 1483
f 1430 3127 1483 153
f 1431 3124 3127 1430
f 1432 3121 3124 1431
f 3130 3131 3134 3133
f 3131 3132 3135 3134
f 3133 3134 3137 3136
f 3134 3135 3138 3137
f 261 1039 3130 447
f 1039 1038 3131 3130
f 1038 1037 3132 3131
f 1037 189 1070 3132
f 3132 1070 1071 3135
f 3135 1071 1072 3138
f 3138 1072 195 556
f 3137 3138 556 557
f 3136 3137 557 558
f 449 3136 558 317
f 448 3133 3136 449
f 447 3130 3133 448
f 3139 3140 3143 3142
f 3140 3141 3144 3143
f 3142 3143 3146 3145
f 3143 3144 3147 3146
f 153 1483 3139 1471
f 1483 1484 3140 3139
f 1484 1485 3141 3140
f 1485 261 447 3141
f 3141 447 448 3144
f 3144 448 449 3147
f 3147 449 317 691
f 3146 3147 691 690
f 3145 3146 690 689
f 1473 3145 689 285
f 1472 3142 3145 1473
f 1471 3139 3142 1472
f 3148 3149 3152 3151
f 3149 3150 3153 3152
f 3151 3152 3155 3154
f 3152 3153 3156 3155
f 260 552 3148 1486
f 552 551 3149 3148
f 551 550 3150 3149
f 550 186 577 3150
f 3150 577 578 3153
f 3153 578 579 3156
f 3156 579 208 1324
f 3155 3156 1324 1325
f 3154 3155 1325 1326
f 1488 3154 1326 318
f 1487 3151 3154 1488
f 1486 3148 3151 1487
f 3157 3158 3161 3160
f 3158 3159 3162 3161
f 3160 3161 3164 3163
f 3161 3162 3165 3164
f 251 248 3157
f 104 1191 3158 3157 248
f 1191 1192 3159 3158
f 1192 260 1486 3159
f 3159 1486 1487 3162
f 3162 1487 1488 3165
f 3165 1488 318 1027
f 3164 3165 1027 1026
f 3163 3164 1026 1025
f 249 3163 1025 40
f 250 3160 3163 249
f 251 3157 3160 250
f 3166 3167 3170 3169
f 3167 3168 3171 3170
f 3169 3170 3173 3172
f 3170 3171 3174 3173
f 262 718 3166 580
f 718 717 3167 3166
f 717 716 3168 3167
f 716 187 749 3168
f 3168 749 750 3171
f 3171 750 751 3174
f 3174 751 205 880
f 3173 3174 880 881
f 3172 3173 881 882
f 582 3172 882 319
f 581 3169 3172 582
f 580 3166 3169 581
f 3175 3176 3179 3178
f 3176 3177 3180 3179
f 3178 3179 3182 3181
f 3179 3180 3183 3182
f 152 1342 3175 1333
f 1342 1343 3176 3175
f 1343 1344 3177 3176
f 1344 262 580 3177
f 3177 580 581 3180
f 3180 581 582 3183
f 3183 582 319 1078
f 3182 3183 1078 1077
f 3181 3182 1077 1076
f 1335 3181 1076 286
f 1334 3178 3181 1335
f 1333 3175 3178 1334
f 3184 3185 3188 3187
f 3185 3186 3189 3188
f 3187 3188 3191 3190
f 3188 3189 3192 3191
f 280 419 3184 1193
f 419 418 3185 3184
f 418 417 3186 3185
f 417 154 444 3186
f 3186 444 445 3189
f 3189 445 446 3192
f 3192 446 259 1173
f 3191 3192 1173 1174
f 3190 3191 1174 1175
f 1195 3190 1175 320
f 1194 3187 3190 1195
f 1193 3184 3187 1194
f 3193 3194 3197 3196
f 3194 3195 3198 3197
f 3196 3197 3200 3199
f 3197 3198 3201 3200
f 165 892 3193 837
f 892 893 3194 3193
f 893 894 3195 3194
f 894 280 1193 3195
f 3195 1193 1194 3198
f 3198 1194 1195 3201
f 3201 1195 320 452
f 3200 3201 452 451
f 3199 3200 451 450
f 839 3199 450 226
f 838 3196 3199 839
f 837 3193 3196 838
f 3202 3203 3206 3205
f 3203 3204 3207 3206
f 3205 3206 3209 3208
f 3206 3207 3210 3209
f 226 450 3202 1276
f 450 451 3203 3202
f 451 452 3204 3203
f 452 320 416 3204
f 3204 416 415 3207
f 3207 415 414 3210
f 3210 414 194 1338
f 3209 3210 1338 1337
f 3208 3209 1337 1336
f 1274 3208 1336 191
f 1275 3205 3208 1274
f 1276 3202 3205 1275
f 3211 3212 3215 3214
f 3212 3213 3216 3215
f 3214 3215 3218 3217
f 3215 3216 3219 3218
f 253 1144 3211 761
f 1144 1143 3212 3211
f 1143 1142 3213 3212
f 1142 190 1188 3213
f 3213 1188 1189 3216
f 3216 1189 1190 3219
f 3219 1190 212 710
f 3218 3219 710 711
f 3217 3218 711 712
f 763 3217 712 321
f 762 3214 3217 763
f 761 3211 3214 762
f 3220 3221 3224 3223
f 3221 3222 3225 3224
f 3223 3224 3227 3226
f 3224 3225 3228 3227
f 163 511 3220 514
f 511 512 3221 3220
f 512 513 3222 3221
f 513 253 761 3222
f 3222 761 762 3225
f 3225 762 763 3228
f 3228 763 321 1198
f 3227 3228 1198 1197
f 3226 3227 1197 1196
f 516 3226 1196 266
f 515 3223 3226 516
f 514 3220 3223 515
f 3229 3230 3233 3232
f 3230 3231 3234 3233
f 3232 3233 3236 3235
f 3233 3234 3237 3236
f 266 1196 3229 1311
f 1196 1197 3230 3229
f 1197 1198 3231 3230
f 1198 321 555 3231
f 3231 555 554 3234
f 3234 554 553 3237
f 3237 553 262 1344
f 3236 3237 1344 1343
f 3235 3236 1343 1342
f 1309 3235 1342 152
f 1310 3232 3235 1309
f 1311 3229 3232 1310
f 3238 3239 3242 3241
f 3239 3240 3243 3242
f 3241 3242 3245 3244
f 3242 3243 3246 3245
f 287 1179 3238 407
f 1179 1180 3239 3238
f 1180 1181 3240 3239
f 1181 305 1307 3240
f 3240 1307 1306 3243
f 3243 1306 1305 3246
f 3246 1305 293 428
f 3245 3246 428 427
f 3244 3245 427 426
f 405 3244 426 269
f 406 3241 3244 405
f 407 3238 3241 406
f 1399 174 173 1418 1
f 2217 175 176 2219 2218
f 3096 3097 3099 242 241
f 286 1076 3103 247 42
f 1495 130 118 1349
f 2374 1349 118 203
f 1240 146 145 1241
f 75 36 179 2224 1009
f 1601 774 775 139 138
f 1492 127 128 1493
f 583 27 127 1492
f 2372 2373 2374 201 199
f 1493 128 129 1495 1494
f 1051 291 1277 224 223
f 1308 152 1333 238 237
f 54 38 147 1239
f 1241 145 144 583 80
f 1239 147 146 1240
f 1049 1050 222 221
f 2480 215 217 854 853
f 1050 1051 223 222
f 2371 2372 199 197
f 1277 2371 197 107
